year,borough_outbound,area_bin,average_price,average_area,property_count
2015,10_HA0,Q1,222000.0,36.67,3
2015,10_HA0,Q2,380666.67,70.4,3
2015,10_HA0,Q3,225000.0,79.0,1
2015,10_HA0,Q4a,275000.0,110.0,1
2015,10_HA0,Q4b,,,0
2015,10_NW10,Q1,302177.12,47.88,17
2015,10_NW10,Q2,421000.0,69.32,5
2015,10_NW10,Q3,483987.29,88.5,21
2015,10_NW10,Q4a,650000.0,108.0,1
2015,10_NW10,Q4b,650000.0,158.0,1
2015,10_TW8,Q1,335000.0,45.64,2
2015,10_TW8,Q2,,,0
2015,10_TW8,Q3,,,0
2015,10_TW8,Q4a,,,0
2015,10_TW8,Q4b,,,0
2015,10_UB1,Q1,214460.71,49.38,28
2015,10_UB1,Q2,270491.67,67.57,30
2015,10_UB1,Q3,325337.21,89.24,43
2015,10_UB1,Q4a,331963.04,113.78,23
2015,10_UB1,Q4b,425000.0,172.5,2
2015,10_UB2,Q1,194148.75,47.21,40
2015,10_UB2,Q2,267870.0,68.06,55
2015,10_UB2,Q3,316798.8,88.33,56
2015,10_UB2,Q4a,440578.95,114.2,19
2015,10_UB2,Q4b,827346.67,209.15,15
2015,10_UB5,Q1,209945.01,45.49,110
2015,10_UB5,Q2,300942.03,68.27,116
2015,10_UB5,Q3,352825.62,87.73,121
2015,10_UB5,Q4a,413520.83,113.88,24
2015,10_UB5,Q4b,460000.0,166.14,2
2015,10_UB6,Q1,245579.98,46.49,94
2015,10_UB6,Q2,350518.55,69.4,89
2015,10_UB6,Q3,401798.66,87.12,153
2015,10_UB6,Q4a,472878.0,117.0,50
2015,10_UB6,Q4b,713125.0,182.25,8
2015,10_W12,Q1,,,0
2015,10_W12,Q2,675000.0,71.8,1
2015,10_W12,Q3,572250.0,80.0,2
2015,10_W12,Q4a,1155000.0,143.5,2
2015,10_W12,Q4b,,,0
2015,10_W13,Q1,369973.26,48.1,92
2015,10_W13,Q2,494930.46,67.27,87
2015,10_W13,Q3,655862.68,90.1,80
2015,10_W13,Q4a,780317.69,120.93,72
2015,10_W13,Q4b,1277867.86,187.6,42
2015,10_W3,Q1,328124.49,46.33,175
2015,10_W3,Q2,460000.27,68.74,124
2015,10_W3,Q3,574592.04,88.85,76
2015,10_W3,Q4a,834377.18,124.38,99
2015,10_W3,Q4b,1280298.03,199.7,38
2015,10_W4,Q1,471386.31,46.76,42
2015,10_W4,Q2,607947.94,70.3,77
2015,10_W4,Q3,836603.85,88.29,39
2015,10_W4,Q4a,1097940.34,120.19,76
2015,10_W4,Q4b,2043331.0,200.11,21
2015,10_W5,Q1,401577.28,48.56,191
2015,10_W5,Q2,488434.77,68.25,214
2015,10_W5,Q3,642904.72,87.41,133
2015,10_W5,Q4a,910609.97,124.32,122
2015,10_W5,Q4b,1377888.0,198.56,50
2015,10_W7,Q1,312881.75,48.09,63
2015,10_W7,Q2,408712.34,67.62,68
2015,10_W7,Q3,554761.81,91.68,72
2015,10_W7,Q4a,682221.04,119.5,57
2015,10_W7,Q4b,940142.86,184.86,7
2015,11_EN1,Q1,232931.02,47.88,147
2015,11_EN1,Q2,318486.49,68.42,154
2015,11_EN1,Q3,387383.6,89.4,203
2015,11_EN1,Q4a,491616.08,120.33,83
2015,11_EN1,Q4b,779188.31,187.17,16
2015,11_EN2,Q1,253731.96,48.86,135
2015,11_EN2,Q2,334045.35,68.1,112
2015,11_EN2,Q3,451171.97,89.6,136
2015,11_EN2,Q4a,585401.11,122.76,76
2015,11_EN2,Q4b,788969.55,187.19,33
2015,11_EN3,Q1,184993.48,45.59,141
2015,11_EN3,Q2,258553.5,68.14,137
2015,11_EN3,Q3,311620.44,88.17,172
2015,11_EN3,Q4a,363843.08,117.69,61
2015,11_EN3,Q4b,402000.0,204.0,3
2015,11_EN4,Q1,241832.5,45.68,6
2015,11_EN4,Q2,368000.0,66.12,5
2015,11_EN4,Q3,529726.82,92.13,11
2015,11_EN4,Q4a,748823.47,124.66,17
2015,11_EN4,Q4b,1453556.82,229.32,22
2015,11_EN8,Q1,174998.33,51.72,3
2015,11_EN8,Q2,215000.0,67.0,1
2015,11_EN8,Q3,305692.31,86.92,13
2015,11_EN8,Q4a,495000.0,130.0,1
2015,11_EN8,Q4b,,,0
2015,11_N11,Q1,275393.75,48.47,16
2015,11_N11,Q2,375370.0,70.36,20
2015,11_N11,Q3,481708.03,87.99,31
2015,11_N11,Q4a,650062.96,122.93,23
2015,11_N11,Q4b,646000.0,176.2,5
2015,11_N13,Q1,239265.16,44.31,62
2015,11_N13,Q2,344498.73,66.35,60
2015,11_N13,Q3,458967.33,92.73,75
2015,11_N13,Q4a,566517.47,121.15,87
2015,11_N13,Q4b,836818.3,179.09,27
2015,11_N14,Q1,274046.36,50.44,61
2015,11_N14,Q2,351328.07,68.74,57
2015,11_N14,Q3,507355.56,89.09,45
2015,11_N14,Q4a,677476.48,124.45,64
2015,11_N14,Q4b,905384.42,178.22,26
2015,11_N18,Q1,192150.71,47.48,56
2015,11_N18,Q2,280093.97,69.74,99
2015,11_N18,Q3,309072.38,87.33,91
2015,11_N18,Q4a,352008.0,114.82,17
2015,11_N18,Q4b,295000.0,185.0,1
2015,11_N21,Q1,295096.94,49.16,49
2015,11_N21,Q2,370546.52,68.4,62
2015,11_N21,Q3,512775.32,92.25,60
2015,11_N21,Q4a,662370.4,122.42,88
2015,11_N21,Q4b,1038711.49,198.31,47
2015,11_N22,Q1,338750.0,51.51,4
2015,11_N22,Q2,362500.0,70.0,4
2015,11_N22,Q3,,,0
2015,11_N22,Q4a,,,0
2015,11_N22,Q4b,619500.0,153.5,2
2015,11_N9,Q1,182712.86,43.4,107
2015,11_N9,Q2,271691.91,70.07,136
2015,11_N9,Q3,316000.03,88.03,155
2015,11_N9,Q4a,376105.61,118.19,33
2015,11_N9,Q4b,537400.0,180.22,5
2015,12_BR7,Q1,225000.0,48.0,1
2015,12_BR7,Q2,376666.67,74.0,3
2015,12_BR7,Q3,410750.0,90.24,4
2015,12_BR7,Q4a,325000.0,140.0,1
2015,12_BR7,Q4b,,,0
2015,12_DA15,Q1,,,0
2015,12_DA15,Q2,270000.0,72.68,2
2015,12_DA15,Q3,301920.0,91.91,5
2015,12_DA15,Q4a,385000.0,110.5,2
2015,12_DA15,Q4b,,,0
2015,12_SE10,Q1,333107.92,49.74,313
2015,12_SE10,Q2,454431.49,69.12,300
2015,12_SE10,Q3,552534.6,88.51,258
2015,12_SE10,Q4a,774188.88,121.04,120
2015,12_SE10,Q4b,1369308.64,193.49,25
2015,12_SE12,Q1,227500.0,53.65,4
2015,12_SE12,Q2,295000.0,71.04,22
2015,12_SE12,Q3,391205.88,86.84,17
2015,12_SE12,Q4a,556607.14,120.2,14
2015,12_SE12,Q4b,770000.0,192.0,2
2015,12_SE13,Q1,196750.0,48.03,2
2015,12_SE13,Q2,276750.0,72.75,4
2015,12_SE13,Q3,386737.5,89.75,8
2015,12_SE13,Q4a,,,0
2015,12_SE13,Q4b,,,0
2015,12_SE18,Q1,220186.1,47.49,287
2015,12_SE18,Q2,300871.8,69.2,327
2015,12_SE18,Q3,346817.93,88.52,290
2015,12_SE18,Q4a,429122.11,119.88,97
2015,12_SE18,Q4b,558854.17,179.02,12
2015,12_SE2,Q1,231331.04,51.62,24
2015,12_SE2,Q2,292969.15,70.42,68
2015,12_SE2,Q3,295523.46,85.14,61
2015,12_SE2,Q4a,307785.71,109.43,7
2015,12_SE2,Q4b,,,0
2015,12_SE28,Q1,194646.76,51.07,68
2015,12_SE28,Q2,249175.55,68.67,74
2015,12_SE28,Q3,272616.4,87.02,43
2015,12_SE28,Q4a,303714.29,115.66,7
2015,12_SE28,Q4b,353000.0,174.12,1
2015,12_SE3,Q1,316447.15,48.53,91
2015,12_SE3,Q2,425364.59,69.05,147
2015,12_SE3,Q3,490878.55,89.28,141
2015,12_SE3,Q4a,676273.82,121.16,55
2015,12_SE3,Q4b,1394837.22,214.84,46
2015,12_SE7,Q1,226333.22,49.43,51
2015,12_SE7,Q2,310430.66,65.25,53
2015,12_SE7,Q3,438592.41,91.17,54
2015,12_SE7,Q4a,542217.75,120.64,55
2015,12_SE7,Q4b,652900.0,160.4,5
2015,12_SE8,Q1,329092.19,48.17,32
2015,12_SE8,Q2,439788.72,68.86,32
2015,12_SE8,Q3,537845.45,85.44,11
2015,12_SE8,Q4a,711666.67,119.5,3
2015,12_SE8,Q4b,565000.0,169.0,1
2015,12_SE9,Q1,206075.37,49.26,107
2015,12_SE9,Q2,286017.61,68.82,153
2015,12_SE9,Q3,361556.53,88.99,238
2015,12_SE9,Q4a,470482.01,120.76,134
2015,12_SE9,Q4b,714930.86,181.76,29
2015,13_E1,Q1,682500.0,47.0,1
2015,13_E1,Q2,675000.0,68.0,1
2015,13_E1,Q3,,,0
2015,13_E1,Q4a,,,0
2015,13_E1,Q4b,,,0
2015,13_E2,Q1,389834.52,48.46,33
2015,13_E2,Q2,460542.19,67.28,32
2015,13_E2,Q3,588457.69,87.61,13
2015,13_E2,Q4a,539000.0,109.67,3
2015,13_E2,Q4b,250000.0,254.0,1
2015,13_E20,Q1,,,0
2015,13_E20,Q2,,,0
2015,13_E20,Q3,,,0
2015,13_E20,Q4a,,,0
2015,13_E20,Q4b,,,0
2015,13_E5,Q1,331178.29,47.1,144
2015,13_E5,Q2,401220.35,68.13,107
2015,13_E5,Q3,617184.98,89.09,64
2015,13_E5,Q4a,792083.69,121.37,74
2015,13_E5,Q4b,1036810.89,180.33,27
2015,13_E8,Q1,360144.98,46.22,163
2015,13_E8,Q2,500593.75,67.95,108
2015,13_E8,Q3,665921.76,87.93,84
2015,13_E8,Q4a,1013679.36,122.54,39
2015,13_E8,Q4b,1479257.94,184.33,16
2015,13_E9,Q1,316134.04,47.92,111
2015,13_E9,Q2,415418.96,66.64,96
2015,13_E9,Q3,573724.66,87.98,59
2015,13_E9,Q4a,871956.52,118.66,23
2015,13_E9,Q4b,1549041.67,193.09,12
2015,13_EC1V,Q1,532766.48,48.17,64
2015,13_EC1V,Q2,733224.41,71.95,37
2015,13_EC1V,Q3,1018601.32,87.15,68
2015,13_EC1V,Q4a,1388748.75,117.0,4
2015,13_EC1V,Q4b,2750000.0,192.0,1
2015,13_EC2A,Q1,441875.25,43.15,4
2015,13_EC2A,Q2,829166.67,70.33,3
2015,13_EC2A,Q3,1035000.0,89.75,8
2015,13_EC2A,Q4a,1291666.67,120.0,3
2015,13_EC2A,Q4b,1520000.0,156.0,1
2015,13_N1,Q1,435342.47,48.89,101
2015,13_N1,Q2,588299.95,68.86,102
2015,13_N1,Q3,783846.6,88.85,67
2015,13_N1,Q4a,1155208.4,121.02,25
2015,13_N1,Q4b,1575887.91,172.8,11
2015,13_N15,Q1,,,0
2015,13_N15,Q2,,,0
2015,13_N15,Q3,,,0
2015,13_N15,Q4a,,,0
2015,13_N15,Q4b,,,0
2015,13_N16,Q1,381596.36,47.5,157
2015,13_N16,Q2,450188.98,67.7,127
2015,13_N16,Q3,663295.19,89.26,89
2015,13_N16,Q4a,949455.11,122.27,75
2015,13_N16,Q4b,1292469.16,186.01,32
2015,13_N4,Q1,335234.59,48.45,104
2015,13_N4,Q2,480912.76,68.24,84
2015,13_N4,Q3,576389.58,86.6,55
2015,13_N4,Q4a,819096.17,129.83,6
2015,13_N4,Q4b,1135355.43,173.43,7
2015,13_N5,Q1,315000.0,43.1,5
2015,13_N5,Q2,915000.0,62.67,1
2015,13_N5,Q3,672500.0,94.5,2
2015,13_N5,Q4a,,,0
2015,13_N5,Q4b,1375000.0,165.0,1
2015,14_NW10,Q1,272083.33,46.67,3
2015,14_NW10,Q2,485000.0,68.89,1
2015,14_NW10,Q3,183016.0,102.0,1
2015,14_NW10,Q4a,593750.0,118.22,4
2015,14_NW10,Q4b,,,0
2015,14_SW10,Q1,,,0
2015,14_SW10,Q2,,,0
2015,14_SW10,Q3,1416785.71,88.1,7
2015,14_SW10,Q4a,1915714.29,137.53,7
2015,14_SW10,Q4b,5100000.0,250.0,2
2015,14_SW6,Q1,535386.46,46.6,199
2015,14_SW6,Q2,700144.15,68.32,183
2015,14_SW6,Q3,949712.85,89.74,135
2015,14_SW6,Q4a,1372958.77,123.59,176
2015,14_SW6,Q4b,2282443.12,196.33,179
2015,14_W10,Q1,213500.0,48.0,1
2015,14_W10,Q2,,,0
2015,14_W10,Q3,,,0
2015,14_W10,Q4a,,,0
2015,14_W10,Q4b,,,0
2015,14_W11,Q1,345666.67,48.09,3
2015,14_W11,Q2,431666.67,66.83,3
2015,14_W11,Q3,662500.0,84.32,2
2015,14_W11,Q4a,,,0
2015,14_W11,Q4b,,,0
2015,14_W12,Q1,402664.45,47.48,120
2015,14_W12,Q2,552724.91,68.4,95
2015,14_W12,Q3,702685.48,89.78,62
2015,14_W12,Q4a,1031423.33,122.48,60
2015,14_W12,Q4b,1650358.97,199.12,39
2015,14_W14,Q1,486742.3,44.97,127
2015,14_W14,Q2,608939.22,66.61,51
2015,14_W14,Q3,931524.37,89.74,38
2015,14_W14,Q4a,1265064.71,126.8,41
2015,14_W14,Q4b,2062532.46,191.07,37
2015,14_W3,Q1,293958.33,42.75,6
2015,14_W3,Q2,448307.14,70.29,7
2015,14_W3,Q3,670000.0,90.0,2
2015,14_W3,Q4a,,,0
2015,14_W3,Q4b,1100000.0,210.0,1
2015,14_W4,Q1,,,0
2015,14_W4,Q2,,,0
2015,14_W4,Q3,,,0
2015,14_W4,Q4a,,,0
2015,14_W4,Q4b,,,0
2015,14_W6,Q1,423102.64,42.97,150
2015,14_W6,Q2,592750.08,68.32,66
2015,14_W6,Q3,980156.15,90.43,94
2015,14_W6,Q4a,1312002.11,127.24,79
2015,14_W6,Q4b,2262672.51,202.24,37
2015,15_N10,Q1,362839.02,47.47,41
2015,15_N10,Q2,500922.79,66.27,47
2015,15_N10,Q3,638207.35,86.93,34
2015,15_N10,Q4a,948063.11,126.59,28
2015,15_N10,Q4b,1449741.54,202.08,65
2015,15_N11,Q1,290712.5,52.13,8
2015,15_N11,Q2,351767.81,65.65,16
2015,15_N11,Q3,553800.0,92.97,10
2015,15_N11,Q4a,774817.86,121.1,14
2015,15_N11,Q4b,1043333.33,226.0,3
2015,15_N13,Q1,,,0
2015,15_N13,Q2,,,0
2015,15_N13,Q3,,,0
2015,15_N13,Q4a,,,0
2015,15_N13,Q4b,,,0
2015,15_N15,Q1,289304.09,48.53,78
2015,15_N15,Q2,393070.75,69.61,68
2015,15_N15,Q3,484159.23,90.53,97
2015,15_N15,Q4a,555754.89,116.71,47
2015,15_N15,Q4b,684500.0,164.04,6
2015,15_N17,Q1,229695.03,48.78,146
2015,15_N17,Q2,300352.67,69.75,169
2015,15_N17,Q3,381343.3,88.51,135
2015,15_N17,Q4a,472554.46,114.92,48
2015,15_N17,Q4b,557500.0,153.5,2
2015,15_N18,Q1,,,0
2015,15_N18,Q2,285750.0,71.75,4
2015,15_N18,Q3,284000.0,93.0,1
2015,15_N18,Q4a,,,0
2015,15_N18,Q4b,,,0
2015,15_N2,Q1,427833.33,42.35,3
2015,15_N2,Q2,461000.0,68.15,10
2015,15_N2,Q3,538100.0,92.74,5
2015,15_N2,Q4a,1252066.67,126.93,9
2015,15_N2,Q4b,1777600.0,215.2,15
2015,15_N22,Q1,307870.96,50.14,91
2015,15_N22,Q2,397667.81,68.47,120
2015,15_N22,Q3,475948.16,88.38,85
2015,15_N22,Q4a,672955.31,122.54,71
2015,15_N22,Q4b,891730.77,171.16,13
2015,15_N4,Q1,359151.51,46.0,72
2015,15_N4,Q2,452255.3,66.86,50
2015,15_N4,Q3,562601.61,88.61,31
2015,15_N4,Q4a,771431.03,124.49,29
2015,15_N4,Q4b,1083125.0,180.01,24
2015,15_N6,Q1,439857.27,48.04,48
2015,15_N6,Q2,564407.14,68.43,42
2015,15_N6,Q3,832027.38,88.95,32
2015,15_N6,Q4a,1136196.97,123.57,33
2015,15_N6,Q4b,2288029.55,216.12,44
2015,15_N8,Q1,364382.1,47.15,145
2015,15_N8,Q2,482015.94,66.64,94
2015,15_N8,Q3,654391.96,90.39,56
2015,15_N8,Q4a,866554.2,126.93,89
2015,15_N8,Q4b,1400461.49,204.39,43
2015,16_HA1,Q1,254579.43,47.27,178
2015,16_HA1,Q2,318943.53,66.22,89
2015,16_HA1,Q3,440461.29,90.71,93
2015,16_HA1,Q4a,551415.16,122.13,76
2015,16_HA1,Q4b,839206.25,194.55,24
2015,16_HA2,Q1,244515.18,46.22,162
2015,16_HA2,Q2,318565.07,68.98,122
2015,16_HA2,Q3,422190.93,88.35,189
2015,16_HA2,Q4a,537065.52,119.53,103
2015,16_HA2,Q4b,629047.87,174.94,23
2015,16_HA3,Q1,233717.33,46.53,75
2015,16_HA3,Q2,322683.48,69.35,115
2015,16_HA3,Q3,414264.91,89.06,161
2015,16_HA3,Q4a,501325.61,121.15,82
2015,16_HA3,Q4b,846376.0,198.36,25
2015,16_HA4,Q1,,,0
2015,16_HA4,Q2,490000.0,75.0,1
2015,16_HA4,Q3,430000.0,78.0,1
2015,16_HA4,Q4a,,,0
2015,16_HA4,Q4b,,,0
2015,16_HA5,Q1,279491.55,49.73,71
2015,16_HA5,Q2,364703.19,67.93,94
2015,16_HA5,Q3,512747.82,89.94,105
2015,16_HA5,Q4a,666985.23,123.91,160
2015,16_HA5,Q4b,1028855.39,200.23,74
2015,16_HA7,Q1,293954.31,50.27,55
2015,16_HA7,Q2,379460.74,68.86,88
2015,16_HA7,Q3,476602.35,90.36,133
2015,16_HA7,Q4a,656319.95,123.82,104
2015,16_HA7,Q4b,1220648.5,211.77,80
2015,16_HA8,Q1,257918.92,50.65,37
2015,16_HA8,Q2,317484.57,66.77,147
2015,16_HA8,Q3,410192.06,87.61,80
2015,16_HA8,Q4a,526327.14,120.17,35
2015,16_HA8,Q4b,893678.67,193.33,9
2015,16_NW9,Q1,190000.0,33.46,1
2015,16_NW9,Q2,,,0
2015,16_NW9,Q3,,,0
2015,16_NW9,Q4a,,,0
2015,16_NW9,Q4b,,,0
2015,16_UB5,Q1,227750.0,40.84,4
2015,16_UB5,Q2,363500.0,72.6,5
2015,16_UB5,Q3,376100.0,88.2,5
2015,16_UB5,Q4a,386000.0,118.0,1
2015,16_UB5,Q4b,,,0
2015,16_WD23,Q1,,,0
2015,16_WD23,Q2,,,0
2015,16_WD23,Q3,,,0
2015,16_WD23,Q4a,,,0
2015,16_WD23,Q4b,,,0
2015,17_RM1,Q1,179132.62,47.71,93
2015,17_RM1,Q2,233035.71,67.9,56
2015,17_RM1,Q3,318767.83,89.37,95
2015,17_RM1,Q4a,416901.64,124.91,58
2015,17_RM1,Q4b,543952.38,183.3,21
2015,17_RM11,Q1,218909.94,51.88,88
2015,17_RM11,Q2,268664.91,67.48,107
2015,17_RM11,Q3,347484.51,89.92,155
2015,17_RM11,Q4a,461374.55,120.85,122
2015,17_RM11,Q4b,796714.84,209.56,63
2015,17_RM12,Q1,216544.4,47.81,84
2015,17_RM12,Q2,269920.49,69.09,131
2015,17_RM12,Q3,316793.36,88.84,192
2015,17_RM12,Q4a,387574.19,119.87,80
2015,17_RM12,Q4b,448090.91,164.27,11
2015,17_RM13,Q1,184249.79,49.0,48
2015,17_RM13,Q2,238131.48,70.62,122
2015,17_RM13,Q3,277909.47,87.72,183
2015,17_RM13,Q4a,328062.85,117.69,66
2015,17_RM13,Q4b,372000.0,153.5,2
2015,17_RM14,Q1,262630.79,53.22,19
2015,17_RM14,Q2,288827.04,68.85,81
2015,17_RM14,Q3,401210.85,89.38,135
2015,17_RM14,Q4a,537424.67,125.27,99
2015,17_RM14,Q4b,740855.71,189.41,35
2015,17_RM2,Q1,210807.02,51.96,52
2015,17_RM2,Q2,270562.5,68.3,32
2015,17_RM2,Q3,355146.0,89.15,70
2015,17_RM2,Q4a,469572.11,122.58,45
2015,17_RM2,Q4b,720685.93,189.32,43
2015,17_RM3,Q1,190807.88,48.53,118
2015,17_RM3,Q2,238916.12,68.43,191
2015,17_RM3,Q3,292948.65,88.7,382
2015,17_RM3,Q4a,406952.36,120.19,106
2015,17_RM3,Q4b,561076.92,183.21,13
2015,17_RM4,Q1,,,0
2015,17_RM4,Q2,,,0
2015,17_RM4,Q3,361250.0,86.25,4
2015,17_RM4,Q4a,,,0
2015,17_RM4,Q4b,847500.0,229.0,2
2015,17_RM5,Q1,210633.33,49.8,15
2015,17_RM5,Q2,263732.44,70.16,80
2015,17_RM5,Q3,287080.6,87.51,132
2015,17_RM5,Q4a,346002.16,119.05,44
2015,17_RM5,Q4b,497832.5,185.47,6
2015,17_RM7,Q1,178218.54,47.34,147
2015,17_RM7,Q2,234005.94,67.04,205
2015,17_RM7,Q3,290568.8,88.54,138
2015,17_RM7,Q4a,349700.0,116.92,35
2015,17_RM7,Q4b,434500.0,173.23,8
2015,18_HA4,Q1,286431.15,50.21,139
2015,18_HA4,Q2,364601.12,67.36,263
2015,18_HA4,Q3,465762.93,89.87,232
2015,18_HA4,Q4a,578952.5,120.17,158
2015,18_HA4,Q4b,811242.31,187.75,39
2015,18_HA5,Q1,299209.06,51.18,33
2015,18_HA5,Q2,390269.41,68.69,74
2015,18_HA5,Q3,519221.12,90.32,40
2015,18_HA5,Q4a,616387.36,121.51,36
2015,18_HA5,Q4b,930800.0,207.22,10
2015,18_HA6,Q1,237347.9,47.13,48
2015,18_HA6,Q2,386951.35,69.22,37
2015,18_HA6,Q3,496257.59,89.92,66
2015,18_HA6,Q4a,641630.51,122.17,61
2015,18_HA6,Q4b,1094213.56,212.65,52
2015,18_TW19,Q1,,,0
2015,18_TW19,Q2,,,0
2015,18_TW19,Q3,,,0
2015,18_TW19,Q4a,,,0
2015,18_TW19,Q4b,,,0
2015,18_UB10,Q1,249650.46,49.17,94
2015,18_UB10,Q2,335672.25,68.56,154
2015,18_UB10,Q3,435994.84,88.74,184
2015,18_UB10,Q4a,580985.92,123.25,125
2015,18_UB10,Q4b,766332.5,190.43,40
2015,18_UB3,Q1,206962.0,44.45,125
2015,18_UB3,Q2,300987.86,69.05,103
2015,18_UB3,Q3,342514.89,88.32,131
2015,18_UB3,Q4a,369853.23,117.86,31
2015,18_UB3,Q4b,430000.0,165.0,2
2015,18_UB4,Q1,208068.02,46.74,91
2015,18_UB4,Q2,295707.84,67.4,102
2015,18_UB4,Q3,334209.6,87.04,99
2015,18_UB4,Q4a,412102.63,122.0,38
2015,18_UB4,Q4b,406666.67,185.67,3
2015,18_UB5,Q1,235596.67,42.42,15
2015,18_UB5,Q2,276000.0,64.45,1
2015,18_UB5,Q3,445000.0,82.83,1
2015,18_UB5,Q4a,409000.0,127.14,2
2015,18_UB5,Q4b,,,0
2015,18_UB7,Q1,214285.86,45.35,105
2015,18_UB7,Q2,295779.75,69.34,151
2015,18_UB7,Q3,349209.12,90.0,114
2015,18_UB7,Q4a,436117.14,123.59,50
2015,18_UB7,Q4b,475000.0,159.28,6
2015,18_UB8,Q1,221374.98,45.74,89
2015,18_UB8,Q2,311219.11,68.24,123
2015,18_UB8,Q3,369252.44,88.6,112
2015,18_UB8,Q4a,470817.92,119.54,53
2015,18_UB8,Q4b,664666.67,190.56,9
2015,18_UB9,Q1,247980.43,48.54,23
2015,18_UB9,Q2,309484.38,67.73,48
2015,18_UB9,Q3,367428.38,89.74,37
2015,18_UB9,Q4a,481078.57,120.2,21
2015,18_UB9,Q4b,798125.0,182.25,8
2015,18_WD3,Q1,,,0
2015,18_WD3,Q2,287500.0,67.0,3
2015,18_WD3,Q3,,,0
2015,18_WD3,Q4a,530000.0,113.0,1
2015,18_WD3,Q4b,,,0
2015,19_TW1,Q1,285407.82,48.52,22
2015,19_TW1,Q2,,,0
2015,19_TW1,Q3,,,0
2015,19_TW1,Q4a,,,0
2015,19_TW1,Q4b,,,0
2015,19_TW13,Q1,205132.78,47.77,160
2015,19_TW13,Q2,276882.3,68.32,163
2015,19_TW13,Q3,328702.45,88.64,113
2015,19_TW13,Q4a,393973.81,115.02,21
2015,19_TW13,Q4b,499000.0,165.0,3
2015,19_TW14,Q1,212653.42,49.66,76
2015,19_TW14,Q2,281498.84,67.84,86
2015,19_TW14,Q3,316466.28,88.07,86
2015,19_TW14,Q4a,371210.53,118.28,19
2015,19_TW14,Q4b,445250.0,174.5,4
2015,19_TW15,Q1,,,0
2015,19_TW15,Q2,,,0
2015,19_TW15,Q3,,,0
2015,19_TW15,Q4a,,,0
2015,19_TW15,Q4b,,,0
2015,19_TW3,Q1,221934.57,48.29,81
2015,19_TW3,Q2,289399.92,68.22,66
2015,19_TW3,Q3,385718.28,90.8,93
2015,19_TW3,Q4a,473493.02,118.64,43
2015,19_TW3,Q4b,605416.67,175.5,6
2015,19_TW4,Q1,223451.52,46.94,33
2015,19_TW4,Q2,244796.88,68.77,32
2015,19_TW4,Q3,344182.2,88.82,45
2015,19_TW4,Q4a,375543.18,114.5,22
2015,19_TW4,Q4b,531666.67,174.33,3
2015,19_TW5,Q1,200738.89,49.16,27
2015,19_TW5,Q2,268639.34,71.55,61
2015,19_TW5,Q3,360174.26,89.77,68
2015,19_TW5,Q4a,437250.0,117.39,48
2015,19_TW5,Q4b,713000.0,170.0,5
2015,19_TW7,Q1,270688.68,48.81,102
2015,19_TW7,Q2,354591.7,69.0,147
2015,19_TW7,Q3,469540.21,88.34,140
2015,19_TW7,Q4a,551605.88,122.53,68
2015,19_TW7,Q4b,756200.0,174.79,20
2015,19_TW8,Q1,323941.36,49.49,230
2015,19_TW8,Q2,447078.4,70.55,166
2015,19_TW8,Q3,586498.08,87.26,199
2015,19_TW8,Q4a,734488.33,119.92,69
2015,19_TW8,Q4b,1746094.44,217.0,18
2015,19_UB2,Q1,179970.83,43.93,12
2015,19_UB2,Q2,239500.0,68.41,10
2015,19_UB2,Q3,295053.33,83.72,15
2015,19_UB2,Q4a,434975.0,125.5,2
2015,19_UB2,Q4b,580000.0,177.0,1
2015,19_W3,Q1,406666.67,56.13,3
2015,19_W3,Q2,,,0
2015,19_W3,Q3,682336.0,95.35,5
2015,19_W3,Q4a,792365.0,119.44,5
2015,19_W3,Q4b,,,0
2015,19_W4,Q1,432277.45,47.59,104
2015,19_W4,Q2,574354.35,68.8,79
2015,19_W4,Q3,791200.05,89.15,63
2015,19_W4,Q4a,1160353.91,126.9,85
2015,19_W4,Q4b,2002926.39,200.23,84
2015,19_W5,Q1,,,0
2015,19_W5,Q2,381000.0,61.0,2
2015,19_W5,Q3,,,0
2015,19_W5,Q4a,831833.33,131.0,3
2015,19_W5,Q4b,,,0
2015,19_W6,Q1,500000.0,51.5,1
2015,19_W6,Q2,555000.0,60.58,1
2015,19_W6,Q3,750000.0,91.0,1
2015,19_W6,Q4a,1300000.0,126.0,1
2015,19_W6,Q4b,2466666.67,222.2,3
2015,1_IG11,Q1,172580.51,46.88,216
2015,1_IG11,Q2,209904.38,67.95,168
2015,1_IG11,Q3,297400.06,89.36,174
2015,1_IG11,Q4a,361803.46,121.68,78
2015,1_IG11,Q4b,506250.0,205.38,8
2015,1_RM10,Q1,160956.25,49.12,102
2015,1_RM10,Q2,234582.84,68.6,167
2015,1_RM10,Q3,266728.41,87.04,113
2015,1_RM10,Q4a,306903.85,120.62,26
2015,1_RM10,Q4b,455000.0,214.95,1
2015,1_RM5,Q1,,,0
2015,1_RM5,Q2,,,0
2015,1_RM5,Q3,350000.0,80.84,1
2015,1_RM5,Q4a,,,0
2015,1_RM5,Q4b,,,0
2015,1_RM6,Q1,173178.57,51.7,28
2015,1_RM6,Q2,231022.0,67.3,45
2015,1_RM6,Q3,285064.09,88.5,66
2015,1_RM6,Q4a,342705.88,118.53,34
2015,1_RM6,Q4b,439997.5,175.96,2
2015,1_RM7,Q1,209700.0,54.97,15
2015,1_RM7,Q2,245328.21,66.07,14
2015,1_RM7,Q3,292128.97,89.98,29
2015,1_RM7,Q4a,345379.17,118.25,12
2015,1_RM7,Q4b,,,0
2015,1_RM8,Q1,173264.94,48.07,86
2015,1_RM8,Q2,239193.67,69.09,206
2015,1_RM8,Q3,268063.75,87.35,176
2015,1_RM8,Q4a,309408.03,114.43,66
2015,1_RM8,Q4b,368500.0,179.0,2
2015,1_RM9,Q1,178737.98,51.02,42
2015,1_RM9,Q2,239166.73,67.5,171
2015,1_RM9,Q3,263715.0,86.99,109
2015,1_RM9,Q4a,285000.0,120.19,18
2015,1_RM9,Q4b,,,0
2015,20_EC1A,Q1,630000.0,48.0,1
2015,20_EC1A,Q2,800000.0,74.0,1
2015,20_EC1A,Q3,,,0
2015,20_EC1A,Q4a,,,0
2015,20_EC1A,Q4b,,,0
2015,20_EC1M,Q1,653571.43,46.79,7
2015,20_EC1M,Q2,849375.0,66.78,8
2015,20_EC1M,Q3,1095000.0,87.27,6
2015,20_EC1M,Q4a,800000.0,123.45,2
2015,20_EC1M,Q4b,1900000.0,216.0,1
2015,20_EC1R,Q1,560225.0,50.69,16
2015,20_EC1R,Q2,798401.13,71.32,15
2015,20_EC1R,Q3,1017937.5,87.16,8
2015,20_EC1R,Q4a,1437857.14,114.77,7
2015,20_EC1R,Q4b,2424428.57,200.14,7
2015,20_EC1V,Q1,515479.63,48.1,54
2015,20_EC1V,Q2,660829.79,67.89,38
2015,20_EC1V,Q3,950496.88,91.2,16
2015,20_EC1V,Q4a,1328750.0,116.75,8
2015,20_EC1V,Q4b,2537500.0,199.95,2
2015,20_EC1Y,Q1,497291.67,46.18,6
2015,20_EC1Y,Q2,631250.0,64.0,2
2015,20_EC1Y,Q3,813000.0,86.15,4
2015,20_EC1Y,Q4a,1271250.0,113.62,4
2015,20_EC1Y,Q4b,1800000.0,212.0,1
2015,20_EC2A,Q1,586666.67,47.42,3
2015,20_EC2A,Q2,678750.0,64.5,2
2015,20_EC2A,Q3,983500.0,93.5,2
2015,20_EC2A,Q4a,,,0
2015,20_EC2A,Q4b,,,0
2015,20_N1,Q1,462151.04,46.26,208
2015,20_N1,Q2,639203.69,69.33,160
2015,20_N1,Q3,821841.31,88.53,109
2015,20_N1,Q4a,1276173.4,123.79,94
2015,20_N1,Q4b,2172652.53,195.4,59
2015,20_N16,Q1,318250.0,52.28,3
2015,20_N16,Q2,485000.0,64.33,3
2015,20_N16,Q3,612500.0,85.0,2
2015,20_N16,Q4a,,,0
2015,20_N16,Q4b,1737500.0,228.5,2
2015,20_N19,Q1,378714.89,47.76,87
2015,20_N19,Q2,455831.58,67.8,52
2015,20_N19,Q3,600232.93,88.77,41
2015,20_N19,Q4a,922118.42,122.32,38
2015,20_N19,Q4b,1522428.57,196.93,21
2015,20_N4,Q1,368202.56,47.91,45
2015,20_N4,Q2,487938.62,65.92,26
2015,20_N4,Q3,679414.29,89.22,21
2015,20_N4,Q4a,859222.68,115.19,22
2015,20_N4,Q4b,1228571.43,189.72,7
2015,20_N5,Q1,465424.28,47.44,78
2015,20_N5,Q2,594116.38,67.87,58
2015,20_N5,Q3,832872.86,88.04,42
2015,20_N5,Q4a,1254423.56,127.49,27
2015,20_N5,Q4b,1696160.17,187.97,36
2015,20_N6,Q1,,,0
2015,20_N6,Q2,497500.0,63.0,2
2015,20_N6,Q3,997000.0,80.99,1
2015,20_N6,Q4a,,,0
2015,20_N6,Q4b,1725000.0,207.0,1
2015,20_N7,Q1,386460.42,46.57,201
2015,20_N7,Q2,536688.92,69.3,145
2015,20_N7,Q3,631143.94,86.28,98
2015,20_N7,Q4a,806094.12,119.39,34
2015,20_N7,Q4b,1635714.29,200.06,21
2015,20_N8,Q1,399950.0,39.56,1
2015,20_N8,Q2,580000.0,76.0,1
2015,20_N8,Q3,,,0
2015,20_N8,Q4a,930000.0,134.0,1
2015,20_N8,Q4b,,,0
2015,20_NW5,Q1,,,0
2015,20_NW5,Q2,,,0
2015,20_NW5,Q3,,,0
2015,20_NW5,Q4a,,,0
2015,20_NW5,Q4b,,,0
2015,20_WC1X,Q1,480499.75,45.49,4
2015,20_WC1X,Q2,648724.5,71.6,10
2015,20_WC1X,Q3,914500.0,89.22,4
2015,20_WC1X,Q4a,1012500.0,126.78,2
2015,20_WC1X,Q4b,1999984.5,214.5,2
2015,21_SW10,Q1,679062.81,47.59,86
2015,21_SW10,Q2,1000903.48,67.89,46
2015,21_SW10,Q3,1285060.61,90.42,33
2015,21_SW10,Q4a,1575093.75,121.04,16
2015,21_SW10,Q4b,4228561.9,232.22,21
2015,21_SW1W,Q1,886666.67,33.54,3
2015,21_SW1W,Q2,1595000.0,77.0,1
2015,21_SW1W,Q3,1305000.0,89.33,3
2015,21_SW1W,Q4a,,,0
2015,21_SW1W,Q4b,9375000.0,253.4,2
2015,21_SW1X,Q1,953600.0,48.11,5
2015,21_SW1X,Q2,1283400.0,69.0,5
2015,21_SW1X,Q3,2036200.0,92.57,10
2015,21_SW1X,Q4a,3322222.22,127.49,9
2015,21_SW1X,Q4b,5897924.0,204.17,10
2015,21_SW3,Q1,713715.43,39.02,105
2015,21_SW3,Q2,1442351.34,68.66,41
2015,21_SW3,Q3,1505352.77,89.5,44
2015,21_SW3,Q4a,2745576.5,126.97,48
2015,21_SW3,Q4b,4991219.61,219.01,62
2015,21_SW5,Q1,612340.15,43.52,66
2015,21_SW5,Q2,932018.04,65.8,25
2015,21_SW5,Q3,1394384.21,89.73,34
2015,21_SW5,Q4a,1806983.33,122.99,30
2015,21_SW5,Q4b,2975357.14,189.16,21
2015,21_SW7,Q1,808233.23,45.26,35
2015,21_SW7,Q2,1296223.45,67.77,40
2015,21_SW7,Q3,1795845.59,89.21,34
2015,21_SW7,Q4a,2231787.23,121.1,47
2015,21_SW7,Q4b,3858424.46,200.4,28
2015,21_W10,Q1,482544.82,47.14,91
2015,21_W10,Q2,665427.4,70.46,52
2015,21_W10,Q3,901937.33,87.61,24
2015,21_W10,Q4a,1500406.25,127.69,16
2015,21_W10,Q4b,2446405.88,197.04,17
2015,21_W11,Q1,617110.29,42.82,68
2015,21_W11,Q2,886495.58,68.67,52
2015,21_W11,Q3,1480553.19,88.33,47
2015,21_W11,Q4a,2094771.13,127.53,23
2015,21_W11,Q4b,4190188.12,221.11,33
2015,21_W14,Q1,784263.65,50.67,63
2015,21_W14,Q2,1090783.82,70.03,34
2015,21_W14,Q3,1694986.97,94.38,66
2015,21_W14,Q4a,1940902.38,121.55,21
2015,21_W14,Q4b,3844262.5,220.48,20
2015,21_W2,Q1,545400.0,41.43,15
2015,21_W2,Q2,1037500.0,73.7,2
2015,21_W2,Q3,1216666.67,87.55,3
2015,21_W2,Q4a,1671000.0,117.86,5
2015,21_W2,Q4b,4787500.0,228.49,4
2015,21_W8,Q1,682404.33,43.19,58
2015,21_W8,Q2,1108662.0,66.51,25
2015,21_W8,Q3,1388108.11,88.29,37
2015,21_W8,Q4a,2161392.05,122.23,44
2015,21_W8,Q4b,6416317.62,223.86,86
2015,22_KT1,Q1,305500.51,45.83,74
2015,22_KT1,Q2,419972.22,68.96,85
2015,22_KT1,Q3,513727.67,88.12,60
2015,22_KT1,Q4a,713232.43,121.18,37
2015,22_KT1,Q4b,1138888.89,191.78,9
2015,22_KT19,Q1,,,0
2015,22_KT19,Q2,,,0
2015,22_KT19,Q3,418000.0,96.0,1
2015,22_KT19,Q4a,,,0
2015,22_KT19,Q4b,,,0
2015,22_KT2,Q1,324609.82,47.93,112
2015,22_KT2,Q2,448578.48,68.45,116
2015,22_KT2,Q3,618066.71,89.21,104
2015,22_KT2,Q4a,866213.26,124.52,102
2015,22_KT2,Q4b,1557985.71,225.89,49
2015,22_KT22,Q1,,,0
2015,22_KT22,Q2,,,0
2015,22_KT22,Q3,,,0
2015,22_KT22,Q4a,517000.0,108.0,1
2015,22_KT22,Q4b,,,0
2015,22_KT3,Q1,256963.46,48.27,65
2015,22_KT3,Q2,367702.43,67.96,82
2015,22_KT3,Q3,480410.38,90.07,106
2015,22_KT3,Q4a,619012.91,124.23,103
2015,22_KT3,Q4b,989261.67,187.68,39
2015,22_KT4,Q1,240019.22,40.63,23
2015,22_KT4,Q2,385531.25,67.56,16
2015,22_KT4,Q3,524896.67,94.07,15
2015,22_KT4,Q4a,565245.0,123.1,20
2015,22_KT4,Q4b,698833.33,166.67,6
2015,22_KT5,Q1,276673.15,43.49,88
2015,22_KT5,Q2,378720.55,68.96,73
2015,22_KT5,Q3,512601.0,89.51,73
2015,22_KT5,Q4a,634689.04,121.53,71
2015,22_KT5,Q4b,970952.61,187.54,23
2015,22_KT6,Q1,302518.02,46.98,174
2015,22_KT6,Q2,401081.51,68.18,148
2015,22_KT6,Q3,495978.63,89.55,117
2015,22_KT6,Q4a,694972.88,121.47,69
2015,22_KT6,Q4b,1382863.64,224.89,22
2015,22_KT9,Q1,242789.1,50.27,67
2015,22_KT9,Q2,319138.68,68.58,97
2015,22_KT9,Q3,377163.68,87.7,117
2015,22_KT9,Q4a,467156.58,118.21,38
2015,22_KT9,Q4b,587124.67,182.0,9
2015,22_SW15,Q1,295000.0,53.27,6
2015,22_SW15,Q2,416866.67,71.0,3
2015,22_SW15,Q3,492187.5,89.5,8
2015,22_SW15,Q4a,810166.67,127.31,6
2015,22_SW15,Q4b,1005000.0,209.6,4
2015,22_SW20,Q1,,,0
2015,22_SW20,Q2,,,0
2015,22_SW20,Q3,534166.67,95.0,3
2015,22_SW20,Q4a,519750.0,118.5,2
2015,22_SW20,Q4b,1250000.0,194.0,1
2015,22_TW10,Q1,,,0
2015,22_TW10,Q2,,,0
2015,22_TW10,Q3,580000.0,93.0,1
2015,22_TW10,Q4a,605000.0,104.9,1
2015,22_TW10,Q4b,,,0
2015,23_SE1,Q1,487096.81,47.07,94
2015,23_SE1,Q2,714698.32,65.04,37
2015,23_SE1,Q3,1155700.0,88.25,15
2015,23_SE1,Q4a,1452583.33,117.88,6
2015,23_SE1,Q4b,2000000.0,151.0,1
2015,23_SE11,Q1,406090.96,48.76,85
2015,23_SE11,Q2,518763.27,68.86,64
2015,23_SE11,Q3,604337.9,87.65,41
2015,23_SE11,Q4a,1023849.54,127.12,39
2015,23_SE11,Q4b,1504214.29,187.14,7
2015,23_SE19,Q1,288655.78,47.54,32
2015,23_SE19,Q2,398309.58,66.77,36
2015,23_SE19,Q3,460866.19,89.24,21
2015,23_SE19,Q4a,706487.5,126.81,8
2015,23_SE19,Q4b,774720.0,173.8,5
2015,23_SE21,Q1,297385.48,46.52,31
2015,23_SE21,Q2,401027.27,66.08,33
2015,23_SE21,Q3,591545.65,90.0,23
2015,23_SE21,Q4a,750207.14,115.29,14
2015,23_SE21,Q4b,1176564.31,184.05,13
2015,23_SE24,Q1,393536.24,48.58,34
2015,23_SE24,Q2,470021.43,67.52,49
2015,23_SE24,Q3,613625.81,91.27,21
2015,23_SE24,Q4a,840955.17,124.4,23
2015,23_SE24,Q4b,1336135.55,214.75,20
2015,23_SE27,Q1,306233.9,48.15,73
2015,23_SE27,Q2,377049.99,67.3,79
2015,23_SE27,Q3,522052.94,89.97,68
2015,23_SE27,Q4a,607468.46,117.55,46
2015,23_SE27,Q4b,1119254.76,205.06,21
2015,23_SE5,Q1,349601.67,47.04,33
2015,23_SE5,Q2,434494.93,67.48,28
2015,23_SE5,Q3,579329.91,92.26,23
2015,23_SE5,Q4a,779371.88,120.25,16
2015,23_SE5,Q4b,1202690.91,199.27,11
2015,23_SW12,Q1,426857.94,49.32,34
2015,23_SW12,Q2,470559.09,69.06,55
2015,23_SW12,Q3,620523.26,89.5,43
2015,23_SW12,Q4a,986062.59,124.19,34
2015,23_SW12,Q4b,1183125.0,183.45,8
2015,23_SW16,Q1,312416.82,46.92,326
2015,23_SW16,Q2,384313.82,67.29,181
2015,23_SW16,Q3,450577.52,87.51,159
2015,23_SW16,Q4a,637960.05,122.71,87
2015,23_SW16,Q4b,956014.58,188.33,59
2015,23_SW2,Q1,343728.78,47.68,250
2015,23_SW2,Q2,436308.89,67.86,171
2015,23_SW2,Q3,521811.08,88.39,117
2015,23_SW2,Q4a,795651.05,125.47,82
2015,23_SW2,Q4b,1095744.07,180.52,43
2015,23_SW4,Q1,428648.1,47.86,173
2015,23_SW4,Q2,550370.65,67.57,167
2015,23_SW4,Q3,660802.31,87.51,84
2015,23_SW4,Q4a,1077179.95,125.79,55
2015,23_SW4,Q4b,1711931.44,207.98,81
2015,23_SW8,Q1,430633.43,49.38,86
2015,23_SW8,Q2,494833.78,67.87,65
2015,23_SW8,Q3,646002.5,88.16,40
2015,23_SW8,Q4a,1363950.0,122.15,20
2015,23_SW8,Q4b,1669966.67,189.25,15
2015,23_SW9,Q1,376611.52,48.76,157
2015,23_SW9,Q2,470156.23,69.42,117
2015,23_SW9,Q3,576079.3,87.55,87
2015,23_SW9,Q4a,767649.54,116.5,37
2015,23_SW9,Q4b,1239027.78,207.46,18
2015,24_BR1,Q1,227633.17,50.39,30
2015,24_BR1,Q2,272964.23,67.97,111
2015,24_BR1,Q3,319679.68,87.52,72
2015,24_BR1,Q4a,403210.54,117.62,28
2015,24_BR1,Q4b,606400.0,165.63,5
2015,24_BR3,Q1,215000.0,53.0,1
2015,24_BR3,Q2,195000.0,60.0,1
2015,24_BR3,Q3,,,0
2015,24_BR3,Q4a,,,0
2015,24_BR3,Q4b,,,0
2015,24_SE10,Q1,314135.71,51.59,7
2015,24_SE10,Q2,352824.88,68.5,8
2015,24_SE10,Q3,592500.0,92.0,2
2015,24_SE10,Q4a,729000.0,125.0,2
2015,24_SE10,Q4b,2355000.0,276.0,1
2015,24_SE12,Q1,221997.43,49.92,69
2015,24_SE12,Q2,317434.43,68.59,61
2015,24_SE12,Q3,413272.39,90.46,105
2015,24_SE12,Q4a,548562.77,119.95,44
2015,24_SE12,Q4b,854545.45,208.78,11
2015,24_SE13,Q1,294236.84,47.25,352
2015,24_SE13,Q2,362240.56,66.53,196
2015,24_SE13,Q3,460972.94,87.36,138
2015,24_SE13,Q4a,650727.51,121.75,78
2015,24_SE13,Q4b,976710.53,179.31,19
2015,24_SE14,Q1,270240.42,44.48,118
2015,24_SE14,Q2,355160.09,67.23,54
2015,24_SE14,Q3,486846.22,90.47,41
2015,24_SE14,Q4a,535850.0,118.07,20
2015,24_SE14,Q4b,1026071.43,205.29,14
2015,24_SE15,Q1,200500.0,46.34,2
2015,24_SE15,Q2,277000.0,74.2,5
2015,24_SE15,Q3,304000.0,84.0,3
2015,24_SE15,Q4a,550000.0,118.0,1
2015,24_SE15,Q4b,890000.0,171.0,1
2015,24_SE16,Q1,287201.0,44.76,41
2015,24_SE16,Q2,437407.41,68.69,59
2015,24_SE16,Q3,613305.56,91.89,9
2015,24_SE16,Q4a,,,0
2015,24_SE16,Q4b,,,0
2015,24_SE23,Q1,299619.38,47.81,142
2015,24_SE23,Q2,370395.88,69.54,125
2015,24_SE23,Q3,501680.76,89.99,120
2015,24_SE23,Q4a,660787.5,120.27,92
2015,24_SE23,Q4b,900650.71,185.89,38
2015,24_SE26,Q1,263504.32,48.45,90
2015,24_SE26,Q2,343777.62,69.21,89
2015,24_SE26,Q3,436797.37,88.26,100
2015,24_SE26,Q4a,571309.0,120.27,50
2015,24_SE26,Q4b,904055.56,191.39,18
2015,24_SE3,Q1,386238.33,49.73,15
2015,24_SE3,Q2,470354.17,69.95,24
2015,24_SE3,Q3,619512.75,90.63,20
2015,24_SE3,Q4a,860000.0,123.13,10
2015,24_SE3,Q4b,2179100.0,245.72,10
2015,24_SE4,Q1,310689.48,47.96,94
2015,24_SE4,Q2,415416.75,67.96,84
2015,24_SE4,Q3,506650.06,88.92,81
2015,24_SE4,Q4a,660033.37,121.45,89
2015,24_SE4,Q4b,904555.56,190.28,18
2015,24_SE6,Q1,237815.07,47.1,250
2015,24_SE6,Q2,323649.21,67.66,139
2015,24_SE6,Q3,397917.37,89.97,187
2015,24_SE6,Q4a,502641.71,120.06,100
2015,24_SE6,Q4b,659771.74,182.95,23
2015,24_SE8,Q1,295999.05,45.88,199
2015,24_SE8,Q2,383894.46,69.44,131
2015,24_SE8,Q3,492380.22,85.04,93
2015,24_SE8,Q4a,597944.44,114.81,18
2015,24_SE8,Q4b,,,0
2015,24_SE9,Q1,195000.0,38.0,1
2015,24_SE9,Q2,261333.33,74.0,6
2015,24_SE9,Q3,276250.0,85.09,10
2015,24_SE9,Q4a,333750.0,125.83,6
2015,24_SE9,Q4b,,,0
2015,25_CR4,Q1,222481.82,46.17,178
2015,25_CR4,Q2,292453.41,68.11,132
2015,25_CR4,Q3,350404.46,88.25,198
2015,25_CR4,Q4a,405528.57,116.88,56
2015,25_CR4,Q4b,504285.71,172.71,7
2015,25_CR7,Q1,,,0
2015,25_CR7,Q2,339000.0,73.0,1
2015,25_CR7,Q3,331000.0,84.65,2
2015,25_CR7,Q4a,,,0
2015,25_CR7,Q4b,,,0
2015,25_KT3,Q1,288550.0,49.94,10
2015,25_KT3,Q2,418156.25,71.76,16
2015,25_KT3,Q3,520384.62,90.2,26
2015,25_KT3,Q4a,532430.0,121.93,15
2015,25_KT3,Q4b,852500.0,217.18,2
2015,25_SM3,Q1,,,0
2015,25_SM3,Q2,,,0
2015,25_SM3,Q3,,,0
2015,25_SM3,Q4a,,,0
2015,25_SM3,Q4b,,,0
2015,25_SM4,Q1,248063.69,48.49,77
2015,25_SM4,Q2,339279.29,69.36,140
2015,25_SM4,Q3,409890.0,88.85,156
2015,25_SM4,Q4a,499063.49,118.67,63
2015,25_SM4,Q4b,578750.0,156.75,4
2015,25_SW16,Q1,248639.47,48.47,19
2015,25_SW16,Q2,323156.25,66.59,16
2015,25_SW16,Q3,383633.33,88.18,30
2015,25_SW16,Q4a,446384.62,119.8,13
2015,25_SW16,Q4b,502000.0,159.67,3
2015,25_SW17,Q1,309059.31,46.31,16
2015,25_SW17,Q2,466590.62,71.12,16
2015,25_SW17,Q3,577329.63,88.38,27
2015,25_SW17,Q4a,633995.0,120.0,10
2015,25_SW17,Q4b,544000.0,169.0,1
2015,25_SW18,Q1,465000.0,46.76,4
2015,25_SW18,Q2,460000.0,71.0,1
2015,25_SW18,Q3,775000.0,94.55,5
2015,25_SW18,Q4a,1001556.25,124.62,8
2015,25_SW18,Q4b,,,0
2015,25_SW19,Q1,356675.37,47.88,305
2015,25_SW19,Q2,494847.34,68.09,217
2015,25_SW19,Q3,705512.92,90.02,205
2015,25_SW19,Q4a,910531.87,121.97,201
2015,25_SW19,Q4b,2119409.86,234.72,116
2015,25_SW20,Q1,329417.02,49.06,94
2015,25_SW20,Q2,478439.34,67.94,61
2015,25_SW20,Q3,603559.27,91.31,109
2015,25_SW20,Q4a,785204.17,120.66,120
2015,25_SW20,Q4b,1433144.49,194.95,53
2015,26_E12,Q1,190360.47,48.08,43
2015,26_E12,Q2,229279.07,68.35,43
2015,26_E12,Q3,305606.86,92.0,79
2015,26_E12,Q4a,328181.82,119.51,44
2015,26_E12,Q4b,,,0
2015,26_E13,Q1,218135.06,49.05,64
2015,26_E13,Q2,274327.81,69.09,115
2015,26_E13,Q3,327695.63,88.17,89
2015,26_E13,Q4a,380378.08,117.15,39
2015,26_E13,Q4b,605000.0,164.0,3
2015,26_E15,Q1,276758.79,48.73,169
2015,26_E15,Q2,323814.76,67.64,164
2015,26_E15,Q3,390963.03,89.99,206
2015,26_E15,Q4a,458593.64,115.9,55
2015,26_E15,Q4b,666666.67,174.0,6
2015,26_E16,Q1,286221.29,48.71,279
2015,26_E16,Q2,356333.65,68.32,244
2015,26_E16,Q3,393733.66,87.82,148
2015,26_E16,Q4a,501787.17,117.12,46
2015,26_E16,Q4b,987500.0,212.61,2
2015,26_E20,Q1,,,0
2015,26_E20,Q2,,,0
2015,26_E20,Q3,,,0
2015,26_E20,Q4a,737000.0,138.4,5
2015,26_E20,Q4b,757055.0,183.0,1
2015,26_E3,Q1,,,0
2015,26_E3,Q2,,,0
2015,26_E3,Q3,494000.0,80.0,1
2015,26_E3,Q4a,565000.0,115.0,1
2015,26_E3,Q4b,,,0
2015,26_E6,Q1,205980.63,48.34,142
2015,26_E6,Q2,266900.91,69.37,141
2015,26_E6,Q3,305142.74,88.28,187
2015,26_E6,Q4a,353276.36,118.97,74
2015,26_E6,Q4b,249500.0,192.5,2
2015,26_E7,Q1,216958.86,47.28,74
2015,26_E7,Q2,304539.79,67.9,58
2015,26_E7,Q3,367845.68,90.9,94
2015,26_E7,Q4a,450184.85,120.73,66
2015,26_E7,Q4b,600843.75,190.8,16
2015,27_E11,Q1,273570.31,48.44,64
2015,27_E11,Q2,358768.57,67.53,56
2015,27_E11,Q3,517032.67,89.87,45
2015,27_E11,Q4a,731602.34,126.04,64
2015,27_E11,Q4b,1038861.64,195.53,33
2015,27_E12,Q1,250399.8,47.04,5
2015,27_E12,Q2,296400.0,70.18,5
2015,27_E12,Q3,368625.0,90.12,8
2015,27_E12,Q4a,659133.76,124.43,17
2015,27_E12,Q4b,825124.88,207.82,8
2015,27_E18,Q1,275464.46,49.39,82
2015,27_E18,Q2,346159.83,67.28,69
2015,27_E18,Q3,465885.11,89.27,63
2015,27_E18,Q4a,616907.68,123.93,71
2015,27_E18,Q4b,816493.03,177.08,36
2015,27_IG1,Q1,179219.42,45.58,103
2015,27_IG1,Q2,248148.59,67.34,92
2015,27_IG1,Q3,311978.05,89.56,113
2015,27_IG1,Q4a,409126.72,122.25,103
2015,27_IG1,Q4b,526234.38,180.0,32
2015,27_IG11,Q1,126700.0,44.37,10
2015,27_IG11,Q2,172500.0,67.5,2
2015,27_IG11,Q3,389500.0,100.0,2
2015,27_IG11,Q4a,336250.0,104.83,2
2015,27_IG11,Q4b,,,0
2015,27_IG2,Q1,208540.97,49.24,72
2015,27_IG2,Q2,275178.1,66.46,50
2015,27_IG2,Q3,372436.52,89.9,92
2015,27_IG2,Q4a,437045.73,119.95,60
2015,27_IG2,Q4b,532833.33,173.75,12
2015,27_IG3,Q1,184766.93,47.06,44
2015,27_IG3,Q2,277779.41,66.96,34
2015,27_IG3,Q3,340288.12,92.24,72
2015,27_IG3,Q4a,417262.92,121.85,77
2015,27_IG3,Q4b,542812.5,172.15,16
2015,27_IG4,Q1,139399.67,43.99,15
2015,27_IG4,Q2,283475.0,65.09,10
2015,27_IG4,Q3,439260.87,95.17,23
2015,27_IG4,Q4a,492751.52,118.8,33
2015,27_IG4,Q4b,627000.0,186.6,10
2015,27_IG5,Q1,216300.0,47.84,28
2015,27_IG5,Q2,307299.58,70.03,26
2015,27_IG5,Q3,403807.6,91.15,52
2015,27_IG5,Q4a,481840.34,122.81,47
2015,27_IG5,Q4b,618593.44,183.0,16
2015,27_IG6,Q1,210991.33,49.97,60
2015,27_IG6,Q2,282215.58,68.22,86
2015,27_IG6,Q3,351957.36,89.5,142
2015,27_IG6,Q4a,448370.4,121.57,88
2015,27_IG6,Q4b,576705.88,159.29,17
2015,27_IG7,Q1,201604.17,50.38,24
2015,27_IG7,Q2,267957.11,66.23,35
2015,27_IG7,Q3,302740.0,86.0,50
2015,27_IG7,Q4a,350090.91,117.76,11
2015,27_IG7,Q4b,887500.0,219.5,2
2015,27_IG8,Q1,265090.8,50.07,44
2015,27_IG8,Q2,327502.41,68.76,108
2015,27_IG8,Q3,429863.99,89.32,152
2015,27_IG8,Q4a,583601.67,121.6,108
2015,27_IG8,Q4b,828523.54,188.93,69
2015,27_IG9,Q1,251873.75,47.12,4
2015,27_IG9,Q2,412500.0,67.0,2
2015,27_IG9,Q3,469500.0,84.75,4
2015,27_IG9,Q4a,535111.11,122.67,9
2015,27_IG9,Q4b,771250.0,163.55,4
2015,27_RM6,Q1,181210.63,49.64,60
2015,27_RM6,Q2,247258.66,68.35,50
2015,27_RM6,Q3,329125.7,88.48,93
2015,27_RM6,Q4a,383333.33,121.82,36
2015,27_RM6,Q4b,441000.0,156.0,1
2015,27_RM8,Q1,182125.0,43.42,8
2015,27_RM8,Q2,253818.18,63.45,11
2015,27_RM8,Q3,315000.0,96.0,1
2015,27_RM8,Q4a,,,0
2015,27_RM8,Q4b,,,0
2015,28_KT1,Q1,349487.5,48.19,20
2015,28_KT1,Q2,508000.0,69.98,14
2015,28_KT1,Q3,494250.0,86.25,4
2015,28_KT1,Q4a,919166.67,121.67,3
2015,28_KT1,Q4b,1361250.0,198.5,4
2015,28_KT2,Q1,275833.33,49.33,3
2015,28_KT2,Q2,530000.0,74.0,1
2015,28_KT2,Q3,500000.0,99.0,1
2015,28_KT2,Q4a,,,0
2015,28_KT2,Q4b,,,0
2015,28_KT8,Q1,,,0
2015,28_KT8,Q2,450000.0,71.0,2
2015,28_KT8,Q3,550000.0,91.0,1
2015,28_KT8,Q4a,,,0
2015,28_KT8,Q4b,,,0
2015,28_SW13,Q1,733208.33,49.5,24
2015,28_SW13,Q2,692297.3,68.28,37
2015,28_SW13,Q3,847292.05,90.0,44
2015,28_SW13,Q4a,1281281.37,128.37,43
2015,28_SW13,Q4b,2528491.23,229.68,57
2015,28_SW14,Q1,422716.22,45.98,37
2015,28_SW14,Q2,599311.74,67.43,62
2015,28_SW14,Q3,722667.35,89.62,57
2015,28_SW14,Q4a,1074504.39,124.6,83
2015,28_SW14,Q4b,1602448.31,187.61,35
2015,28_SW15,Q1,380090.0,50.04,5
2015,28_SW15,Q2,460000.0,65.88,2
2015,28_SW15,Q3,538000.0,85.67,6
2015,28_SW15,Q4a,791666.67,116.33,3
2015,28_SW15,Q4b,,,0
2015,28_TW1,Q1,351959.27,45.24,124
2015,28_TW1,Q2,515800.46,67.34,107
2015,28_TW1,Q3,729026.06,89.55,71
2015,28_TW1,Q4a,1004816.18,124.8,80
2015,28_TW1,Q4b,1537685.61,201.63,41
2015,28_TW10,Q1,441087.92,47.24,53
2015,28_TW10,Q2,527751.53,68.95,64
2015,28_TW10,Q3,637696.28,86.52,67
2015,28_TW10,Q4a,937489.13,121.35,46
2015,28_TW10,Q4b,2203728.07,222.78,57
2015,28_TW11,Q1,350755.19,47.49,97
2015,28_TW11,Q2,487000.78,68.49,89
2015,28_TW11,Q3,663658.82,88.87,85
2015,28_TW11,Q4a,893211.62,122.76,97
2015,28_TW11,Q4b,1352096.77,182.74,62
2015,28_TW12,Q1,272916.81,47.59,97
2015,28_TW12,Q2,394258.2,67.78,91
2015,28_TW12,Q3,537511.62,88.25,85
2015,28_TW12,Q4a,747929.39,125.0,79
2015,28_TW12,Q4b,1246367.86,205.44,42
2015,28_TW13,Q1,286000.0,51.51,2
2015,28_TW13,Q2,328500.0,72.85,2
2015,28_TW13,Q3,363600.0,88.0,5
2015,28_TW13,Q4a,474950.0,111.0,1
2015,28_TW13,Q4b,,,0
2015,28_TW2,Q1,332005.68,48.84,118
2015,28_TW2,Q2,456958.77,69.17,123
2015,28_TW2,Q3,551028.51,88.67,131
2015,28_TW2,Q4a,690374.24,120.63,99
2015,28_TW2,Q4b,896018.18,173.2,22
2015,28_TW3,Q1,,,0
2015,28_TW3,Q2,412891.67,71.33,6
2015,28_TW3,Q3,453987.08,84.96,13
2015,28_TW3,Q4a,540000.0,116.0,1
2015,28_TW3,Q4b,,,0
2015,28_TW4,Q1,263540.0,49.81,10
2015,28_TW4,Q2,244807.69,67.27,13
2015,28_TW4,Q3,344437.5,87.27,8
2015,28_TW4,Q4a,446991.67,112.44,6
2015,28_TW4,Q4b,,,0
2015,28_TW7,Q1,,,0
2015,28_TW7,Q2,448750.0,75.75,4
2015,28_TW7,Q3,510857.14,83.57,7
2015,28_TW7,Q4a,,,0
2015,28_TW7,Q4b,,,0
2015,28_TW9,Q1,420744.09,47.19,85
2015,28_TW9,Q2,591400.72,68.65,83
2015,28_TW9,Q3,720775.23,86.96,73
2015,28_TW9,Q4a,1034146.94,126.65,49
2015,28_TW9,Q4b,1690533.23,200.49,65
2015,29_SE1,Q1,500299.79,49.05,390
2015,29_SE1,Q2,646782.8,68.79,236
2015,29_SE1,Q3,916756.41,88.27,238
2015,29_SE1,Q4a,1193166.44,118.49,93
2015,29_SE1,Q4b,2850970.59,196.31,17
2015,29_SE11,Q1,426250.0,44.96,8
2015,29_SE11,Q2,334000.0,61.2,2
2015,29_SE11,Q3,,,0
2015,29_SE11,Q4a,,,0
2015,29_SE11,Q4b,1880000.0,189.0,1
2015,29_SE14,Q1,305000.0,46.0,1
2015,29_SE14,Q2,272500.0,72.28,2
2015,29_SE14,Q3,452750.0,79.0,1
2015,29_SE14,Q4a,,,0
2015,29_SE14,Q4b,,,0
2015,29_SE15,Q1,319359.26,49.02,189
2015,29_SE15,Q2,389833.81,67.78,185
2015,29_SE15,Q3,522581.7,90.95,154
2015,29_SE15,Q4a,748032.01,122.0,92
2015,29_SE15,Q4b,1067897.22,170.91,18
2015,29_SE16,Q1,362170.6,46.39,258
2015,29_SE16,Q2,471911.19,67.7,237
2015,29_SE16,Q3,562966.9,88.55,133
2015,29_SE16,Q4a,794918.6,123.42,43
2015,29_SE16,Q4b,1238208.33,183.68,12
2015,29_SE17,Q1,346636.91,48.48,170
2015,29_SE17,Q2,452757.97,70.11,145
2015,29_SE17,Q3,514057.44,87.55,41
2015,29_SE17,Q4a,682660.0,110.5,15
2015,29_SE17,Q4b,750000.0,172.0,1
2015,29_SE19,Q1,247269.08,45.1,13
2015,29_SE19,Q2,324458.22,70.47,9
2015,29_SE19,Q3,359177.27,82.34,11
2015,29_SE19,Q4a,672777.78,120.33,9
2015,29_SE19,Q4b,1650000.0,301.0,1
2015,29_SE21,Q1,296000.0,48.78,9
2015,29_SE21,Q2,428840.64,68.73,11
2015,29_SE21,Q3,475062.56,85.68,16
2015,29_SE21,Q4a,1075000.0,128.68,14
2015,29_SE21,Q4b,1863542.86,216.33,35
2015,29_SE22,Q1,373075.2,48.98,122
2015,29_SE22,Q2,467349.58,68.22,120
2015,29_SE22,Q3,644496.91,89.2,97
2015,29_SE22,Q4a,869983.72,126.39,86
2015,29_SE22,Q4b,1162380.41,177.45,41
2015,29_SE23,Q1,336625.0,50.16,12
2015,29_SE23,Q2,296921.43,69.1,7
2015,29_SE23,Q3,326666.67,85.0,3
2015,29_SE23,Q4a,675000.0,112.76,1
2015,29_SE23,Q4b,1200000.0,221.0,1
2015,29_SE24,Q1,377333.33,46.28,9
2015,29_SE24,Q2,536105.56,67.37,9
2015,29_SE24,Q3,612800.0,87.81,15
2015,29_SE24,Q4a,1056818.18,127.89,11
2015,29_SE24,Q4b,1703600.0,219.15,20
2015,29_SE26,Q1,262277.78,44.55,9
2015,29_SE26,Q2,475000.0,64.79,1
2015,29_SE26,Q3,,,0
2015,29_SE26,Q4a,763333.33,130.87,3
2015,29_SE26,Q4b,900250.0,174.75,4
2015,29_SE4,Q1,,,0
2015,29_SE4,Q2,,,0
2015,29_SE4,Q3,,,0
2015,29_SE4,Q4a,,,0
2015,29_SE4,Q4b,,,0
2015,29_SE5,Q1,328174.11,48.52,134
2015,29_SE5,Q2,399273.12,69.39,115
2015,29_SE5,Q3,531940.07,90.7,76
2015,29_SE5,Q4a,754758.43,123.41,56
2015,29_SE5,Q4b,1332600.0,192.94,20
2015,29_SE8,Q1,281800.0,43.4,5
2015,29_SE8,Q2,354500.0,66.41,7
2015,29_SE8,Q3,565000.0,96.0,1
2015,29_SE8,Q4a,,,0
2015,29_SE8,Q4b,,,0
2015,2_EN4,Q1,252665.85,46.32,71
2015,2_EN4,Q2,372417.86,67.77,56
2015,2_EN4,Q3,496603.09,91.21,81
2015,2_EN4,Q4a,593469.52,122.27,62
2015,2_EN4,Q4b,817653.85,193.83,13
2015,2_EN5,Q1,263062.12,46.9,112
2015,2_EN5,Q2,363025.45,68.47,112
2015,2_EN5,Q3,474580.7,90.1,159
2015,2_EN5,Q4a,626148.73,123.25,129
2015,2_EN5,Q4b,1107269.89,211.92,53
2015,2_HA7,Q1,,,0
2015,2_HA7,Q2,,,0
2015,2_HA7,Q3,,,0
2015,2_HA7,Q4a,,,0
2015,2_HA7,Q4b,1028000.0,270.0,1
2015,2_HA8,Q1,266461.8,48.69,55
2015,2_HA8,Q2,324818.61,68.24,94
2015,2_HA8,Q3,413032.84,87.55,134
2015,2_HA8,Q4a,598786.73,124.04,98
2015,2_HA8,Q4b,784560.2,190.3,49
2015,2_N10,Q1,299389.35,49.53,23
2015,2_N10,Q2,408309.38,69.82,16
2015,2_N10,Q3,507884.62,85.77,13
2015,2_N10,Q4a,731333.33,121.31,12
2015,2_N10,Q4b,938000.0,202.0,1
2015,2_N11,Q1,277954.76,50.05,42
2015,2_N11,Q2,399499.85,68.49,34
2015,2_N11,Q3,479712.2,88.41,45
2015,2_N11,Q4a,610783.33,120.22,30
2015,2_N11,Q4b,800181.36,197.02,11
2015,2_N12,Q1,290216.22,49.03,86
2015,2_N12,Q2,379330.23,67.13,86
2015,2_N12,Q3,558491.8,92.56,61
2015,2_N12,Q4a,736443.75,123.68,72
2015,2_N12,Q4b,943529.41,181.89,34
2015,2_N14,Q1,,,0
2015,2_N14,Q2,383312.5,71.38,8
2015,2_N14,Q3,516946.43,91.79,14
2015,2_N14,Q4a,677130.43,120.25,23
2015,2_N14,Q4b,924285.71,177.34,7
2015,2_N2,Q1,322826.48,47.71,65
2015,2_N2,Q2,426453.78,67.96,51
2015,2_N2,Q3,654630.91,91.12,44
2015,2_N2,Q4a,948422.55,120.75,31
2015,2_N2,Q4b,1729159.09,199.89,22
2015,2_N20,Q1,284664.29,50.3,49
2015,2_N20,Q2,374167.51,67.03,41
2015,2_N20,Q3,531868.48,90.07,46
2015,2_N20,Q4a,728310.19,125.88,54
2015,2_N20,Q4b,1238022.22,205.73,45
2015,2_N3,Q1,343346.97,51.03,33
2015,2_N3,Q2,415908.33,68.27,72
2015,2_N3,Q3,568139.02,90.21,51
2015,2_N3,Q4a,776517.85,124.35,60
2015,2_N3,Q4b,1191193.41,195.19,66
2015,2_NW11,Q1,380330.85,48.78,47
2015,2_NW11,Q2,497727.22,70.58,58
2015,2_NW11,Q3,682321.36,88.88,66
2015,2_NW11,Q4a,924076.56,125.19,73
2015,2_NW11,Q4b,1611918.0,210.8,95
2015,2_NW2,Q1,315275.0,44.84,34
2015,2_NW2,Q2,443349.97,68.6,37
2015,2_NW2,Q3,631614.18,88.66,67
2015,2_NW2,Q4a,786505.45,122.59,44
2015,2_NW2,Q4b,1508130.0,206.77,15
2015,2_NW3,Q1,396333.33,56.33,3
2015,2_NW3,Q2,575000.0,61.0,1
2015,2_NW3,Q3,689983.33,99.0,3
2015,2_NW3,Q4a,1865000.0,109.0,1
2015,2_NW3,Q4b,4250000.0,287.03,2
2015,2_NW4,Q1,263750.41,46.96,49
2015,2_NW4,Q2,347145.24,66.89,84
2015,2_NW4,Q3,452866.67,88.72,72
2015,2_NW4,Q4a,689107.14,126.12,56
2015,2_NW4,Q4b,1248033.17,207.13,48
2015,2_NW7,Q1,315950.98,52.04,51
2015,2_NW7,Q2,390645.24,68.33,127
2015,2_NW7,Q3,519946.65,89.21,94
2015,2_NW7,Q4a,729554.05,124.29,153
2015,2_NW7,Q4b,1128675.64,205.83,78
2015,2_NW9,Q1,267813.25,47.43,252
2015,2_NW9,Q2,362240.02,69.48,170
2015,2_NW9,Q3,422363.88,87.33,137
2015,2_NW9,Q4a,513330.36,120.29,28
2015,2_NW9,Q4b,,,0
2015,2_WD6,Q1,,,0
2015,2_WD6,Q2,,,0
2015,2_WD6,Q3,,,0
2015,2_WD6,Q4a,,,0
2015,2_WD6,Q4b,,,0
2015,30_CR0,Q1,223612.5,47.18,16
2015,30_CR0,Q2,274497.5,66.04,20
2015,30_CR0,Q3,349345.87,87.54,23
2015,30_CR0,Q4a,454250.0,125.38,8
2015,30_CR0,Q4b,501500.0,163.5,2
2015,30_CR4,Q1,180122.22,41.93,18
2015,30_CR4,Q2,271889.29,68.45,14
2015,30_CR4,Q3,320600.0,88.91,5
2015,30_CR4,Q4a,321250.0,122.5,2
2015,30_CR4,Q4b,,,0
2015,30_CR5,Q1,163000.0,49.5,2
2015,30_CR5,Q2,235000.0,62.0,1
2015,30_CR5,Q3,351015.71,89.46,7
2015,30_CR5,Q4a,515000.0,132.4,5
2015,30_CR5,Q4b,646250.0,187.5,2
2015,30_CR8,Q1,,,0
2015,30_CR8,Q2,,,0
2015,30_CR8,Q3,558750.0,94.0,2
2015,30_CR8,Q4a,656650.0,137.33,3
2015,30_CR8,Q4b,725285.71,201.57,7
2015,30_KT17,Q1,,,0
2015,30_KT17,Q2,,,0
2015,30_KT17,Q3,463625.0,84.0,4
2015,30_KT17,Q4a,,,0
2015,30_KT17,Q4b,,,0
2015,30_KT4,Q1,281978.49,49.89,73
2015,30_KT4,Q2,343429.29,67.96,97
2015,30_KT4,Q3,413491.91,86.94,76
2015,30_KT4,Q4a,542097.06,120.28,51
2015,30_KT4,Q4b,702820.59,174.67,17
2015,30_SM1,Q1,224592.12,48.82,217
2015,30_SM1,Q2,297731.09,68.31,206
2015,30_SM1,Q3,364998.42,88.03,162
2015,30_SM1,Q4a,462481.38,117.39,94
2015,30_SM1,Q4b,663121.05,175.94,19
2015,30_SM2,Q1,220009.98,48.48,170
2015,30_SM2,Q2,289668.66,67.74,138
2015,30_SM2,Q3,398798.14,89.35,81
2015,30_SM2,Q4a,567544.5,125.39,68
2015,30_SM2,Q4b,918453.17,211.74,63
2015,30_SM3,Q1,235039.06,48.27,48
2015,30_SM3,Q2,331717.09,69.69,79
2015,30_SM3,Q3,398612.96,88.36,108
2015,30_SM3,Q4a,497677.89,120.78,55
2015,30_SM3,Q4b,659200.0,177.86,5
2015,30_SM4,Q1,261000.0,53.67,3
2015,30_SM4,Q2,317562.5,66.23,16
2015,30_SM4,Q3,340000.0,81.5,2
2015,30_SM4,Q4a,340000.0,140.83,1
2015,30_SM4,Q4b,,,0
2015,30_SM5,Q1,234042.26,49.87,133
2015,30_SM5,Q2,290378.84,67.81,178
2015,30_SM5,Q3,358536.0,87.57,108
2015,30_SM5,Q4a,512152.96,122.95,102
2015,30_SM5,Q4b,729560.45,186.83,33
2015,30_SM6,Q1,219858.57,48.73,169
2015,30_SM6,Q2,284531.44,68.45,148
2015,30_SM6,Q3,362644.41,89.22,140
2015,30_SM6,Q4a,471612.5,121.15,92
2015,30_SM6,Q4b,639565.16,181.59,37
2015,30_SM7,Q1,,,0
2015,30_SM7,Q2,,,0
2015,30_SM7,Q3,,,0
2015,30_SM7,Q4a,711250.0,129.0,4
2015,30_SM7,Q4b,1083368.75,220.88,8
2015,31_E1,Q1,398773.63,47.76,296
2015,31_E1,Q2,506505.41,68.8,228
2015,31_E1,Q3,654379.46,86.23,125
2015,31_E1,Q4a,938630.0,120.57,28
2015,31_E1,Q4b,2128955.88,193.47,17
2015,31_E14,Q1,339981.66,47.18,632
2015,31_E14,Q2,433589.52,69.72,505
2015,31_E14,Q3,530907.29,87.25,392
2015,31_E14,Q4a,778190.83,120.17,83
2015,31_E14,Q4b,1265195.22,203.53,23
2015,31_E1W,Q1,419887.86,46.17,70
2015,31_E1W,Q2,526962.72,67.91,76
2015,31_E1W,Q3,768744.68,88.66,47
2015,31_E1W,Q4a,1010973.81,119.27,21
2015,31_E1W,Q4b,2478666.67,221.24,6
2015,31_E2,Q1,370064.76,46.48,144
2015,31_E2,Q2,476868.98,68.58,153
2015,31_E2,Q3,637337.99,87.5,93
2015,31_E2,Q4a,903238.1,119.77,21
2015,31_E2,Q4b,,,0
2015,31_E3,Q1,311465.13,45.9,321
2015,31_E3,Q2,394754.37,68.49,275
2015,31_E3,Q3,526361.8,89.34,148
2015,31_E3,Q4a,767062.5,119.4,40
2015,31_E3,Q4b,1247500.0,179.33,6
2015,31_E9,Q1,315750.0,36.04,2
2015,31_E9,Q2,500000.0,72.0,1
2015,31_E9,Q3,,,0
2015,31_E9,Q4a,,,0
2015,31_E9,Q4b,,,0
2015,32_E10,Q1,274271.19,48.67,159
2015,32_E10,Q2,317485.94,67.19,117
2015,32_E10,Q3,437372.22,89.51,116
2015,32_E10,Q4a,476149.18,120.83,67
2015,32_E10,Q4b,578937.5,168.0,8
2015,32_E11,Q1,260570.76,46.0,123
2015,32_E11,Q2,353825.38,68.96,81
2015,32_E11,Q3,433198.4,90.27,129
2015,32_E11,Q4a,535774.55,118.18,69
2015,32_E11,Q4b,657996.15,174.65,13
2015,32_E15,Q1,262500.0,41.64,2
2015,32_E15,Q2,375444.44,69.56,9
2015,32_E15,Q3,438387.78,88.78,9
2015,32_E15,Q4a,508000.0,111.25,4
2015,32_E15,Q4b,225000.0,166.0,1
2015,32_E17,Q1,286989.44,47.78,318
2015,32_E17,Q2,366935.04,68.78,390
2015,32_E17,Q3,455413.18,88.41,388
2015,32_E17,Q4a,544064.38,116.75,153
2015,32_E17,Q4b,737467.65,173.76,17
2015,32_E4,Q1,222454.43,49.04,150
2015,32_E4,Q2,298207.91,67.55,175
2015,32_E4,Q3,388462.94,89.23,291
2015,32_E4,Q4a,487377.16,121.92,189
2015,32_E4,Q4b,664315.79,183.68,38
2015,32_E5,Q1,344210.53,52.0,19
2015,32_E5,Q2,461221.7,72.53,53
2015,32_E5,Q3,445000.0,79.0,1
2015,32_E5,Q4a,,,0
2015,32_E5,Q4b,,,0
2015,32_E7,Q1,281222.22,50.6,9
2015,32_E7,Q2,377431.82,68.96,22
2015,32_E7,Q3,422937.5,90.51,16
2015,32_E7,Q4a,330000.0,145.0,1
2015,32_E7,Q4b,,,0
2015,32_IG8,Q1,237071.43,52.62,14
2015,32_IG8,Q2,284136.36,66.31,11
2015,32_IG8,Q3,388350.0,87.58,17
2015,32_IG8,Q4a,599047.62,125.28,21
2015,32_IG8,Q4b,737499.0,175.93,5
2015,33_SW11,Q1,419632.84,48.0,280
2015,33_SW11,Q2,567880.09,70.19,276
2015,33_SW11,Q3,724266.16,88.36,200
2015,33_SW11,Q4a,1144632.04,126.63,148
2015,33_SW11,Q4b,1853191.96,190.71,112
2015,33_SW12,Q1,415292.62,47.34,86
2015,33_SW12,Q2,560280.34,67.61,70
2015,33_SW12,Q3,711505.48,86.31,50
2015,33_SW12,Q4a,1060534.41,128.65,59
2015,33_SW12,Q4b,1636577.74,200.02,46
2015,33_SW15,Q1,382037.12,46.66,206
2015,33_SW15,Q2,501830.47,68.01,249
2015,33_SW15,Q3,669747.77,88.95,159
2015,33_SW15,Q4a,1000469.02,125.1,123
2015,33_SW15,Q4b,1751979.45,207.42,73
2015,33_SW16,Q1,281717.28,49.18,46
2015,33_SW16,Q2,366658.65,65.8,52
2015,33_SW16,Q3,478712.02,87.36,41
2015,33_SW16,Q4a,702810.81,127.4,37
2015,33_SW16,Q4b,843800.0,171.41,15
2015,33_SW17,Q1,367303.08,46.67,263
2015,33_SW17,Q2,480585.17,67.38,246
2015,33_SW17,Q3,595253.8,88.02,181
2015,33_SW17,Q4a,812026.59,121.93,122
2015,33_SW17,Q4b,1442644.96,203.72,53
2015,33_SW18,Q1,434769.65,49.29,463
2015,33_SW18,Q2,540807.75,69.39,419
2015,33_SW18,Q3,679763.74,88.37,229
2015,33_SW18,Q4a,978768.89,125.25,209
2015,33_SW18,Q4b,1716828.81,202.28,115
2015,33_SW19,Q1,310398.7,46.59,50
2015,33_SW19,Q2,387770.43,68.54,72
2015,33_SW19,Q3,489643.12,87.38,32
2015,33_SW19,Q4a,805562.5,126.72,8
2015,33_SW19,Q4b,1568538.46,215.97,13
2015,33_SW4,Q1,450000.0,39.13,3
2015,33_SW4,Q2,591714.29,64.97,7
2015,33_SW4,Q3,709975.0,82.34,2
2015,33_SW4,Q4a,1131250.0,127.27,4
2015,33_SW4,Q4b,2316500.2,242.8,5
2015,33_SW8,Q1,492172.19,49.43,177
2015,33_SW8,Q2,716491.44,71.53,160
2015,33_SW8,Q3,892620.04,87.19,107
2015,33_SW8,Q4a,1304894.24,114.22,33
2015,33_SW8,Q4b,2614616.67,204.33,6
2015,34_NW1,Q1,557196.53,44.38,36
2015,34_NW1,Q2,858777.78,68.92,27
2015,34_NW1,Q3,1314068.23,87.7,22
2015,34_NW1,Q4a,1662500.0,124.45,20
2015,34_NW1,Q4b,3374166.67,210.17,6
2015,34_NW6,Q1,414833.33,44.31,6
2015,34_NW6,Q2,540000.0,72.41,7
2015,34_NW6,Q3,618750.0,80.58,4
2015,34_NW6,Q4a,880000.0,109.67,3
2015,34_NW6,Q4b,,,0
2015,34_NW8,Q1,504231.18,42.87,93
2015,34_NW8,Q2,706527.38,67.74,42
2015,34_NW8,Q3,1051731.0,87.94,50
2015,34_NW8,Q4a,1690953.45,122.4,29
2015,34_NW8,Q4b,3372084.38,213.58,34
2015,34_SW1A,Q1,1430000.0,59.0,1
2015,34_SW1A,Q2,617500.0,66.5,2
2015,34_SW1A,Q3,220000.0,82.0,1
2015,34_SW1A,Q4a,2750000.0,115.0,1
2015,34_SW1A,Q4b,7044680.0,237.8,5
2015,34_SW1E,Q1,873024.41,49.05,22
2015,34_SW1E,Q2,953208.25,69.42,12
2015,34_SW1E,Q3,1640457.35,89.59,17
2015,34_SW1E,Q4a,2264236.36,123.87,11
2015,34_SW1E,Q4b,4343150.0,192.0,5
2015,34_SW1H,Q1,573437.5,38.72,8
2015,34_SW1H,Q2,882125.0,67.18,2
2015,34_SW1H,Q3,1300000.0,80.14,1
2015,34_SW1H,Q4a,1736733.33,126.74,3
2015,34_SW1H,Q4b,,,0
2015,34_SW1P,Q1,663108.74,47.36,80
2015,34_SW1P,Q2,964927.38,70.02,56
2015,34_SW1P,Q3,1402226.6,89.7,47
2015,34_SW1P,Q4a,1903295.73,124.1,41
2015,34_SW1P,Q4b,3070569.2,197.8,20
2015,34_SW1V,Q1,593746.39,45.21,82
2015,34_SW1V,Q2,775560.0,65.24,35
2015,34_SW1V,Q3,993055.25,87.51,32
2015,34_SW1V,Q4a,1436473.0,123.21,15
2015,34_SW1V,Q4b,2723981.73,217.54,11
2015,34_SW1W,Q1,718950.0,43.22,42
2015,34_SW1W,Q2,1256318.18,68.83,11
2015,34_SW1W,Q3,1990972.36,91.78,25
2015,34_SW1W,Q4a,2515203.57,126.85,14
2015,34_SW1W,Q4b,3905602.27,205.3,22
2015,34_SW1X,Q1,635000.0,47.0,1
2015,34_SW1X,Q2,1228333.33,66.43,3
2015,34_SW1X,Q3,2083333.67,95.33,3
2015,34_SW1X,Q4a,2611111.11,123.05,9
2015,34_SW1X,Q4b,6928128.0,259.68,12
2015,34_SW1Y,Q1,732833.33,41.5,6
2015,34_SW1Y,Q2,,,0
2015,34_SW1Y,Q3,1671666.67,97.45,3
2015,34_SW1Y,Q4a,,,0
2015,34_SW1Y,Q4b,5386158.0,163.0,1
2015,34_SW3,Q1,,,0
2015,34_SW3,Q2,,,0
2015,34_SW3,Q3,1412500.0,81.0,1
2015,34_SW3,Q4a,,,0
2015,34_SW3,Q4b,,,0
2015,34_SW7,Q1,860000.0,43.0,3
2015,34_SW7,Q2,1748285.71,70.23,7
2015,34_SW7,Q3,2505000.0,94.81,5
2015,34_SW7,Q4a,2428818.18,120.74,11
2015,34_SW7,Q4b,6488750.0,234.28,12
2015,34_W10,Q1,384100.0,48.21,10
2015,34_W10,Q2,610666.67,68.88,9
2015,34_W10,Q3,808911.76,89.41,17
2015,34_W10,Q4a,808750.0,116.67,3
2015,34_W10,Q4b,1090000.0,187.5,2
2015,34_W11,Q1,587070.25,46.52,8
2015,34_W11,Q2,587991.67,69.0,6
2015,34_W11,Q3,684800.0,89.26,5
2015,34_W11,Q4a,710000.0,122.0,1
2015,34_W11,Q4b,2937500.0,189.5,2
2015,34_W1B,Q1,,,0
2015,34_W1B,Q2,650630.0,75.0,1
2015,34_W1B,Q3,1181250.0,88.5,2
2015,34_W1B,Q4a,1200000.0,118.3,1
2015,34_W1B,Q4b,4394357.14,194.14,7
2015,34_W1D,Q1,696864.6,34.16,25
2015,34_W1D,Q2,,,0
2015,34_W1D,Q3,1817500.0,95.0,2
2015,34_W1D,Q4a,2250000.0,142.0,1
2015,34_W1D,Q4b,,,0
2015,34_W1F,Q1,940666.67,47.89,3
2015,34_W1F,Q2,1108333.33,67.0,3
2015,34_W1F,Q3,1430000.0,85.62,4
2015,34_W1F,Q4a,2272916.67,116.5,6
2015,34_W1F,Q4b,5000000.0,191.5,2
2015,34_W1G,Q1,806783.33,45.18,6
2015,34_W1G,Q2,1195833.33,69.7,6
2015,34_W1G,Q3,1588766.67,89.85,6
2015,34_W1G,Q4a,2171357.14,125.43,7
2015,34_W1G,Q4b,4193333.33,198.77,6
2015,34_W1H,Q1,584882.35,43.94,17
2015,34_W1H,Q2,1120000.0,71.52,8
2015,34_W1H,Q3,1277180.0,87.63,25
2015,34_W1H,Q4a,2183243.5,125.99,20
2015,34_W1H,Q4b,3923910.0,237.66,10
2015,34_W1J,Q1,1038000.0,39.63,4
2015,34_W1J,Q2,,,0
2015,34_W1J,Q3,2505517.0,96.33,3
2015,34_W1J,Q4a,3101250.0,122.09,4
2015,34_W1J,Q4b,6800000.0,245.94,1
2015,34_W1K,Q1,914942.86,42.86,7
2015,34_W1K,Q2,1456080.0,64.8,5
2015,34_W1K,Q3,1925000.0,92.0,3
2015,34_W1K,Q4a,2746055.56,123.03,9
2015,34_W1K,Q4b,7645833.33,228.04,6
2015,34_W1S,Q1,1510000.0,51.0,3
2015,34_W1S,Q2,1562500.0,63.5,2
2015,34_W1S,Q3,,,0
2015,34_W1S,Q4a,3012500.0,115.5,2
2015,34_W1S,Q4b,,,0
2015,34_W1T,Q1,665000.0,46.0,1
2015,34_W1T,Q2,1233571.43,67.14,7
2015,34_W1T,Q3,,,0
2015,34_W1T,Q4a,,,0
2015,34_W1T,Q4b,,,0
2015,34_W1U,Q1,806400.26,48.23,19
2015,34_W1U,Q2,1164392.19,67.3,16
2015,34_W1U,Q3,1545688.89,85.17,9
2015,34_W1U,Q4a,1928181.82,130.35,11
2015,34_W1U,Q4b,3147500.0,189.85,4
2015,34_W1W,Q1,684148.11,45.23,27
2015,34_W1W,Q2,966666.67,65.17,3
2015,34_W1W,Q3,1334125.0,91.76,8
2015,34_W1W,Q4a,2483300.0,120.91,5
2015,34_W1W,Q4b,3387500.0,209.0,2
2015,34_W2,Q1,577879.06,44.11,196
2015,34_W2,Q2,818162.42,67.7,80
2015,34_W2,Q3,1227159.59,88.35,92
2015,34_W2,Q4a,1886971.3,125.0,47
2015,34_W2,Q4b,3275050.75,208.31,44
2015,34_W9,Q1,516135.99,48.04,162
2015,34_W9,Q2,681884.66,67.37,88
2015,34_W9,Q3,973858.38,88.23,109
2015,34_W9,Q4a,1299047.96,117.96,49
2015,34_W9,Q4b,2609955.0,194.92,12
2015,34_WC2A,Q1,,,0
2015,34_WC2A,Q2,,,0
2015,34_WC2A,Q3,,,0
2015,34_WC2A,Q4a,,,0
2015,34_WC2A,Q4b,,,0
2015,34_WC2B,Q1,799059.67,46.42,6
2015,34_WC2B,Q2,,,0
2015,34_WC2B,Q3,1833333.33,87.0,3
2015,34_WC2B,Q4a,2337500.0,121.0,2
2015,34_WC2B,Q4b,,,0
2015,34_WC2E,Q1,609125.0,40.53,4
2015,34_WC2E,Q2,1575000.0,68.79,1
2015,34_WC2E,Q3,1600000.0,88.0,1
2015,34_WC2E,Q4a,3837500.0,139.5,2
2015,34_WC2E,Q4b,,,0
2015,34_WC2H,Q1,710000.0,48.33,3
2015,34_WC2H,Q2,1347225.0,68.0,1
2015,34_WC2H,Q3,,,0
2015,34_WC2H,Q4a,,,0
2015,34_WC2H,Q4b,,,0
2015,34_WC2N,Q1,929700.0,46.0,10
2015,34_WC2N,Q2,1338000.0,68.92,5
2015,34_WC2N,Q3,1606000.0,86.3,10
2015,34_WC2N,Q4a,1859714.29,107.43,7
2015,34_WC2N,Q4b,5650000.0,196.0,1
2015,34_WC2R,Q1,1057833.33,46.34,6
2015,34_WC2R,Q2,1100000.0,70.0,1
2015,34_WC2R,Q3,1327500.0,82.0,2
2015,34_WC2R,Q4a,1775000.0,105.0,1
2015,34_WC2R,Q4b,3597365.0,170.0,4
2015,3_DA1,Q1,181451.18,47.46,67
2015,3_DA1,Q2,219228.36,68.2,58
2015,3_DA1,Q3,270182.89,88.57,38
2015,3_DA1,Q4a,378068.42,119.66,19
2015,3_DA1,Q4b,500500.0,181.5,4
2015,3_DA14,Q1,190930.92,49.48,97
2015,3_DA14,Q2,273912.95,68.51,122
2015,3_DA14,Q3,336140.57,88.41,87
2015,3_DA14,Q4a,451143.79,122.97,66
2015,3_DA14,Q4b,700454.55,205.32,22
2015,3_DA15,Q1,210202.66,47.97,88
2015,3_DA15,Q2,288110.49,68.58,134
2015,3_DA15,Q3,342636.22,88.5,98
2015,3_DA15,Q4a,464194.4,123.3,91
2015,3_DA15,Q4b,673117.65,185.43,17
2015,3_DA16,Q1,202131.37,50.31,52
2015,3_DA16,Q2,282536.91,69.77,149
2015,3_DA16,Q3,326952.85,88.04,183
2015,3_DA16,Q4a,391566.78,121.31,101
2015,3_DA16,Q4b,412497.5,159.02,2
2015,3_DA17,Q1,158829.61,47.44,108
2015,3_DA17,Q2,201090.64,67.07,210
2015,3_DA17,Q3,284205.59,87.88,74
2015,3_DA17,Q4a,318833.05,116.49,21
2015,3_DA17,Q4b,,,0
2015,3_DA18,Q1,119000.0,45.62,2
2015,3_DA18,Q2,,,0
2015,3_DA18,Q3,195200.0,83.8,5
2015,3_DA18,Q4a,226666.67,113.33,6
2015,3_DA18,Q4b,,,0
2015,3_DA5,Q1,242882.2,53.56,25
2015,3_DA5,Q2,304063.6,69.22,43
2015,3_DA5,Q3,373797.2,89.93,82
2015,3_DA5,Q4a,488399.83,122.78,86
2015,3_DA5,Q4b,660997.91,177.48,22
2015,3_DA6,Q1,208758.45,50.41,29
2015,3_DA6,Q2,259852.94,68.5,34
2015,3_DA6,Q3,332214.43,89.96,49
2015,3_DA6,Q4a,438824.87,123.46,39
2015,3_DA6,Q4b,617165.83,179.33,6
2015,3_DA7,Q1,214171.2,51.46,100
2015,3_DA7,Q2,271981.02,68.6,145
2015,3_DA7,Q3,325781.88,89.76,208
2015,3_DA7,Q4a,400219.07,118.42,123
2015,3_DA7,Q4b,482332.08,167.5,12
2015,3_DA8,Q1,152916.84,47.75,115
2015,3_DA8,Q2,217778.88,68.27,184
2015,3_DA8,Q3,262572.51,87.04,197
2015,3_DA8,Q4a,339957.16,120.41,125
2015,3_DA8,Q4b,556666.67,217.08,3
2015,3_SE2,Q1,211636.36,54.85,11
2015,3_SE2,Q2,266550.0,68.05,10
2015,3_SE2,Q3,304458.33,88.18,12
2015,3_SE2,Q4a,345631.73,116.55,11
2015,3_SE2,Q4b,,,0
2015,3_SE28,Q1,177742.65,47.57,34
2015,3_SE28,Q2,227093.75,67.04,16
2015,3_SE28,Q3,261333.33,91.96,12
2015,3_SE28,Q4a,287500.0,118.12,6
2015,3_SE28,Q4b,,,0
2015,3_SE9,Q1,257000.0,41.05,3
2015,3_SE9,Q2,351666.67,69.0,3
2015,3_SE9,Q3,385134.93,90.49,14
2015,3_SE9,Q4a,449475.0,120.33,12
2015,3_SE9,Q4b,,,0
2015,4_HA0,Q1,247842.05,49.14,208
2015,4_HA0,Q2,335517.5,70.24,107
2015,4_HA0,Q3,395037.57,86.77,143
2015,4_HA0,Q4a,501329.27,121.72,41
2015,4_HA0,Q4b,727407.69,189.36,13
2015,4_HA1,Q1,120000.0,51.0,1
2015,4_HA1,Q2,325000.0,60.0,1
2015,4_HA1,Q3,370000.0,80.54,1
2015,4_HA1,Q4a,815000.0,131.66,4
2015,4_HA1,Q4b,865142.86,188.01,7
2015,4_HA3,Q1,215602.63,46.83,19
2015,4_HA3,Q2,289263.33,67.51,15
2015,4_HA3,Q3,495196.67,91.01,30
2015,4_HA3,Q4a,614501.44,126.93,34
2015,4_HA3,Q4b,715153.12,173.36,16
2015,4_HA7,Q1,249000.0,40.0,1
2015,4_HA7,Q2,,,0
2015,4_HA7,Q3,,,0
2015,4_HA7,Q4a,,,0
2015,4_HA7,Q4b,,,0
2015,4_HA8,Q1,248527.78,49.56,9
2015,4_HA8,Q2,279333.33,63.67,3
2015,4_HA8,Q3,497615.38,93.69,13
2015,4_HA8,Q4a,500000.0,111.04,5
2015,4_HA8,Q4b,,,0
2015,4_HA9,Q1,249202.11,47.77,95
2015,4_HA9,Q2,335776.21,69.9,103
2015,4_HA9,Q3,437692.53,91.19,87
2015,4_HA9,Q4a,561878.81,122.86,64
2015,4_HA9,Q4b,773892.11,195.94,19
2015,4_NW10,Q1,301532.77,48.76,184
2015,4_NW10,Q2,417702.46,69.24,202
2015,4_NW10,Q3,565739.6,89.4,125
2015,4_NW10,Q4a,844899.66,124.49,104
2015,4_NW10,Q4b,1310835.52,186.21,58
2015,4_NW2,Q1,352056.45,49.59,86
2015,4_NW2,Q2,435640.0,70.39,85
2015,4_NW2,Q3,522061.03,88.32,68
2015,4_NW2,Q4a,752925.89,126.13,56
2015,4_NW2,Q4b,1235016.06,201.27,33
2015,4_NW6,Q1,407719.65,49.29,94
2015,4_NW6,Q2,512035.89,67.18,89
2015,4_NW6,Q3,629460.3,88.32,50
2015,4_NW6,Q4a,1078676.83,122.04,41
2015,4_NW6,Q4b,2260859.4,226.42,42
2015,4_NW9,Q1,252108.74,49.44,43
2015,4_NW9,Q2,348732.98,69.39,47
2015,4_NW9,Q3,420357.14,85.51,133
2015,4_NW9,Q4a,530079.25,124.16,53
2015,4_NW9,Q4b,803000.0,198.91,11
2015,4_W10,Q1,422875.0,51.25,4
2015,4_W10,Q2,507222.22,65.46,9
2015,4_W10,Q3,372500.0,81.0,2
2015,4_W10,Q4a,,,0
2015,4_W10,Q4b,,,0
2015,4_W9,Q1,,,0
2015,4_W9,Q2,,,0
2015,4_W9,Q3,,,0
2015,4_W9,Q4a,,,0
2015,4_W9,Q4b,,,0
2015,5_CM12,Q1,,,0
2015,5_CM12,Q2,,,0
2015,5_CM12,Q3,,,0
2015,5_CM12,Q4a,671000.0,121.0,1
2015,5_CM12,Q4b,,,0
2015,5_CM13,Q1,198401.82,46.56,61
2015,5_CM13,Q2,291343.21,69.33,123
2015,5_CM13,Q3,358886.81,88.29,113
2015,5_CM13,Q4a,502087.55,124.07,92
2015,5_CM13,Q4b,926422.17,214.11,53
2015,5_CM14,Q1,213962.89,49.38,144
2015,5_CM14,Q2,279743.76,67.81,156
2015,5_CM14,Q3,381805.14,90.11,110
2015,5_CM14,Q4a,463468.17,120.17,75
2015,5_CM14,Q4b,755205.71,198.0,35
2015,5_CM15,Q1,203552.09,49.74,67
2015,5_CM15,Q2,304599.85,68.63,65
2015,5_CM15,Q3,374062.38,89.57,108
2015,5_CM15,Q4a,497982.98,123.8,97
2015,5_CM15,Q4b,815641.42,208.88,53
2015,5_CM4,Q1,244699.5,52.17,10
2015,5_CM4,Q2,293923.08,69.65,13
2015,5_CM4,Q3,414799.75,89.41,20
2015,5_CM4,Q4a,506719.7,121.6,33
2015,5_CM4,Q4b,1047803.21,247.47,14
2015,5_RM4,Q1,,,0
2015,5_RM4,Q2,,,0
2015,5_RM4,Q3,,,0
2015,5_RM4,Q4a,605000.0,130.0,1
2015,5_RM4,Q4b,999999.0,206.0,1
2015,6_BR1,Q1,250016.0,48.0,200
2015,6_BR1,Q2,319654.4,67.84,193
2015,6_BR1,Q3,392133.8,88.23,192
2015,6_BR1,Q4a,553527.69,122.77,141
2015,6_BR1,Q4b,998350.9,228.62,105
2015,6_BR2,Q1,253375.16,49.25,177
2015,6_BR2,Q2,317572.05,67.77,188
2015,6_BR2,Q3,401541.5,89.39,241
2015,6_BR2,Q4a,537553.39,120.13,193
2015,6_BR2,Q4b,829463.0,199.91,78
2015,6_BR3,Q1,245781.58,47.91,196
2015,6_BR3,Q2,329940.87,68.65,179
2015,6_BR3,Q3,434929.62,89.58,216
2015,6_BR3,Q4a,585705.24,122.73,208
2015,6_BR3,Q4b,949576.31,198.8,140
2015,6_BR4,Q1,205951.22,46.25,41
2015,6_BR4,Q2,315351.85,67.21,27
2015,6_BR4,Q3,454999.91,92.56,53
2015,6_BR4,Q4a,570631.85,123.59,110
2015,6_BR4,Q4b,666800.0,170.78,39
2015,6_BR5,Q1,218537.14,50.06,140
2015,6_BR5,Q2,279476.44,70.11,194
2015,6_BR5,Q3,353728.83,88.91,261
2015,6_BR5,Q4a,510821.64,119.97,113
2015,6_BR5,Q4b,739516.92,184.97,26
2015,6_BR6,Q1,264350.55,48.94,73
2015,6_BR6,Q2,334857.28,69.4,123
2015,6_BR6,Q3,407356.23,90.26,252
2015,6_BR6,Q4a,529869.47,124.1,214
2015,6_BR6,Q4b,850343.01,195.2,93
2015,6_BR7,Q1,264119.23,48.04,39
2015,6_BR7,Q2,363929.93,68.89,104
2015,6_BR7,Q3,458170.21,88.74,89
2015,6_BR7,Q4a,633162.05,123.07,95
2015,6_BR7,Q4b,987451.64,207.39,64
2015,6_BR8,Q1,,,0
2015,6_BR8,Q2,,,0
2015,6_BR8,Q3,,,0
2015,6_BR8,Q4a,,,0
2015,6_BR8,Q4b,,,0
2015,6_DA14,Q1,,,0
2015,6_DA14,Q2,163000.0,69.72,1
2015,6_DA14,Q3,238500.0,79.0,1
2015,6_DA14,Q4a,,,0
2015,6_DA14,Q4b,,,0
2015,6_SE19,Q1,298954.55,47.5,33
2015,6_SE19,Q2,395276.54,68.56,13
2015,6_SE19,Q3,464045.45,87.87,11
2015,6_SE19,Q4a,466000.0,117.0,1
2015,6_SE19,Q4b,1320000.0,206.38,1
2015,6_SE20,Q1,251083.92,46.99,151
2015,6_SE20,Q2,331445.57,67.12,103
2015,6_SE20,Q3,419273.74,89.45,82
2015,6_SE20,Q4a,532241.09,118.58,45
2015,6_SE20,Q4b,774125.0,181.8,8
2015,6_SE26,Q1,284408.7,49.8,23
2015,6_SE26,Q2,373686.61,70.39,28
2015,6_SE26,Q3,466777.89,85.86,9
2015,6_SE26,Q4a,648669.43,130.5,14
2015,6_SE26,Q4b,664463.67,168.03,6
2015,6_SE9,Q1,196369.57,44.82,23
2015,6_SE9,Q2,267134.03,68.67,72
2015,6_SE9,Q3,329079.03,89.83,31
2015,6_SE9,Q4a,425266.33,123.53,15
2015,6_SE9,Q4b,821666.67,232.85,6
2015,6_TN14,Q1,,,0
2015,6_TN14,Q2,467500.0,67.0,2
2015,6_TN14,Q3,,,0
2015,6_TN14,Q4a,563000.0,132.44,3
2015,6_TN14,Q4b,765000.0,176.0,3
2015,6_TN16,Q1,215854.35,49.64,23
2015,6_TN16,Q2,271754.44,67.49,45
2015,6_TN16,Q3,321791.53,90.03,95
2015,6_TN16,Q4a,408763.46,119.27,52
2015,6_TN16,Q4b,626250.0,176.5,16
2015,7_EC1M,Q1,,,0
2015,7_EC1M,Q2,,,0
2015,7_EC1M,Q3,,,0
2015,7_EC1M,Q4a,,,0
2015,7_EC1M,Q4b,,,0
2015,7_EC1N,Q1,549158.33,49.14,6
2015,7_EC1N,Q2,713652.83,67.18,6
2015,7_EC1N,Q3,908333.33,83.27,3
2015,7_EC1N,Q4a,1550000.0,130.0,1
2015,7_EC1N,Q4b,2640000.0,190.0,1
2015,7_EC1R,Q1,433333.33,32.82,3
2015,7_EC1R,Q2,,,0
2015,7_EC1R,Q3,,,0
2015,7_EC1R,Q4a,1410000.0,110.0,1
2015,7_EC1R,Q4b,,,0
2015,7_N19,Q1,321770.0,37.05,5
2015,7_N19,Q2,570000.0,76.0,2
2015,7_N19,Q3,628725.0,79.0,2
2015,7_N19,Q4a,1123333.33,120.89,3
2015,7_N19,Q4b,1475000.0,184.0,1
2015,7_N1C,Q1,665096.15,49.69,52
2015,7_N1C,Q2,1040348.78,71.71,41
2015,7_N1C,Q3,1248002.5,83.65,20
2015,7_N1C,Q4a,1963571.43,116.57,7
2015,7_N1C,Q4b,,,0
2015,7_N6,Q1,375857.14,39.56,7
2015,7_N6,Q2,686000.0,68.78,5
2015,7_N6,Q3,760652.0,81.5,2
2015,7_N6,Q4a,1571439.29,137.29,7
2015,7_N6,Q4b,2524714.21,211.12,14
2015,7_N7,Q1,,,0
2015,7_N7,Q2,,,0
2015,7_N7,Q3,,,0
2015,7_N7,Q4a,,,0
2015,7_N7,Q4b,,,0
2015,7_NW1,Q1,510165.3,44.51,113
2015,7_NW1,Q2,668934.42,67.38,84
2015,7_NW1,Q3,946515.55,89.03,47
2015,7_NW1,Q4a,1185998.57,121.11,35
2015,7_NW1,Q4b,3530868.06,248.33,18
2015,7_NW2,Q1,388222.17,44.47,18
2015,7_NW2,Q2,513183.1,66.57,21
2015,7_NW2,Q3,552928.57,87.44,14
2015,7_NW2,Q4a,747889.75,119.23,4
2015,7_NW2,Q4b,1865000.0,213.67,3
2015,7_NW3,Q1,489783.21,43.85,138
2015,7_NW3,Q2,807486.25,69.02,112
2015,7_NW3,Q3,1117109.22,90.91,100
2015,7_NW3,Q4a,1575658.03,122.73,94
2015,7_NW3,Q4b,2908891.07,204.45,85
2015,7_NW5,Q1,443711.59,45.75,88
2015,7_NW5,Q2,568586.27,66.78,51
2015,7_NW5,Q3,817750.02,88.49,46
2015,7_NW5,Q4a,1141493.06,122.16,36
2015,7_NW5,Q4b,1938700.0,202.76,25
2015,7_NW6,Q1,455505.37,46.53,137
2015,7_NW6,Q2,610449.46,67.49,93
2015,7_NW6,Q3,786058.97,91.14,68
2015,7_NW6,Q4a,1122672.64,123.74,53
2015,7_NW6,Q4b,1877437.41,198.17,32
2015,7_NW8,Q1,596354.58,45.36,12
2015,7_NW8,Q2,775375.0,69.11,12
2015,7_NW8,Q3,930419.33,87.54,15
2015,7_NW8,Q4a,1975155.89,117.34,9
2015,7_NW8,Q4b,5294888.89,249.12,9
2015,7_W1T,Q1,637829.17,43.17,12
2015,7_W1T,Q2,1057500.0,68.4,4
2015,7_W1T,Q3,1617500.0,92.0,3
2015,7_W1T,Q4a,2583333.33,115.33,3
2015,7_W1T,Q4b,2645000.0,161.0,1
2015,7_WC1A,Q1,535000.0,32.0,1
2015,7_WC1A,Q2,905000.0,65.96,1
2015,7_WC1A,Q3,1225000.0,89.5,2
2015,7_WC1A,Q4a,1675000.0,110.0,1
2015,7_WC1A,Q4b,,,0
2015,7_WC1B,Q1,706750.0,46.52,2
2015,7_WC1B,Q2,1165003.5,70.5,2
2015,7_WC1B,Q3,1225000.0,95.0,2
2015,7_WC1B,Q4a,1356666.67,127.33,3
2015,7_WC1B,Q4b,1866629.5,152.0,2
2015,7_WC1E,Q1,554142.86,45.85,7
2015,7_WC1E,Q2,712550.0,71.25,2
2015,7_WC1E,Q3,350000.0,84.0,1
2015,7_WC1E,Q4a,1900000.0,114.0,1
2015,7_WC1E,Q4b,,,0
2015,7_WC1H,Q1,398797.3,35.55,60
2015,7_WC1H,Q2,666970.59,68.03,17
2015,7_WC1H,Q3,738500.0,87.49,5
2015,7_WC1H,Q4a,1348500.0,120.0,2
2015,7_WC1H,Q4b,,,0
2015,7_WC1N,Q1,625881.46,45.53,26
2015,7_WC1N,Q2,824394.44,66.16,9
2015,7_WC1N,Q3,1120000.0,94.0,3
2015,7_WC1N,Q4a,1250000.0,104.54,1
2015,7_WC1N,Q4b,2714250.0,215.56,4
2015,7_WC1R,Q1,636800.0,37.6,5
2015,7_WC1R,Q2,857500.0,68.78,4
2015,7_WC1R,Q3,925000.0,86.86,1
2015,7_WC1R,Q4a,1877500.0,106.0,1
2015,7_WC1R,Q4b,,,0
2015,7_WC1V,Q1,,,0
2015,7_WC1V,Q2,,,0
2015,7_WC1V,Q3,,,0
2015,7_WC1V,Q4a,1425000.0,112.0,1
2015,7_WC1V,Q4b,,,0
2015,7_WC1X,Q1,564300.0,47.14,18
2015,7_WC1X,Q2,977777.78,70.5,9
2015,7_WC1X,Q3,1072531.25,79.0,4
2015,7_WC1X,Q4a,1225000.0,111.5,2
2015,7_WC1X,Q4b,1285000.0,190.96,2
2015,7_WC2A,Q1,,,0
2015,7_WC2A,Q2,,,0
2015,7_WC2A,Q3,,,0
2015,7_WC2A,Q4a,,,0
2015,7_WC2A,Q4b,,,0
2015,7_WC2B,Q1,643860.0,40.26,5
2015,7_WC2B,Q2,,,0
2015,7_WC2B,Q3,1106500.0,85.5,2
2015,7_WC2B,Q4a,,,0
2015,7_WC2B,Q4b,,,0
2015,7_WC2H,Q1,713250.0,47.9,10
2015,7_WC2H,Q2,1222916.67,68.88,3
2015,7_WC2H,Q3,1303125.0,87.54,4
2015,7_WC2H,Q4a,2200000.0,146.9,1
2015,7_WC2H,Q4b,,,0
2015,8_E1,Q1,416501.0,47.42,5
2015,8_E1,Q2,820000.0,71.0,2
2015,8_E1,Q3,767000.0,84.6,5
2015,8_E1,Q4a,,,0
2015,8_E1,Q4b,,,0
2015,8_EC1A,Q1,553465.38,42.1,13
2015,8_EC1A,Q2,718666.67,69.67,3
2015,8_EC1A,Q3,1107500.0,89.0,2
2015,8_EC1A,Q4a,1830000.0,149.0,1
2015,8_EC1A,Q4b,,,0
2015,8_EC1M,Q1,,,0
2015,8_EC1M,Q2,,,0
2015,8_EC1M,Q3,,,0
2015,8_EC1M,Q4a,,,0
2015,8_EC1M,Q4b,,,0
2015,8_EC1N,Q1,,,0
2015,8_EC1N,Q2,,,0
2015,8_EC1N,Q3,,,0
2015,8_EC1N,Q4a,,,0
2015,8_EC1N,Q4b,,,0
2015,8_EC1Y,Q1,405000.0,38.5,4
2015,8_EC1Y,Q2,746250.0,69.2,2
2015,8_EC1Y,Q3,,,0
2015,8_EC1Y,Q4a,,,0
2015,8_EC1Y,Q4b,,,0
2015,8_EC2M,Q1,526666.67,46.66,3
2015,8_EC2M,Q2,503000.0,69.0,1
2015,8_EC2M,Q3,,,0
2015,8_EC2M,Q4a,,,0
2015,8_EC2M,Q4b,,,0
2015,8_EC2R,Q1,,,0
2015,8_EC2R,Q2,,,0
2015,8_EC2R,Q3,,,0
2015,8_EC2R,Q4a,,,0
2015,8_EC2R,Q4b,,,0
2015,8_EC2V,Q1,,,0
2015,8_EC2V,Q2,,,0
2015,8_EC2V,Q3,,,0
2015,8_EC2V,Q4a,,,0
2015,8_EC2V,Q4b,,,0
2015,8_EC2Y,Q1,609969.05,43.3,44
2015,8_EC2Y,Q2,856323.17,68.25,30
2015,8_EC2Y,Q3,1159500.0,90.23,12
2015,8_EC2Y,Q4a,1829500.0,113.52,8
2015,8_EC2Y,Q4b,3650000.0,208.0,1
2015,8_EC3A,Q1,,,0
2015,8_EC3A,Q2,,,0
2015,8_EC3A,Q3,,,0
2015,8_EC3A,Q4a,,,0
2015,8_EC3A,Q4b,,,0
2015,8_EC3N,Q1,590000.0,46.0,2
2015,8_EC3N,Q2,,,0
2015,8_EC3N,Q3,680000.0,84.0,1
2015,8_EC3N,Q4a,,,0
2015,8_EC3N,Q4b,,,0
2015,8_EC3R,Q1,728250.0,48.44,4
2015,8_EC3R,Q2,,,0
2015,8_EC3R,Q3,1371666.67,96.64,3
2015,8_EC3R,Q4a,,,0
2015,8_EC3R,Q4b,,,0
2015,8_EC3V,Q1,,,0
2015,8_EC3V,Q2,890000.0,73.0,1
2015,8_EC3V,Q3,,,0
2015,8_EC3V,Q4a,,,0
2015,8_EC3V,Q4b,,,0
2015,8_EC4A,Q1,764555.56,45.94,18
2015,8_EC4A,Q2,1093399.0,65.1,10
2015,8_EC4A,Q3,1725472.22,89.44,9
2015,8_EC4A,Q4a,2507000.0,127.0,1
2015,8_EC4A,Q4b,,,0
2015,8_EC4M,Q1,561250.0,47.0,1
2015,8_EC4M,Q2,757500.0,63.0,2
2015,8_EC4M,Q3,962500.0,86.23,2
2015,8_EC4M,Q4a,,,0
2015,8_EC4M,Q4b,,,0
2015,8_EC4R,Q1,521000.0,38.0,1
2015,8_EC4R,Q2,,,0
2015,8_EC4R,Q3,1225000.0,92.0,1
2015,8_EC4R,Q4a,,,0
2015,8_EC4R,Q4b,,,0
2015,8_EC4V,Q1,630464.29,48.51,14
2015,8_EC4V,Q2,1028400.0,70.89,5
2015,8_EC4V,Q3,915000.0,90.0,1
2015,8_EC4V,Q4a,1547500.0,123.0,2
2015,8_EC4V,Q4b,,,0
2015,8_EC4Y,Q1,,,0
2015,8_EC4Y,Q2,,,0
2015,8_EC4Y,Q3,900000.0,78.2,1
2015,8_EC4Y,Q4a,,,0
2015,8_EC4Y,Q4b,,,0
2015,8_WC2A,Q1,,,0
2015,8_WC2A,Q2,,,0
2015,8_WC2A,Q3,,,0
2015,8_WC2A,Q4a,,,0
2015,8_WC2A,Q4b,,,0
2015,9_CR0,Q1,219432.97,47.6,677
2015,9_CR0,Q2,277042.66,67.86,587
2015,9_CR0,Q3,332828.43,88.04,503
2015,9_CR0,Q4a,431203.1,119.08,259
2015,9_CR0,Q4b,594527.18,182.66,55
2015,9_CR2,Q1,216757.3,47.7,178
2015,9_CR2,Q2,286351.71,67.74,176
2015,9_CR2,Q3,367599.48,89.33,202
2015,9_CR2,Q4a,491014.76,124.01,174
2015,9_CR2,Q4b,649214.29,189.51,84
2015,9_CR3,Q1,,,0
2015,9_CR3,Q2,365000.0,69.0,1
2015,9_CR3,Q3,386986.36,90.18,11
2015,9_CR3,Q4a,463018.75,119.46,8
2015,9_CR3,Q4b,440000.0,160.0,1
2015,9_CR4,Q1,,,0
2015,9_CR4,Q2,216500.0,76.0,1
2015,9_CR4,Q3,228000.0,81.69,1
2015,9_CR4,Q4a,,,0
2015,9_CR4,Q4b,,,0
2015,9_CR5,Q1,217475.73,47.58,30
2015,9_CR5,Q2,312443.15,69.34,73
2015,9_CR5,Q3,378872.17,89.64,133
2015,9_CR5,Q4a,483728.01,122.76,100
2015,9_CR5,Q4b,681487.25,189.83,51
2015,9_CR6,Q1,,,0
2015,9_CR6,Q2,248000.0,64.0,1
2015,9_CR6,Q3,,,0
2015,9_CR6,Q4a,537500.0,108.68,2
2015,9_CR6,Q4b,540000.0,168.0,1
2015,9_CR7,Q1,190806.0,46.58,104
2015,9_CR7,Q2,255940.28,68.89,92
2015,9_CR7,Q3,320374.06,88.47,133
2015,9_CR7,Q4a,364065.58,117.21,65
2015,9_CR7,Q4b,482000.0,202.07,11
2015,9_CR8,Q1,202768.53,47.96,81
2015,9_CR8,Q2,279707.61,68.93,115
2015,9_CR8,Q3,366694.23,88.24,106
2015,9_CR8,Q4a,503109.78,124.83,92
2015,9_CR8,Q4b,780947.95,204.41,113
2015,9_SE19,Q1,268204.33,48.51,116
2015,9_SE19,Q2,329835.34,68.45,86
2015,9_SE19,Q3,435383.82,89.44,67
2015,9_SE19,Q4a,580132.43,119.43,37
2015,9_SE19,Q4b,876461.54,227.31,13
2015,9_SE25,Q1,195119.14,44.83,194
2015,9_SE25,Q2,277313.3,67.96,145
2015,9_SE25,Q3,344393.75,88.34,172
2015,9_SE25,Q4a,413924.17,119.48,60
2015,9_SE25,Q4b,504200.0,175.71,5
2015,9_SW16,Q1,249508.82,49.53,34
2015,9_SW16,Q2,285925.0,66.54,28
2015,9_SW16,Q3,405959.91,91.07,57
2015,9_SW16,Q4a,492808.51,122.21,65
2015,9_SW16,Q4b,752450.0,207.5,20
2016,10_HA0,Q1,242500.0,34.0,2
2016,10_HA0,Q2,445750.0,69.77,4
2016,10_HA0,Q3,425000.0,88.33,3
2016,10_HA0,Q4a,,,0
2016,10_HA0,Q4b,,,0
2016,10_NW10,Q1,327722.0,47.79,13
2016,10_NW10,Q2,425000.0,66.0,1
2016,10_NW10,Q3,481071.43,92.3,7
2016,10_NW10,Q4a,573983.33,124.0,3
2016,10_NW10,Q4b,,,0
2016,10_TW8,Q1,244500.0,41.0,3
2016,10_TW8,Q2,,,0
2016,10_TW8,Q3,,,0
2016,10_TW8,Q4a,,,0
2016,10_TW8,Q4b,,,0
2016,10_UB1,Q1,255261.76,49.83,34
2016,10_UB1,Q2,312453.66,68.48,41
2016,10_UB1,Q3,370564.58,90.34,48
2016,10_UB1,Q4a,403270.0,123.62,25
2016,10_UB1,Q4b,516666.67,162.0,3
2016,10_UB2,Q1,193661.11,41.71,54
2016,10_UB2,Q2,295873.21,68.35,28
2016,10_UB2,Q3,387464.29,91.35,28
2016,10_UB2,Q4a,475913.89,121.98,18
2016,10_UB2,Q4b,706158.33,177.52,6
2016,10_UB5,Q1,246318.71,46.79,93
2016,10_UB5,Q2,330365.65,67.95,115
2016,10_UB5,Q3,392391.56,86.92,106
2016,10_UB5,Q4a,449148.15,112.9,27
2016,10_UB5,Q4b,480000.0,224.0,1
2016,10_UB6,Q1,275574.25,48.11,100
2016,10_UB6,Q2,395110.39,70.37,77
2016,10_UB6,Q3,453403.17,87.08,128
2016,10_UB6,Q4a,506423.61,118.87,36
2016,10_UB6,Q4b,629333.33,187.79,6
2016,10_W12,Q1,475000.0,53.0,1
2016,10_W12,Q2,,,0
2016,10_W12,Q3,,,0
2016,10_W12,Q4a,1040000.0,124.5,2
2016,10_W12,Q4b,,,0
2016,10_W13,Q1,372921.91,47.47,89
2016,10_W13,Q2,510716.46,68.27,74
2016,10_W13,Q3,683393.85,89.24,65
2016,10_W13,Q4a,828219.62,121.9,66
2016,10_W13,Q4b,1266023.24,193.13,25
2016,10_W3,Q1,364374.12,46.84,206
2016,10_W3,Q2,521962.71,69.34,126
2016,10_W3,Q3,610677.02,89.43,94
2016,10_W3,Q4a,829104.23,122.56,71
2016,10_W3,Q4b,1336212.5,190.97,40
2016,10_W4,Q1,454932.4,50.48,30
2016,10_W4,Q2,654707.89,70.12,19
2016,10_W4,Q3,877771.26,88.04,27
2016,10_W4,Q4a,1204921.43,122.34,35
2016,10_W4,Q4b,1999395.0,189.59,10
2016,10_W5,Q1,410577.12,47.04,151
2016,10_W5,Q2,550040.64,68.23,143
2016,10_W5,Q3,692910.05,88.72,99
2016,10_W5,Q4a,944971.42,123.91,112
2016,10_W5,Q4b,1583301.6,206.72,73
2016,10_W7,Q1,338503.77,47.36,53
2016,10_W7,Q2,422457.5,67.02,40
2016,10_W7,Q3,586084.03,88.66,72
2016,10_W7,Q4a,738456.42,121.81,66
2016,10_W7,Q4b,1013652.5,185.6,10
2016,11_EN1,Q1,247144.85,46.53,132
2016,11_EN1,Q2,361232.72,68.73,131
2016,11_EN1,Q3,427561.08,87.97,157
2016,11_EN1,Q4a,541487.89,117.41,76
2016,11_EN1,Q4b,771817.64,191.82,11
2016,11_EN2,Q1,281542.38,48.17,130
2016,11_EN2,Q2,370105.73,67.47,94
2016,11_EN2,Q3,508669.2,90.32,132
2016,11_EN2,Q4a,637198.91,119.63,96
2016,11_EN2,Q4b,841193.48,180.84,23
2016,11_EN3,Q1,211352.86,46.23,126
2016,11_EN3,Q2,314123.8,68.89,135
2016,11_EN3,Q3,369465.39,88.9,139
2016,11_EN3,Q4a,400118.2,116.0,54
2016,11_EN3,Q4b,534333.33,175.67,3
2016,11_EN4,Q1,309744.44,51.51,18
2016,11_EN4,Q2,340275.0,75.25,20
2016,11_EN4,Q3,551776.05,93.79,19
2016,11_EN4,Q4a,767437.5,128.23,32
2016,11_EN4,Q4b,1383737.5,213.47,40
2016,11_EN8,Q1,201250.0,48.35,4
2016,11_EN8,Q2,276714.29,71.86,7
2016,11_EN8,Q3,384916.67,88.5,6
2016,11_EN8,Q4a,,,0
2016,11_EN8,Q4b,,,0
2016,11_N11,Q1,351187.5,50.24,16
2016,11_N11,Q2,389475.0,67.41,10
2016,11_N11,Q3,546852.08,91.19,24
2016,11_N11,Q4a,634375.0,122.71,20
2016,11_N11,Q4b,760000.0,182.0,1
2016,11_N13,Q1,294850.32,45.66,63
2016,11_N13,Q2,409834.08,68.42,62
2016,11_N13,Q3,515717.17,89.7,65
2016,11_N13,Q4a,647413.17,121.74,81
2016,11_N13,Q4b,855885.83,175.06,18
2016,11_N14,Q1,332682.93,50.7,41
2016,11_N14,Q2,401897.7,67.32,37
2016,11_N14,Q3,543223.57,90.8,35
2016,11_N14,Q4a,740353.75,121.32,44
2016,11_N14,Q4b,994980.18,179.36,28
2016,11_N18,Q1,214051.43,44.87,28
2016,11_N18,Q2,317855.65,70.46,69
2016,11_N18,Q3,361848.49,85.85,73
2016,11_N18,Q4a,429500.0,115.6,10
2016,11_N18,Q4b,595000.0,157.0,1
2016,11_N21,Q1,305707.02,48.08,59
2016,11_N21,Q2,398887.82,67.67,55
2016,11_N21,Q3,533874.16,90.34,50
2016,11_N21,Q4a,702741.25,125.46,64
2016,11_N21,Q4b,1148496.33,198.44,54
2016,11_N22,Q1,312750.0,46.07,4
2016,11_N22,Q2,463000.0,77.0,1
2016,11_N22,Q3,,,0
2016,11_N22,Q4a,,,0
2016,11_N22,Q4b,,,0
2016,11_N9,Q1,205995.87,45.2,87
2016,11_N9,Q2,316542.93,69.39,99
2016,11_N9,Q3,366046.15,88.15,104
2016,11_N9,Q4a,424172.88,115.17,26
2016,11_N9,Q4b,500000.0,151.0,1
2016,12_BR7,Q1,425000.0,55.0,1
2016,12_BR7,Q2,,,0
2016,12_BR7,Q3,435833.33,91.67,3
2016,12_BR7,Q4a,400000.0,119.0,1
2016,12_BR7,Q4b,,,0
2016,12_DA15,Q1,,,0
2016,12_DA15,Q2,,,0
2016,12_DA15,Q3,336000.0,89.0,2
2016,12_DA15,Q4a,475000.0,131.5,2
2016,12_DA15,Q4b,,,0
2016,12_SE10,Q1,365069.24,49.64,354
2016,12_SE10,Q2,486194.59,70.23,307
2016,12_SE10,Q3,609077.67,87.09,254
2016,12_SE10,Q4a,856593.0,122.61,112
2016,12_SE10,Q4b,1291113.79,192.53,19
2016,12_SE12,Q1,234937.5,49.4,8
2016,12_SE12,Q2,330205.88,69.54,17
2016,12_SE12,Q3,400553.85,88.1,26
2016,12_SE12,Q4a,572249.5,122.97,10
2016,12_SE12,Q4b,968736.25,173.04,4
2016,12_SE13,Q1,,,0
2016,12_SE13,Q2,325000.0,74.5,2
2016,12_SE13,Q3,384666.67,86.33,3
2016,12_SE13,Q4a,,,0
2016,12_SE13,Q4b,,,0
2016,12_SE18,Q1,263358.48,47.73,286
2016,12_SE18,Q2,342745.62,69.64,278
2016,12_SE18,Q3,393749.07,89.76,221
2016,12_SE18,Q4a,507758.1,120.14,94
2016,12_SE18,Q4b,680769.23,172.69,13
2016,12_SE2,Q1,251502.7,52.19,23
2016,12_SE2,Q2,307340.53,70.66,38
2016,12_SE2,Q3,354656.36,87.92,70
2016,12_SE2,Q4a,417000.0,117.79,9
2016,12_SE2,Q4b,430000.0,237.0,2
2016,12_SE28,Q1,227810.36,50.91,89
2016,12_SE28,Q2,275040.54,69.39,74
2016,12_SE28,Q3,287324.24,86.7,33
2016,12_SE28,Q4a,362666.67,113.67,6
2016,12_SE28,Q4b,,,0
2016,12_SE3,Q1,304330.14,48.73,117
2016,12_SE3,Q2,439590.37,69.38,127
2016,12_SE3,Q3,526116.61,88.68,174
2016,12_SE3,Q4a,739338.83,124.1,94
2016,12_SE3,Q4b,1750820.83,226.99,36
2016,12_SE7,Q1,291221.03,50.36,39
2016,12_SE7,Q2,366006.58,68.96,38
2016,12_SE7,Q3,498732.36,91.77,55
2016,12_SE7,Q4a,598245.78,120.87,32
2016,12_SE7,Q4b,752875.0,169.5,4
2016,12_SE8,Q1,322791.67,47.86,24
2016,12_SE8,Q2,450337.5,67.97,20
2016,12_SE8,Q3,546307.69,87.29,13
2016,12_SE8,Q4a,751944.44,119.43,9
2016,12_SE8,Q4b,,,0
2016,12_SE9,Q1,245045.11,49.59,93
2016,12_SE9,Q2,318109.38,67.65,118
2016,12_SE9,Q3,419039.77,90.25,172
2016,12_SE9,Q4a,527870.75,120.05,117
2016,12_SE9,Q4b,701673.08,192.6,26
2016,13_E1,Q1,,,0
2016,13_E1,Q2,,,0
2016,13_E1,Q3,,,0
2016,13_E1,Q4a,,,0
2016,13_E1,Q4b,,,0
2016,13_E2,Q1,426693.33,49.93,15
2016,13_E2,Q2,517824.75,67.7,20
2016,13_E2,Q3,615995.45,84.09,11
2016,13_E2,Q4a,966750.0,110.78,4
2016,13_E2,Q4b,,,0
2016,13_E20,Q1,,,0
2016,13_E20,Q2,,,0
2016,13_E20,Q3,,,0
2016,13_E20,Q4a,,,0
2016,13_E20,Q4b,,,0
2016,13_E5,Q1,356969.88,47.34,107
2016,13_E5,Q2,419708.57,67.4,83
2016,13_E5,Q3,522967.86,87.71,44
2016,13_E5,Q4a,831290.62,117.31,48
2016,13_E5,Q4b,1129696.15,186.44,13
2016,13_E8,Q1,418844.28,48.7,159
2016,13_E8,Q2,515493.53,69.53,129
2016,13_E8,Q3,692235.94,89.64,101
2016,13_E8,Q4a,963717.83,116.82,46
2016,13_E8,Q4b,1764666.67,190.52,9
2016,13_E9,Q1,382349.78,49.04,113
2016,13_E9,Q2,463166.43,67.99,105
2016,13_E9,Q3,632903.8,86.97,79
2016,13_E9,Q4a,919185.42,124.72,24
2016,13_E9,Q4b,1451166.67,176.92,9
2016,13_EC1V,Q1,560040.0,46.8,5
2016,13_EC1V,Q2,784500.0,75.25,4
2016,13_EC1V,Q3,842400.0,81.6,5
2016,13_EC1V,Q4a,,,0
2016,13_EC1V,Q4b,,,0
2016,13_EC2A,Q1,453800.0,43.64,5
2016,13_EC2A,Q2,738333.33,67.21,3
2016,13_EC2A,Q3,656250.0,90.5,2
2016,13_EC2A,Q4a,1375000.0,112.0,1
2016,13_EC2A,Q4b,,,0
2016,13_N1,Q1,483709.43,47.68,131
2016,13_N1,Q2,639689.83,69.26,118
2016,13_N1,Q3,821159.86,87.06,85
2016,13_N1,Q4a,1198593.04,114.6,45
2016,13_N1,Q4b,1924285.71,187.06,7
2016,13_N15,Q1,,,0
2016,13_N15,Q2,,,0
2016,13_N15,Q3,,,0
2016,13_N15,Q4a,,,0
2016,13_N15,Q4b,,,0
2016,13_N16,Q1,408794.23,48.21,164
2016,13_N16,Q2,500091.68,68.05,105
2016,13_N16,Q3,638567.11,88.52,98
2016,13_N16,Q4a,965203.57,121.09,70
2016,13_N16,Q4b,1352021.0,187.61,39
2016,13_N4,Q1,426505.83,51.49,90
2016,13_N4,Q2,535806.84,68.54,77
2016,13_N4,Q3,656310.16,84.47,61
2016,13_N4,Q4a,977076.33,120.69,18
2016,13_N4,Q4b,1386000.0,233.0,5
2016,13_N5,Q1,457500.0,41.5,2
2016,13_N5,Q2,,,0
2016,13_N5,Q3,715000.0,80.0,1
2016,13_N5,Q4a,,,0
2016,13_N5,Q4b,,,0
2016,14_NW10,Q1,304347.5,48.0,4
2016,14_NW10,Q2,571250.0,69.5,2
2016,14_NW10,Q3,665000.0,91.0,1
2016,14_NW10,Q4a,754877.5,116.41,4
2016,14_NW10,Q4b,1800000.0,306.0,1
2016,14_SW10,Q1,875000.0,58.0,1
2016,14_SW10,Q2,1045000.0,63.5,2
2016,14_SW10,Q3,725000.0,89.34,2
2016,14_SW10,Q4a,1586500.0,133.22,2
2016,14_SW10,Q4b,3550000.0,204.5,2
2016,14_SW6,Q1,512010.02,46.71,200
2016,14_SW6,Q2,723395.28,68.47,164
2016,14_SW6,Q3,939082.03,88.73,173
2016,14_SW6,Q4a,1458330.72,124.57,168
2016,14_SW6,Q4b,2334465.29,200.36,156
2016,14_W10,Q1,,,0
2016,14_W10,Q2,,,0
2016,14_W10,Q3,650000.0,91.0,1
2016,14_W10,Q4a,,,0
2016,14_W10,Q4b,,,0
2016,14_W11,Q1,293862.5,51.4,4
2016,14_W11,Q2,398966.0,72.0,2
2016,14_W11,Q3,,,0
2016,14_W11,Q4a,,,0
2016,14_W11,Q4b,,,0
2016,14_W12,Q1,436549.77,46.13,109
2016,14_W12,Q2,577244.51,67.7,71
2016,14_W12,Q3,776920.61,88.18,66
2016,14_W12,Q4a,1019497.37,122.23,38
2016,14_W12,Q4b,1736388.43,196.45,35
2016,14_W14,Q1,489307.29,44.98,94
2016,14_W14,Q2,657120.73,67.29,41
2016,14_W14,Q3,920482.92,87.38,24
2016,14_W14,Q4a,1147500.0,122.35,20
2016,14_W14,Q4b,2101541.67,202.6,24
2016,14_W3,Q1,310437.5,43.39,4
2016,14_W3,Q2,400000.0,73.0,1
2016,14_W3,Q3,234000.0,102.0,1
2016,14_W3,Q4a,,,0
2016,14_W3,Q4b,,,0
2016,14_W4,Q1,400000.0,42.0,1
2016,14_W4,Q2,,,0
2016,14_W4,Q3,,,0
2016,14_W4,Q4a,,,0
2016,14_W4,Q4b,1950000.0,185.0,1
2016,14_W6,Q1,481582.08,44.51,157
2016,14_W6,Q2,646843.84,68.84,68
2016,14_W6,Q3,996719.43,89.1,79
2016,14_W6,Q4a,1233224.51,124.43,51
2016,14_W6,Q4b,2222188.59,195.1,34
2016,15_N10,Q1,350621.34,45.21,41
2016,15_N10,Q2,523386.76,69.78,34
2016,15_N10,Q3,700192.12,88.01,26
2016,15_N10,Q4a,1080443.18,130.1,22
2016,15_N10,Q4b,1558520.41,201.87,49
2016,15_N11,Q1,269166.25,45.38,12
2016,15_N11,Q2,396600.0,64.91,10
2016,15_N11,Q3,631862.5,92.4,12
2016,15_N11,Q4a,868124.88,127.38,8
2016,15_N11,Q4b,1158333.33,173.67,3
2016,15_N13,Q1,,,0
2016,15_N13,Q2,,,0
2016,15_N13,Q3,485000.0,81.0,1
2016,15_N13,Q4a,,,0
2016,15_N13,Q4b,,,0
2016,15_N15,Q1,303329.88,49.51,86
2016,15_N15,Q2,405954.33,69.69,92
2016,15_N15,Q3,478688.63,88.46,62
2016,15_N15,Q4a,651721.56,122.25,61
2016,15_N15,Q4b,743500.0,190.12,8
2016,15_N17,Q1,282011.09,48.14,138
2016,15_N17,Q2,348784.64,69.47,204
2016,15_N17,Q3,435430.75,88.19,92
2016,15_N17,Q4a,532044.74,116.06,38
2016,15_N17,Q4b,185955.0,156.0,1
2016,15_N18,Q1,,,0
2016,15_N18,Q2,,,0
2016,15_N18,Q3,315000.0,79.0,1
2016,15_N18,Q4a,,,0
2016,15_N18,Q4b,,,0
2016,15_N2,Q1,412500.0,45.58,4
2016,15_N2,Q2,456055.56,67.8,9
2016,15_N2,Q3,629400.0,94.0,5
2016,15_N2,Q4a,1292295.45,119.06,11
2016,15_N2,Q4b,1759661.88,210.12,8
2016,15_N22,Q1,355169.1,51.37,83
2016,15_N22,Q2,432175.44,68.07,109
2016,15_N22,Q3,541409.77,88.49,88
2016,15_N22,Q4a,760568.18,124.72,55
2016,15_N22,Q4b,1099765.38,179.54,13
2016,15_N4,Q1,405890.87,47.79,62
2016,15_N4,Q2,497580.2,67.09,41
2016,15_N4,Q3,609630.85,89.01,34
2016,15_N4,Q4a,807916.67,125.07,18
2016,15_N4,Q4b,1287355.26,184.49,19
2016,15_N6,Q1,457125.44,48.3,36
2016,15_N6,Q2,628443.33,68.24,30
2016,15_N6,Q3,803696.55,86.41,29
2016,15_N6,Q4a,1332428.14,125.86,28
2016,15_N6,Q4b,2907769.23,256.33,26
2016,15_N8,Q1,408551.07,49.08,90
2016,15_N8,Q2,531499.42,67.47,86
2016,15_N8,Q3,677483.33,90.27,46
2016,15_N8,Q4a,924089.2,127.57,51
2016,15_N8,Q4b,1389883.12,189.86,48
2016,16_HA1,Q1,287567.86,47.65,111
2016,16_HA1,Q2,372156.0,68.17,81
2016,16_HA1,Q3,490794.99,90.6,72
2016,16_HA1,Q4a,594136.81,120.74,47
2016,16_HA1,Q4b,944905.88,202.14,17
2016,16_HA2,Q1,266355.8,46.58,89
2016,16_HA2,Q2,364515.19,68.05,72
2016,16_HA2,Q3,491794.83,89.12,146
2016,16_HA2,Q4a,595814.61,119.66,89
2016,16_HA2,Q4b,756875.0,169.11,12
2016,16_HA3,Q1,264638.61,47.35,69
2016,16_HA3,Q2,383209.31,69.01,102
2016,16_HA3,Q3,467411.23,89.07,141
2016,16_HA3,Q4a,557283.16,121.72,90
2016,16_HA3,Q4b,750732.35,175.29,17
2016,16_HA4,Q1,,,0
2016,16_HA4,Q2,415000.0,71.0,1
2016,16_HA4,Q3,437500.0,84.0,1
2016,16_HA4,Q4a,,,0
2016,16_HA4,Q4b,,,0
2016,16_HA5,Q1,295293.52,48.74,54
2016,16_HA5,Q2,404812.0,68.09,75
2016,16_HA5,Q3,543679.17,89.74,71
2016,16_HA5,Q4a,741624.32,124.77,111
2016,16_HA5,Q4b,1073015.91,197.36,66
2016,16_HA7,Q1,309711.8,49.87,50
2016,16_HA7,Q2,430154.11,70.78,73
2016,16_HA7,Q3,517281.57,89.21,137
2016,16_HA7,Q4a,672707.46,124.65,67
2016,16_HA7,Q4b,1130823.53,197.93,51
2016,16_HA8,Q1,281998.34,52.35,35
2016,16_HA8,Q2,385825.94,68.37,53
2016,16_HA8,Q3,485984.09,89.6,44
2016,16_HA8,Q4a,578598.0,118.52,25
2016,16_HA8,Q4b,898928.57,184.71,14
2016,16_NW9,Q1,,,0
2016,16_NW9,Q2,,,0
2016,16_NW9,Q3,,,0
2016,16_NW9,Q4a,,,0
2016,16_NW9,Q4b,,,0
2016,16_UB5,Q1,307475.0,57.0,2
2016,16_UB5,Q2,362500.0,76.0,1
2016,16_UB5,Q3,440000.0,83.21,3
2016,16_UB5,Q4a,,,0
2016,16_UB5,Q4b,,,0
2016,16_WD23,Q1,,,0
2016,16_WD23,Q2,,,0
2016,16_WD23,Q3,,,0
2016,16_WD23,Q4a,,,0
2016,16_WD23,Q4b,1330000.0,266.0,1
2016,17_RM1,Q1,220518.83,45.32,199
2016,17_RM1,Q2,278760.96,68.62,99
2016,17_RM1,Q3,372003.66,88.72,95
2016,17_RM1,Q4a,472390.73,122.22,55
2016,17_RM1,Q4b,598078.95,182.39,19
2016,17_RM11,Q1,249497.07,48.67,75
2016,17_RM11,Q2,314009.75,69.53,100
2016,17_RM11,Q3,395857.63,89.7,150
2016,17_RM11,Q4a,518071.5,122.07,90
2016,17_RM11,Q4b,867912.18,203.5,57
2016,17_RM12,Q1,218460.53,44.61,79
2016,17_RM12,Q2,323165.65,70.55,124
2016,17_RM12,Q3,373108.99,89.38,168
2016,17_RM12,Q4a,445408.41,121.22,82
2016,17_RM12,Q4b,571125.0,184.77,8
2016,17_RM13,Q1,208639.4,49.03,43
2016,17_RM13,Q2,281999.5,69.7,130
2016,17_RM13,Q3,320734.44,87.75,157
2016,17_RM13,Q4a,380898.15,119.47,54
2016,17_RM13,Q4b,545428.57,181.57,7
2016,17_RM14,Q1,305937.5,50.92,24
2016,17_RM14,Q2,345473.63,69.19,67
2016,17_RM14,Q3,449799.31,90.39,100
2016,17_RM14,Q4a,585461.68,120.57,98
2016,17_RM14,Q4b,806388.19,196.71,36
2016,17_RM2,Q1,243006.76,49.97,37
2016,17_RM2,Q2,297680.83,66.31,47
2016,17_RM2,Q3,395722.5,88.64,62
2016,17_RM2,Q4a,527293.11,119.95,37
2016,17_RM2,Q4b,804456.67,192.61,18
2016,17_RM3,Q1,213005.16,47.93,96
2016,17_RM3,Q2,300524.08,70.28,193
2016,17_RM3,Q3,332984.23,88.52,236
2016,17_RM3,Q4a,441738.89,115.06,90
2016,17_RM3,Q4b,647474.52,182.81,21
2016,17_RM4,Q1,215000.0,50.11,1
2016,17_RM4,Q2,,,0
2016,17_RM4,Q3,412250.0,95.0,4
2016,17_RM4,Q4a,537500.0,113.67,3
2016,17_RM4,Q4b,800000.0,198.0,1
2016,17_RM5,Q1,210389.8,49.67,25
2016,17_RM5,Q2,296990.27,70.79,73
2016,17_RM5,Q3,353086.01,87.74,108
2016,17_RM5,Q4a,425390.12,120.98,41
2016,17_RM5,Q4b,488812.5,169.25,4
2016,17_RM7,Q1,196812.39,46.53,96
2016,17_RM7,Q2,274089.48,68.77,123
2016,17_RM7,Q3,345630.25,89.53,119
2016,17_RM7,Q4a,386536.56,115.96,41
2016,17_RM7,Q4b,465388.89,173.33,9
2016,18_HA4,Q1,303152.7,50.7,125
2016,18_HA4,Q2,417565.36,67.37,196
2016,18_HA4,Q3,501506.21,89.3,172
2016,18_HA4,Q4a,646642.61,120.79,120
2016,18_HA4,Q4b,926064.52,192.14,31
2016,18_HA5,Q1,357586.14,51.22,22
2016,18_HA5,Q2,415640.79,67.41,38
2016,18_HA5,Q3,556675.81,90.79,31
2016,18_HA5,Q4a,704925.61,122.23,41
2016,18_HA5,Q4b,961928.57,184.98,14
2016,18_HA6,Q1,278317.5,47.31,40
2016,18_HA6,Q2,415656.82,69.91,22
2016,18_HA6,Q3,542509.78,91.33,46
2016,18_HA6,Q4a,715332.19,122.22,73
2016,18_HA6,Q4b,1322026.22,232.4,49
2016,18_TW19,Q1,,,0
2016,18_TW19,Q2,,,0
2016,18_TW19,Q3,,,0
2016,18_TW19,Q4a,,,0
2016,18_TW19,Q4b,,,0
2016,18_UB10,Q1,303065.73,49.86,71
2016,18_UB10,Q2,381838.18,68.4,110
2016,18_UB10,Q3,489756.24,88.89,145
2016,18_UB10,Q4a,631445.14,125.17,111
2016,18_UB10,Q4b,838483.06,191.67,62
2016,18_UB3,Q1,232029.8,39.97,236
2016,18_UB3,Q2,334328.26,68.62,105
2016,18_UB3,Q3,384082.46,88.58,84
2016,18_UB3,Q4a,432309.03,118.33,38
2016,18_UB3,Q4b,320000.0,155.08,2
2016,18_UB4,Q1,243787.22,46.37,93
2016,18_UB4,Q2,329692.42,68.52,99
2016,18_UB4,Q3,405014.04,87.72,107
2016,18_UB4,Q4a,456000.0,122.17,24
2016,18_UB4,Q4b,,,0
2016,18_UB5,Q1,246000.0,40.24,10
2016,18_UB5,Q2,425000.0,74.0,1
2016,18_UB5,Q3,,,0
2016,18_UB5,Q4a,453333.33,129.0,3
2016,18_UB5,Q4b,,,0
2016,18_UB7,Q1,250269.95,44.6,101
2016,18_UB7,Q2,338602.03,69.76,74
2016,18_UB7,Q3,402419.84,89.05,128
2016,18_UB7,Q4a,475343.08,121.59,26
2016,18_UB7,Q4b,466082.22,164.89,9
2016,18_UB8,Q1,238021.55,44.21,98
2016,18_UB8,Q2,348322.13,67.67,108
2016,18_UB8,Q3,427987.14,90.27,108
2016,18_UB8,Q4a,528636.4,118.93,50
2016,18_UB8,Q4b,741156.25,182.05,16
2016,18_UB9,Q1,263423.53,48.21,17
2016,18_UB9,Q2,347449.14,67.94,35
2016,18_UB9,Q3,435666.67,89.08,42
2016,18_UB9,Q4a,500771.74,122.15,23
2016,18_UB9,Q4b,819702.94,198.47,17
2016,18_WD3,Q1,,,0
2016,18_WD3,Q2,319333.33,68.67,3
2016,18_WD3,Q3,522500.0,80.0,2
2016,18_WD3,Q4a,,,0
2016,18_WD3,Q4b,,,0
2016,19_TW1,Q1,300828.57,47.63,21
2016,19_TW1,Q2,377500.0,69.0,2
2016,19_TW1,Q3,,,0
2016,19_TW1,Q4a,,,0
2016,19_TW1,Q4b,,,0
2016,19_TW13,Q1,237308.33,47.96,144
2016,19_TW13,Q2,300890.07,68.13,148
2016,19_TW13,Q3,371030.25,87.61,81
2016,19_TW13,Q4a,453548.0,118.0,25
2016,19_TW13,Q4b,550000.0,153.0,1
2016,19_TW14,Q1,234148.17,49.62,76
2016,19_TW14,Q2,321710.65,68.21,84
2016,19_TW14,Q3,371367.69,90.02,65
2016,19_TW14,Q4a,443222.5,121.02,20
2016,19_TW14,Q4b,598000.0,178.5,2
2016,19_TW15,Q1,,,0
2016,19_TW15,Q2,,,0
2016,19_TW15,Q3,320000.0,83.0,1
2016,19_TW15,Q4a,,,0
2016,19_TW15,Q4b,,,0
2016,19_TW3,Q1,231398.66,41.41,187
2016,19_TW3,Q2,311668.75,67.55,64
2016,19_TW3,Q3,411645.33,87.7,75
2016,19_TW3,Q4a,482401.61,119.3,31
2016,19_TW3,Q4b,609514.29,174.06,7
2016,19_TW4,Q1,227577.8,46.39,25
2016,19_TW4,Q2,322667.74,70.03,31
2016,19_TW4,Q3,375467.39,89.84,46
2016,19_TW4,Q4a,448800.0,118.42,20
2016,19_TW4,Q4b,575000.0,181.0,1
2016,19_TW5,Q1,249647.44,50.85,39
2016,19_TW5,Q2,302439.38,70.88,40
2016,19_TW5,Q3,381361.55,90.14,62
2016,19_TW5,Q4a,484114.71,117.09,51
2016,19_TW5,Q4b,558750.0,182.75,4
2016,19_TW7,Q1,304724.83,48.57,139
2016,19_TW7,Q2,388169.29,67.3,104
2016,19_TW7,Q3,517469.38,89.02,111
2016,19_TW7,Q4a,656691.26,120.95,72
2016,19_TW7,Q4b,925785.71,169.02,14
2016,19_TW8,Q1,350705.3,47.66,164
2016,19_TW8,Q2,504047.99,69.76,130
2016,19_TW8,Q3,625882.28,86.55,107
2016,19_TW8,Q4a,947002.51,121.15,72
2016,19_TW8,Q4b,1139138.21,177.29,14
2016,19_UB2,Q1,193500.0,38.02,6
2016,19_UB2,Q2,307115.38,68.46,13
2016,19_UB2,Q3,362081.82,89.09,11
2016,19_UB2,Q4a,482540.91,133.47,11
2016,19_UB2,Q4b,645000.0,169.0,1
2016,19_W3,Q1,370000.0,45.0,1
2016,19_W3,Q2,,,0
2016,19_W3,Q3,695000.0,90.0,1
2016,19_W3,Q4a,778000.0,133.6,5
2016,19_W3,Q4b,,,0
2016,19_W4,Q1,453362.27,47.72,113
2016,19_W4,Q2,585676.87,67.46,71
2016,19_W4,Q3,831749.98,89.69,49
2016,19_W4,Q4a,1163694.08,124.65,72
2016,19_W4,Q4b,2026986.16,205.16,68
2016,19_W5,Q1,388500.0,54.52,2
2016,19_W5,Q2,311500.0,67.5,2
2016,19_W5,Q3,760000.0,99.0,1
2016,19_W5,Q4a,835000.0,123.33,3
2016,19_W5,Q4b,960000.0,160.0,1
2016,19_W6,Q1,510000.0,51.18,2
2016,19_W6,Q2,738125.0,73.5,4
2016,19_W6,Q3,762233.33,93.33,3
2016,19_W6,Q4a,1505000.0,148.0,1
2016,19_W6,Q4b,2065000.0,224.0,1
2016,1_IG11,Q1,204359.77,47.54,173
2016,1_IG11,Q2,238450.99,68.36,139
2016,1_IG11,Q3,357983.15,89.41,138
2016,1_IG11,Q4a,425696.92,122.13,91
2016,1_IG11,Q4b,535363.64,166.73,11
2016,1_RM10,Q1,191574.01,47.35,76
2016,1_RM10,Q2,275803.75,68.54,165
2016,1_RM10,Q3,302659.62,87.62,119
2016,1_RM10,Q4a,341485.71,112.38,21
2016,1_RM10,Q4b,392000.0,157.0,1
2016,1_RM5,Q1,,,0
2016,1_RM5,Q2,,,0
2016,1_RM5,Q3,,,0
2016,1_RM5,Q4a,,,0
2016,1_RM5,Q4b,,,0
2016,1_RM6,Q1,180228.04,46.52,27
2016,1_RM6,Q2,262430.77,67.2,39
2016,1_RM6,Q3,337661.76,87.64,68
2016,1_RM6,Q4a,394473.68,119.24,19
2016,1_RM6,Q4b,,,0
2016,1_RM7,Q1,258000.0,56.14,10
2016,1_RM7,Q2,303076.92,67.18,13
2016,1_RM7,Q3,350892.86,87.58,42
2016,1_RM7,Q4a,397218.75,118.04,16
2016,1_RM7,Q4b,285000.0,339.0,2
2016,1_RM8,Q1,195594.52,47.18,84
2016,1_RM8,Q2,279732.69,68.75,175
2016,1_RM8,Q3,316728.42,88.84,196
2016,1_RM8,Q4a,377721.3,118.93,54
2016,1_RM8,Q4b,,,0
2016,1_RM9,Q1,208121.48,50.33,44
2016,1_RM9,Q2,281782.24,68.12,160
2016,1_RM9,Q3,310109.79,85.83,97
2016,1_RM9,Q4a,367952.38,117.9,21
2016,1_RM9,Q4b,418000.0,178.0,2
2016,20_EC1A,Q1,,,0
2016,20_EC1A,Q2,,,0
2016,20_EC1A,Q3,,,0
2016,20_EC1A,Q4a,,,0
2016,20_EC1A,Q4b,,,0
2016,20_EC1M,Q1,357333.33,23.67,3
2016,20_EC1M,Q2,787500.0,71.19,2
2016,20_EC1M,Q3,1096666.67,88.11,3
2016,20_EC1M,Q4a,1386250.0,117.52,4
2016,20_EC1M,Q4b,2456000.0,202.22,2
2016,20_EC1R,Q1,616232.14,51.99,14
2016,20_EC1R,Q2,806715.46,68.32,13
2016,20_EC1R,Q3,1135650.0,88.94,10
2016,20_EC1R,Q4a,1358333.33,115.0,3
2016,20_EC1R,Q4b,2833778.0,224.0,3
2016,20_EC1V,Q1,606433.4,48.8,131
2016,20_EC1V,Q2,760590.32,67.06,98
2016,20_EC1V,Q3,1012989.06,81.97,137
2016,20_EC1V,Q4a,1589000.0,122.32,10
2016,20_EC1V,Q4b,2633150.0,178.5,6
2016,20_EC1Y,Q1,497082.92,49.42,12
2016,20_EC1Y,Q2,676641.7,67.32,10
2016,20_EC1Y,Q3,890785.71,88.35,7
2016,20_EC1Y,Q4a,2311902.0,118.45,3
2016,20_EC1Y,Q4b,,,0
2016,20_EC2A,Q1,483666.67,56.67,3
2016,20_EC2A,Q2,462500.0,67.42,2
2016,20_EC2A,Q3,,,0
2016,20_EC2A,Q4a,,,0
2016,20_EC2A,Q4b,2250000.0,165.0,1
2016,20_N1,Q1,470351.3,47.27,201
2016,20_N1,Q2,651979.93,68.47,154
2016,20_N1,Q3,891262.64,87.16,99
2016,20_N1,Q4a,1363753.7,121.54,73
2016,20_N1,Q4b,2129294.12,185.84,51
2016,20_N16,Q1,447500.0,52.0,2
2016,20_N16,Q2,466281.75,70.24,4
2016,20_N16,Q3,598500.0,82.6,2
2016,20_N16,Q4a,,,0
2016,20_N16,Q4b,,,0
2016,20_N19,Q1,403595.45,47.07,99
2016,20_N19,Q2,509178.43,68.04,42
2016,20_N19,Q3,605665.74,86.46,54
2016,20_N19,Q4a,1062040.26,127.2,27
2016,20_N19,Q4b,1471533.33,189.4,15
2016,20_N4,Q1,402784.12,45.4,43
2016,20_N4,Q2,507275.0,64.14,20
2016,20_N4,Q3,799682.17,92.43,30
2016,20_N4,Q4a,1084059.38,126.09,16
2016,20_N4,Q4b,1302083.5,161.0,6
2016,20_N5,Q1,458188.61,47.21,97
2016,20_N5,Q2,623811.58,68.87,81
2016,20_N5,Q3,835883.53,88.92,30
2016,20_N5,Q4a,1132453.96,123.03,25
2016,20_N5,Q4b,2062667.25,202.65,20
2016,20_N6,Q1,445433.33,51.67,3
2016,20_N6,Q2,485000.0,61.0,2
2016,20_N6,Q3,690000.0,89.4,1
2016,20_N6,Q4a,,,0
2016,20_N6,Q4b,,,0
2016,20_N7,Q1,402815.62,46.81,152
2016,20_N7,Q2,527109.38,69.05,96
2016,20_N7,Q3,634305.6,88.0,72
2016,20_N7,Q4a,990673.53,125.55,17
2016,20_N7,Q4b,1581937.25,180.12,20
2016,20_N8,Q1,360000.0,46.4,1
2016,20_N8,Q2,517250.0,67.5,2
2016,20_N8,Q3,900000.0,100.0,1
2016,20_N8,Q4a,950000.0,129.0,1
2016,20_N8,Q4b,1200000.0,214.0,2
2016,20_NW5,Q1,,,0
2016,20_NW5,Q2,,,0
2016,20_NW5,Q3,,,0
2016,20_NW5,Q4a,,,0
2016,20_NW5,Q4b,,,0
2016,20_WC1X,Q1,599750.33,50.06,9
2016,20_WC1X,Q2,617500.0,63.33,3
2016,20_WC1X,Q3,1351666.67,92.05,3
2016,20_WC1X,Q4a,1264750.0,108.71,1
2016,20_WC1X,Q4b,2600000.0,191.2,2
2016,21_SW10,Q1,696401.06,49.68,47
2016,21_SW10,Q2,927178.57,67.36,28
2016,21_SW10,Q3,1253310.34,87.47,29
2016,21_SW10,Q4a,1811952.62,115.21,13
2016,21_SW10,Q4b,3651470.59,205.64,17
2016,21_SW1W,Q1,569250.0,38.27,3
2016,21_SW1W,Q2,1115368.0,62.08,3
2016,21_SW1W,Q3,,,0
2016,21_SW1W,Q4a,2095000.0,108.0,2
2016,21_SW1W,Q4b,,,0
2016,21_SW1X,Q1,1104375.0,47.21,4
2016,21_SW1X,Q2,1651250.0,69.72,4
2016,21_SW1X,Q3,1624226.14,90.13,7
2016,21_SW1X,Q4a,3413187.5,124.33,8
2016,21_SW1X,Q4b,5074500.0,198.04,6
2016,21_SW3,Q1,756890.18,40.97,76
2016,21_SW3,Q2,1190978.26,68.34,23
2016,21_SW3,Q3,1848545.65,90.36,46
2016,21_SW3,Q4a,2759948.72,127.99,39
2016,21_SW3,Q4b,5431110.45,226.02,44
2016,21_SW5,Q1,642811.11,44.61,45
2016,21_SW5,Q2,885900.0,68.79,29
2016,21_SW5,Q3,1330312.5,88.63,24
2016,21_SW5,Q4a,2161325.87,129.24,23
2016,21_SW5,Q4b,3109245.75,180.58,12
2016,21_SW7,Q1,717478.61,45.85,23
2016,21_SW7,Q2,1356017.24,67.89,29
2016,21_SW7,Q3,1460482.6,88.84,45
2016,21_SW7,Q4a,2513804.35,126.86,23
2016,21_SW7,Q4b,4995007.96,216.57,26
2016,21_W10,Q1,466048.11,44.74,53
2016,21_W10,Q2,625617.65,68.1,51
2016,21_W10,Q3,952126.93,87.56,27
2016,21_W10,Q4a,1388711.1,118.82,10
2016,21_W10,Q4b,2366986.67,245.96,15
2016,21_W11,Q1,686890.68,47.58,59
2016,21_W11,Q2,950700.12,66.93,43
2016,21_W11,Q3,1222932.35,89.43,34
2016,21_W11,Q4a,2008901.92,121.54,26
2016,21_W11,Q4b,5887311.15,252.86,53
2016,21_W14,Q1,827962.9,51.13,60
2016,21_W14,Q2,1108195.43,69.41,46
2016,21_W14,Q3,1760880.45,93.69,56
2016,21_W14,Q4a,1923197.37,119.01,38
2016,21_W14,Q4b,3744321.38,218.92,21
2016,21_W2,Q1,720328.67,43.93,15
2016,21_W2,Q2,1081093.75,65.75,4
2016,21_W2,Q3,1407266.67,85.1,3
2016,21_W2,Q4a,1805000.0,118.0,2
2016,21_W2,Q4b,,,0
2016,21_W8,Q1,642395.85,42.94,41
2016,21_W8,Q2,1040130.62,66.68,40
2016,21_W8,Q3,1631291.67,90.66,30
2016,21_W8,Q4a,2365977.65,124.29,55
2016,21_W8,Q4b,4556852.59,216.97,58
2016,22_KT1,Q1,339942.0,46.19,62
2016,22_KT1,Q2,462187.37,68.7,78
2016,22_KT1,Q3,515526.56,87.3,59
2016,22_KT1,Q4a,780541.28,121.55,39
2016,22_KT1,Q4b,955740.55,192.1,11
2016,22_KT19,Q1,,,0
2016,22_KT19,Q2,,,0
2016,22_KT19,Q3,355000.0,99.0,1
2016,22_KT19,Q4a,,,0
2016,22_KT19,Q4b,,,0
2016,22_KT2,Q1,345714.47,49.42,86
2016,22_KT2,Q2,463897.2,68.04,101
2016,22_KT2,Q3,631992.98,89.25,86
2016,22_KT2,Q4a,869418.42,124.98,77
2016,22_KT2,Q4b,1522156.09,223.63,45
2016,22_KT22,Q1,,,0
2016,22_KT22,Q2,,,0
2016,22_KT22,Q3,,,0
2016,22_KT22,Q4a,,,0
2016,22_KT22,Q4b,,,0
2016,22_KT3,Q1,261682.5,44.35,40
2016,22_KT3,Q2,424397.06,68.24,63
2016,22_KT3,Q3,532009.75,90.11,83
2016,22_KT3,Q4a,679888.11,124.88,108
2016,22_KT3,Q4b,1072954.52,201.85,31
2016,22_KT4,Q1,239210.71,39.08,14
2016,22_KT4,Q2,412058.7,67.3,23
2016,22_KT4,Q3,519848.94,92.25,17
2016,22_KT4,Q4a,657528.12,123.85,16
2016,22_KT4,Q4b,870500.0,170.0,6
2016,22_KT5,Q1,319577.78,44.27,45
2016,22_KT5,Q2,409945.52,68.02,67
2016,22_KT5,Q3,578366.67,90.52,48
2016,22_KT5,Q4a,704149.17,122.14,60
2016,22_KT5,Q4b,1079166.67,202.21,18
2016,22_KT6,Q1,335106.66,47.26,120
2016,22_KT6,Q2,420132.36,67.92,151
2016,22_KT6,Q3,541487.99,88.65,130
2016,22_KT6,Q4a,704679.25,121.65,53
2016,22_KT6,Q4b,1071500.82,188.21,17
2016,22_KT9,Q1,265057.29,48.08,48
2016,22_KT9,Q2,345678.79,68.54,99
2016,22_KT9,Q3,424315.0,88.01,94
2016,22_KT9,Q4a,493261.76,122.57,34
2016,22_KT9,Q4b,635333.33,173.0,3
2016,22_SW15,Q1,361250.0,56.0,4
2016,22_SW15,Q2,404500.0,70.67,3
2016,22_SW15,Q3,642500.0,99.0,2
2016,22_SW15,Q4a,721444.44,116.78,9
2016,22_SW15,Q4b,1105291.67,199.16,12
2016,22_SW20,Q1,,,0
2016,22_SW20,Q2,385000.0,63.0,1
2016,22_SW20,Q3,525000.0,82.0,1
2016,22_SW20,Q4a,550000.0,104.0,1
2016,22_SW20,Q4b,,,0
2016,22_TW10,Q1,,,0
2016,22_TW10,Q2,,,0
2016,22_TW10,Q3,,,0
2016,22_TW10,Q4a,,,0
2016,22_TW10,Q4b,,,0
2016,23_SE1,Q1,528660.78,48.86,37
2016,23_SE1,Q2,760966.67,65.38,15
2016,23_SE1,Q3,969200.0,84.98,16
2016,23_SE1,Q4a,1731666.67,110.83,6
2016,23_SE1,Q4b,2415000.0,218.0,3
2016,23_SE11,Q1,419987.58,47.23,53
2016,23_SE11,Q2,539863.09,68.71,45
2016,23_SE11,Q3,660932.5,88.06,20
2016,23_SE11,Q4a,1115031.25,128.07,16
2016,23_SE11,Q4b,1741666.67,191.24,6
2016,23_SE19,Q1,309008.74,45.89,19
2016,23_SE19,Q2,412310.0,69.14,25
2016,23_SE19,Q3,484519.05,84.75,21
2016,23_SE19,Q4a,758500.0,125.91,8
2016,23_SE19,Q4b,915000.0,151.0,1
2016,23_SE21,Q1,334800.0,46.58,30
2016,23_SE21,Q2,471374.5,67.78,20
2016,23_SE21,Q3,595418.75,88.69,24
2016,23_SE21,Q4a,792378.57,118.51,14
2016,23_SE21,Q4b,1322535.71,179.86,14
2016,23_SE24,Q1,436841.41,49.91,41
2016,23_SE24,Q2,589438.0,68.28,25
2016,23_SE24,Q3,678819.65,89.22,26
2016,23_SE24,Q4a,910857.14,127.31,28
2016,23_SE24,Q4b,1371526.21,172.71,19
2016,23_SE27,Q1,334112.61,48.88,57
2016,23_SE27,Q2,429025.78,68.29,54
2016,23_SE27,Q3,564605.44,89.51,43
2016,23_SE27,Q4a,717231.91,125.16,47
2016,23_SE27,Q4b,1237528.12,210.63,16
2016,23_SE5,Q1,343402.37,46.51,19
2016,23_SE5,Q2,455563.04,66.71,23
2016,23_SE5,Q3,662375.0,91.12,8
2016,23_SE5,Q4a,921136.36,127.6,11
2016,23_SE5,Q4b,1287000.0,191.56,5
2016,23_SW12,Q1,486468.75,48.62,16
2016,23_SW12,Q2,605487.04,70.98,27
2016,23_SW12,Q3,713533.62,88.05,24
2016,23_SW12,Q4a,1043119.33,120.33,30
2016,23_SW12,Q4b,1267000.0,172.39,10
2016,23_SW16,Q1,322626.88,45.77,255
2016,23_SW16,Q2,428296.66,67.34,158
2016,23_SW16,Q3,509012.42,87.91,130
2016,23_SW16,Q4a,682349.19,121.76,62
2016,23_SW16,Q4b,1028274.17,200.09,36
2016,23_SW2,Q1,386361.03,47.51,203
2016,23_SW2,Q2,484330.13,68.52,142
2016,23_SW2,Q3,583946.63,87.96,104
2016,23_SW2,Q4a,872443.78,127.75,95
2016,23_SW2,Q4b,1135121.95,183.02,41
2016,23_SW4,Q1,430686.76,47.14,108
2016,23_SW4,Q2,586666.79,69.22,116
2016,23_SW4,Q3,680650.77,87.18,86
2016,23_SW4,Q4a,977853.54,122.49,41
2016,23_SW4,Q4b,1805056.86,202.25,51
2016,23_SW8,Q1,488243.31,49.19,117
2016,23_SW8,Q2,674541.5,71.39,123
2016,23_SW8,Q3,722869.55,85.02,53
2016,23_SW8,Q4a,1511496.88,117.9,16
2016,23_SW8,Q4b,1771549.09,177.3,11
2016,23_SW9,Q1,381683.43,42.87,265
2016,23_SW9,Q2,533771.41,70.29,257
2016,23_SW9,Q3,575111.36,86.95,75
2016,23_SW9,Q4a,873447.91,119.68,32
2016,23_SW9,Q4b,1254946.84,181.0,19
2016,24_BR1,Q1,231503.96,48.45,24
2016,24_BR1,Q2,318721.19,69.9,98
2016,24_BR1,Q3,374168.6,86.64,43
2016,24_BR1,Q4a,441768.18,119.16,11
2016,24_BR1,Q4b,548750.0,160.0,2
2016,24_BR3,Q1,,,0
2016,24_BR3,Q2,261000.0,60.0,2
2016,24_BR3,Q3,,,0
2016,24_BR3,Q4a,,,0
2016,24_BR3,Q4b,,,0
2016,24_SE10,Q1,306666.67,52.0,3
2016,24_SE10,Q2,456194.44,69.53,9
2016,24_SE10,Q3,668437.5,93.75,4
2016,24_SE10,Q4a,787675.0,122.62,4
2016,24_SE10,Q4b,2200000.0,273.74,2
2016,24_SE12,Q1,259405.38,48.68,65
2016,24_SE12,Q2,359065.25,68.31,59
2016,24_SE12,Q3,456132.41,89.94,91
2016,24_SE12,Q4a,591844.44,121.03,36
2016,24_SE12,Q4b,1105416.67,185.17,12
2016,24_SE13,Q1,295775.58,44.33,400
2016,24_SE13,Q2,386786.77,67.24,164
2016,24_SE13,Q3,537266.89,89.41,124
2016,24_SE13,Q4a,692521.91,120.31,81
2016,24_SE13,Q4b,994861.06,188.27,18
2016,24_SE14,Q1,300661.83,45.4,103
2016,24_SE14,Q2,399076.07,67.18,42
2016,24_SE14,Q3,518222.22,89.6,36
2016,24_SE14,Q4a,717214.29,119.35,21
2016,24_SE14,Q4b,1140714.29,189.57,7
2016,24_SE15,Q1,228200.0,52.06,4
2016,24_SE15,Q2,319987.5,71.0,4
2016,24_SE15,Q3,319000.0,89.33,3
2016,24_SE15,Q4a,,,0
2016,24_SE15,Q4b,780000.0,160.0,1
2016,24_SE16,Q1,328123.2,48.36,44
2016,24_SE16,Q2,472230.76,69.18,34
2016,24_SE16,Q3,573111.11,91.44,9
2016,24_SE16,Q4a,804016.67,125.8,15
2016,24_SE16,Q4b,,,0
2016,24_SE23,Q1,326742.92,47.37,124
2016,24_SE23,Q2,414602.79,67.84,141
2016,24_SE23,Q3,543483.74,89.77,105
2016,24_SE23,Q4a,727907.35,123.03,83
2016,24_SE23,Q4b,956618.0,189.04,30
2016,24_SE26,Q1,299768.65,48.09,89
2016,24_SE26,Q2,384240.14,67.89,74
2016,24_SE26,Q3,449890.81,86.56,73
2016,24_SE26,Q4a,655188.31,123.32,39
2016,24_SE26,Q4b,959000.0,226.02,4
2016,24_SE3,Q1,329850.0,40.9,7
2016,24_SE3,Q2,478714.29,69.24,14
2016,24_SE3,Q3,643525.0,90.48,13
2016,24_SE3,Q4a,830954.55,116.97,11
2016,24_SE3,Q4b,1689000.0,217.4,5
2016,24_SE4,Q1,337018.71,46.92,111
2016,24_SE4,Q2,432028.64,66.95,77
2016,24_SE4,Q3,569998.68,90.03,68
2016,24_SE4,Q4a,695079.91,120.81,58
2016,24_SE4,Q4b,1150711.35,201.04,17
2016,24_SE6,Q1,267669.24,47.92,176
2016,24_SE6,Q2,341855.18,68.57,148
2016,24_SE6,Q3,436757.96,88.26,122
2016,24_SE6,Q4a,542042.61,120.55,88
2016,24_SE6,Q4b,761934.78,175.41,23
2016,24_SE8,Q1,343867.66,46.89,231
2016,24_SE8,Q2,456471.05,70.72,176
2016,24_SE8,Q3,529564.39,87.34,66
2016,24_SE8,Q4a,693195.65,119.7,23
2016,24_SE8,Q4b,1207000.0,194.88,1
2016,24_SE9,Q1,215437.5,44.86,8
2016,24_SE9,Q2,279498.57,71.57,7
2016,24_SE9,Q3,304150.0,87.56,10
2016,24_SE9,Q4a,331500.0,118.5,2
2016,24_SE9,Q4b,,,0
2016,25_CR4,Q1,255813.48,47.49,141
2016,25_CR4,Q2,326601.18,68.44,127
2016,25_CR4,Q3,402194.64,89.49,168
2016,25_CR4,Q4a,444908.21,115.79,67
2016,25_CR4,Q4b,617500.0,161.5,2
2016,25_CR7,Q1,,,0
2016,25_CR7,Q2,315000.0,67.5,2
2016,25_CR7,Q3,357500.0,94.68,2
2016,25_CR7,Q4a,440000.0,109.0,1
2016,25_CR7,Q4b,,,0
2016,25_KT3,Q1,272109.09,38.63,55
2016,25_KT3,Q2,447785.71,72.07,14
2016,25_KT3,Q3,563426.47,92.84,34
2016,25_KT3,Q4a,640343.75,117.48,16
2016,25_KT3,Q4b,700000.0,178.0,1
2016,25_SM3,Q1,,,0
2016,25_SM3,Q2,,,0
2016,25_SM3,Q3,,,0
2016,25_SM3,Q4a,,,0
2016,25_SM3,Q4b,,,0
2016,25_SM4,Q1,291689.12,49.92,80
2016,25_SM4,Q2,374626.1,69.07,115
2016,25_SM4,Q3,456367.97,89.12,114
2016,25_SM4,Q4a,519984.69,119.57,49
2016,25_SM4,Q4b,585000.0,175.17,6
2016,25_SW16,Q1,289235.76,50.06,21
2016,25_SW16,Q2,373938.24,70.01,17
2016,25_SW16,Q3,432758.92,87.72,40
2016,25_SW16,Q4a,526200.0,121.24,10
2016,25_SW16,Q4b,,,0
2016,25_SW17,Q1,353907.37,47.2,19
2016,25_SW17,Q2,489416.67,70.34,12
2016,25_SW17,Q3,607079.17,87.91,12
2016,25_SW17,Q4a,599250.0,115.46,12
2016,25_SW17,Q4b,805000.0,151.0,1
2016,25_SW18,Q1,372498.75,47.05,4
2016,25_SW18,Q2,,,0
2016,25_SW18,Q3,877000.0,92.17,3
2016,25_SW18,Q4a,940331.67,120.01,3
2016,25_SW18,Q4b,,,0
2016,25_SW19,Q1,382512.29,48.6,260
2016,25_SW19,Q2,523235.95,68.24,158
2016,25_SW19,Q3,723361.83,89.77,168
2016,25_SW19,Q4a,967321.73,122.12,186
2016,25_SW19,Q4b,1988741.4,214.39,88
2016,25_SW20,Q1,387510.75,48.65,93
2016,25_SW20,Q2,494660.11,68.87,94
2016,25_SW20,Q3,650520.6,90.33,105
2016,25_SW20,Q4a,809643.74,124.8,92
2016,25_SW20,Q4b,1510015.56,200.87,41
2016,26_E12,Q1,233254.44,48.58,45
2016,26_E12,Q2,282042.55,68.03,47
2016,26_E12,Q3,360525.42,91.4,59
2016,26_E12,Q4a,414836.96,117.43,46
2016,26_E12,Q4b,562500.0,161.0,2
2016,26_E13,Q1,244266.64,48.68,73
2016,26_E13,Q2,317632.82,68.29,85
2016,26_E13,Q3,375937.53,87.41,77
2016,26_E13,Q4a,426909.58,120.16,36
2016,26_E13,Q4b,,,0
2016,26_E15,Q1,284515.97,44.91,189
2016,26_E15,Q2,364368.69,68.41,107
2016,26_E15,Q3,456367.26,88.66,104
2016,26_E15,Q4a,545973.71,114.37,35
2016,26_E15,Q4b,693000.0,172.0,1
2016,26_E16,Q1,315171.19,51.38,359
2016,26_E16,Q2,398974.44,68.77,231
2016,26_E16,Q3,480255.03,87.24,223
2016,26_E16,Q4a,573678.43,121.51,58
2016,26_E16,Q4b,919583.33,208.17,12
2016,26_E20,Q1,375059.52,49.94,42
2016,26_E20,Q2,520988.45,72.02,44
2016,26_E20,Q3,582406.33,93.33,15
2016,26_E20,Q4a,618500.0,121.5,20
2016,26_E20,Q4b,,,0
2016,26_E3,Q1,,,0
2016,26_E3,Q2,377500.0,64.5,2
2016,26_E3,Q3,,,0
2016,26_E3,Q4a,,,0
2016,26_E3,Q4b,,,0
2016,26_E6,Q1,239279.59,47.69,134
2016,26_E6,Q2,297463.07,69.31,114
2016,26_E6,Q3,359911.36,88.47,157
2016,26_E6,Q4a,413321.43,120.66,42
2016,26_E6,Q4b,363750.0,182.0,2
2016,26_E7,Q1,277488.06,49.62,53
2016,26_E7,Q2,336240.04,68.01,67
2016,26_E7,Q3,428431.42,90.66,65
2016,26_E7,Q4a,546614.41,120.84,59
2016,26_E7,Q4b,643199.75,169.96,20
2016,27_E11,Q1,306803.45,46.05,55
2016,27_E11,Q2,413209.14,68.24,70
2016,27_E11,Q3,567438.57,87.34,40
2016,27_E11,Q4a,791108.1,126.78,39
2016,27_E11,Q4b,1024599.96,193.12,25
2016,27_E12,Q1,262500.0,52.5,2
2016,27_E12,Q2,411900.0,71.5,2
2016,27_E12,Q3,571800.0,93.2,5
2016,27_E12,Q4a,643388.89,120.4,9
2016,27_E12,Q4b,999500.0,182.45,9
2016,27_E18,Q1,305505.89,48.62,73
2016,27_E18,Q2,401103.68,68.01,68
2016,27_E18,Q3,534996.69,88.97,51
2016,27_E18,Q4a,688976.92,123.27,52
2016,27_E18,Q4b,915539.8,180.79,25
2016,27_IG1,Q1,208768.98,45.52,120
2016,27_IG1,Q2,293818.8,67.85,84
2016,27_IG1,Q3,363337.34,89.65,111
2016,27_IG1,Q4a,479578.49,122.53,86
2016,27_IG1,Q4b,633777.81,182.85,27
2016,27_IG11,Q1,152833.33,45.16,6
2016,27_IG11,Q2,243500.0,62.58,2
2016,27_IG11,Q3,,,0
2016,27_IG11,Q4a,,,0
2016,27_IG11,Q4b,,,0
2016,27_IG2,Q1,244228.52,49.04,71
2016,27_IG2,Q2,307680.89,65.59,63
2016,27_IG2,Q3,422777.98,91.44,87
2016,27_IG2,Q4a,499627.45,121.21,51
2016,27_IG2,Q4b,602916.67,170.11,6
2016,27_IG3,Q1,191890.34,45.08,44
2016,27_IG3,Q2,324694.46,69.01,28
2016,27_IG3,Q3,404506.9,91.14,87
2016,27_IG3,Q4a,445379.35,122.83,74
2016,27_IG3,Q4b,670526.47,192.53,17
2016,27_IG4,Q1,172624.58,45.76,12
2016,27_IG4,Q2,266400.0,65.46,10
2016,27_IG4,Q3,531166.67,92.17,18
2016,27_IG4,Q4a,559044.0,121.57,25
2016,27_IG4,Q4b,662051.25,174.38,8
2016,27_IG5,Q1,252500.0,52.13,12
2016,27_IG5,Q2,335162.07,68.76,29
2016,27_IG5,Q3,446704.08,90.74,49
2016,27_IG5,Q4a,514072.22,120.18,54
2016,27_IG5,Q4b,698055.56,171.33,9
2016,27_IG6,Q1,269118.75,51.31,48
2016,27_IG6,Q2,323051.91,68.29,102
2016,27_IG6,Q3,397043.61,90.69,144
2016,27_IG6,Q4a,459969.62,119.6,95
2016,27_IG6,Q4b,626300.0,181.45,15
2016,27_IG7,Q1,239571.43,49.69,21
2016,27_IG7,Q2,305847.83,69.98,23
2016,27_IG7,Q3,357379.73,87.29,37
2016,27_IG7,Q4a,430333.33,117.49,9
2016,27_IG7,Q4b,923625.0,207.75,4
2016,27_IG8,Q1,275411.56,48.79,48
2016,27_IG8,Q2,369878.88,69.06,88
2016,27_IG8,Q3,475582.22,89.3,131
2016,27_IG8,Q4a,660634.6,121.82,91
2016,27_IG8,Q4b,939071.43,183.7,35
2016,27_IG9,Q1,250000.0,36.5,2
2016,27_IG9,Q2,448510.0,70.07,3
2016,27_IG9,Q3,477444.44,86.47,9
2016,27_IG9,Q4a,667000.0,126.32,4
2016,27_IG9,Q4b,1055000.0,194.5,2
2016,27_RM6,Q1,205819.46,48.22,48
2016,27_RM6,Q2,306890.0,67.91,50
2016,27_RM6,Q3,378661.36,89.07,70
2016,27_RM6,Q4a,450630.43,118.87,23
2016,27_RM6,Q4b,,,0
2016,27_RM8,Q1,225166.67,46.84,12
2016,27_RM8,Q2,324500.0,62.0,2
2016,27_RM8,Q3,,,0
2016,27_RM8,Q4a,384000.0,119.5,2
2016,27_RM8,Q4b,,,0
2016,28_KT1,Q1,377063.33,48.68,15
2016,28_KT1,Q2,493030.0,69.63,15
2016,28_KT1,Q3,632350.0,89.23,7
2016,28_KT1,Q4a,885842.86,121.76,7
2016,28_KT1,Q4b,1790000.0,191.0,4
2016,28_KT2,Q1,312650.0,50.07,3
2016,28_KT2,Q2,570000.0,75.5,2
2016,28_KT2,Q3,465000.0,80.0,1
2016,28_KT2,Q4a,,,0
2016,28_KT2,Q4b,,,0
2016,28_KT8,Q1,327700.0,41.0,5
2016,28_KT8,Q2,459000.0,69.65,3
2016,28_KT8,Q3,568500.0,82.0,2
2016,28_KT8,Q4a,804655.5,121.96,2
2016,28_KT8,Q4b,,,0
2016,28_SW13,Q1,481136.36,49.52,11
2016,28_SW13,Q2,605060.0,68.4,25
2016,28_SW13,Q3,955943.06,87.87,36
2016,28_SW13,Q4a,1355283.78,124.28,37
2016,28_SW13,Q4b,2372555.56,218.72,45
2016,28_SW14,Q1,450787.88,48.09,33
2016,28_SW14,Q2,589467.63,68.31,43
2016,28_SW14,Q3,830016.12,90.69,41
2016,28_SW14,Q4a,1111820.2,124.32,83
2016,28_SW14,Q4b,1629128.64,186.02,55
2016,28_SW15,Q1,382862.5,41.4,4
2016,28_SW15,Q2,515357.14,71.1,7
2016,28_SW15,Q3,558581.25,87.95,8
2016,28_SW15,Q4a,,,0
2016,28_SW15,Q4b,,,0
2016,28_TW1,Q1,386769.82,45.61,103
2016,28_TW1,Q2,577768.26,67.85,115
2016,28_TW1,Q3,752542.51,89.57,81
2016,28_TW1,Q4a,1034424.42,125.18,80
2016,28_TW1,Q4b,1631833.33,202.22,39
2016,28_TW10,Q1,502607.11,47.57,45
2016,28_TW10,Q2,605011.53,67.34,62
2016,28_TW10,Q3,672128.18,87.16,55
2016,28_TW10,Q4a,1019151.34,122.6,38
2016,28_TW10,Q4b,2125021.21,217.66,33
2016,28_TW11,Q1,355935.86,46.05,87
2016,28_TW11,Q2,540171.65,68.28,88
2016,28_TW11,Q3,695729.06,88.28,86
2016,28_TW11,Q4a,909669.65,122.55,71
2016,28_TW11,Q4b,1488921.43,195.01,70
2016,28_TW12,Q1,299631.25,48.06,64
2016,28_TW12,Q2,415905.57,67.33,87
2016,28_TW12,Q3,556179.52,90.01,83
2016,28_TW12,Q4a,759755.47,121.42,64
2016,28_TW12,Q4b,1262544.12,214.66,34
2016,28_TW13,Q1,396400.0,47.15,2
2016,28_TW13,Q2,,,0
2016,28_TW13,Q3,400000.0,78.0,1
2016,28_TW13,Q4a,,,0
2016,28_TW13,Q4b,,,0
2016,28_TW2,Q1,357814.65,48.19,78
2016,28_TW2,Q2,476154.2,68.09,103
2016,28_TW2,Q3,592196.75,90.12,114
2016,28_TW2,Q4a,716339.26,120.69,87
2016,28_TW2,Q4b,919903.12,165.65,16
2016,28_TW3,Q1,323750.0,54.5,2
2016,28_TW3,Q2,439987.5,70.75,4
2016,28_TW3,Q3,512278.57,87.04,7
2016,28_TW3,Q4a,551740.0,116.0,6
2016,28_TW3,Q4b,,,0
2016,28_TW4,Q1,275900.0,44.2,5
2016,28_TW4,Q2,325780.0,70.2,5
2016,28_TW4,Q3,349791.67,89.08,12
2016,28_TW4,Q4a,552730.0,120.2,10
2016,28_TW4,Q4b,735000.0,212.0,1
2016,28_TW7,Q1,417500.0,55.5,2
2016,28_TW7,Q2,470770.0,72.33,3
2016,28_TW7,Q3,732375.0,90.5,4
2016,28_TW7,Q4a,1110000.0,114.0,1
2016,28_TW7,Q4b,,,0
2016,28_TW9,Q1,417824.04,48.17,104
2016,28_TW9,Q2,562067.62,67.22,88
2016,28_TW9,Q3,773512.42,88.3,66
2016,28_TW9,Q4a,1069068.63,124.24,51
2016,28_TW9,Q4b,1768405.83,190.35,42
2016,29_SE1,Q1,478890.77,48.93,397
2016,29_SE1,Q2,641822.47,68.66,280
2016,29_SE1,Q3,906691.63,86.82,264
2016,29_SE1,Q4a,1798464.85,117.23,117
2016,29_SE1,Q4b,3818005.47,213.36,19
2016,29_SE11,Q1,451166.67,53.94,3
2016,29_SE11,Q2,567500.0,70.17,4
2016,29_SE11,Q3,925000.0,81.0,1
2016,29_SE11,Q4a,1087500.0,124.67,3
2016,29_SE11,Q4b,,,0
2016,29_SE14,Q1,254333.33,52.83,3
2016,29_SE14,Q2,275550.0,65.0,2
2016,29_SE14,Q3,,,0
2016,29_SE14,Q4a,,,0
2016,29_SE14,Q4b,,,0
2016,29_SE15,Q1,359759.52,49.07,217
2016,29_SE15,Q2,439496.13,67.07,157
2016,29_SE15,Q3,582379.86,89.46,106
2016,29_SE15,Q4a,767389.96,119.13,80
2016,29_SE15,Q4b,1136257.61,184.59,28
2016,29_SE16,Q1,356970.09,48.18,240
2016,29_SE16,Q2,486110.55,68.32,166
2016,29_SE16,Q3,598948.55,88.59,88
2016,29_SE16,Q4a,769499.78,122.92,60
2016,29_SE16,Q4b,2400000.0,164.0,1
2016,29_SE17,Q1,375162.78,48.66,72
2016,29_SE17,Q2,510524.45,68.79,62
2016,29_SE17,Q3,608500.0,87.14,35
2016,29_SE17,Q4a,808875.0,119.02,8
2016,29_SE17,Q4b,1230000.0,183.6,1
2016,29_SE19,Q1,301331.92,49.82,13
2016,29_SE19,Q2,327945.29,69.55,7
2016,29_SE19,Q3,454038.46,82.32,13
2016,29_SE19,Q4a,734900.0,125.27,10
2016,29_SE19,Q4b,1118250.0,189.5,2
2016,29_SE21,Q1,256800.0,54.2,5
2016,29_SE21,Q2,339726.92,68.23,13
2016,29_SE21,Q3,634708.33,89.72,12
2016,29_SE21,Q4a,978330.56,120.37,18
2016,29_SE21,Q4b,2388231.58,232.16,19
2016,29_SE22,Q1,412449.31,49.27,109
2016,29_SE22,Q2,490056.67,67.38,90
2016,29_SE22,Q3,670147.82,88.09,71
2016,29_SE22,Q4a,921262.85,125.05,80
2016,29_SE22,Q4b,1366348.33,186.53,30
2016,29_SE23,Q1,365625.0,50.11,8
2016,29_SE23,Q2,391875.0,66.55,12
2016,29_SE23,Q3,423750.0,85.5,2
2016,29_SE23,Q4a,773666.67,130.0,3
2016,29_SE23,Q4b,1125000.0,209.0,1
2016,29_SE24,Q1,432833.33,48.72,9
2016,29_SE24,Q2,589420.0,68.04,15
2016,29_SE24,Q3,671107.33,87.98,9
2016,29_SE24,Q4a,1061500.0,126.95,14
2016,29_SE24,Q4b,1737245.24,212.99,21
2016,29_SE26,Q1,302500.0,44.15,4
2016,29_SE26,Q2,,,0
2016,29_SE26,Q3,542500.0,84.5,2
2016,29_SE26,Q4a,784250.0,125.83,6
2016,29_SE26,Q4b,820000.0,185.0,2
2016,29_SE4,Q1,,,0
2016,29_SE4,Q2,,,0
2016,29_SE4,Q3,,,0
2016,29_SE4,Q4a,,,0
2016,29_SE4,Q4b,,,0
2016,29_SE5,Q1,343101.57,48.1,112
2016,29_SE5,Q2,448382.77,70.04,103
2016,29_SE5,Q3,544796.68,87.66,90
2016,29_SE5,Q4a,771581.25,116.25,32
2016,29_SE5,Q4b,1416718.75,201.96,16
2016,29_SE8,Q1,293750.0,44.0,4
2016,29_SE8,Q2,427500.0,65.0,4
2016,29_SE8,Q3,,,0
2016,29_SE8,Q4a,600000.0,109.0,1
2016,29_SE8,Q4b,,,0
2016,2_EN4,Q1,306272.12,45.82,52
2016,2_EN4,Q2,407350.74,67.63,68
2016,2_EN4,Q3,534393.55,89.11,62
2016,2_EN4,Q4a,642757.64,123.52,59
2016,2_EN4,Q4b,910904.55,182.85,11
2016,2_EN5,Q1,289970.78,48.69,102
2016,2_EN5,Q2,398933.33,68.11,123
2016,2_EN5,Q3,519659.96,91.34,135
2016,2_EN5,Q4a,691178.31,123.54,124
2016,2_EN5,Q4b,1034106.92,197.07,65
2016,2_HA7,Q1,,,0
2016,2_HA7,Q2,,,0
2016,2_HA7,Q3,,,0
2016,2_HA7,Q4a,895000.0,106.0,1
2016,2_HA7,Q4b,1085000.0,192.5,2
2016,2_HA8,Q1,301627.34,48.82,149
2016,2_HA8,Q2,370423.5,69.7,173
2016,2_HA8,Q3,451908.37,88.49,82
2016,2_HA8,Q4a,633054.92,122.37,61
2016,2_HA8,Q4b,875558.06,183.77,31
2016,2_N10,Q1,349600.0,47.16,17
2016,2_N10,Q2,402015.77,68.57,13
2016,2_N10,Q3,606933.33,91.07,15
2016,2_N10,Q4a,777897.37,117.34,19
2016,2_N10,Q4b,927500.0,163.5,2
2016,2_N11,Q1,304567.22,46.51,45
2016,2_N11,Q2,428498.68,68.06,38
2016,2_N11,Q3,551841.76,88.53,37
2016,2_N11,Q4a,660771.29,121.52,35
2016,2_N11,Q4b,738000.0,175.44,9
2016,2_N12,Q1,313446.75,48.66,77
2016,2_N12,Q2,405685.21,67.3,71
2016,2_N12,Q3,547152.83,88.52,106
2016,2_N12,Q4a,782857.41,124.75,81
2016,2_N12,Q4b,1008259.26,182.41,27
2016,2_N14,Q1,,,0
2016,2_N14,Q2,570000.0,77.0,1
2016,2_N14,Q3,618863.55,91.85,11
2016,2_N14,Q4a,717055.29,125.31,21
2016,2_N14,Q4b,877850.0,166.37,7
2016,2_N2,Q1,331925.53,45.37,49
2016,2_N2,Q2,498131.4,66.64,50
2016,2_N2,Q3,644142.86,89.63,35
2016,2_N2,Q4a,1016798.84,128.25,38
2016,2_N2,Q4b,2099083.04,203.94,26
2016,2_N20,Q1,314472.73,49.99,33
2016,2_N20,Q2,394524.11,68.32,62
2016,2_N20,Q3,574924.11,90.57,56
2016,2_N20,Q4a,777203.66,127.02,41
2016,2_N20,Q4b,1245083.93,201.61,60
2016,2_N3,Q1,370042.39,51.2,46
2016,2_N3,Q2,460275.0,67.26,57
2016,2_N3,Q3,598677.08,91.67,48
2016,2_N3,Q4a,820699.98,123.99,56
2016,2_N3,Q4b,1274598.56,195.29,41
2016,2_NW11,Q1,382836.06,47.97,34
2016,2_NW11,Q2,558662.48,68.97,40
2016,2_NW11,Q3,630776.32,90.06,38
2016,2_NW11,Q4a,1011036.67,126.45,60
2016,2_NW11,Q4b,1642682.43,206.08,74
2016,2_NW2,Q1,307111.11,44.6,45
2016,2_NW2,Q2,436979.35,66.3,69
2016,2_NW2,Q3,600188.88,93.64,50
2016,2_NW2,Q4a,746195.12,125.38,41
2016,2_NW2,Q4b,1727454.55,230.96,11
2016,2_NW3,Q1,685166.67,53.33,3
2016,2_NW3,Q2,494000.0,67.28,1
2016,2_NW3,Q3,,,0
2016,2_NW3,Q4a,1670000.0,130.0,2
2016,2_NW3,Q4b,2975000.0,150.75,1
2016,2_NW4,Q1,321593.03,49.4,64
2016,2_NW4,Q2,405025.0,68.25,78
2016,2_NW4,Q3,520439.71,88.72,68
2016,2_NW4,Q4a,715271.23,124.1,61
2016,2_NW4,Q4b,1224617.65,188.08,34
2016,2_NW7,Q1,343101.13,51.46,75
2016,2_NW7,Q2,424863.59,68.31,99
2016,2_NW7,Q3,581419.11,90.14,107
2016,2_NW7,Q4a,770523.71,125.9,116
2016,2_NW7,Q4b,1291780.81,196.15,86
2016,2_NW9,Q1,293549.64,44.28,272
2016,2_NW9,Q2,429373.12,68.59,291
2016,2_NW9,Q3,465534.58,85.9,146
2016,2_NW9,Q4a,559193.97,120.05,58
2016,2_NW9,Q4b,907928.57,170.57,7
2016,2_WD6,Q1,,,0
2016,2_WD6,Q2,,,0
2016,2_WD6,Q3,,,0
2016,2_WD6,Q4a,,,0
2016,2_WD6,Q4b,,,0
2016,30_CR0,Q1,245271.31,43.3,88
2016,30_CR0,Q2,330896.55,68.1,29
2016,30_CR0,Q3,371200.0,88.64,26
2016,30_CR0,Q4a,436200.0,115.08,12
2016,30_CR0,Q4b,562500.0,154.0,1
2016,30_CR4,Q1,234329.5,45.14,22
2016,30_CR4,Q2,301681.54,67.32,13
2016,30_CR4,Q3,371290.0,88.4,5
2016,30_CR4,Q4a,377500.0,112.0,3
2016,30_CR4,Q4b,,,0
2016,30_CR5,Q1,265000.0,57.5,2
2016,30_CR5,Q2,265109.43,68.8,7
2016,30_CR5,Q3,350312.5,90.78,8
2016,30_CR5,Q4a,536428.57,122.14,7
2016,30_CR5,Q4b,,,0
2016,30_CR8,Q1,240000.0,49.0,1
2016,30_CR8,Q2,,,0
2016,30_CR8,Q3,,,0
2016,30_CR8,Q4a,649250.0,136.25,4
2016,30_CR8,Q4b,888500.0,213.94,6
2016,30_KT17,Q1,,,0
2016,30_KT17,Q2,,,0
2016,30_KT17,Q3,550000.0,84.0,1
2016,30_KT17,Q4a,687500.0,147.0,1
2016,30_KT17,Q4b,,,0
2016,30_KT4,Q1,293664.0,49.36,50
2016,30_KT4,Q2,379439.75,68.6,59
2016,30_KT4,Q3,468490.15,88.18,66
2016,30_KT4,Q4a,573096.85,120.18,46
2016,30_KT4,Q4b,787607.14,174.77,14
2016,30_SM1,Q1,245698.46,48.58,188
2016,30_SM1,Q2,333826.82,69.37,254
2016,30_SM1,Q3,398300.89,87.38,194
2016,30_SM1,Q4a,513512.58,120.52,72
2016,30_SM1,Q4b,695369.0,173.91,14
2016,30_SM2,Q1,241459.8,46.97,140
2016,30_SM2,Q2,324208.5,67.58,100
2016,30_SM2,Q3,407730.48,88.36,63
2016,30_SM2,Q4a,624757.67,123.23,58
2016,30_SM2,Q4b,1018774.54,213.05,61
2016,30_SM3,Q1,253454.25,40.54,120
2016,30_SM3,Q2,361535.06,68.6,77
2016,30_SM3,Q3,441814.7,89.97,115
2016,30_SM3,Q4a,545756.82,122.05,55
2016,30_SM3,Q4b,702487.5,173.54,4
2016,30_SM4,Q1,160000.0,41.54,2
2016,30_SM4,Q2,336847.06,67.37,17
2016,30_SM4,Q3,376538.46,83.38,13
2016,30_SM4,Q4a,415500.0,106.0,1
2016,30_SM4,Q4b,,,0
2016,30_SM5,Q1,260509.31,48.54,127
2016,30_SM5,Q2,319881.31,67.91,176
2016,30_SM5,Q3,405207.41,87.37,119
2016,30_SM5,Q4a,531292.67,120.83,103
2016,30_SM5,Q4b,766487.67,187.25,27
2016,30_SM6,Q1,243067.88,48.19,144
2016,30_SM6,Q2,312525.26,67.6,138
2016,30_SM6,Q3,396541.67,89.01,120
2016,30_SM6,Q4a,501273.78,121.96,82
2016,30_SM6,Q4b,733838.71,181.47,31
2016,30_SM7,Q1,,,0
2016,30_SM7,Q2,,,0
2016,30_SM7,Q3,,,0
2016,30_SM7,Q4a,682500.0,105.5,2
2016,30_SM7,Q4b,968333.33,200.6,9
2016,31_E1,Q1,463936.08,48.46,240
2016,31_E1,Q2,552028.27,68.55,181
2016,31_E1,Q3,784365.45,86.13,100
2016,31_E1,Q4a,1040009.29,115.14,35
2016,31_E1,Q4b,2465818.18,221.82,11
2016,31_E14,Q1,381022.73,46.82,1055
2016,31_E14,Q2,484048.52,69.74,600
2016,31_E14,Q3,637078.0,86.61,534
2016,31_E14,Q4a,879207.78,119.35,100
2016,31_E14,Q4b,1383294.44,177.86,18
2016,31_E1W,Q1,482590.56,50.14,59
2016,31_E1W,Q2,598732.36,69.34,44
2016,31_E1W,Q3,841007.14,89.09,42
2016,31_E1W,Q4a,1154925.0,119.88,20
2016,31_E1W,Q4b,2544071.43,202.28,7
2016,31_E2,Q1,419469.69,49.97,156
2016,31_E2,Q2,518096.49,69.59,158
2016,31_E2,Q3,709551.12,86.83,95
2016,31_E2,Q4a,886016.67,121.37,24
2016,31_E2,Q4b,1675000.0,170.0,1
2016,31_E3,Q1,358293.72,47.52,343
2016,31_E3,Q2,452051.76,69.33,290
2016,31_E3,Q3,564525.12,88.3,171
2016,31_E3,Q4a,749237.5,117.59,48
2016,31_E3,Q4b,1293166.67,181.56,9
2016,31_E9,Q1,,,0
2016,31_E9,Q2,,,0
2016,31_E9,Q3,,,0
2016,31_E9,Q4a,,,0
2016,31_E9,Q4b,,,0
2016,32_E10,Q1,314781.97,48.14,143
2016,32_E10,Q2,394160.3,68.39,174
2016,32_E10,Q3,487184.4,88.69,141
2016,32_E10,Q4a,563255.62,119.31,64
2016,32_E10,Q4b,655000.0,172.2,5
2016,32_E11,Q1,311391.44,46.93,97
2016,32_E11,Q2,411507.05,67.31,79
2016,32_E11,Q3,491436.29,87.41,101
2016,32_E11,Q4a,597963.06,118.97,51
2016,32_E11,Q4b,653190.0,180.12,10
2016,32_E15,Q1,323190.0,49.4,6
2016,32_E15,Q2,430000.0,70.17,10
2016,32_E15,Q3,489850.0,90.9,10
2016,32_E15,Q4a,430000.0,107.5,2
2016,32_E15,Q4b,,,0
2016,32_E17,Q1,326173.8,47.48,314
2016,32_E17,Q2,419413.54,68.5,335
2016,32_E17,Q3,525454.36,88.46,314
2016,32_E17,Q4a,631385.74,119.31,133
2016,32_E17,Q4b,798951.25,165.41,20
2016,32_E4,Q1,252515.26,48.42,153
2016,32_E4,Q2,340101.07,66.9,160
2016,32_E4,Q3,449476.41,90.52,231
2016,32_E4,Q4a,530765.19,121.27,165
2016,32_E4,Q4b,745529.41,174.76,17
2016,32_E5,Q1,,,0
2016,32_E5,Q2,510000.0,70.0,4
2016,32_E5,Q3,460000.0,79.0,3
2016,32_E5,Q4a,,,0
2016,32_E5,Q4b,,,0
2016,32_E7,Q1,272000.0,51.4,5
2016,32_E7,Q2,441678.57,71.35,14
2016,32_E7,Q3,461045.45,90.82,11
2016,32_E7,Q4a,450000.0,106.5,2
2016,32_E7,Q4b,630000.0,174.0,1
2016,32_IG8,Q1,286677.78,50.12,9
2016,32_IG8,Q2,368555.56,64.56,9
2016,32_IG8,Q3,513770.59,92.55,17
2016,32_IG8,Q4a,627538.46,121.15,13
2016,32_IG8,Q4b,921666.67,198.67,6
2016,33_SW11,Q1,458215.64,47.91,277
2016,33_SW11,Q2,627806.47,68.92,280
2016,33_SW11,Q3,844439.16,88.04,261
2016,33_SW11,Q4a,1198462.46,124.85,164
2016,33_SW11,Q4b,1843814.72,189.78,129
2016,33_SW12,Q1,450216.45,48.76,102
2016,33_SW12,Q2,608227.62,70.54,105
2016,33_SW12,Q3,718357.53,87.87,68
2016,33_SW12,Q4a,1099039.88,124.14,59
2016,33_SW12,Q4b,1747487.5,206.99,40
2016,33_SW15,Q1,397693.44,47.56,203
2016,33_SW15,Q2,582000.01,68.89,410
2016,33_SW15,Q3,697493.77,87.33,190
2016,33_SW15,Q4a,1071291.23,125.57,149
2016,33_SW15,Q4b,1731294.38,204.21,89
2016,33_SW16,Q1,336433.87,50.4,31
2016,33_SW16,Q2,416685.15,66.16,33
2016,33_SW16,Q3,535448.08,90.34,26
2016,33_SW16,Q4a,758829.32,129.97,28
2016,33_SW16,Q4b,901222.22,173.56,9
2016,33_SW17,Q1,399001.19,47.23,198
2016,33_SW17,Q2,526046.55,67.76,183
2016,33_SW17,Q3,668993.68,89.58,137
2016,33_SW17,Q4a,830838.56,121.05,134
2016,33_SW17,Q4b,1618821.8,214.03,64
2016,33_SW18,Q1,446400.93,49.5,274
2016,33_SW18,Q2,598184.89,69.16,347
2016,33_SW18,Q3,752312.7,88.04,216
2016,33_SW18,Q4a,1081014.09,121.93,224
2016,33_SW18,Q4b,1802639.4,199.54,98
2016,33_SW19,Q1,352096.43,45.96,56
2016,33_SW19,Q2,438119.32,67.56,44
2016,33_SW19,Q3,582882.0,86.12,25
2016,33_SW19,Q4a,1052817.75,140.0,4
2016,33_SW19,Q4b,1547291.67,209.15,12
2016,33_SW4,Q1,572500.0,54.0,3
2016,33_SW4,Q2,614150.0,61.06,4
2016,33_SW4,Q3,810000.0,90.0,1
2016,33_SW4,Q4a,1081666.67,119.0,3
2016,33_SW4,Q4b,1896000.0,192.7,5
2016,33_SW8,Q1,518223.25,48.58,87
2016,33_SW8,Q2,735474.15,70.46,95
2016,33_SW8,Q3,934092.46,87.23,61
2016,33_SW8,Q4a,1576047.0,119.67,21
2016,33_SW8,Q4b,2732300.0,177.0,2
2016,34_NW1,Q1,619852.14,46.54,21
2016,34_NW1,Q2,825517.62,67.68,16
2016,34_NW1,Q3,1248225.1,89.59,20
2016,34_NW1,Q4a,1644766.6,125.51,15
2016,34_NW1,Q4b,3199042.8,218.35,10
2016,34_NW6,Q1,488500.0,40.0,2
2016,34_NW6,Q2,580044.17,69.17,6
2016,34_NW6,Q3,655000.0,85.75,4
2016,34_NW6,Q4a,955000.0,124.0,1
2016,34_NW6,Q4b,,,0
2016,34_NW8,Q1,502862.3,43.21,76
2016,34_NW8,Q2,798891.89,67.33,37
2016,34_NW8,Q3,1049679.1,85.21,20
2016,34_NW8,Q4a,1794231.31,119.42,29
2016,34_NW8,Q4b,3496177.21,215.32,43
2016,34_SW1A,Q1,170000.0,26.0,1
2016,34_SW1A,Q2,995000.0,71.0,1
2016,34_SW1A,Q3,1806333.33,90.3,3
2016,34_SW1A,Q4a,1675000.0,107.11,1
2016,34_SW1A,Q4b,4839850.0,239.22,3
2016,34_SW1E,Q1,924999.5,53.0,2
2016,34_SW1E,Q2,665833.33,64.67,3
2016,34_SW1E,Q3,1485000.0,94.0,3
2016,34_SW1E,Q4a,2193333.33,125.67,3
2016,34_SW1E,Q4b,3989285.71,194.0,7
2016,34_SW1H,Q1,740000.0,44.0,1
2016,34_SW1H,Q2,870000.0,66.0,1
2016,34_SW1H,Q3,1200000.0,83.0,1
2016,34_SW1H,Q4a,1577500.0,126.0,1
2016,34_SW1H,Q4b,,,0
2016,34_SW1P,Q1,748342.76,48.46,76
2016,34_SW1P,Q2,909279.2,67.3,50
2016,34_SW1P,Q3,1592574.36,92.23,56
2016,34_SW1P,Q4a,2150500.85,120.27,93
2016,34_SW1P,Q4b,4109793.38,194.44,34
2016,34_SW1V,Q1,566241.23,39.85,57
2016,34_SW1V,Q2,784458.05,67.32,40
2016,34_SW1V,Q3,1098804.35,89.04,23
2016,34_SW1V,Q4a,1738749.58,125.34,12
2016,34_SW1V,Q4b,2635000.0,211.13,9
2016,34_SW1W,Q1,664008.7,47.62,23
2016,34_SW1W,Q2,1030192.31,68.18,13
2016,34_SW1W,Q3,1701262.04,92.18,27
2016,34_SW1W,Q4a,2499080.88,121.5,17
2016,34_SW1W,Q4b,3549605.26,216.74,19
2016,34_SW1X,Q1,1410000.0,54.75,4
2016,34_SW1X,Q2,509000.0,68.5,2
2016,34_SW1X,Q3,2164650.0,91.9,4
2016,34_SW1X,Q4a,3305400.2,121.99,5
2016,34_SW1X,Q4b,5448375.0,213.32,12
2016,34_SW1Y,Q1,700773.33,43.12,3
2016,34_SW1Y,Q2,,,0
2016,34_SW1Y,Q3,2488000.0,92.46,4
2016,34_SW1Y,Q4a,2925000.0,109.0,1
2016,34_SW1Y,Q4b,,,0
2016,34_SW3,Q1,,,0
2016,34_SW3,Q2,1500000.0,69.0,1
2016,34_SW3,Q3,,,0
2016,34_SW3,Q4a,,,0
2016,34_SW3,Q4b,,,0
2016,34_SW7,Q1,1380000.0,55.0,1
2016,34_SW7,Q2,1962250.0,71.23,4
2016,34_SW7,Q3,2550000.0,89.0,2
2016,34_SW7,Q4a,3545604.2,133.04,15
2016,34_SW7,Q4b,6847545.45,229.1,11
2016,34_W10,Q1,471212.5,46.36,12
2016,34_W10,Q2,690009.09,71.75,11
2016,34_W10,Q3,816760.57,85.32,14
2016,34_W10,Q4a,904500.0,113.45,10
2016,34_W10,Q4b,,,0
2016,34_W11,Q1,597916.67,43.31,6
2016,34_W11,Q2,702210.0,69.4,5
2016,34_W11,Q3,1032500.0,91.5,4
2016,34_W11,Q4a,1980000.0,139.0,1
2016,34_W11,Q4b,5133437.17,312.44,6
2016,34_W1B,Q1,,,0
2016,34_W1B,Q2,1435000.0,76.0,1
2016,34_W1B,Q3,,,0
2016,34_W1B,Q4a,2464946.0,145.0,1
2016,34_W1B,Q4b,4158750.0,232.0,4
2016,34_W1D,Q1,753333.33,40.0,3
2016,34_W1D,Q2,,,0
2016,34_W1D,Q3,,,0
2016,34_W1D,Q4a,3500000.0,146.0,1
2016,34_W1D,Q4b,3650000.0,194.0,1
2016,34_W1F,Q1,848375.0,41.25,8
2016,34_W1F,Q2,864000.0,64.65,2
2016,34_W1F,Q3,2415000.0,100.0,2
2016,34_W1F,Q4a,2958333.33,114.39,6
2016,34_W1F,Q4b,3688750.0,171.75,8
2016,34_W1G,Q1,1074000.0,53.27,5
2016,34_W1G,Q2,1037500.0,64.5,2
2016,34_W1G,Q3,2075008.0,95.25,5
2016,34_W1G,Q4a,3000833.33,136.16,6
2016,34_W1G,Q4b,5666666.67,209.66,3
2016,34_W1H,Q1,662472.5,43.66,20
2016,34_W1H,Q2,984821.43,69.08,14
2016,34_W1H,Q3,1436142.86,91.95,14
2016,34_W1H,Q4a,1975230.77,123.74,13
2016,34_W1H,Q4b,3563282.18,213.16,11
2016,34_W1J,Q1,908500.0,46.4,5
2016,34_W1J,Q2,1718571.43,71.27,7
2016,34_W1J,Q3,2193000.0,82.03,5
2016,34_W1J,Q4a,4875000.0,139.0,1
2016,34_W1J,Q4b,7030000.0,269.0,1
2016,34_W1K,Q1,770434.4,44.45,5
2016,34_W1K,Q2,1073000.0,72.5,2
2016,34_W1K,Q3,2145833.33,91.78,6
2016,34_W1K,Q4a,3503500.0,123.0,4
2016,34_W1K,Q4b,9316450.0,233.38,5
2016,34_W1S,Q1,,,0
2016,34_W1S,Q2,,,0
2016,34_W1S,Q3,,,0
2016,34_W1S,Q4a,,,0
2016,34_W1S,Q4b,14000000.0,358.0,1
2016,34_W1T,Q1,760625.0,51.12,4
2016,34_W1T,Q2,1175250.0,73.9,4
2016,34_W1T,Q3,2045000.0,97.0,2
2016,34_W1T,Q4a,2328900.0,121.0,4
2016,34_W1T,Q4b,3850000.0,159.0,1
2016,34_W1U,Q1,728916.67,44.52,12
2016,34_W1U,Q2,1236428.57,69.12,7
2016,34_W1U,Q3,1870733.89,92.56,9
2016,34_W1U,Q4a,3119088.24,124.82,17
2016,34_W1U,Q4b,5117041.67,220.23,12
2016,34_W1W,Q1,558287.5,38.43,16
2016,34_W1W,Q2,1294751.92,68.62,12
2016,34_W1W,Q3,1116666.67,81.67,3
2016,34_W1W,Q4a,2559000.0,135.4,5
2016,34_W1W,Q4b,2415000.0,156.39,1
2016,34_W2,Q1,624787.58,43.93,209
2016,34_W2,Q2,873404.99,68.93,81
2016,34_W2,Q3,1223006.64,86.59,84
2016,34_W2,Q4a,1832304.63,122.02,67
2016,34_W2,Q4b,3978846.7,228.46,40
2016,34_W9,Q1,491371.18,47.01,131
2016,34_W9,Q2,714285.95,68.14,79
2016,34_W9,Q3,1019935.39,90.16,66
2016,34_W9,Q4a,1259480.26,122.78,31
2016,34_W9,Q4b,2451487.5,208.22,16
2016,34_WC2A,Q1,,,0
2016,34_WC2A,Q2,,,0
2016,34_WC2A,Q3,,,0
2016,34_WC2A,Q4a,,,0
2016,34_WC2A,Q4b,,,0
2016,34_WC2B,Q1,712841.82,39.65,11
2016,34_WC2B,Q2,1111500.0,69.5,2
2016,34_WC2B,Q3,1787233.33,100.67,3
2016,34_WC2B,Q4a,2137850.0,113.33,3
2016,34_WC2B,Q4b,,,0
2016,34_WC2E,Q1,789362.5,50.75,4
2016,34_WC2E,Q2,950000.0,69.87,1
2016,34_WC2E,Q3,,,0
2016,34_WC2E,Q4a,,,0
2016,34_WC2E,Q4b,,,0
2016,34_WC2H,Q1,1017400.0,48.2,5
2016,34_WC2H,Q2,,,0
2016,34_WC2H,Q3,1499000.0,79.0,1
2016,34_WC2H,Q4a,1681000.0,107.0,1
2016,34_WC2H,Q4b,,,0
2016,34_WC2N,Q1,650000.0,49.0,3
2016,34_WC2N,Q2,,,0
2016,34_WC2N,Q3,,,0
2016,34_WC2N,Q4a,1675000.0,111.67,1
2016,34_WC2N,Q4b,3700000.0,222.62,2
2016,34_WC2R,Q1,993000.0,50.43,7
2016,34_WC2R,Q2,1135000.0,64.0,4
2016,34_WC2R,Q3,1305000.0,88.5,2
2016,34_WC2R,Q4a,2138500.0,113.0,5
2016,34_WC2R,Q4b,1785000.0,161.0,1
2016,3_DA1,Q1,207254.15,47.57,71
2016,3_DA1,Q2,273527.42,68.59,77
2016,3_DA1,Q3,323699.89,87.28,45
2016,3_DA1,Q4a,433961.54,123.89,13
2016,3_DA1,Q4b,449333.33,167.67,3
2016,3_DA14,Q1,234237.56,49.89,114
2016,3_DA14,Q2,276981.63,67.87,92
2016,3_DA14,Q3,383048.2,87.94,86
2016,3_DA14,Q4a,506205.65,121.69,69
2016,3_DA14,Q4b,798950.0,197.66,20
2016,3_DA15,Q1,262668.11,50.26,114
2016,3_DA15,Q2,329654.17,68.97,144
2016,3_DA15,Q3,395573.88,87.17,94
2016,3_DA15,Q4a,507879.86,122.37,72
2016,3_DA15,Q4b,722735.29,179.29,17
2016,3_DA16,Q1,237857.25,51.83,67
2016,3_DA16,Q2,319418.84,69.23,146
2016,3_DA16,Q3,372815.31,88.33,179
2016,3_DA16,Q4a,468222.53,121.74,99
2016,3_DA16,Q4b,618142.71,165.57,7
2016,3_DA17,Q1,206669.14,47.98,64
2016,3_DA17,Q2,267561.87,66.58,86
2016,3_DA17,Q3,315931.66,87.9,102
2016,3_DA17,Q4a,366216.0,117.07,15
2016,3_DA17,Q4b,490000.0,223.0,3
2016,3_DA18,Q1,171750.0,46.63,2
2016,3_DA18,Q2,250000.0,71.0,1
2016,3_DA18,Q3,263500.0,97.5,2
2016,3_DA18,Q4a,307500.0,119.25,4
2016,3_DA18,Q4b,191000.0,161.0,1
2016,3_DA5,Q1,256050.0,52.44,20
2016,3_DA5,Q2,343955.36,69.15,56
2016,3_DA5,Q3,396030.22,88.0,91
2016,3_DA5,Q4a,525002.0,122.86,70
2016,3_DA5,Q4b,736086.96,181.71,23
2016,3_DA6,Q1,230411.62,50.53,34
2016,3_DA6,Q2,282814.81,65.09,27
2016,3_DA6,Q3,375717.28,91.13,46
2016,3_DA6,Q4a,508275.86,123.43,29
2016,3_DA6,Q4b,575714.29,214.71,7
2016,3_DA7,Q1,249053.42,49.58,96
2016,3_DA7,Q2,324938.1,68.32,105
2016,3_DA7,Q3,389081.74,90.29,167
2016,3_DA7,Q4a,461532.41,120.84,116
2016,3_DA7,Q4b,475400.2,173.0,5
2016,3_DA8,Q1,187954.67,50.21,121
2016,3_DA8,Q2,254782.35,68.88,119
2016,3_DA8,Q3,296937.61,88.2,119
2016,3_DA8,Q4a,367107.64,121.99,70
2016,3_DA8,Q4b,551666.67,192.0,3
2016,3_SE2,Q1,214089.06,53.8,16
2016,3_SE2,Q2,278634.62,66.5,13
2016,3_SE2,Q3,371857.14,91.94,21
2016,3_SE2,Q4a,401500.0,118.0,7
2016,3_SE2,Q4b,385000.0,158.0,1
2016,3_SE28,Q1,196731.48,49.02,27
2016,3_SE28,Q2,236857.14,67.45,7
2016,3_SE28,Q3,299867.69,92.7,13
2016,3_SE28,Q4a,332000.0,110.67,3
2016,3_SE28,Q4b,,,0
2016,3_SE9,Q1,230000.0,36.0,1
2016,3_SE9,Q2,377500.0,62.5,2
2016,3_SE9,Q3,464099.5,91.01,10
2016,3_SE9,Q4a,495624.38,127.02,8
2016,3_SE9,Q4b,,,0
2016,4_HA0,Q1,277907.21,48.0,112
2016,4_HA0,Q2,363989.29,69.19,63
2016,4_HA0,Q3,459010.44,87.04,108
2016,4_HA0,Q4a,549112.22,120.95,46
2016,4_HA0,Q4b,702950.0,183.7,10
2016,4_HA1,Q1,,,0
2016,4_HA1,Q2,,,0
2016,4_HA1,Q3,756000.0,87.0,1
2016,4_HA1,Q4a,782500.0,118.5,4
2016,4_HA1,Q4b,962500.0,175.33,3
2016,4_HA3,Q1,247277.78,48.48,18
2016,4_HA3,Q2,314559.38,66.27,16
2016,4_HA3,Q3,549480.77,92.34,26
2016,4_HA3,Q4a,646319.23,124.06,39
2016,4_HA3,Q4b,881621.88,186.5,16
2016,4_HA7,Q1,238000.0,54.0,1
2016,4_HA7,Q2,,,0
2016,4_HA7,Q3,,,0
2016,4_HA7,Q4a,,,0
2016,4_HA7,Q4b,,,0
2016,4_HA8,Q1,315000.0,44.23,2
2016,4_HA8,Q2,434000.0,73.5,4
2016,4_HA8,Q3,549400.0,92.2,5
2016,4_HA8,Q4a,610333.33,105.67,3
2016,4_HA8,Q4b,502500.0,172.69,2
2016,4_HA9,Q1,299705.59,48.8,195
2016,4_HA9,Q2,399163.95,65.4,147
2016,4_HA9,Q3,503733.45,88.38,76
2016,4_HA9,Q4a,617092.5,121.27,54
2016,4_HA9,Q4b,802269.23,192.38,13
2016,4_NW10,Q1,315217.67,49.73,209
2016,4_NW10,Q2,410288.21,68.78,193
2016,4_NW10,Q3,547494.12,90.85,139
2016,4_NW10,Q4a,834153.91,122.81,96
2016,4_NW10,Q4b,1363032.35,191.68,34
2016,4_NW2,Q1,362460.65,48.13,75
2016,4_NW2,Q2,447817.48,68.47,69
2016,4_NW2,Q3,574249.91,87.61,57
2016,4_NW2,Q4a,795528.48,121.26,42
2016,4_NW2,Q4b,1433497.62,218.82,42
2016,4_NW6,Q1,467187.8,48.57,127
2016,4_NW6,Q2,640068.89,69.43,91
2016,4_NW6,Q3,754383.33,86.45,57
2016,4_NW6,Q4a,1128592.31,123.55,39
2016,4_NW6,Q4b,2211922.22,213.68,27
2016,4_NW9,Q1,284844.68,49.86,154
2016,4_NW9,Q2,369591.33,67.47,98
2016,4_NW9,Q3,515612.26,89.35,66
2016,4_NW9,Q4a,588204.55,118.95,22
2016,4_NW9,Q4b,881868.75,184.42,8
2016,4_W10,Q1,483989.8,56.97,5
2016,4_W10,Q2,505318.18,66.39,11
2016,4_W10,Q3,555500.0,90.0,2
2016,4_W10,Q4a,690833.33,129.66,6
2016,4_W10,Q4b,,,0
2016,4_W9,Q1,425000.0,45.0,1
2016,4_W9,Q2,,,0
2016,4_W9,Q3,,,0
2016,4_W9,Q4a,,,0
2016,4_W9,Q4b,,,0
2016,5_CM12,Q1,,,0
2016,5_CM12,Q2,,,0
2016,5_CM12,Q3,,,0
2016,5_CM12,Q4a,,,0
2016,5_CM12,Q4b,,,0
2016,5_CM13,Q1,217970.17,44.41,46
2016,5_CM13,Q2,317994.94,67.65,82
2016,5_CM13,Q3,412033.54,89.89,104
2016,5_CM13,Q4a,563553.84,123.32,86
2016,5_CM13,Q4b,1012490.09,209.66,54
2016,5_CM14,Q1,240585.77,47.62,114
2016,5_CM14,Q2,315490.1,67.13,102
2016,5_CM14,Q3,420608.02,89.07,81
2016,5_CM14,Q4a,551279.66,121.33,59
2016,5_CM14,Q4b,784102.79,189.91,34
2016,5_CM15,Q1,245081.05,49.71,43
2016,5_CM15,Q2,337456.14,67.93,57
2016,5_CM15,Q3,398465.43,89.24,116
2016,5_CM15,Q4a,560712.56,124.49,88
2016,5_CM15,Q4b,821137.55,186.82,53
2016,5_CM4,Q1,215416.67,49.0,6
2016,5_CM4,Q2,340823.24,67.71,17
2016,5_CM4,Q3,475500.0,92.41,20
2016,5_CM4,Q4a,565709.68,120.21,31
2016,5_CM4,Q4b,1118965.52,233.81,29
2016,5_RM4,Q1,,,0
2016,5_RM4,Q2,,,0
2016,5_RM4,Q3,,,0
2016,5_RM4,Q4a,660000.0,140.96,1
2016,5_RM4,Q4b,915000.0,270.5,2
2016,6_BR1,Q1,274448.19,48.94,135
2016,6_BR1,Q2,352065.44,68.42,124
2016,6_BR1,Q3,425225.29,89.95,154
2016,6_BR1,Q4a,601649.94,122.01,139
2016,6_BR1,Q4b,942268.6,204.44,90
2016,6_BR2,Q1,283152.83,48.49,118
2016,6_BR2,Q2,349024.53,67.3,191
2016,6_BR2,Q3,453442.53,89.45,209
2016,6_BR2,Q4a,597938.26,121.22,173
2016,6_BR2,Q4b,946619.49,195.49,100
2016,6_BR3,Q1,281853.46,48.37,214
2016,6_BR3,Q2,365875.13,68.54,183
2016,6_BR3,Q3,477059.79,89.2,216
2016,6_BR3,Q4a,640758.16,123.2,194
2016,6_BR3,Q4b,986377.04,200.22,98
2016,6_BR4,Q1,250470.92,47.96,38
2016,6_BR4,Q2,403485.51,71.52,69
2016,6_BR4,Q3,517062.33,92.29,55
2016,6_BR4,Q4a,606164.9,125.09,104
2016,6_BR4,Q4b,781616.0,193.8,25
2016,6_BR5,Q1,257385.04,50.74,118
2016,6_BR5,Q2,313332.02,68.85,156
2016,6_BR5,Q3,389080.36,90.01,227
2016,6_BR5,Q4a,520956.21,120.51,120
2016,6_BR5,Q4b,814430.36,175.75,28
2016,6_BR6,Q1,270664.36,49.29,101
2016,6_BR6,Q2,375591.28,70.12,133
2016,6_BR6,Q3,437006.01,88.91,222
2016,6_BR6,Q4a,567169.67,122.13,181
2016,6_BR6,Q4b,890822.12,197.37,66
2016,6_BR7,Q1,288329.41,48.28,34
2016,6_BR7,Q2,375319.84,68.62,63
2016,6_BR7,Q3,494658.86,91.06,83
2016,6_BR7,Q4a,702421.76,122.33,54
2016,6_BR7,Q4b,1096270.94,213.99,65
2016,6_BR8,Q1,,,0
2016,6_BR8,Q2,,,0
2016,6_BR8,Q3,,,0
2016,6_BR8,Q4a,475000.0,132.0,1
2016,6_BR8,Q4b,,,0
2016,6_DA14,Q1,,,0
2016,6_DA14,Q2,,,0
2016,6_DA14,Q3,319166.67,91.0,3
2016,6_DA14,Q4a,,,0
2016,6_DA14,Q4b,,,0
2016,6_SE19,Q1,299000.0,44.25,24
2016,6_SE19,Q2,396394.74,66.96,19
2016,6_SE19,Q3,568216.67,89.4,9
2016,6_SE19,Q4a,737561.67,123.4,9
2016,6_SE19,Q4b,,,0
2016,6_SE20,Q1,277074.5,47.91,119
2016,6_SE20,Q2,367052.3,68.44,103
2016,6_SE20,Q3,415287.88,86.34,48
2016,6_SE20,Q4a,590101.38,122.93,40
2016,6_SE20,Q4b,867250.0,197.45,8
2016,6_SE26,Q1,326233.0,47.66,15
2016,6_SE26,Q2,413886.36,70.87,22
2016,6_SE26,Q3,438799.5,86.0,10
2016,6_SE26,Q4a,772500.0,127.48,11
2016,6_SE26,Q4b,1199000.0,230.4,5
2016,6_SE9,Q1,223494.44,47.2,18
2016,6_SE9,Q2,318390.74,69.84,53
2016,6_SE9,Q3,355783.87,86.33,31
2016,6_SE9,Q4a,500444.44,118.12,9
2016,6_SE9,Q4b,836362.5,215.92,4
2016,6_TN14,Q1,,,0
2016,6_TN14,Q2,,,0
2016,6_TN14,Q3,595000.0,94.33,3
2016,6_TN14,Q4a,546000.0,114.8,5
2016,6_TN14,Q4b,776250.0,170.9,2
2016,6_TN16,Q1,255872.5,51.08,20
2016,6_TN16,Q2,311294.44,67.91,27
2016,6_TN16,Q3,357307.78,89.64,58
2016,6_TN16,Q4a,444330.7,122.24,57
2016,6_TN16,Q4b,676388.89,195.69,18
2016,7_EC1M,Q1,,,0
2016,7_EC1M,Q2,,,0
2016,7_EC1M,Q3,,,0
2016,7_EC1M,Q4a,850000.0,106.0,1
2016,7_EC1M,Q4b,,,0
2016,7_EC1N,Q1,437890.0,36.94,5
2016,7_EC1N,Q2,722450.0,70.11,11
2016,7_EC1N,Q3,,,0
2016,7_EC1N,Q4a,1100000.0,117.0,1
2016,7_EC1N,Q4b,,,0
2016,7_EC1R,Q1,415000.0,42.0,1
2016,7_EC1R,Q2,,,0
2016,7_EC1R,Q3,,,0
2016,7_EC1R,Q4a,,,0
2016,7_EC1R,Q4b,,,0
2016,7_N19,Q1,410250.0,44.93,4
2016,7_N19,Q2,636500.0,74.21,2
2016,7_N19,Q3,626083.0,81.21,3
2016,7_N19,Q4a,,,0
2016,7_N19,Q4b,1390000.0,159.0,1
2016,7_N1C,Q1,619800.0,44.7,10
2016,7_N1C,Q2,816136.36,69.0,11
2016,7_N1C,Q3,1036383.7,93.11,27
2016,7_N1C,Q4a,2015353.33,126.07,15
2016,7_N1C,Q4b,1995086.54,169.54,13
2016,7_N6,Q1,474081.82,44.71,11
2016,7_N6,Q2,675000.0,72.25,5
2016,7_N6,Q3,869987.5,86.75,4
2016,7_N6,Q4a,1572990.0,134.2,5
2016,7_N6,Q4b,2117540.0,185.5,10
2016,7_N7,Q1,515833.33,49.67,3
2016,7_N7,Q2,457500.0,62.12,4
2016,7_N7,Q3,815000.0,90.04,2
2016,7_N7,Q4a,,,0
2016,7_N7,Q4b,,,0
2016,7_NW1,Q1,502194.85,41.95,150
2016,7_NW1,Q2,701873.9,67.69,69
2016,7_NW1,Q3,909625.98,88.59,46
2016,7_NW1,Q4a,1322249.97,118.9,32
2016,7_NW1,Q4b,2937608.7,204.34,23
2016,7_NW2,Q1,406471.43,42.51,21
2016,7_NW2,Q2,562428.57,65.65,7
2016,7_NW2,Q3,653714.14,92.29,7
2016,7_NW2,Q4a,988333.33,121.06,6
2016,7_NW2,Q4b,1886493.75,230.06,8
2016,7_NW3,Q1,548459.18,43.8,141
2016,7_NW3,Q2,766630.31,67.78,81
2016,7_NW3,Q3,1025556.59,88.8,74
2016,7_NW3,Q4a,1639925.43,122.26,79
2016,7_NW3,Q4b,3018608.82,223.01,85
2016,7_NW5,Q1,460191.87,46.82,69
2016,7_NW5,Q2,633833.31,69.18,51
2016,7_NW5,Q3,869648.77,89.8,43
2016,7_NW5,Q4a,1241283.33,122.6,30
2016,7_NW5,Q4b,1891400.0,182.59,15
2016,7_NW6,Q1,496292.58,48.56,109
2016,7_NW6,Q2,650598.83,68.41,105
2016,7_NW6,Q3,820983.6,89.35,77
2016,7_NW6,Q4a,1147071.64,121.68,45
2016,7_NW6,Q4b,2269293.1,214.62,29
2016,7_NW8,Q1,413250.0,50.0,2
2016,7_NW8,Q2,644370.0,68.0,5
2016,7_NW8,Q3,646500.0,87.86,5
2016,7_NW8,Q4a,1947055.56,127.89,9
2016,7_NW8,Q4b,2583125.0,194.29,8
2016,7_W1T,Q1,741366.67,43.22,15
2016,7_W1T,Q2,1124500.0,69.33,6
2016,7_W1T,Q3,1638500.0,92.4,5
2016,7_W1T,Q4a,2400000.0,127.0,1
2016,7_W1T,Q4b,4845000.0,244.0,1
2016,7_WC1A,Q1,670833.33,41.17,3
2016,7_WC1A,Q2,,,0
2016,7_WC1A,Q3,,,0
2016,7_WC1A,Q4a,,,0
2016,7_WC1A,Q4b,,,0
2016,7_WC1B,Q1,919950.0,56.0,1
2016,7_WC1B,Q2,842500.0,66.0,1
2016,7_WC1B,Q3,1058000.0,93.08,5
2016,7_WC1B,Q4a,1350000.0,121.0,1
2016,7_WC1B,Q4b,,,0
2016,7_WC1E,Q1,721250.0,51.72,2
2016,7_WC1E,Q2,950000.0,71.79,2
2016,7_WC1E,Q3,,,0
2016,7_WC1E,Q4a,1590000.0,149.98,2
2016,7_WC1E,Q4b,,,0
2016,7_WC1H,Q1,419778.57,31.71,49
2016,7_WC1H,Q2,647650.0,65.38,8
2016,7_WC1H,Q3,950000.0,87.0,2
2016,7_WC1H,Q4a,,,0
2016,7_WC1H,Q4b,1800000.0,170.0,1
2016,7_WC1N,Q1,690494.12,46.47,17
2016,7_WC1N,Q2,756851.82,67.09,11
2016,7_WC1N,Q3,1084050.0,84.5,2
2016,7_WC1N,Q4a,1807333.33,120.33,3
2016,7_WC1N,Q4b,,,0
2016,7_WC1R,Q1,600000.0,55.0,1
2016,7_WC1R,Q2,1050000.0,66.0,2
2016,7_WC1R,Q3,,,0
2016,7_WC1R,Q4a,,,0
2016,7_WC1R,Q4b,,,0
2016,7_WC1V,Q1,,,0
2016,7_WC1V,Q2,,,0
2016,7_WC1V,Q3,1200000.0,90.0,1
2016,7_WC1V,Q4a,,,0
2016,7_WC1V,Q4b,,,0
2016,7_WC1X,Q1,539500.0,41.07,8
2016,7_WC1X,Q2,871666.67,70.93,3
2016,7_WC1X,Q3,865800.0,90.21,5
2016,7_WC1X,Q4a,1010000.0,113.0,1
2016,7_WC1X,Q4b,,,0
2016,7_WC2A,Q1,,,0
2016,7_WC2A,Q2,,,0
2016,7_WC2A,Q3,,,0
2016,7_WC2A,Q4a,,,0
2016,7_WC2A,Q4b,,,0
2016,7_WC2B,Q1,678750.0,45.8,4
2016,7_WC2B,Q2,,,0
2016,7_WC2B,Q3,,,0
2016,7_WC2B,Q4a,,,0
2016,7_WC2B,Q4b,,,0
2016,7_WC2H,Q1,837928.57,49.33,7
2016,7_WC2H,Q2,1072300.0,69.73,5
2016,7_WC2H,Q3,1450000.0,82.0,2
2016,7_WC2H,Q4a,2735000.0,142.0,1
2016,7_WC2H,Q4b,3075000.0,271.54,1
2016,8_E1,Q1,500000.0,54.0,1
2016,8_E1,Q2,535000.0,61.46,2
2016,8_E1,Q3,1035000.0,83.0,1
2016,8_E1,Q4a,,,0
2016,8_E1,Q4b,,,0
2016,8_EC1A,Q1,756042.33,49.02,12
2016,8_EC1A,Q2,765000.0,72.0,2
2016,8_EC1A,Q3,1476937.5,88.25,8
2016,8_EC1A,Q4a,,,0
2016,8_EC1A,Q4b,,,0
2016,8_EC1M,Q1,,,0
2016,8_EC1M,Q2,,,0
2016,8_EC1M,Q3,,,0
2016,8_EC1M,Q4a,,,0
2016,8_EC1M,Q4b,,,0
2016,8_EC1N,Q1,,,0
2016,8_EC1N,Q2,,,0
2016,8_EC1N,Q3,,,0
2016,8_EC1N,Q4a,,,0
2016,8_EC1N,Q4b,,,0
2016,8_EC1Y,Q1,480134.5,38.5,2
2016,8_EC1Y,Q2,687500.0,67.5,2
2016,8_EC1Y,Q3,,,0
2016,8_EC1Y,Q4a,,,0
2016,8_EC1Y,Q4b,,,0
2016,8_EC2M,Q1,,,0
2016,8_EC2M,Q2,,,0
2016,8_EC2M,Q3,,,0
2016,8_EC2M,Q4a,,,0
2016,8_EC2M,Q4b,,,0
2016,8_EC2R,Q1,,,0
2016,8_EC2R,Q2,,,0
2016,8_EC2R,Q3,,,0
2016,8_EC2R,Q4a,,,0
2016,8_EC2R,Q4b,,,0
2016,8_EC2V,Q1,300000.0,31.0,1
2016,8_EC2V,Q2,,,0
2016,8_EC2V,Q3,,,0
2016,8_EC2V,Q4a,,,0
2016,8_EC2V,Q4b,,,0
2016,8_EC2Y,Q1,617421.43,40.67,14
2016,8_EC2Y,Q2,844378.57,69.01,21
2016,8_EC2Y,Q3,1366666.67,87.17,3
2016,8_EC2Y,Q4a,1699916.67,107.33,6
2016,8_EC2Y,Q4b,,,0
2016,8_EC3A,Q1,,,0
2016,8_EC3A,Q2,,,0
2016,8_EC3A,Q3,,,0
2016,8_EC3A,Q4a,,,0
2016,8_EC3A,Q4b,,,0
2016,8_EC3N,Q1,,,0
2016,8_EC3N,Q2,556000.0,60.0,1
2016,8_EC3N,Q3,680000.0,84.0,1
2016,8_EC3N,Q4a,1300000.0,140.0,1
2016,8_EC3N,Q4b,,,0
2016,8_EC3R,Q1,556875.0,45.0,2
2016,8_EC3R,Q2,745000.0,71.0,1
2016,8_EC3R,Q3,,,0
2016,8_EC3R,Q4a,,,0
2016,8_EC3R,Q4b,,,0
2016,8_EC3V,Q1,,,0
2016,8_EC3V,Q2,,,0
2016,8_EC3V,Q3,,,0
2016,8_EC3V,Q4a,,,0
2016,8_EC3V,Q4b,,,0
2016,8_EC4A,Q1,731166.67,45.83,6
2016,8_EC4A,Q2,,,0
2016,8_EC4A,Q3,,,0
2016,8_EC4A,Q4a,,,0
2016,8_EC4A,Q4b,,,0
2016,8_EC4M,Q1,,,0
2016,8_EC4M,Q2,,,0
2016,8_EC4M,Q3,,,0
2016,8_EC4M,Q4a,,,0
2016,8_EC4M,Q4b,,,0
2016,8_EC4R,Q1,,,0
2016,8_EC4R,Q2,540000.0,60.0,1
2016,8_EC4R,Q3,,,0
2016,8_EC4R,Q4a,,,0
2016,8_EC4R,Q4b,,,0
2016,8_EC4V,Q1,539658.33,42.79,6
2016,8_EC4V,Q2,625000.0,59.4,1
2016,8_EC4V,Q3,1102500.0,91.5,2
2016,8_EC4V,Q4a,,,0
2016,8_EC4V,Q4b,3835000.0,243.0,1
2016,8_EC4Y,Q1,,,0
2016,8_EC4Y,Q2,950000.0,70.29,1
2016,8_EC4Y,Q3,,,0
2016,8_EC4Y,Q4a,,,0
2016,8_EC4Y,Q4b,,,0
2016,8_WC2A,Q1,,,0
2016,8_WC2A,Q2,,,0
2016,8_WC2A,Q3,,,0
2016,8_WC2A,Q4a,,,0
2016,8_WC2A,Q4b,,,0
2016,9_CR0,Q1,247258.99,44.54,803
2016,9_CR0,Q2,325865.59,69.18,562
2016,9_CR0,Q3,371363.9,88.41,468
2016,9_CR0,Q4a,466425.12,118.52,201
2016,9_CR0,Q4b,757616.67,203.19,48
2016,9_CR2,Q1,241380.54,47.9,173
2016,9_CR2,Q2,322906.46,67.85,192
2016,9_CR2,Q3,420716.14,89.48,158
2016,9_CR2,Q4a,551202.93,122.82,140
2016,9_CR2,Q4b,794366.56,187.26,61
2016,9_CR3,Q1,,,0
2016,9_CR3,Q2,,,0
2016,9_CR3,Q3,442083.33,89.33,6
2016,9_CR3,Q4a,476000.0,126.91,7
2016,9_CR3,Q4b,,,0
2016,9_CR4,Q1,,,0
2016,9_CR4,Q2,,,0
2016,9_CR4,Q3,270000.0,82.5,2
2016,9_CR4,Q4a,,,0
2016,9_CR4,Q4b,,,0
2016,9_CR5,Q1,204977.08,47.69,24
2016,9_CR5,Q2,337860.0,69.98,50
2016,9_CR5,Q3,426975.96,89.5,101
2016,9_CR5,Q4a,533364.34,122.49,143
2016,9_CR5,Q4b,711188.97,192.95,35
2016,9_CR6,Q1,,,0
2016,9_CR6,Q2,,,0
2016,9_CR6,Q3,451250.0,91.75,4
2016,9_CR6,Q4a,490000.0,110.0,2
2016,9_CR6,Q4b,,,0
2016,9_CR7,Q1,234683.81,48.68,102
2016,9_CR7,Q2,286921.2,68.52,71
2016,9_CR7,Q3,359060.71,88.66,131
2016,9_CR7,Q4a,418725.4,117.31,63
2016,9_CR7,Q4b,479987.5,169.75,4
2016,9_CR8,Q1,234313.64,49.69,66
2016,9_CR8,Q2,320315.15,69.38,99
2016,9_CR8,Q3,414169.95,87.99,107
2016,9_CR8,Q4a,557240.05,123.97,99
2016,9_CR8,Q4b,793145.97,202.92,75
2016,9_SE19,Q1,288306.37,46.56,95
2016,9_SE19,Q2,359772.46,68.22,68
2016,9_SE19,Q3,487146.32,89.51,41
2016,9_SE19,Q4a,598812.5,124.83,32
2016,9_SE19,Q4b,1064222.73,222.18,11
2016,9_SE25,Q1,241933.0,45.23,211
2016,9_SE25,Q2,331581.94,68.52,131
2016,9_SE25,Q3,392636.71,89.8,119
2016,9_SE25,Q4a,489402.96,121.51,49
2016,9_SE25,Q4b,622000.0,231.53,3
2016,9_SW16,Q1,281664.58,50.23,24
2016,9_SW16,Q2,322838.0,67.24,25
2016,9_SW16,Q3,470533.72,92.57,40
2016,9_SW16,Q4a,571771.59,123.33,44
2016,9_SW16,Q4b,710105.56,184.74,18
2017,10_HA0,Q1,261833.33,40.52,3
2017,10_HA0,Q2,487250.0,70.0,2
2017,10_HA0,Q3,518000.0,82.0,1
2017,10_HA0,Q4a,,,0
2017,10_HA0,Q4b,,,0
2017,10_NW10,Q1,302600.0,47.14,10
2017,10_NW10,Q2,504375.0,71.59,8
2017,10_NW10,Q3,544714.29,88.0,7
2017,10_NW10,Q4a,603100.0,115.6,10
2017,10_NW10,Q4b,,,0
2017,10_TW8,Q1,331500.0,48.1,2
2017,10_TW8,Q2,,,0
2017,10_TW8,Q3,,,0
2017,10_TW8,Q4a,,,0
2017,10_TW8,Q4b,,,0
2017,10_UB1,Q1,247123.81,48.31,21
2017,10_UB1,Q2,317083.33,68.09,18
2017,10_UB1,Q3,393184.31,89.37,52
2017,10_UB1,Q4a,447714.29,114.57,14
2017,10_UB1,Q4b,,,0
2017,10_UB2,Q1,300750.0,50.32,40
2017,10_UB2,Q2,378333.2,71.38,50
2017,10_UB2,Q3,439151.52,90.63,33
2017,10_UB2,Q4a,538611.11,116.24,18
2017,10_UB2,Q4b,741300.0,178.48,10
2017,10_UB5,Q1,257613.99,47.99,84
2017,10_UB5,Q2,328602.52,67.96,111
2017,10_UB5,Q3,416730.86,88.0,105
2017,10_UB5,Q4a,513074.07,117.4,27
2017,10_UB5,Q4b,625000.0,161.0,2
2017,10_UB6,Q1,283525.47,48.08,74
2017,10_UB6,Q2,416566.88,69.5,74
2017,10_UB6,Q3,455996.62,87.5,130
2017,10_UB6,Q4a,544455.71,118.45,35
2017,10_UB6,Q4b,756250.0,167.1,4
2017,10_W12,Q1,585000.0,44.66,2
2017,10_W12,Q2,565000.0,65.0,1
2017,10_W12,Q3,570000.0,95.0,1
2017,10_W12,Q4a,945000.0,121.5,2
2017,10_W12,Q4b,,,0
2017,10_W13,Q1,387224.1,48.68,63
2017,10_W13,Q2,549448.01,68.98,67
2017,10_W13,Q3,694379.66,88.08,59
2017,10_W13,Q4a,894807.93,122.5,82
2017,10_W13,Q4b,1262093.45,187.04,40
2017,10_W3,Q1,350708.67,46.9,144
2017,10_W3,Q2,512869.09,68.64,110
2017,10_W3,Q3,617701.85,87.58,81
2017,10_W3,Q4a,838357.75,122.67,89
2017,10_W3,Q4b,1610428.57,216.49,28
2017,10_W4,Q1,477718.64,46.06,33
2017,10_W4,Q2,613983.33,68.36,15
2017,10_W4,Q3,781062.5,87.61,16
2017,10_W4,Q4a,1117337.84,125.02,37
2017,10_W4,Q4b,1998055.56,192.33,9
2017,10_W5,Q1,438003.61,47.78,122
2017,10_W5,Q2,556191.13,68.41,115
2017,10_W5,Q3,779158.02,89.58,84
2017,10_W5,Q4a,929580.59,123.73,74
2017,10_W5,Q4b,1507665.64,207.01,47
2017,10_W7,Q1,350403.57,49.25,42
2017,10_W7,Q2,418224.49,67.8,49
2017,10_W7,Q3,593340.82,89.64,55
2017,10_W7,Q4a,723968.35,122.46,63
2017,10_W7,Q4b,1007056.25,187.75,8
2017,11_EN1,Q1,263811.88,45.41,96
2017,11_EN1,Q2,372158.66,67.61,102
2017,11_EN1,Q3,463534.71,89.08,145
2017,11_EN1,Q4a,535436.51,117.63,63
2017,11_EN1,Q4b,849692.31,202.96,13
2017,11_EN2,Q1,284864.44,47.39,86
2017,11_EN2,Q2,372159.45,67.45,73
2017,11_EN2,Q3,516813.39,89.06,112
2017,11_EN2,Q4a,639122.53,122.21,75
2017,11_EN2,Q4b,903300.0,177.03,20
2017,11_EN3,Q1,220789.94,46.83,113
2017,11_EN3,Q2,317064.95,68.61,93
2017,11_EN3,Q3,373955.56,86.62,115
2017,11_EN3,Q4a,438507.59,119.43,54
2017,11_EN3,Q4b,621666.67,185.0,3
2017,11_EN4,Q1,327312.5,52.5,16
2017,11_EN4,Q2,382867.92,75.64,53
2017,11_EN4,Q3,475985.29,95.74,34
2017,11_EN4,Q4a,718643.75,128.12,40
2017,11_EN4,Q4b,1325302.13,217.18,31
2017,11_EN8,Q1,202666.67,43.81,3
2017,11_EN8,Q2,150000.0,76.0,1
2017,11_EN8,Q3,416500.0,90.8,5
2017,11_EN8,Q4a,250000.0,117.0,1
2017,11_EN8,Q4b,,,0
2017,11_N11,Q1,333062.5,54.56,8
2017,11_N11,Q2,389099.5,66.64,10
2017,11_N11,Q3,549111.36,89.77,22
2017,11_N11,Q4a,652810.32,118.95,22
2017,11_N11,Q4b,887500.0,165.53,2
2017,11_N13,Q1,285492.82,45.72,49
2017,11_N13,Q2,397883.72,68.1,43
2017,11_N13,Q3,505892.22,91.07,72
2017,11_N13,Q4a,687921.01,125.94,69
2017,11_N13,Q4b,899617.65,179.95,17
2017,11_N14,Q1,318891.47,49.49,43
2017,11_N14,Q2,436000.31,68.66,32
2017,11_N14,Q3,530423.75,89.5,40
2017,11_N14,Q4a,788443.88,126.43,51
2017,11_N14,Q4b,1022344.28,183.92,25
2017,11_N18,Q1,216499.84,47.25,31
2017,11_N18,Q2,346473.53,71.13,34
2017,11_N18,Q3,380408.33,86.59,60
2017,11_N18,Q4a,400125.0,115.5,8
2017,11_N18,Q4b,,,0
2017,11_N21,Q1,327113.41,51.13,41
2017,11_N21,Q2,428884.62,66.95,52
2017,11_N21,Q3,571797.95,91.27,44
2017,11_N21,Q4a,740683.5,124.51,70
2017,11_N21,Q4b,1237435.77,201.6,39
2017,11_N22,Q1,285000.0,45.0,1
2017,11_N22,Q2,404250.0,62.16,4
2017,11_N22,Q3,435000.0,90.0,1
2017,11_N22,Q4a,930000.0,144.0,1
2017,11_N22,Q4b,,,0
2017,11_N9,Q1,212088.72,43.01,90
2017,11_N9,Q2,327244.38,69.33,92
2017,11_N9,Q3,385464.62,88.59,106
2017,11_N9,Q4a,431333.1,117.66,21
2017,11_N9,Q4b,,,0
2017,12_BR7,Q1,290000.0,51.11,1
2017,12_BR7,Q2,476000.0,72.0,1
2017,12_BR7,Q3,,,0
2017,12_BR7,Q4a,,,0
2017,12_BR7,Q4b,575000.0,162.0,1
2017,12_DA15,Q1,,,0
2017,12_DA15,Q2,,,0
2017,12_DA15,Q3,355000.0,89.75,4
2017,12_DA15,Q4a,,,0
2017,12_DA15,Q4b,,,0
2017,12_SE10,Q1,378074.75,50.35,292
2017,12_SE10,Q2,522586.82,70.02,307
2017,12_SE10,Q3,623549.25,89.06,194
2017,12_SE10,Q4a,823829.15,121.22,82
2017,12_SE10,Q4b,1503041.85,210.56,26
2017,12_SE12,Q1,254214.29,51.34,7
2017,12_SE12,Q2,314710.53,72.24,19
2017,12_SE12,Q3,388788.89,85.33,27
2017,12_SE12,Q4a,561000.0,113.8,5
2017,12_SE12,Q4b,728333.33,178.0,3
2017,12_SE13,Q1,,,0
2017,12_SE13,Q2,440000.0,70.0,1
2017,12_SE13,Q3,386250.0,83.25,4
2017,12_SE13,Q4a,,,0
2017,12_SE13,Q4b,,,0
2017,12_SE18,Q1,299985.18,48.41,250
2017,12_SE18,Q2,389009.96,70.01,277
2017,12_SE18,Q3,437598.22,88.75,208
2017,12_SE18,Q4a,496372.82,116.25,71
2017,12_SE18,Q4b,644118.0,166.37,16
2017,12_SE2,Q1,229499.5,47.4,10
2017,12_SE2,Q2,329810.56,69.82,41
2017,12_SE2,Q3,365929.45,86.48,73
2017,12_SE2,Q4a,413892.86,115.11,14
2017,12_SE2,Q4b,,,0
2017,12_SE28,Q1,233520.28,49.45,54
2017,12_SE28,Q2,288981.44,68.52,62
2017,12_SE28,Q3,310220.74,87.07,39
2017,12_SE28,Q4a,371500.0,118.32,11
2017,12_SE28,Q4b,,,0
2017,12_SE3,Q1,343175.76,47.69,66
2017,12_SE3,Q2,460432.64,69.58,118
2017,12_SE3,Q3,524449.47,87.86,95
2017,12_SE3,Q4a,757164.89,122.12,47
2017,12_SE3,Q4b,1544060.5,207.13,28
2017,12_SE7,Q1,297616.16,49.94,43
2017,12_SE7,Q2,342204.67,68.99,27
2017,12_SE7,Q3,483197.22,88.58,36
2017,12_SE7,Q4a,622527.76,122.43,33
2017,12_SE7,Q4b,763060.6,172.6,10
2017,12_SE8,Q1,346599.75,49.08,20
2017,12_SE8,Q2,494450.0,69.57,30
2017,12_SE8,Q3,564125.0,86.72,20
2017,12_SE8,Q4a,820000.0,112.29,4
2017,12_SE8,Q4b,,,0
2017,12_SE9,Q1,251105.13,50.46,77
2017,12_SE9,Q2,323946.83,68.4,104
2017,12_SE9,Q3,421119.41,89.26,221
2017,12_SE9,Q4a,559099.47,121.55,123
2017,12_SE9,Q4b,791644.74,173.72,38
2017,13_E1,Q1,,,0
2017,13_E1,Q2,,,0
2017,13_E1,Q3,,,0
2017,13_E1,Q4a,,,0
2017,13_E1,Q4b,,,0
2017,13_E2,Q1,367277.78,46.74,9
2017,13_E2,Q2,388556.82,66.69,22
2017,13_E2,Q3,573750.0,88.26,10
2017,13_E2,Q4a,731666.67,112.0,3
2017,13_E2,Q4b,1100000.0,162.0,1
2017,13_E20,Q1,,,0
2017,13_E20,Q2,,,0
2017,13_E20,Q3,,,0
2017,13_E20,Q4a,,,0
2017,13_E20,Q4b,,,0
2017,13_E5,Q1,366918.79,47.7,110
2017,13_E5,Q2,445630.99,67.88,77
2017,13_E5,Q3,607390.12,89.67,41
2017,13_E5,Q4a,933948.88,117.52,60
2017,13_E5,Q4b,1159923.08,191.11,26
2017,13_E8,Q1,441944.6,49.11,144
2017,13_E8,Q2,508186.8,68.3,133
2017,13_E8,Q3,700970.7,88.5,102
2017,13_E8,Q4a,982047.88,122.66,42
2017,13_E8,Q4b,1886882.71,186.02,17
2017,13_E9,Q1,353198.52,46.87,99
2017,13_E9,Q2,464891.47,69.09,94
2017,13_E9,Q3,631692.75,87.72,59
2017,13_E9,Q4a,961350.0,124.42,20
2017,13_E9,Q4b,1757727.27,200.91,11
2017,13_EC1V,Q1,595000.0,42.33,3
2017,13_EC1V,Q2,,,0
2017,13_EC1V,Q3,923000.0,84.0,1
2017,13_EC1V,Q4a,,,0
2017,13_EC1V,Q4b,,,0
2017,13_EC2A,Q1,438000.0,37.0,5
2017,13_EC2A,Q2,666250.0,68.33,3
2017,13_EC2A,Q3,899859.09,87.67,11
2017,13_EC2A,Q4a,1341666.67,121.33,3
2017,13_EC2A,Q4b,,,0
2017,13_N1,Q1,413044.33,49.09,70
2017,13_N1,Q2,576177.7,68.23,97
2017,13_N1,Q3,792654.55,88.8,42
2017,13_N1,Q4a,1248818.0,120.25,25
2017,13_N1,Q4b,1774642.86,184.57,7
2017,13_N15,Q1,290000.0,47.5,2
2017,13_N15,Q2,,,0
2017,13_N15,Q3,,,0
2017,13_N15,Q4a,565000.0,106.0,1
2017,13_N15,Q4b,,,0
2017,13_N16,Q1,403642.19,48.98,149
2017,13_N16,Q2,521840.78,68.64,91
2017,13_N16,Q3,770000.43,90.14,63
2017,13_N16,Q4a,1050675.94,124.84,88
2017,13_N16,Q4b,1374880.0,195.63,32
2017,13_N4,Q1,419271.65,50.71,104
2017,13_N4,Q2,510695.73,68.0,94
2017,13_N4,Q3,564630.51,82.73,43
2017,13_N4,Q4a,1028122.12,118.5,26
2017,13_N4,Q4b,1521793.33,173.0,3
2017,13_N5,Q1,512000.0,42.47,5
2017,13_N5,Q2,662666.67,70.67,3
2017,13_N5,Q3,736250.0,89.95,4
2017,13_N5,Q4a,,,0
2017,13_N5,Q4b,,,0
2017,14_NW10,Q1,250100.0,46.21,5
2017,14_NW10,Q2,185500.0,68.89,1
2017,14_NW10,Q3,613750.0,98.66,4
2017,14_NW10,Q4a,724000.0,109.67,3
2017,14_NW10,Q4b,1387500.0,251.0,2
2017,14_SW10,Q1,,,0
2017,14_SW10,Q2,680000.0,61.0,1
2017,14_SW10,Q3,1782296.25,98.25,4
2017,14_SW10,Q4a,2045025.0,125.25,4
2017,14_SW10,Q4b,4173370.0,194.12,8
2017,14_SW6,Q1,606155.94,48.66,216
2017,14_SW6,Q2,775956.81,69.45,102
2017,14_SW6,Q3,998287.84,87.61,190
2017,14_SW6,Q4a,1424096.19,125.26,118
2017,14_SW6,Q4b,2282851.38,207.83,130
2017,14_W10,Q1,,,0
2017,14_W10,Q2,,,0
2017,14_W10,Q3,,,0
2017,14_W10,Q4a,,,0
2017,14_W10,Q4b,,,0
2017,14_W11,Q1,329975.0,49.0,2
2017,14_W11,Q2,492000.0,64.0,1
2017,14_W11,Q3,,,0
2017,14_W11,Q4a,,,0
2017,14_W11,Q4b,,,0
2017,14_W12,Q1,403634.95,45.48,91
2017,14_W12,Q2,548788.26,66.85,57
2017,14_W12,Q3,741566.67,88.57,54
2017,14_W12,Q4a,1051000.0,121.91,44
2017,14_W12,Q4b,1687125.0,193.54,48
2017,14_W14,Q1,488802.44,45.81,82
2017,14_W14,Q2,656748.86,68.49,43
2017,14_W14,Q3,877860.87,87.07,23
2017,14_W14,Q4a,1126730.77,120.63,13
2017,14_W14,Q4b,1929800.0,195.34,25
2017,14_W3,Q1,311227.78,51.91,9
2017,14_W3,Q2,509000.0,69.56,6
2017,14_W3,Q3,368500.0,79.0,1
2017,14_W3,Q4a,1270000.0,127.44,1
2017,14_W3,Q4b,,,0
2017,14_W4,Q1,,,0
2017,14_W4,Q2,,,0
2017,14_W4,Q3,,,0
2017,14_W4,Q4a,,,0
2017,14_W4,Q4b,,,0
2017,14_W6,Q1,461928.99,46.89,143
2017,14_W6,Q2,679250.82,69.8,62
2017,14_W6,Q3,1034248.59,90.15,138
2017,14_W6,Q4a,1445128.21,126.13,121
2017,14_W6,Q4b,2039669.05,191.07,58
2017,15_N10,Q1,437325.5,48.76,50
2017,15_N10,Q2,567203.66,67.92,41
2017,15_N10,Q3,776141.32,88.7,53
2017,15_N10,Q4a,1118584.41,126.93,44
2017,15_N10,Q4b,1633647.37,204.75,57
2017,15_N11,Q1,266500.0,49.3,4
2017,15_N11,Q2,443666.67,64.0,3
2017,15_N11,Q3,564910.71,90.57,14
2017,15_N11,Q4a,998350.0,124.81,10
2017,15_N11,Q4b,977500.0,153.0,2
2017,15_N13,Q1,,,0
2017,15_N13,Q2,438500.0,74.0,1
2017,15_N13,Q3,,,0
2017,15_N13,Q4a,547500.0,111.5,2
2017,15_N13,Q4b,,,0
2017,15_N15,Q1,324400.7,48.29,50
2017,15_N15,Q2,414080.51,69.35,53
2017,15_N15,Q3,524742.28,89.41,57
2017,15_N15,Q4a,686575.69,114.12,29
2017,15_N15,Q4b,705000.0,175.8,5
2017,15_N17,Q1,287796.58,49.02,74
2017,15_N17,Q2,363132.22,68.35,72
2017,15_N17,Q3,475872.29,89.02,94
2017,15_N17,Q4a,554032.81,118.66,32
2017,15_N17,Q4b,657500.0,160.75,4
2017,15_N18,Q1,,,0
2017,15_N18,Q2,357000.0,62.0,1
2017,15_N18,Q3,,,0
2017,15_N18,Q4a,,,0
2017,15_N18,Q4b,,,0
2017,15_N2,Q1,368333.33,48.67,3
2017,15_N2,Q2,482495.0,71.94,5
2017,15_N2,Q3,877000.0,90.6,5
2017,15_N2,Q4a,962200.0,126.08,10
2017,15_N2,Q4b,1807304.8,211.3,10
2017,15_N22,Q1,356532.2,50.32,59
2017,15_N22,Q2,453257.37,67.91,63
2017,15_N22,Q3,548797.02,88.84,56
2017,15_N22,Q4a,750260.86,121.48,49
2017,15_N22,Q4b,1101375.0,163.23,16
2017,15_N4,Q1,438118.75,48.63,40
2017,15_N4,Q2,518857.21,66.05,28
2017,15_N4,Q3,652974.21,91.34,33
2017,15_N4,Q4a,830858.7,121.83,23
2017,15_N4,Q4b,1249698.62,186.82,26
2017,15_N6,Q1,476384.46,49.41,37
2017,15_N6,Q2,672467.13,69.16,47
2017,15_N6,Q3,787897.34,88.12,35
2017,15_N6,Q4a,1216860.0,123.9,25
2017,15_N6,Q4b,1934027.83,199.5,36
2017,15_N8,Q1,413072.43,49.56,76
2017,15_N8,Q2,539152.51,67.27,77
2017,15_N8,Q3,697258.29,89.46,51
2017,15_N8,Q4a,989132.16,126.36,67
2017,15_N8,Q4b,1439260.42,186.31,48
2017,16_HA1,Q1,297336.64,48.62,116
2017,16_HA1,Q2,424869.91,69.22,108
2017,16_HA1,Q3,519756.25,88.19,80
2017,16_HA1,Q4a,609144.55,121.8,55
2017,16_HA1,Q4b,811557.69,173.62,13
2017,16_HA2,Q1,276710.6,49.72,80
2017,16_HA2,Q2,399456.26,69.72,91
2017,16_HA2,Q3,490989.96,89.16,131
2017,16_HA2,Q4a,611520.25,121.94,121
2017,16_HA2,Q4b,787696.67,170.0,6
2017,16_HA3,Q1,276054.17,49.34,36
2017,16_HA3,Q2,390892.2,68.78,64
2017,16_HA3,Q3,474488.5,89.33,100
2017,16_HA3,Q4a,606633.87,122.51,71
2017,16_HA3,Q4b,776535.71,173.31,14
2017,16_HA4,Q1,,,0
2017,16_HA4,Q2,480000.0,76.0,1
2017,16_HA4,Q3,440000.0,84.0,1
2017,16_HA4,Q4a,,,0
2017,16_HA4,Q4b,,,0
2017,16_HA5,Q1,298226.04,50.29,48
2017,16_HA5,Q2,415767.17,68.23,60
2017,16_HA5,Q3,602353.96,91.57,76
2017,16_HA5,Q4a,774458.55,125.91,113
2017,16_HA5,Q4b,1064557.84,188.92,51
2017,16_HA7,Q1,323561.46,51.57,48
2017,16_HA7,Q2,387992.36,69.07,67
2017,16_HA7,Q3,531661.6,87.56,125
2017,16_HA7,Q4a,699530.58,121.6,62
2017,16_HA7,Q4b,1283501.77,212.57,48
2017,16_HA8,Q1,257984.38,49.91,16
2017,16_HA8,Q2,421670.0,69.99,35
2017,16_HA8,Q3,469920.45,88.43,44
2017,16_HA8,Q4a,633133.33,121.43,18
2017,16_HA8,Q4b,856706.88,190.75,8
2017,16_NW9,Q1,,,0
2017,16_NW9,Q2,,,0
2017,16_NW9,Q3,,,0
2017,16_NW9,Q4a,,,0
2017,16_NW9,Q4b,,,0
2017,16_UB5,Q1,275000.0,54.6,2
2017,16_UB5,Q2,413666.67,72.0,3
2017,16_UB5,Q3,419000.0,88.33,3
2017,16_UB5,Q4a,548000.0,111.0,1
2017,16_UB5,Q4b,,,0
2017,16_WD23,Q1,,,0
2017,16_WD23,Q2,,,0
2017,16_WD23,Q3,,,0
2017,16_WD23,Q4a,,,0
2017,16_WD23,Q4b,,,0
2017,17_RM1,Q1,230708.87,45.92,119
2017,17_RM1,Q2,281408.64,67.72,80
2017,17_RM1,Q3,397647.59,90.17,83
2017,17_RM1,Q4a,482444.87,123.47,45
2017,17_RM1,Q4b,655156.25,188.68,16
2017,17_RM11,Q1,250240.0,48.29,80
2017,17_RM11,Q2,341979.57,69.13,75
2017,17_RM11,Q3,428635.94,88.8,157
2017,17_RM11,Q4a,561780.78,123.73,85
2017,17_RM11,Q4b,930255.48,217.11,60
2017,17_RM12,Q1,250250.0,47.43,51
2017,17_RM12,Q2,336311.38,68.74,123
2017,17_RM12,Q3,384617.65,89.05,173
2017,17_RM12,Q4a,469141.87,120.36,99
2017,17_RM12,Q4b,607857.14,172.57,7
2017,17_RM13,Q1,228803.03,47.88,33
2017,17_RM13,Q2,290476.62,70.34,139
2017,17_RM13,Q3,331399.83,86.78,143
2017,17_RM13,Q4a,406597.83,118.52,46
2017,17_RM13,Q4b,543545.45,182.45,11
2017,17_RM14,Q1,309260.0,52.42,25
2017,17_RM14,Q2,375295.18,69.82,83
2017,17_RM14,Q3,478619.11,89.36,99
2017,17_RM14,Q4a,611649.94,122.64,90
2017,17_RM14,Q4b,843432.22,201.34,36
2017,17_RM2,Q1,261145.12,49.53,43
2017,17_RM2,Q2,322265.66,67.31,38
2017,17_RM2,Q3,451192.89,88.75,57
2017,17_RM2,Q4a,559934.78,120.01,46
2017,17_RM2,Q4b,883178.57,196.32,14
2017,17_RM3,Q1,245565.17,49.09,115
2017,17_RM3,Q2,310570.14,68.84,207
2017,17_RM3,Q3,346735.23,88.13,217
2017,17_RM3,Q4a,450699.86,116.47,70
2017,17_RM3,Q4b,640333.33,172.71,15
2017,17_RM4,Q1,110000.0,25.0,1
2017,17_RM4,Q2,,,0
2017,17_RM4,Q3,468333.33,88.0,3
2017,17_RM4,Q4a,715000.0,105.0,1
2017,17_RM4,Q4b,,,0
2017,17_RM5,Q1,248325.0,48.58,20
2017,17_RM5,Q2,306985.97,70.99,72
2017,17_RM5,Q3,360823.77,86.81,122
2017,17_RM5,Q4a,410449.86,118.14,36
2017,17_RM5,Q4b,563333.33,184.67,3
2017,17_RM7,Q1,218720.91,45.42,55
2017,17_RM7,Q2,302313.24,68.81,107
2017,17_RM7,Q3,357997.25,87.38,128
2017,17_RM7,Q4a,424421.88,116.92,48
2017,17_RM7,Q4b,526400.0,164.8,5
2017,18_HA4,Q1,335665.76,51.04,99
2017,18_HA4,Q2,410702.34,68.81,290
2017,18_HA4,Q3,531667.31,90.24,180
2017,18_HA4,Q4a,651521.0,121.41,120
2017,18_HA4,Q4b,833146.3,179.5,27
2017,18_HA5,Q1,396420.0,53.09,20
2017,18_HA5,Q2,436720.59,68.86,34
2017,18_HA5,Q3,556017.46,89.55,37
2017,18_HA5,Q4a,700067.31,122.05,26
2017,18_HA5,Q4b,724166.67,172.83,6
2017,18_HA6,Q1,296400.0,46.95,30
2017,18_HA6,Q2,510785.71,70.89,21
2017,18_HA6,Q3,542921.0,90.12,50
2017,18_HA6,Q4a,759773.06,126.44,51
2017,18_HA6,Q4b,1172771.16,202.73,43
2017,18_TW19,Q1,,,0
2017,18_TW19,Q2,,,0
2017,18_TW19,Q3,390000.0,103.0,1
2017,18_TW19,Q4a,,,0
2017,18_TW19,Q4b,,,0
2017,18_UB10,Q1,320137.47,51.14,83
2017,18_UB10,Q2,412619.6,68.07,189
2017,18_UB10,Q3,514379.39,88.54,158
2017,18_UB10,Q4a,672524.95,127.74,97
2017,18_UB10,Q4b,874111.04,187.46,53
2017,18_UB3,Q1,243429.3,43.7,79
2017,18_UB3,Q2,344890.22,70.02,92
2017,18_UB3,Q3,400950.42,87.9,117
2017,18_UB3,Q4a,450620.0,114.6,25
2017,18_UB3,Q4b,662000.0,227.0,1
2017,18_UB4,Q1,270832.08,49.32,84
2017,18_UB4,Q2,365634.71,67.45,85
2017,18_UB4,Q3,423644.23,87.46,104
2017,18_UB4,Q4a,498755.36,118.89,28
2017,18_UB4,Q4b,514500.0,165.5,4
2017,18_UB5,Q1,270704.55,40.15,11
2017,18_UB5,Q2,358666.67,71.17,3
2017,18_UB5,Q3,,,0
2017,18_UB5,Q4a,,,0
2017,18_UB5,Q4b,600000.0,154.86,1
2017,18_UB7,Q1,261957.64,47.22,138
2017,18_UB7,Q2,342369.11,69.24,149
2017,18_UB7,Q3,409921.47,87.46,99
2017,18_UB7,Q4a,499022.68,114.07,22
2017,18_UB7,Q4b,669500.0,174.74,8
2017,18_UB8,Q1,252926.56,45.38,96
2017,18_UB8,Q2,356193.33,67.71,75
2017,18_UB8,Q3,417302.66,86.41,94
2017,18_UB8,Q4a,544659.68,117.37,31
2017,18_UB8,Q4b,768400.0,179.1,10
2017,18_UB9,Q1,291297.5,49.79,20
2017,18_UB9,Q2,376789.21,68.09,33
2017,18_UB9,Q3,470200.0,89.43,30
2017,18_UB9,Q4a,591406.25,121.24,16
2017,18_UB9,Q4b,760625.0,179.23,8
2017,18_WD3,Q1,,,0
2017,18_WD3,Q2,355000.0,72.5,2
2017,18_WD3,Q3,,,0
2017,18_WD3,Q4a,325000.0,146.0,1
2017,18_WD3,Q4b,,,0
2017,19_TW1,Q1,316428.57,50.41,7
2017,19_TW1,Q2,,,0
2017,19_TW1,Q3,,,0
2017,19_TW1,Q4a,,,0
2017,19_TW1,Q4b,,,0
2017,19_TW13,Q1,248538.12,49.18,97
2017,19_TW13,Q2,320789.47,67.89,133
2017,19_TW13,Q3,373902.56,88.12,78
2017,19_TW13,Q4a,447500.0,118.32,19
2017,19_TW13,Q4b,498500.0,174.0,2
2017,19_TW14,Q1,243472.79,50.3,57
2017,19_TW14,Q2,329102.21,67.92,68
2017,19_TW14,Q3,400201.67,88.14,60
2017,19_TW14,Q4a,432588.24,118.95,17
2017,19_TW14,Q4b,596666.67,161.33,3
2017,19_TW15,Q1,275000.0,57.0,1
2017,19_TW15,Q2,,,0
2017,19_TW15,Q3,,,0
2017,19_TW15,Q4a,,,0
2017,19_TW15,Q4b,,,0
2017,19_TW3,Q1,255963.35,38.73,221
2017,19_TW3,Q2,319502.33,66.29,43
2017,19_TW3,Q3,447677.87,89.57,61
2017,19_TW3,Q4a,500208.04,119.62,27
2017,19_TW3,Q4b,645000.0,199.33,3
2017,19_TW4,Q1,259861.11,47.33,27
2017,19_TW4,Q2,284500.0,67.59,17
2017,19_TW4,Q3,381625.0,89.01,24
2017,19_TW4,Q4a,470538.46,114.35,13
2017,19_TW4,Q4b,650000.0,167.67,3
2017,19_TW5,Q1,240619.12,47.6,34
2017,19_TW5,Q2,302168.83,71.13,77
2017,19_TW5,Q3,410151.96,90.44,51
2017,19_TW5,Q4a,513605.13,120.65,39
2017,19_TW5,Q4b,667675.0,188.79,12
2017,19_TW7,Q1,319096.5,49.07,135
2017,19_TW7,Q2,403688.66,69.3,172
2017,19_TW7,Q3,531199.11,89.62,112
2017,19_TW7,Q4a,682410.24,121.88,63
2017,19_TW7,Q4b,1477166.67,226.96,18
2017,19_TW8,Q1,360993.55,49.56,91
2017,19_TW8,Q2,490825.97,70.57,77
2017,19_TW8,Q3,622023.61,87.48,87
2017,19_TW8,Q4a,750360.53,124.18,38
2017,19_TW8,Q4b,1001000.0,173.38,5
2017,19_UB2,Q1,209250.0,40.61,12
2017,19_UB2,Q2,297416.67,68.23,6
2017,19_UB2,Q3,378166.67,86.59,12
2017,19_UB2,Q4a,537400.0,125.6,5
2017,19_UB2,Q4b,700000.0,190.43,3
2017,19_W3,Q1,387750.0,41.37,1
2017,19_W3,Q2,,,0
2017,19_W3,Q3,703333.33,92.33,3
2017,19_W3,Q4a,848928.57,125.45,7
2017,19_W3,Q4b,,,0
2017,19_W4,Q1,450434.47,47.56,64
2017,19_W4,Q2,637405.06,69.03,83
2017,19_W4,Q3,795333.0,88.72,75
2017,19_W4,Q4a,1090506.52,123.2,66
2017,19_W4,Q4b,1976347.99,205.47,90
2017,19_W5,Q1,262800.0,53.01,3
2017,19_W5,Q2,,,0
2017,19_W5,Q3,,,0
2017,19_W5,Q4a,927337.5,118.77,4
2017,19_W5,Q4b,,,0
2017,19_W6,Q1,,,0
2017,19_W6,Q2,,,0
2017,19_W6,Q3,,,0
2017,19_W6,Q4a,1350999.0,136.0,1
2017,19_W6,Q4b,2261666.67,205.73,3
2017,1_IG11,Q1,224435.02,48.3,182
2017,1_IG11,Q2,289231.16,70.37,181
2017,1_IG11,Q3,372490.2,89.15,132
2017,1_IG11,Q4a,437221.2,121.14,54
2017,1_IG11,Q4b,510000.0,160.6,5
2017,1_RM10,Q1,202572.77,46.99,65
2017,1_RM10,Q2,283217.53,68.21,161
2017,1_RM10,Q3,318427.54,86.31,138
2017,1_RM10,Q4a,372166.67,123.0,12
2017,1_RM10,Q4b,382500.0,164.0,2
2017,1_RM5,Q1,,,0
2017,1_RM5,Q2,,,0
2017,1_RM5,Q3,,,0
2017,1_RM5,Q4a,,,0
2017,1_RM5,Q4b,,,0
2017,1_RM6,Q1,187432.0,47.76,31
2017,1_RM6,Q2,307576.0,68.08,50
2017,1_RM6,Q3,356905.66,88.86,53
2017,1_RM6,Q4a,414687.1,117.46,31
2017,1_RM6,Q4b,560000.0,172.5,2
2017,1_RM7,Q1,264642.86,54.0,14
2017,1_RM7,Q2,309250.0,72.61,12
2017,1_RM7,Q3,354942.86,88.01,35
2017,1_RM7,Q4a,385750.0,120.27,6
2017,1_RM7,Q4b,490000.0,162.0,2
2017,1_RM8,Q1,225682.3,49.76,50
2017,1_RM8,Q2,286994.08,68.83,154
2017,1_RM8,Q3,323878.11,85.98,141
2017,1_RM8,Q4a,388017.54,115.51,52
2017,1_RM8,Q4b,375000.0,170.67,3
2017,1_RM9,Q1,217345.57,49.92,35
2017,1_RM9,Q2,283350.97,67.63,150
2017,1_RM9,Q3,320735.0,86.9,100
2017,1_RM9,Q4a,375100.0,123.57,15
2017,1_RM9,Q4b,425000.0,163.0,1
2017,20_EC1A,Q1,520000.0,58.0,1
2017,20_EC1A,Q2,,,0
2017,20_EC1A,Q3,,,0
2017,20_EC1A,Q4a,,,0
2017,20_EC1A,Q4b,,,0
2017,20_EC1M,Q1,637500.0,48.85,4
2017,20_EC1M,Q2,876666.67,71.67,6
2017,20_EC1M,Q3,946250.0,87.53,4
2017,20_EC1M,Q4a,,,0
2017,20_EC1M,Q4b,2100000.0,184.5,2
2017,20_EC1R,Q1,506858.75,44.0,8
2017,20_EC1R,Q2,803500.0,66.7,5
2017,20_EC1R,Q3,1148125.0,88.82,8
2017,20_EC1R,Q4a,1324250.0,114.17,6
2017,20_EC1R,Q4b,3750000.0,338.0,1
2017,20_EC1V,Q1,515985.9,49.41,39
2017,20_EC1V,Q2,628027.5,69.33,40
2017,20_EC1V,Q3,933409.14,88.7,22
2017,20_EC1V,Q4a,1427692.31,119.61,13
2017,20_EC1V,Q4b,2096428.57,206.99,7
2017,20_EC1Y,Q1,514500.0,45.38,3
2017,20_EC1Y,Q2,637800.0,73.82,5
2017,20_EC1Y,Q3,938333.33,85.85,3
2017,20_EC1Y,Q4a,950000.0,108.0,1
2017,20_EC1Y,Q4b,,,0
2017,20_EC2A,Q1,445000.0,50.5,2
2017,20_EC2A,Q2,670000.0,69.0,1
2017,20_EC2A,Q3,916250.0,97.0,2
2017,20_EC2A,Q4a,,,0
2017,20_EC2A,Q4b,2400000.0,210.0,1
2017,20_N1,Q1,451564.09,45.95,151
2017,20_N1,Q2,646084.38,67.79,96
2017,20_N1,Q3,875210.92,87.32,93
2017,20_N1,Q4a,1345225.93,125.41,54
2017,20_N1,Q4b,2113155.08,196.93,52
2017,20_N16,Q1,427900.0,56.0,5
2017,20_N16,Q2,,,0
2017,20_N16,Q3,733600.0,88.5,5
2017,20_N16,Q4a,1000000.0,127.0,1
2017,20_N16,Q4b,,,0
2017,20_N19,Q1,412409.05,47.19,65
2017,20_N19,Q2,526850.0,67.76,31
2017,20_N19,Q3,622510.92,89.0,26
2017,20_N19,Q4a,1049724.14,124.62,29
2017,20_N19,Q4b,1520523.81,186.48,21
2017,20_N4,Q1,419607.35,48.27,34
2017,20_N4,Q2,525100.06,67.39,16
2017,20_N4,Q3,827054.41,95.99,22
2017,20_N4,Q4a,916713.16,117.92,19
2017,20_N4,Q4b,1436250.0,166.78,4
2017,20_N5,Q1,408368.18,46.87,66
2017,20_N5,Q2,598274.14,66.24,59
2017,20_N5,Q3,785921.57,88.08,42
2017,20_N5,Q4a,1199525.64,124.53,39
2017,20_N5,Q4b,1797160.71,194.77,28
2017,20_N6,Q1,465000.0,58.0,1
2017,20_N6,Q2,580000.0,70.0,1
2017,20_N6,Q3,,,0
2017,20_N6,Q4a,1075000.0,148.0,1
2017,20_N6,Q4b,1735000.0,176.0,1
2017,20_N7,Q1,389308.52,47.51,120
2017,20_N7,Q2,491059.52,68.58,84
2017,20_N7,Q3,575024.69,87.91,62
2017,20_N7,Q4a,980186.96,122.28,23
2017,20_N7,Q4b,1671114.67,192.4,15
2017,20_N8,Q1,445000.0,53.0,2
2017,20_N8,Q2,487500.0,65.0,1
2017,20_N8,Q3,,,0
2017,20_N8,Q4a,780000.0,110.0,1
2017,20_N8,Q4b,,,0
2017,20_NW5,Q1,,,0
2017,20_NW5,Q2,,,0
2017,20_NW5,Q3,,,0
2017,20_NW5,Q4a,,,0
2017,20_NW5,Q4b,,,0
2017,20_WC1X,Q1,575000.0,51.5,2
2017,20_WC1X,Q2,619085.71,69.29,7
2017,20_WC1X,Q3,780000.0,84.8,2
2017,20_WC1X,Q4a,,,0
2017,20_WC1X,Q4b,,,0
2017,21_SW10,Q1,649696.77,47.69,31
2017,21_SW10,Q2,870644.44,67.92,27
2017,21_SW10,Q3,1236218.91,90.06,32
2017,21_SW10,Q4a,1789078.95,119.64,19
2017,21_SW10,Q4b,3154550.05,202.84,19
2017,21_SW1W,Q1,917500.0,41.5,4
2017,21_SW1W,Q2,1385000.0,60.98,1
2017,21_SW1W,Q3,1550000.0,83.6,1
2017,21_SW1W,Q4a,1586666.67,118.87,3
2017,21_SW1W,Q4b,4596666.67,210.0,3
2017,21_SW1X,Q1,771923.33,43.03,6
2017,21_SW1X,Q2,1150631.83,69.0,6
2017,21_SW1X,Q3,2613740.88,97.26,8
2017,21_SW1X,Q4a,3373199.06,126.12,16
2017,21_SW1X,Q4b,6135000.0,219.96,5
2017,21_SW3,Q1,747085.11,41.25,47
2017,21_SW3,Q2,1145999.98,67.94,45
2017,21_SW3,Q3,1348996.24,88.11,33
2017,21_SW3,Q4a,2329201.04,121.41,45
2017,21_SW3,Q4b,4563774.08,224.37,48
2017,21_SW5,Q1,588518.92,43.05,37
2017,21_SW5,Q2,946295.74,69.0,27
2017,21_SW5,Q3,1194571.43,87.5,14
2017,21_SW5,Q4a,2061888.93,128.87,27
2017,21_SW5,Q4b,2790500.0,178.1,10
2017,21_SW7,Q1,666766.1,45.98,21
2017,21_SW7,Q2,1091902.61,68.01,38
2017,21_SW7,Q3,1298776.79,88.46,28
2017,21_SW7,Q4a,2252518.52,119.34,27
2017,21_SW7,Q4b,4606893.58,215.36,31
2017,21_W10,Q1,491086.05,48.3,43
2017,21_W10,Q2,753500.0,71.92,20
2017,21_W10,Q3,1010729.17,88.17,24
2017,21_W10,Q4a,1458850.0,126.35,10
2017,21_W10,Q4b,2440000.0,199.13,15
2017,21_W11,Q1,663063.54,47.08,48
2017,21_W11,Q2,1165817.21,66.5,24
2017,21_W11,Q3,1285596.97,91.04,33
2017,21_W11,Q4a,1970000.0,125.03,18
2017,21_W11,Q4b,5450480.77,248.33,26
2017,21_W14,Q1,635022.67,44.48,15
2017,21_W14,Q2,817708.33,68.4,12
2017,21_W14,Q3,1578790.62,93.01,32
2017,21_W14,Q4a,1873041.56,112.39,25
2017,21_W14,Q4b,3274073.7,193.56,23
2017,21_W2,Q1,641609.0,41.03,15
2017,21_W2,Q2,999333.33,69.16,3
2017,21_W2,Q3,1350000.0,86.0,2
2017,21_W2,Q4a,1602500.0,121.01,4
2017,21_W2,Q4b,2950000.0,195.0,1
2017,21_W8,Q1,895475.1,48.8,30
2017,21_W8,Q2,1386046.94,70.1,31
2017,21_W8,Q3,1524375.0,90.6,32
2017,21_W8,Q4a,2100989.26,121.45,57
2017,21_W8,Q4b,5562925.0,234.49,80
2017,22_KT1,Q1,321172.91,46.75,43
2017,22_KT1,Q2,454319.67,67.6,61
2017,22_KT1,Q3,586507.12,86.58,43
2017,22_KT1,Q4a,765171.43,121.13,35
2017,22_KT1,Q4b,1060687.5,180.25,8
2017,22_KT19,Q1,,,0
2017,22_KT19,Q2,,,0
2017,22_KT19,Q3,465000.0,93.0,3
2017,22_KT19,Q4a,,,0
2017,22_KT19,Q4b,,,0
2017,22_KT2,Q1,338192.79,47.79,68
2017,22_KT2,Q2,468122.59,68.14,96
2017,22_KT2,Q3,640078.38,87.7,74
2017,22_KT2,Q4a,885022.15,125.05,72
2017,22_KT2,Q4b,1467243.81,205.36,42
2017,22_KT22,Q1,,,0
2017,22_KT22,Q2,,,0
2017,22_KT22,Q3,,,0
2017,22_KT22,Q4a,,,0
2017,22_KT22,Q4b,,,0
2017,22_KT3,Q1,290441.03,47.42,34
2017,22_KT3,Q2,445149.7,70.47,40
2017,22_KT3,Q3,545622.29,89.55,85
2017,22_KT3,Q4a,719288.95,121.07,82
2017,22_KT3,Q4b,1205878.57,200.48,35
2017,22_KT4,Q1,283613.64,40.6,22
2017,22_KT4,Q2,459497.22,68.53,18
2017,22_KT4,Q3,515776.47,92.14,17
2017,22_KT4,Q4a,661062.5,121.83,24
2017,22_KT4,Q4b,766500.0,162.6,5
2017,22_KT5,Q1,315471.43,45.49,35
2017,22_KT5,Q2,436210.56,67.71,52
2017,22_KT5,Q3,575914.0,90.16,75
2017,22_KT5,Q4a,683888.33,122.21,60
2017,22_KT5,Q4b,992801.79,181.46,28
2017,22_KT6,Q1,339128.97,48.84,117
2017,22_KT6,Q2,438095.2,68.49,125
2017,22_KT6,Q3,505378.08,87.93,111
2017,22_KT6,Q4a,671274.44,119.64,45
2017,22_KT6,Q4b,1189595.79,202.86,28
2017,22_KT9,Q1,299310.9,49.69,29
2017,22_KT9,Q2,363295.07,68.89,108
2017,22_KT9,Q3,425288.71,88.24,93
2017,22_KT9,Q4a,552794.44,121.25,36
2017,22_KT9,Q4b,629937.5,171.62,8
2017,22_SW15,Q1,314000.0,52.25,4
2017,22_SW15,Q2,397000.0,71.0,1
2017,22_SW15,Q3,636000.0,96.0,2
2017,22_SW15,Q4a,915000.0,132.67,3
2017,22_SW15,Q4b,1195714.29,204.94,7
2017,22_SW20,Q1,,,0
2017,22_SW20,Q2,,,0
2017,22_SW20,Q3,500000.0,87.96,2
2017,22_SW20,Q4a,650000.0,130.0,1
2017,22_SW20,Q4b,,,0
2017,22_TW10,Q1,,,0
2017,22_TW10,Q2,,,0
2017,22_TW10,Q3,,,0
2017,22_TW10,Q4a,,,0
2017,22_TW10,Q4b,,,0
2017,23_SE1,Q1,608146.1,47.99,40
2017,23_SE1,Q2,898775.0,68.02,20
2017,23_SE1,Q3,1096945.0,86.01,20
2017,23_SE1,Q4a,2034394.83,130.83,29
2017,23_SE1,Q4b,4166220.0,222.0,10
2017,23_SE11,Q1,348785.2,44.05,106
2017,23_SE11,Q2,498141.03,67.53,39
2017,23_SE11,Q3,739204.63,89.37,19
2017,23_SE11,Q4a,1103077.78,123.93,23
2017,23_SE11,Q4b,1467000.0,180.5,10
2017,23_SE19,Q1,363297.5,48.51,20
2017,23_SE19,Q2,418730.86,68.76,29
2017,23_SE19,Q3,503392.5,85.64,14
2017,23_SE19,Q4a,638666.67,119.54,3
2017,23_SE19,Q4b,894750.0,168.0,2
2017,23_SE21,Q1,387533.03,47.35,33
2017,23_SE21,Q2,494426.15,68.63,20
2017,23_SE21,Q3,612027.78,91.32,18
2017,23_SE21,Q4a,905454.17,127.53,12
2017,23_SE21,Q4b,1295166.67,190.92,6
2017,23_SE24,Q1,419516.18,47.29,38
2017,23_SE24,Q2,509783.53,67.16,34
2017,23_SE24,Q3,750089.29,89.21,14
2017,23_SE24,Q4a,952415.04,124.2,28
2017,23_SE24,Q4b,1375769.23,186.26,13
2017,23_SE27,Q1,335335.85,47.97,53
2017,23_SE27,Q2,425230.44,67.67,61
2017,23_SE27,Q3,580214.48,88.24,50
2017,23_SE27,Q4a,736860.42,121.02,48
2017,23_SE27,Q4b,977365.79,179.31,19
2017,23_SE5,Q1,370910.34,49.36,29
2017,23_SE5,Q2,440277.78,67.6,18
2017,23_SE5,Q3,576868.08,85.71,13
2017,23_SE5,Q4a,918062.5,125.25,8
2017,23_SE5,Q4b,1190792.86,182.48,7
2017,23_SW12,Q1,465722.73,49.19,11
2017,23_SW12,Q2,591091.94,68.2,33
2017,23_SW12,Q3,715603.3,87.68,30
2017,23_SW12,Q4a,1016127.94,123.91,31
2017,23_SW12,Q4b,1289800.0,199.55,5
2017,23_SW16,Q1,337631.01,46.7,162
2017,23_SW16,Q2,442596.66,69.36,114
2017,23_SW16,Q3,520977.58,88.49,128
2017,23_SW16,Q4a,690408.75,126.2,60
2017,23_SW16,Q4b,1095532.2,209.5,45
2017,23_SW2,Q1,394778.27,48.28,248
2017,23_SW2,Q2,487279.62,66.96,164
2017,23_SW2,Q3,613457.01,88.07,120
2017,23_SW2,Q4a,874366.25,126.0,80
2017,23_SW2,Q4b,1220153.12,187.69,32
2017,23_SW4,Q1,463418.01,49.57,121
2017,23_SW4,Q2,572336.87,67.39,114
2017,23_SW4,Q3,763456.73,88.61,75
2017,23_SW4,Q4a,1031495.95,124.07,37
2017,23_SW4,Q4b,1632673.6,217.67,60
2017,23_SW8,Q1,462107.28,50.1,178
2017,23_SW8,Q2,614076.8,70.55,155
2017,23_SW8,Q3,720219.41,87.64,61
2017,23_SW8,Q4a,1386976.09,123.63,23
2017,23_SW8,Q4b,1642400.4,216.94,20
2017,23_SW9,Q1,380553.71,45.88,168
2017,23_SW9,Q2,475703.31,70.32,109
2017,23_SW9,Q3,629276.04,86.17,48
2017,23_SW9,Q4a,800004.47,117.41,30
2017,23_SW9,Q4b,1464800.0,218.19,10
2017,24_BR1,Q1,267698.0,51.13,25
2017,24_BR1,Q2,325762.18,69.32,78
2017,24_BR1,Q3,374218.87,84.88,53
2017,24_BR1,Q4a,437000.0,124.35,8
2017,24_BR1,Q4b,430000.0,161.0,1
2017,24_BR3,Q1,,,0
2017,24_BR3,Q2,278000.0,62.0,1
2017,24_BR3,Q3,276500.0,79.08,2
2017,24_BR3,Q4a,,,0
2017,24_BR3,Q4b,,,0
2017,24_SE10,Q1,348249.55,52.09,11
2017,24_SE10,Q2,413966.35,68.9,37
2017,24_SE10,Q3,558250.77,92.31,13
2017,24_SE10,Q4a,1075000.0,149.0,1
2017,24_SE10,Q4b,,,0
2017,24_SE12,Q1,276157.39,49.4,71
2017,24_SE12,Q2,351530.49,67.81,41
2017,24_SE12,Q3,498214.39,90.46,70
2017,24_SE12,Q4a,666844.44,123.14,45
2017,24_SE12,Q4b,850384.62,186.31,13
2017,24_SE13,Q1,320398.32,47.51,164
2017,24_SE13,Q2,405213.16,67.62,114
2017,24_SE13,Q3,521226.62,88.7,108
2017,24_SE13,Q4a,719208.39,122.34,75
2017,24_SE13,Q4b,910515.79,176.89,19
2017,24_SE14,Q1,305861.39,46.03,83
2017,24_SE14,Q2,380439.47,67.95,43
2017,24_SE14,Q3,545750.0,89.28,28
2017,24_SE14,Q4a,744909.59,119.59,22
2017,24_SE14,Q4b,1122250.0,189.11,16
2017,24_SE15,Q1,242750.0,47.0,2
2017,24_SE15,Q2,312000.0,75.0,1
2017,24_SE15,Q3,357500.0,83.0,2
2017,24_SE15,Q4a,,,0
2017,24_SE15,Q4b,865000.0,151.0,1
2017,24_SE16,Q1,386744.79,48.11,24
2017,24_SE16,Q2,510669.24,70.3,46
2017,24_SE16,Q3,613422.06,87.82,17
2017,24_SE16,Q4a,654827.6,116.8,5
2017,24_SE16,Q4b,,,0
2017,24_SE23,Q1,339942.89,48.23,96
2017,24_SE23,Q2,442040.08,68.71,102
2017,24_SE23,Q3,566504.16,89.6,107
2017,24_SE23,Q4a,726735.44,123.21,79
2017,24_SE23,Q4b,1104490.32,195.92,31
2017,24_SE26,Q1,293013.62,48.12,55
2017,24_SE26,Q2,371710.57,68.05,61
2017,24_SE26,Q3,501875.0,85.77,76
2017,24_SE26,Q4a,664847.22,119.65,36
2017,24_SE26,Q4b,1095498.92,220.17,13
2017,24_SE3,Q1,357200.0,47.64,10
2017,24_SE3,Q2,487861.11,68.4,18
2017,24_SE3,Q3,717346.15,90.48,13
2017,24_SE3,Q4a,880076.92,116.16,13
2017,24_SE3,Q4b,2207500.0,245.5,2
2017,24_SE4,Q1,359657.63,47.08,78
2017,24_SE4,Q2,460245.6,67.51,58
2017,24_SE4,Q3,559730.37,88.51,63
2017,24_SE4,Q4a,706265.88,119.88,57
2017,24_SE4,Q4b,1299111.11,210.52,18
2017,24_SE6,Q1,302906.14,47.67,174
2017,24_SE6,Q2,409203.45,70.17,170
2017,24_SE6,Q3,465163.28,89.7,185
2017,24_SE6,Q4a,567166.24,119.44,103
2017,24_SE6,Q4b,701301.25,176.01,20
2017,24_SE8,Q1,356160.89,48.94,107
2017,24_SE8,Q2,478448.13,70.03,107
2017,24_SE8,Q3,557444.2,82.75,85
2017,24_SE8,Q4a,725575.0,111.82,20
2017,24_SE8,Q4b,1150000.0,193.0,1
2017,24_SE9,Q1,201666.67,45.1,3
2017,24_SE9,Q2,332600.0,70.6,5
2017,24_SE9,Q3,313204.17,87.48,12
2017,24_SE9,Q4a,505000.0,121.0,1
2017,24_SE9,Q4b,,,0
2017,25_CR4,Q1,272307.47,42.12,137
2017,25_CR4,Q2,327862.04,68.38,103
2017,25_CR4,Q3,409843.22,89.36,166
2017,25_CR4,Q4a,468650.92,115.47,53
2017,25_CR4,Q4b,598333.33,164.0,3
2017,25_CR7,Q1,,,0
2017,25_CR7,Q2,381500.0,74.5,2
2017,25_CR7,Q3,434500.0,84.0,2
2017,25_CR7,Q4a,415000.0,116.0,2
2017,25_CR7,Q4b,,,0
2017,25_KT3,Q1,332140.0,46.09,25
2017,25_KT3,Q2,441090.91,73.32,11
2017,25_KT3,Q3,496525.0,90.03,20
2017,25_KT3,Q4a,670079.78,123.29,18
2017,25_KT3,Q4b,727500.0,155.5,2
2017,25_SM3,Q1,275000.0,54.0,1
2017,25_SM3,Q2,,,0
2017,25_SM3,Q3,,,0
2017,25_SM3,Q4a,,,0
2017,25_SM3,Q4b,,,0
2017,25_SM4,Q1,291311.82,48.01,55
2017,25_SM4,Q2,385461.82,68.78,148
2017,25_SM4,Q3,468792.48,88.21,125
2017,25_SM4,Q4a,562579.55,120.75,44
2017,25_SM4,Q4b,674750.0,239.32,2
2017,25_SW16,Q1,303687.5,44.17,16
2017,25_SW16,Q2,394812.5,70.36,16
2017,25_SW16,Q3,432833.33,88.83,24
2017,25_SW16,Q4a,495071.43,125.29,7
2017,25_SW16,Q4b,560000.0,165.0,1
2017,25_SW17,Q1,310406.25,44.84,16
2017,25_SW17,Q2,508400.0,66.75,10
2017,25_SW17,Q3,587058.82,87.81,17
2017,25_SW17,Q4a,591100.0,113.4,10
2017,25_SW17,Q4b,,,0
2017,25_SW18,Q1,417500.0,45.0,2
2017,25_SW18,Q2,430000.0,60.0,1
2017,25_SW18,Q3,792500.0,86.0,2
2017,25_SW18,Q4a,1085000.0,140.0,2
2017,25_SW18,Q4b,,,0
2017,25_SW19,Q1,386372.19,47.51,226
2017,25_SW19,Q2,539994.18,68.58,157
2017,25_SW19,Q3,717562.85,89.71,151
2017,25_SW19,Q4a,978841.93,124.77,176
2017,25_SW19,Q4b,1906921.68,212.84,101
2017,25_SW20,Q1,371395.69,48.41,83
2017,25_SW20,Q2,505774.64,67.77,69
2017,25_SW20,Q3,663935.01,89.63,128
2017,25_SW20,Q4a,910090.96,122.23,101
2017,25_SW20,Q4b,1718569.92,207.65,59
2017,26_E12,Q1,233048.61,46.72,36
2017,26_E12,Q2,266593.1,68.13,29
2017,26_E12,Q3,388955.36,91.6,56
2017,26_E12,Q4a,475000.0,118.32,18
2017,26_E12,Q4b,418333.33,223.67,3
2017,26_E13,Q1,239125.96,46.71,52
2017,26_E13,Q2,328558.61,69.42,77
2017,26_E13,Q3,378819.5,88.73,86
2017,26_E13,Q4a,460610.0,113.84,40
2017,26_E13,Q4b,645000.0,236.5,2
2017,26_E15,Q1,307114.94,50.61,261
2017,26_E15,Q2,411610.89,70.24,168
2017,26_E15,Q3,429562.47,84.26,216
2017,26_E15,Q4a,597422.28,117.44,54
2017,26_E15,Q4b,682500.0,166.0,4
2017,26_E16,Q1,332506.84,49.55,579
2017,26_E16,Q2,434719.24,69.16,426
2017,26_E16,Q3,510463.23,87.39,271
2017,26_E16,Q4a,637553.42,118.07,95
2017,26_E16,Q4b,914893.75,198.31,32
2017,26_E20,Q1,392328.07,50.19,103
2017,26_E20,Q2,506606.44,70.47,117
2017,26_E20,Q3,607873.08,94.53,39
2017,26_E20,Q4a,703035.31,125.81,48
2017,26_E20,Q4b,897799.5,162.35,20
2017,26_E3,Q1,,,0
2017,26_E3,Q2,,,0
2017,26_E3,Q3,550000.0,78.0,1
2017,26_E3,Q4a,,,0
2017,26_E3,Q4b,,,0
2017,26_E6,Q1,246115.91,48.58,88
2017,26_E6,Q2,324625.36,69.91,101
2017,26_E6,Q3,378881.52,89.23,143
2017,26_E6,Q4a,431040.41,116.95,37
2017,26_E6,Q4b,407500.0,160.5,2
2017,26_E7,Q1,287999.89,49.41,45
2017,26_E7,Q2,380113.64,67.73,22
2017,26_E7,Q3,453012.98,92.75,52
2017,26_E7,Q4a,553013.54,119.46,52
2017,26_E7,Q4b,803900.0,197.4,10
2017,27_E11,Q1,333499.98,47.82,46
2017,27_E11,Q2,429363.64,66.58,44
2017,27_E11,Q3,584744.4,90.29,25
2017,27_E11,Q4a,829800.0,125.09,45
2017,27_E11,Q4b,1052407.6,186.88,25
2017,27_E12,Q1,241500.0,46.0,3
2017,27_E12,Q2,,,0
2017,27_E12,Q3,610380.56,91.9,9
2017,27_E12,Q4a,833386.82,133.37,11
2017,27_E12,Q4b,889777.78,167.33,9
2017,27_E18,Q1,311349.13,47.44,63
2017,27_E18,Q2,409617.09,68.24,67
2017,27_E18,Q3,517979.49,89.27,49
2017,27_E18,Q4a,725904.45,126.35,55
2017,27_E18,Q4b,951333.12,185.56,24
2017,27_IG1,Q1,225013.45,47.08,74
2017,27_IG1,Q2,303649.53,68.0,53
2017,27_IG1,Q3,389189.19,89.67,74
2017,27_IG1,Q4a,483044.1,122.3,71
2017,27_IG1,Q4b,590575.0,174.25,20
2017,27_IG11,Q1,121285.71,45.23,7
2017,27_IG11,Q2,195666.67,65.13,3
2017,27_IG11,Q3,,,0
2017,27_IG11,Q4a,435000.0,118.0,1
2017,27_IG11,Q4b,,,0
2017,27_IG2,Q1,248454.7,49.48,50
2017,27_IG2,Q2,325794.87,68.05,39
2017,27_IG2,Q3,444935.51,90.7,59
2017,27_IG2,Q4a,514740.0,121.78,50
2017,27_IG2,Q4b,675050.0,180.0,10
2017,27_IG3,Q1,207930.22,44.88,36
2017,27_IG3,Q2,291332.44,67.6,27
2017,27_IG3,Q3,427218.33,91.25,60
2017,27_IG3,Q4a,491177.97,121.99,59
2017,27_IG3,Q4b,616867.89,169.07,19
2017,27_IG4,Q1,144381.25,48.33,8
2017,27_IG4,Q2,444000.0,68.33,3
2017,27_IG4,Q3,512785.0,92.7,20
2017,27_IG4,Q4a,541390.73,119.38,15
2017,27_IG4,Q4b,719000.0,180.08,8
2017,27_IG5,Q1,267411.47,49.23,17
2017,27_IG5,Q2,400295.45,69.77,22
2017,27_IG5,Q3,429223.55,86.54,38
2017,27_IG5,Q4a,530589.73,121.11,52
2017,27_IG5,Q4b,698600.0,188.74,10
2017,27_IG6,Q1,265639.33,51.53,86
2017,27_IG6,Q2,334890.55,68.96,121
2017,27_IG6,Q3,427242.79,89.04,120
2017,27_IG6,Q4a,512994.99,123.32,108
2017,27_IG6,Q4b,717500.0,172.8,2
2017,27_IG7,Q1,243873.75,50.1,20
2017,27_IG7,Q2,319668.75,64.5,48
2017,27_IG7,Q3,385656.98,89.13,43
2017,27_IG7,Q4a,501944.17,119.22,18
2017,27_IG7,Q4b,776250.0,167.5,4
2017,27_IG8,Q1,280693.23,49.45,31
2017,27_IG8,Q2,371577.47,68.97,83
2017,27_IG8,Q3,501626.09,90.78,89
2017,27_IG8,Q4a,665744.88,123.84,93
2017,27_IG8,Q4b,1037600.58,201.9,55
2017,27_IG9,Q1,350000.0,51.0,1
2017,27_IG9,Q2,355000.0,76.0,2
2017,27_IG9,Q3,492214.29,85.21,7
2017,27_IG9,Q4a,574000.0,119.67,3
2017,27_IG9,Q4b,970000.0,160.0,1
2017,27_RM6,Q1,203511.63,46.11,43
2017,27_RM6,Q2,284950.52,66.85,33
2017,27_RM6,Q3,403992.23,88.79,65
2017,27_RM6,Q4a,441907.89,117.79,19
2017,27_RM6,Q4b,540000.0,198.0,2
2017,27_RM8,Q1,270380.0,51.25,10
2017,27_RM8,Q2,290000.0,60.0,1
2017,27_RM8,Q3,,,0
2017,27_RM8,Q4a,385000.0,107.0,1
2017,27_RM8,Q4b,,,0
2017,28_KT1,Q1,338631.58,44.79,19
2017,28_KT1,Q2,448687.5,67.28,8
2017,28_KT1,Q3,595740.0,89.08,10
2017,28_KT1,Q4a,1133825.0,125.79,6
2017,28_KT1,Q4b,1563000.0,193.0,4
2017,28_KT2,Q1,322500.0,51.22,4
2017,28_KT2,Q2,605000.0,76.0,1
2017,28_KT2,Q3,527000.0,80.47,3
2017,28_KT2,Q4a,,,0
2017,28_KT2,Q4b,,,0
2017,28_KT8,Q1,425625.0,57.0,2
2017,28_KT8,Q2,,,0
2017,28_KT8,Q3,525000.0,87.34,1
2017,28_KT8,Q4a,,,0
2017,28_KT8,Q4b,1040000.0,193.5,2
2017,28_SW13,Q1,396366.67,46.18,15
2017,28_SW13,Q2,751258.7,70.78,23
2017,28_SW13,Q3,865325.58,90.79,43
2017,28_SW13,Q4a,1333727.92,125.11,52
2017,28_SW13,Q4b,2324941.18,213.0,51
2017,28_SW14,Q1,443782.61,49.07,23
2017,28_SW14,Q2,627340.91,67.32,44
2017,28_SW14,Q3,896684.69,91.3,36
2017,28_SW14,Q4a,1127716.33,126.15,49
2017,28_SW14,Q4b,1733388.89,198.94,45
2017,28_SW15,Q1,260000.0,24.0,1
2017,28_SW15,Q2,407499.5,67.5,2
2017,28_SW15,Q3,527000.0,89.05,5
2017,28_SW15,Q4a,702100.0,115.79,5
2017,28_SW15,Q4b,,,0
2017,28_TW1,Q1,396540.73,46.91,66
2017,28_TW1,Q2,539129.05,67.54,74
2017,28_TW1,Q3,744434.26,88.84,54
2017,28_TW1,Q4a,1098164.1,126.25,78
2017,28_TW1,Q4b,1533797.37,188.83,57
2017,28_TW10,Q1,567231.82,50.07,55
2017,28_TW10,Q2,608287.04,67.56,54
2017,28_TW10,Q3,805492.79,88.37,68
2017,28_TW10,Q4a,1206894.68,121.29,63
2017,28_TW10,Q4b,2344292.16,197.42,50
2017,28_TW11,Q1,347278.57,47.85,70
2017,28_TW11,Q2,500859.65,67.85,72
2017,28_TW11,Q3,672862.12,90.0,80
2017,28_TW11,Q4a,925141.76,123.1,91
2017,28_TW11,Q4b,1403111.2,195.02,56
2017,28_TW12,Q1,326527.12,48.28,59
2017,28_TW12,Q2,432943.27,67.75,55
2017,28_TW12,Q3,568649.74,88.42,76
2017,28_TW12,Q4a,747522.73,121.23,77
2017,28_TW12,Q4b,1098095.81,181.41,36
2017,28_TW13,Q1,230000.0,40.0,1
2017,28_TW13,Q2,277250.0,70.5,2
2017,28_TW13,Q3,485666.67,88.6,3
2017,28_TW13,Q4a,,,0
2017,28_TW13,Q4b,,,0
2017,28_TW2,Q1,364915.36,50.46,70
2017,28_TW2,Q2,495590.14,69.02,107
2017,28_TW2,Q3,587397.35,90.45,113
2017,28_TW2,Q4a,705057.65,122.11,85
2017,28_TW2,Q4b,918747.95,175.25,20
2017,28_TW3,Q1,,,0
2017,28_TW3,Q2,438993.67,71.73,6
2017,28_TW3,Q3,477750.0,85.75,4
2017,28_TW3,Q4a,580000.0,121.0,1
2017,28_TW3,Q4b,,,0
2017,28_TW4,Q1,204000.0,34.47,5
2017,28_TW4,Q2,319556.25,70.14,8
2017,28_TW4,Q3,409666.67,83.48,3
2017,28_TW4,Q4a,320000.0,137.0,1
2017,28_TW4,Q4b,,,0
2017,28_TW7,Q1,,,0
2017,28_TW7,Q2,510000.0,76.0,1
2017,28_TW7,Q3,616571.43,86.0,7
2017,28_TW7,Q4a,,,0
2017,28_TW7,Q4b,,,0
2017,28_TW9,Q1,451028.85,51.01,104
2017,28_TW9,Q2,556351.41,67.6,100
2017,28_TW9,Q3,739756.48,86.99,84
2017,28_TW9,Q4a,1055327.67,123.96,45
2017,28_TW9,Q4b,1489037.74,189.47,53
2017,29_SE1,Q1,543994.88,48.81,309
2017,29_SE1,Q2,680366.89,68.13,204
2017,29_SE1,Q3,963154.87,87.24,198
2017,29_SE1,Q4a,1802444.16,120.85,77
2017,29_SE1,Q4b,3262450.0,183.49,20
2017,29_SE11,Q1,441875.0,49.0,4
2017,29_SE11,Q2,576500.0,68.0,2
2017,29_SE11,Q3,702500.0,89.0,1
2017,29_SE11,Q4a,1002500.0,129.5,2
2017,29_SE11,Q4b,1620000.0,200.0,1
2017,29_SE14,Q1,285000.0,46.0,1
2017,29_SE14,Q2,,,0
2017,29_SE14,Q3,610000.0,84.0,1
2017,29_SE14,Q4a,,,0
2017,29_SE14,Q4b,,,0
2017,29_SE15,Q1,370770.58,47.61,207
2017,29_SE15,Q2,468760.23,68.08,131
2017,29_SE15,Q3,605377.09,89.17,127
2017,29_SE15,Q4a,826524.54,123.89,68
2017,29_SE15,Q4b,1119026.32,172.68,19
2017,29_SE16,Q1,358380.31,47.51,181
2017,29_SE16,Q2,502340.78,68.97,164
2017,29_SE16,Q3,575956.34,88.8,155
2017,29_SE16,Q4a,811476.79,116.06,63
2017,29_SE16,Q4b,1011000.0,170.5,6
2017,29_SE17,Q1,421149.07,50.84,162
2017,29_SE17,Q2,516316.97,68.23,165
2017,29_SE17,Q3,595766.72,87.03,57
2017,29_SE17,Q4a,1024832.61,116.81,23
2017,29_SE17,Q4b,1278000.0,166.8,5
2017,29_SE19,Q1,296213.57,43.86,7
2017,29_SE19,Q2,446909.09,71.24,11
2017,29_SE19,Q3,434388.89,83.0,9
2017,29_SE19,Q4a,794928.18,130.6,11
2017,29_SE19,Q4b,1600000.0,202.0,1
2017,29_SE21,Q1,253000.0,50.0,1
2017,29_SE21,Q2,441666.67,66.93,6
2017,29_SE21,Q3,516400.0,86.14,5
2017,29_SE21,Q4a,1043025.0,121.81,20
2017,29_SE21,Q4b,2005955.88,221.0,17
2017,29_SE22,Q1,400728.39,49.89,118
2017,29_SE22,Q2,515221.11,67.31,81
2017,29_SE22,Q3,685995.89,89.15,73
2017,29_SE22,Q4a,963344.52,122.6,73
2017,29_SE22,Q4b,1279170.0,177.71,28
2017,29_SE23,Q1,337142.86,43.7,7
2017,29_SE23,Q2,371611.11,68.22,9
2017,29_SE23,Q3,471500.0,85.25,8
2017,29_SE23,Q4a,845833.33,124.67,3
2017,29_SE23,Q4b,1394000.0,196.0,2
2017,29_SE24,Q1,470243.75,50.25,8
2017,29_SE24,Q2,617083.33,69.05,6
2017,29_SE24,Q3,724368.55,87.38,11
2017,29_SE24,Q4a,1058142.86,127.75,7
2017,29_SE24,Q4b,1894999.91,227.93,11
2017,29_SE26,Q1,372000.0,59.0,1
2017,29_SE26,Q2,531665.0,68.33,3
2017,29_SE26,Q3,611997.14,86.55,7
2017,29_SE26,Q4a,620000.0,111.0,1
2017,29_SE26,Q4b,1125383.33,200.0,3
2017,29_SE4,Q1,,,0
2017,29_SE4,Q2,,,0
2017,29_SE4,Q3,,,0
2017,29_SE4,Q4a,,,0
2017,29_SE4,Q4b,,,0
2017,29_SE5,Q1,369811.59,48.91,140
2017,29_SE5,Q2,429289.76,67.82,96
2017,29_SE5,Q3,564300.14,86.92,69
2017,29_SE5,Q4a,809271.75,120.49,32
2017,29_SE5,Q4b,1279285.71,178.43,14
2017,29_SE8,Q1,285000.0,45.74,2
2017,29_SE8,Q2,325000.0,65.16,6
2017,29_SE8,Q3,530000.0,79.0,1
2017,29_SE8,Q4a,,,0
2017,29_SE8,Q4b,,,0
2017,2_EN4,Q1,316556.1,45.94,41
2017,2_EN4,Q2,424735.56,68.32,45
2017,2_EN4,Q3,565144.79,89.91,56
2017,2_EN4,Q4a,684009.8,123.15,51
2017,2_EN4,Q4b,803000.0,170.27,11
2017,2_EN5,Q1,294794.58,47.86,93
2017,2_EN5,Q2,418182.97,69.16,90
2017,2_EN5,Q3,536370.8,87.92,113
2017,2_EN5,Q4a,702143.92,123.24,91
2017,2_EN5,Q4b,1200378.38,205.78,37
2017,2_HA7,Q1,,,0
2017,2_HA7,Q2,,,0
2017,2_HA7,Q3,,,0
2017,2_HA7,Q4a,1050000.0,144.0,1
2017,2_HA7,Q4b,,,0
2017,2_HA8,Q1,292580.0,51.62,35
2017,2_HA8,Q2,384528.89,69.72,74
2017,2_HA8,Q3,484104.48,88.94,67
2017,2_HA8,Q4a,630502.08,124.45,120
2017,2_HA8,Q4b,937666.67,179.66,27
2017,2_N10,Q1,317741.33,46.37,15
2017,2_N10,Q2,435300.0,68.67,15
2017,2_N10,Q3,666111.11,92.67,9
2017,2_N10,Q4a,826214.29,125.49,7
2017,2_N10,Q4b,1050000.0,154.0,1
2017,2_N11,Q1,321256.41,48.56,39
2017,2_N11,Q2,430234.38,70.34,32
2017,2_N11,Q3,541839.29,89.57,28
2017,2_N11,Q4a,639229.17,121.71,24
2017,2_N11,Q4b,821875.0,202.3,8
2017,2_N12,Q1,321801.36,48.81,66
2017,2_N12,Q2,417975.8,68.95,61
2017,2_N12,Q3,594638.59,90.86,46
2017,2_N12,Q4a,784899.15,123.1,59
2017,2_N12,Q4b,966258.06,179.6,31
2017,2_N14,Q1,675000.0,43.0,1
2017,2_N14,Q2,556000.0,77.0,2
2017,2_N14,Q3,612245.83,89.42,12
2017,2_N14,Q4a,728541.67,124.2,24
2017,2_N14,Q4b,871400.0,161.8,5
2017,2_N2,Q1,348150.79,48.51,29
2017,2_N2,Q2,482663.53,70.3,36
2017,2_N2,Q3,632551.72,88.51,29
2017,2_N2,Q4a,1000024.87,125.95,38
2017,2_N2,Q4b,2517810.81,205.67,37
2017,2_N20,Q1,331795.45,51.75,66
2017,2_N20,Q2,476378.29,70.93,76
2017,2_N20,Q3,572226.55,88.21,80
2017,2_N20,Q4a,731327.5,121.4,58
2017,2_N20,Q4b,1383463.64,204.59,77
2017,2_N3,Q1,406591.22,50.21,45
2017,2_N3,Q2,499155.47,67.89,64
2017,2_N3,Q3,676055.02,92.34,50
2017,2_N3,Q4a,823846.77,121.78,65
2017,2_N3,Q4b,1295866.88,204.12,43
2017,2_NW11,Q1,363875.0,45.78,28
2017,2_NW11,Q2,587926.32,71.0,34
2017,2_NW11,Q3,704293.73,88.8,48
2017,2_NW11,Q4a,961888.22,126.3,58
2017,2_NW11,Q4b,1686275.64,210.11,78
2017,2_NW2,Q1,327138.89,44.52,18
2017,2_NW2,Q2,472624.3,68.89,20
2017,2_NW2,Q3,569872.97,88.55,37
2017,2_NW2,Q4a,684005.42,120.75,24
2017,2_NW2,Q4b,1654437.5,214.86,8
2017,2_NW3,Q1,,,0
2017,2_NW3,Q2,480000.0,69.0,1
2017,2_NW3,Q3,305666.67,93.33,3
2017,2_NW3,Q4a,755650.0,114.5,2
2017,2_NW3,Q4b,3933333.33,324.73,3
2017,2_NW4,Q1,313571.11,49.17,45
2017,2_NW4,Q2,431345.73,69.63,48
2017,2_NW4,Q3,528138.46,90.66,65
2017,2_NW4,Q4a,763842.95,125.62,56
2017,2_NW4,Q4b,1259289.47,203.14,38
2017,2_NW7,Q1,362479.74,52.8,57
2017,2_NW7,Q2,419355.51,67.96,68
2017,2_NW7,Q3,557603.18,88.0,85
2017,2_NW7,Q4a,778083.12,123.62,77
2017,2_NW7,Q4b,1203968.14,207.62,94
2017,2_NW9,Q1,313234.54,46.87,155
2017,2_NW9,Q2,407859.34,69.61,163
2017,2_NW9,Q3,487222.67,87.06,117
2017,2_NW9,Q4a,607237.14,120.73,36
2017,2_NW9,Q4b,1396566.71,205.86,7
2017,2_WD6,Q1,,,0
2017,2_WD6,Q2,,,0
2017,2_WD6,Q3,,,0
2017,2_WD6,Q4a,,,0
2017,2_WD6,Q4b,,,0
2017,30_CR0,Q1,246714.05,46.58,21
2017,30_CR0,Q2,327866.5,67.68,22
2017,30_CR0,Q3,426184.21,89.16,19
2017,30_CR0,Q4a,496600.0,117.2,5
2017,30_CR0,Q4b,543750.0,161.0,2
2017,30_CR4,Q1,245476.18,43.2,17
2017,30_CR4,Q2,312100.0,68.86,5
2017,30_CR4,Q3,416428.57,90.57,7
2017,30_CR4,Q4a,500000.0,115.28,1
2017,30_CR4,Q4b,470000.0,169.0,1
2017,30_CR5,Q1,225000.0,42.0,1
2017,30_CR5,Q2,283250.0,66.15,8
2017,30_CR5,Q3,403380.0,89.6,5
2017,30_CR5,Q4a,511250.0,119.54,8
2017,30_CR5,Q4b,,,0
2017,30_CR8,Q1,250000.0,57.0,1
2017,30_CR8,Q2,,,0
2017,30_CR8,Q3,620000.0,95.0,1
2017,30_CR8,Q4a,675000.0,120.0,1
2017,30_CR8,Q4b,859000.0,205.67,6
2017,30_KT17,Q1,,,0
2017,30_KT17,Q2,,,0
2017,30_KT17,Q3,500000.0,93.0,3
2017,30_KT17,Q4a,,,0
2017,30_KT17,Q4b,761000.0,189.0,1
2017,30_KT4,Q1,319262.28,50.34,57
2017,30_KT4,Q2,387956.16,67.97,73
2017,30_KT4,Q3,472791.03,86.08,78
2017,30_KT4,Q4a,582921.3,122.47,53
2017,30_KT4,Q4b,841202.94,202.55,17
2017,30_SM1,Q1,276672.58,46.17,231
2017,30_SM1,Q2,345870.8,68.97,213
2017,30_SM1,Q3,414639.49,87.27,196
2017,30_SM1,Q4a,523376.76,118.9,71
2017,30_SM1,Q4b,654500.0,167.0,8
2017,30_SM2,Q1,255837.5,48.19,128
2017,30_SM2,Q2,319115.21,66.77,108
2017,30_SM2,Q3,444840.91,88.13,55
2017,30_SM2,Q4a,655019.64,124.14,56
2017,30_SM2,Q4b,1003069.44,206.77,36
2017,30_SM3,Q1,268835.48,50.12,31
2017,30_SM3,Q2,388918.2,70.03,70
2017,30_SM3,Q3,464213.97,89.33,94
2017,30_SM3,Q4a,565785.24,123.54,49
2017,30_SM3,Q4b,657795.0,169.8,10
2017,30_SM4,Q1,258333.33,51.07,3
2017,30_SM4,Q2,343631.82,69.84,11
2017,30_SM4,Q3,374625.0,86.31,8
2017,30_SM4,Q4a,408000.0,134.0,2
2017,30_SM4,Q4b,395000.0,152.0,1
2017,30_SM5,Q1,273421.95,50.5,106
2017,30_SM5,Q2,339107.26,68.37,206
2017,30_SM5,Q3,406767.27,87.27,105
2017,30_SM5,Q4a,570364.72,124.74,72
2017,30_SM5,Q4b,793866.67,188.33,30
2017,30_SM6,Q1,242944.23,46.66,163
2017,30_SM6,Q2,310354.96,66.66,134
2017,30_SM6,Q3,417269.82,90.01,109
2017,30_SM6,Q4a,557388.07,122.22,99
2017,30_SM6,Q4b,727375.0,185.55,30
2017,30_SM7,Q1,,,0
2017,30_SM7,Q2,,,0
2017,30_SM7,Q3,,,0
2017,30_SM7,Q4a,,,0
2017,30_SM7,Q4b,960454.55,199.36,11
2017,31_E1,Q1,494266.32,48.11,238
2017,31_E1,Q2,558014.48,68.97,107
2017,31_E1,Q3,879643.0,86.84,108
2017,31_E1,Q4a,1224717.31,121.97,26
2017,31_E1,Q4b,1781562.5,186.0,4
2017,31_E14,Q1,394395.53,47.01,666
2017,31_E14,Q2,521975.12,68.56,452
2017,31_E14,Q3,621150.52,87.43,235
2017,31_E14,Q4a,935086.81,120.16,107
2017,31_E14,Q4b,1592909.09,191.3,11
2017,31_E1W,Q1,585981.95,48.04,66
2017,31_E1W,Q2,617910.98,66.65,42
2017,31_E1W,Q3,1003217.51,87.48,69
2017,31_E1W,Q4a,1193214.29,118.62,14
2017,31_E1W,Q4b,1948500.0,194.38,10
2017,31_E2,Q1,408689.29,48.34,140
2017,31_E2,Q2,542171.68,69.44,169
2017,31_E2,Q3,724666.88,88.03,82
2017,31_E2,Q4a,891569.64,118.19,28
2017,31_E2,Q4b,,,0
2017,31_E3,Q1,351565.48,48.87,262
2017,31_E3,Q2,457921.32,68.83,269
2017,31_E3,Q3,537115.73,86.91,142
2017,31_E3,Q4a,866086.62,115.05,34
2017,31_E3,Q4b,1362954.55,182.35,11
2017,31_E9,Q1,427500.0,42.5,2
2017,31_E9,Q2,563333.33,64.67,3
2017,31_E9,Q3,,,0
2017,31_E9,Q4a,,,0
2017,31_E9,Q4b,905000.0,154.0,1
2017,32_E10,Q1,331236.48,50.92,111
2017,32_E10,Q2,410867.59,67.95,111
2017,32_E10,Q3,504109.9,88.9,96
2017,32_E10,Q4a,602339.24,119.77,55
2017,32_E10,Q4b,645658.0,170.37,6
2017,32_E11,Q1,315075.92,48.07,111
2017,32_E11,Q2,415303.39,67.34,62
2017,32_E11,Q3,526138.78,87.99,86
2017,32_E11,Q4a,648030.95,118.88,61
2017,32_E11,Q4b,853812.5,186.62,8
2017,32_E15,Q1,341600.0,50.6,5
2017,32_E15,Q2,461640.0,66.4,5
2017,32_E15,Q3,510090.91,92.51,11
2017,32_E15,Q4a,,,0
2017,32_E15,Q4b,,,0
2017,32_E17,Q1,340812.18,47.37,269
2017,32_E17,Q2,450061.86,69.24,332
2017,32_E17,Q3,560716.35,88.66,296
2017,32_E17,Q4a,671115.27,120.33,138
2017,32_E17,Q4b,825923.08,171.47,13
2017,32_E4,Q1,255912.93,48.23,128
2017,32_E4,Q2,349982.19,67.63,135
2017,32_E4,Q3,450481.7,89.35,250
2017,32_E4,Q4a,544664.47,120.38,152
2017,32_E4,Q4b,839245.62,191.44,39
2017,32_E5,Q1,,,0
2017,32_E5,Q2,577500.0,73.5,2
2017,32_E5,Q3,,,0
2017,32_E5,Q4a,,,0
2017,32_E5,Q4b,,,0
2017,32_E7,Q1,294600.0,50.99,5
2017,32_E7,Q2,444679.17,69.41,12
2017,32_E7,Q3,446100.0,85.4,10
2017,32_E7,Q4a,555000.0,112.5,2
2017,32_E7,Q4b,,,0
2017,32_IG8,Q1,292625.0,50.51,8
2017,32_IG8,Q2,355100.2,66.82,5
2017,32_IG8,Q3,531181.82,87.3,11
2017,32_IG8,Q4a,624382.35,123.84,17
2017,32_IG8,Q4b,812357.14,174.57,7
2017,33_SW11,Q1,492823.9,47.32,509
2017,33_SW11,Q2,737951.27,69.45,415
2017,33_SW11,Q3,1018315.4,88.76,430
2017,33_SW11,Q4a,1407917.6,122.98,182
2017,33_SW11,Q4b,2059723.58,194.57,130
2017,33_SW12,Q1,474924.99,48.24,84
2017,33_SW12,Q2,579485.7,69.09,90
2017,33_SW12,Q3,760556.45,88.38,62
2017,33_SW12,Q4a,1047887.09,126.28,68
2017,33_SW12,Q4b,1755873.83,213.65,42
2017,33_SW15,Q1,400173.32,47.29,164
2017,33_SW15,Q2,532068.98,68.6,222
2017,33_SW15,Q3,691619.84,87.97,132
2017,33_SW15,Q4a,1008119.5,125.75,90
2017,33_SW15,Q4b,1715151.37,204.21,73
2017,33_SW16,Q1,332980.0,50.13,25
2017,33_SW16,Q2,430727.29,67.82,31
2017,33_SW16,Q3,575142.86,91.0,28
2017,33_SW16,Q4a,772786.07,130.49,14
2017,33_SW16,Q4b,1019541.67,179.5,12
2017,33_SW17,Q1,412711.74,47.75,182
2017,33_SW17,Q2,538294.51,68.05,154
2017,33_SW17,Q3,667171.3,89.23,142
2017,33_SW17,Q4a,901714.31,124.74,86
2017,33_SW17,Q4b,1573096.14,206.15,44
2017,33_SW18,Q1,437520.26,49.72,238
2017,33_SW18,Q2,563678.07,68.57,228
2017,33_SW18,Q3,756147.93,89.34,183
2017,33_SW18,Q4a,1038092.96,122.86,179
2017,33_SW18,Q4b,1632967.65,195.69,93
2017,33_SW19,Q1,354096.97,49.54,33
2017,33_SW19,Q2,399313.45,66.95,40
2017,33_SW19,Q3,556918.82,86.31,17
2017,33_SW19,Q4a,772600.0,125.6,5
2017,33_SW19,Q4b,1823943.75,221.37,8
2017,33_SW4,Q1,603197.5,39.5,2
2017,33_SW4,Q2,550000.0,63.0,1
2017,33_SW4,Q3,826333.33,85.97,3
2017,33_SW4,Q4a,985000.0,113.85,4
2017,33_SW4,Q4b,2620500.0,286.61,4
2017,33_SW8,Q1,531120.37,50.15,27
2017,33_SW8,Q2,561681.82,65.69,22
2017,33_SW8,Q3,727360.87,89.96,23
2017,33_SW8,Q4a,1075000.0,120.2,5
2017,33_SW8,Q4b,1200000.0,158.0,2
2017,34_NW1,Q1,571840.0,41.5,25
2017,34_NW1,Q2,850882.35,69.47,17
2017,34_NW1,Q3,1232738.46,91.07,13
2017,34_NW1,Q4a,1652600.0,117.43,15
2017,34_NW1,Q4b,2958282.0,199.17,13
2017,34_NW6,Q1,526000.0,55.0,1
2017,34_NW6,Q2,525000.0,61.5,2
2017,34_NW6,Q3,667000.0,102.0,1
2017,34_NW6,Q4a,1195000.0,126.99,2
2017,34_NW6,Q4b,,,0
2017,34_NW8,Q1,530528.23,46.27,62
2017,34_NW8,Q2,690846.09,67.45,32
2017,34_NW8,Q3,1065778.95,89.72,38
2017,34_NW8,Q4a,1917620.0,129.03,25
2017,34_NW8,Q4b,3476879.76,219.41,38
2017,34_SW1A,Q1,761000.0,46.0,1
2017,34_SW1A,Q2,1195000.0,64.0,2
2017,34_SW1A,Q3,,,0
2017,34_SW1A,Q4a,3763333.33,138.95,3
2017,34_SW1A,Q4b,5080559.33,220.33,3
2017,34_SW1E,Q1,707500.0,49.2,5
2017,34_SW1E,Q2,816500.0,68.5,2
2017,34_SW1E,Q3,1357000.0,93.07,5
2017,34_SW1E,Q4a,2625000.0,140.67,6
2017,34_SW1E,Q4b,3009500.0,194.0,4
2017,34_SW1H,Q1,531875.0,39.25,4
2017,34_SW1H,Q2,1085000.0,65.0,1
2017,34_SW1H,Q3,1107500.0,86.5,2
2017,34_SW1H,Q4a,2532500.0,149.0,2
2017,34_SW1H,Q4b,2409797.5,171.5,4
2017,34_SW1P,Q1,652636.86,46.5,59
2017,34_SW1P,Q2,924469.8,67.89,50
2017,34_SW1P,Q3,1319503.8,89.82,49
2017,34_SW1P,Q4a,2059354.84,123.0,83
2017,34_SW1P,Q4b,3301122.5,190.37,30
2017,34_SW1V,Q1,536917.57,42.91,37
2017,34_SW1V,Q2,774625.0,65.61,26
2017,34_SW1V,Q3,900396.43,88.09,28
2017,34_SW1V,Q4a,1515997.41,118.88,17
2017,34_SW1V,Q4b,2173437.5,180.64,16
2017,34_SW1W,Q1,812990.05,48.88,64
2017,34_SW1W,Q2,1108062.5,67.89,20
2017,34_SW1W,Q3,1884506.23,94.62,48
2017,34_SW1W,Q4a,2507509.09,123.96,11
2017,34_SW1W,Q4b,4743278.44,206.78,18
2017,34_SW1X,Q1,1500000.0,59.0,2
2017,34_SW1X,Q2,1573333.33,67.33,3
2017,34_SW1X,Q3,1300000.0,87.0,2
2017,34_SW1X,Q4a,3304583.33,131.35,6
2017,34_SW1X,Q4b,4678893.0,262.0,17
2017,34_SW1Y,Q1,817000.0,49.32,2
2017,34_SW1Y,Q2,,,0
2017,34_SW1Y,Q3,,,0
2017,34_SW1Y,Q4a,2132500.0,119.63,2
2017,34_SW1Y,Q4b,4738586.5,163.0,2
2017,34_SW3,Q1,,,0
2017,34_SW3,Q2,1256250.0,68.0,2
2017,34_SW3,Q3,,,0
2017,34_SW3,Q4a,5300000.0,142.0,1
2017,34_SW3,Q4b,,,0
2017,34_SW7,Q1,1812000.0,48.1,5
2017,34_SW7,Q2,1300000.0,67.0,2
2017,34_SW7,Q3,1296360.0,82.6,5
2017,34_SW7,Q4a,3391428.57,127.43,7
2017,34_SW7,Q4b,6046428.57,219.54,7
2017,34_W10,Q1,562500.0,56.06,6
2017,34_W10,Q2,619666.67,72.38,15
2017,34_W10,Q3,843466.67,87.78,15
2017,34_W10,Q4a,,,0
2017,34_W10,Q4b,,,0
2017,34_W11,Q1,557500.0,50.0,2
2017,34_W11,Q2,694166.67,67.67,3
2017,34_W11,Q3,1207166.67,85.67,6
2017,34_W11,Q4a,1811181.0,126.67,3
2017,34_W11,Q4b,,,0
2017,34_W1B,Q1,,,0
2017,34_W1B,Q2,,,0
2017,34_W1B,Q3,1450000.0,83.0,3
2017,34_W1B,Q4a,4100000.0,136.0,1
2017,34_W1B,Q4b,6945000.0,284.14,5
2017,34_W1D,Q1,714000.0,37.52,6
2017,34_W1D,Q2,,,0
2017,34_W1D,Q3,1798125.0,92.25,4
2017,34_W1D,Q4a,2576666.67,124.07,3
2017,34_W1D,Q4b,3999950.0,170.0,1
2017,34_W1F,Q1,762000.0,50.9,5
2017,34_W1F,Q2,,,0
2017,34_W1F,Q3,2000000.0,92.0,6
2017,34_W1F,Q4a,2287500.0,126.0,2
2017,34_W1F,Q4b,4475401.67,231.0,3
2017,34_W1G,Q1,1030000.0,52.0,2
2017,34_W1G,Q2,955277.78,66.11,9
2017,34_W1G,Q3,1830000.0,90.84,12
2017,34_W1G,Q4a,2341875.0,121.59,8
2017,34_W1G,Q4b,3332500.0,170.75,4
2017,34_W1H,Q1,530806.47,43.84,17
2017,34_W1H,Q2,679375.0,66.0,8
2017,34_W1H,Q3,1208538.46,89.91,13
2017,34_W1H,Q4a,2081136.36,122.8,22
2017,34_W1H,Q4b,4280000.0,211.56,8
2017,34_W1J,Q1,2598333.33,37.33,3
2017,34_W1J,Q2,1450500.0,67.82,6
2017,34_W1J,Q3,2250000.0,98.5,2
2017,34_W1J,Q4a,2658333.33,118.0,3
2017,34_W1J,Q4b,11400000.0,289.0,3
2017,34_W1K,Q1,335000.0,52.33,3
2017,34_W1K,Q2,1543750.0,67.75,4
2017,34_W1K,Q3,2148333.33,90.2,6
2017,34_W1K,Q4a,2675000.0,120.2,9
2017,34_W1K,Q4b,7650000.0,249.75,4
2017,34_W1S,Q1,,,0
2017,34_W1S,Q2,1986250.0,66.0,1
2017,34_W1S,Q3,3399312.22,92.09,9
2017,34_W1S,Q4a,4447104.44,122.56,9
2017,34_W1S,Q4b,9357500.0,222.0,4
2017,34_W1T,Q1,804790.0,47.87,5
2017,34_W1T,Q2,1236666.67,71.0,3
2017,34_W1T,Q3,2028737.5,95.0,4
2017,34_W1T,Q4a,2150000.0,113.0,1
2017,34_W1T,Q4b,,,0
2017,34_W1U,Q1,865214.29,44.71,14
2017,34_W1U,Q2,1195187.5,66.84,16
2017,34_W1U,Q3,1577500.0,93.54,4
2017,34_W1U,Q4a,3233166.67,119.13,15
2017,34_W1U,Q4b,8319214.29,242.35,14
2017,34_W1W,Q1,595989.47,41.5,19
2017,34_W1W,Q2,1103333.33,71.0,3
2017,34_W1W,Q3,1642000.0,88.4,10
2017,34_W1W,Q4a,2054166.67,119.17,6
2017,34_W1W,Q4b,3865000.0,202.5,2
2017,34_W2,Q1,571968.31,43.89,131
2017,34_W2,Q2,918199.43,67.41,88
2017,34_W2,Q3,1205490.51,88.19,78
2017,34_W2,Q4a,1872565.77,119.99,56
2017,34_W2,Q4b,3436284.09,211.82,44
2017,34_W9,Q1,507132.29,49.1,96
2017,34_W9,Q2,686560.86,67.49,69
2017,34_W9,Q3,952465.11,89.15,79
2017,34_W9,Q4a,1250924.63,122.26,41
2017,34_W9,Q4b,3965333.33,237.22,9
2017,34_WC2A,Q1,891250.0,41.25,4
2017,34_WC2A,Q2,,,0
2017,34_WC2A,Q3,,,0
2017,34_WC2A,Q4a,,,0
2017,34_WC2A,Q4b,,,0
2017,34_WC2B,Q1,553333.33,30.22,3
2017,34_WC2B,Q2,1302750.0,72.0,4
2017,34_WC2B,Q3,1347500.0,82.07,5
2017,34_WC2B,Q4a,1800800.0,111.5,2
2017,34_WC2B,Q4b,,,0
2017,34_WC2E,Q1,948861.11,46.11,9
2017,34_WC2E,Q2,,,0
2017,34_WC2E,Q3,1680833.33,78.0,3
2017,34_WC2E,Q4a,2633333.33,124.67,3
2017,34_WC2E,Q4b,,,0
2017,34_WC2H,Q1,697500.0,40.5,4
2017,34_WC2H,Q2,846500.0,64.0,1
2017,34_WC2H,Q3,1100000.0,85.0,1
2017,34_WC2H,Q4a,,,0
2017,34_WC2H,Q4b,,,0
2017,34_WC2N,Q1,937500.0,53.0,2
2017,34_WC2N,Q2,1150000.0,68.0,1
2017,34_WC2N,Q3,1625000.0,81.0,1
2017,34_WC2N,Q4a,,,0
2017,34_WC2N,Q4b,,,0
2017,34_WC2R,Q1,948153.85,43.62,13
2017,34_WC2R,Q2,1897714.6,63.84,25
2017,34_WC2R,Q3,1906693.79,92.74,42
2017,34_WC2R,Q4a,2797803.92,131.33,37
2017,34_WC2R,Q4b,4538658.93,189.89,28
2017,3_DA1,Q1,233447.21,49.87,52
2017,3_DA1,Q2,288613.01,70.09,70
2017,3_DA1,Q3,334666.67,87.17,48
2017,3_DA1,Q4a,429397.22,117.81,18
2017,3_DA1,Q4b,,,0
2017,3_DA14,Q1,278467.41,50.45,79
2017,3_DA14,Q2,272912.92,67.4,96
2017,3_DA14,Q3,353671.12,85.69,125
2017,3_DA14,Q4a,506412.38,122.73,40
2017,3_DA14,Q4b,706354.17,179.36,12
2017,3_DA15,Q1,270862.07,48.89,58
2017,3_DA15,Q2,343098.31,68.96,139
2017,3_DA15,Q3,427383.67,88.71,93
2017,3_DA15,Q4a,537675.85,123.65,71
2017,3_DA15,Q4b,774404.76,184.09,21
2017,3_DA16,Q1,264122.55,52.09,60
2017,3_DA16,Q2,334200.79,70.03,107
2017,3_DA16,Q3,391749.36,88.95,207
2017,3_DA16,Q4a,467234.57,118.63,93
2017,3_DA16,Q4b,639833.33,182.0,6
2017,3_DA17,Q1,222445.16,48.4,96
2017,3_DA17,Q2,275697.07,66.78,100
2017,3_DA17,Q3,339442.64,88.41,89
2017,3_DA17,Q4a,381878.79,119.87,33
2017,3_DA17,Q4b,,,0
2017,3_DA18,Q1,178750.0,47.19,4
2017,3_DA18,Q2,,,0
2017,3_DA18,Q3,282666.67,85.33,3
2017,3_DA18,Q4a,276666.67,130.71,3
2017,3_DA18,Q4b,,,0
2017,3_DA5,Q1,285447.37,52.88,19
2017,3_DA5,Q2,346058.59,68.38,32
2017,3_DA5,Q3,430135.71,88.77,70
2017,3_DA5,Q4a,539271.22,121.68,82
2017,3_DA5,Q4b,810875.0,188.26,16
2017,3_DA6,Q1,285177.27,51.09,44
2017,3_DA6,Q2,316566.28,67.99,43
2017,3_DA6,Q3,409759.84,88.81,51
2017,3_DA6,Q4a,497181.59,121.32,44
2017,3_DA6,Q4b,767498.75,196.0,4
2017,3_DA7,Q1,255389.52,50.74,86
2017,3_DA7,Q2,327945.6,68.18,91
2017,3_DA7,Q3,396411.72,88.88,173
2017,3_DA7,Q4a,492784.84,119.65,96
2017,3_DA7,Q4b,564272.73,167.18,11
2017,3_DA8,Q1,192837.62,47.97,65
2017,3_DA8,Q2,252435.71,68.1,126
2017,3_DA8,Q3,308838.77,87.34,149
2017,3_DA8,Q4a,363420.0,114.56,35
2017,3_DA8,Q4b,407750.0,187.3,6
2017,3_SE2,Q1,263923.08,52.78,13
2017,3_SE2,Q2,254346.15,66.15,13
2017,3_SE2,Q3,376363.64,91.36,11
2017,3_SE2,Q4a,466150.0,121.4,10
2017,3_SE2,Q4b,712333.33,189.33,3
2017,3_SE28,Q1,205489.47,50.1,19
2017,3_SE28,Q2,279384.62,67.99,13
2017,3_SE28,Q3,312266.67,91.4,15
2017,3_SE28,Q4a,341250.0,119.0,4
2017,3_SE28,Q4b,,,0
2017,3_SE9,Q1,,,0
2017,3_SE9,Q2,402500.0,76.5,2
2017,3_SE9,Q3,455000.0,93.75,8
2017,3_SE9,Q4a,523111.0,113.82,6
2017,3_SE9,Q4b,,,0
2017,4_HA0,Q1,284190.59,48.59,85
2017,4_HA0,Q2,375668.46,69.11,65
2017,4_HA0,Q3,485399.16,90.55,55
2017,4_HA0,Q4a,586850.0,120.54,40
2017,4_HA0,Q4b,752666.67,203.33,6
2017,4_HA1,Q1,360000.0,56.78,1
2017,4_HA1,Q2,,,0
2017,4_HA1,Q3,680000.0,87.0,1
2017,4_HA1,Q4a,791666.67,112.33,3
2017,4_HA1,Q4b,1087533.33,222.0,3
2017,4_HA3,Q1,204803.85,46.44,13
2017,4_HA3,Q2,413333.33,71.12,3
2017,4_HA3,Q3,537138.89,93.28,18
2017,4_HA3,Q4a,672697.62,125.22,21
2017,4_HA3,Q4b,913268.18,184.18,11
2017,4_HA7,Q1,,,0
2017,4_HA7,Q2,,,0
2017,4_HA7,Q3,,,0
2017,4_HA7,Q4a,,,0
2017,4_HA7,Q4b,,,0
2017,4_HA8,Q1,292250.0,46.0,4
2017,4_HA8,Q2,358333.33,63.67,3
2017,4_HA8,Q3,457401.14,95.61,7
2017,4_HA8,Q4a,671666.67,131.33,3
2017,4_HA8,Q4b,750000.0,166.0,1
2017,4_HA9,Q1,350427.82,49.66,212
2017,4_HA9,Q2,479521.56,71.88,148
2017,4_HA9,Q3,529511.08,86.26,120
2017,4_HA9,Q4a,630458.33,124.4,46
2017,4_HA9,Q4b,890714.29,189.29,14
2017,4_NW10,Q1,320616.12,48.12,89
2017,4_NW10,Q2,481156.18,67.91,89
2017,4_NW10,Q3,598780.38,89.95,79
2017,4_NW10,Q4a,909587.81,123.21,103
2017,4_NW10,Q4b,1412832.58,185.61,31
2017,4_NW2,Q1,326478.1,48.5,52
2017,4_NW2,Q2,471548.39,68.38,62
2017,4_NW2,Q3,544918.37,90.22,49
2017,4_NW2,Q4a,726962.96,125.15,27
2017,4_NW2,Q4b,1326977.08,198.46,24
2017,4_NW6,Q1,474454.49,51.01,76
2017,4_NW6,Q2,577947.58,69.74,62
2017,4_NW6,Q3,712861.25,89.14,40
2017,4_NW6,Q4a,1245088.29,126.64,41
2017,4_NW6,Q4b,2138376.0,209.46,35
2017,4_NW9,Q1,300859.68,49.95,31
2017,4_NW9,Q2,382561.38,69.37,39
2017,4_NW9,Q3,495927.14,89.9,70
2017,4_NW9,Q4a,616775.83,121.93,29
2017,4_NW9,Q4b,762400.0,181.0,5
2017,4_W10,Q1,480000.0,48.99,3
2017,4_W10,Q2,498750.0,64.33,6
2017,4_W10,Q3,612500.0,85.0,2
2017,4_W10,Q4a,,,0
2017,4_W10,Q4b,,,0
2017,4_W9,Q1,,,0
2017,4_W9,Q2,,,0
2017,4_W9,Q3,,,0
2017,4_W9,Q4a,,,0
2017,4_W9,Q4b,,,0
2017,5_CM12,Q1,,,0
2017,5_CM12,Q2,,,0
2017,5_CM12,Q3,,,0
2017,5_CM12,Q4a,,,0
2017,5_CM12,Q4b,,,0
2017,5_CM13,Q1,258043.04,49.03,46
2017,5_CM13,Q2,341824.88,70.06,86
2017,5_CM13,Q3,442428.04,89.22,90
2017,5_CM13,Q4a,598541.46,123.6,102
2017,5_CM13,Q4b,1096122.04,215.05,49
2017,5_CM14,Q1,264481.45,48.28,128
2017,5_CM14,Q2,342461.11,67.66,117
2017,5_CM14,Q3,446015.3,88.4,98
2017,5_CM14,Q4a,569820.31,121.91,65
2017,5_CM14,Q4b,877214.29,197.63,28
2017,5_CM15,Q1,248400.29,48.22,34
2017,5_CM15,Q2,357030.62,70.01,64
2017,5_CM15,Q3,409239.44,89.91,82
2017,5_CM15,Q4a,578214.9,125.81,100
2017,5_CM15,Q4b,1006655.56,208.57,45
2017,5_CM4,Q1,319218.75,52.15,16
2017,5_CM4,Q2,408394.47,67.93,19
2017,5_CM4,Q3,446340.45,89.28,22
2017,5_CM4,Q4a,598359.38,127.24,32
2017,5_CM4,Q4b,867457.92,187.38,12
2017,5_RM4,Q1,,,0
2017,5_RM4,Q2,,,0
2017,5_RM4,Q3,,,0
2017,5_RM4,Q4a,,,0
2017,5_RM4,Q4b,,,0
2017,6_BR1,Q1,276699.5,48.11,101
2017,6_BR1,Q2,361470.23,67.94,124
2017,6_BR1,Q3,453118.61,88.31,126
2017,6_BR1,Q4a,630944.64,123.53,122
2017,6_BR1,Q4b,1015607.36,207.45,74
2017,6_BR2,Q1,295739.4,47.33,94
2017,6_BR2,Q2,361726.5,68.41,145
2017,6_BR2,Q3,463889.47,90.03,209
2017,6_BR2,Q4a,616852.99,121.92,164
2017,6_BR2,Q4b,949162.18,197.76,82
2017,6_BR3,Q1,277405.62,48.14,124
2017,6_BR3,Q2,382396.13,68.92,145
2017,6_BR3,Q3,492882.58,89.51,180
2017,6_BR3,Q4a,666185.93,125.55,194
2017,6_BR3,Q4b,1031586.81,195.89,80
2017,6_BR4,Q1,236473.75,46.45,40
2017,6_BR4,Q2,374578.95,69.22,19
2017,6_BR4,Q3,523588.9,92.67,51
2017,6_BR4,Q4a,623796.04,122.7,101
2017,6_BR4,Q4b,808762.79,181.47,39
2017,6_BR5,Q1,258822.18,49.63,108
2017,6_BR5,Q2,313115.09,69.43,126
2017,6_BR5,Q3,402249.92,88.76,199
2017,6_BR5,Q4a,576383.04,119.91,98
2017,6_BR5,Q4b,876211.54,185.38,26
2017,6_BR6,Q1,269298.22,48.34,90
2017,6_BR6,Q2,379961.08,69.12,148
2017,6_BR6,Q3,465501.92,89.3,214
2017,6_BR6,Q4a,584219.43,121.73,159
2017,6_BR6,Q4b,950654.49,200.76,78
2017,6_BR7,Q1,269187.08,48.27,24
2017,6_BR7,Q2,374989.78,70.1,45
2017,6_BR7,Q3,490557.5,89.64,84
2017,6_BR7,Q4a,644804.75,121.36,65
2017,6_BR7,Q4b,1166280.25,223.15,61
2017,6_BR8,Q1,,,0
2017,6_BR8,Q2,,,0
2017,6_BR8,Q3,,,0
2017,6_BR8,Q4a,,,0
2017,6_BR8,Q4b,,,0
2017,6_DA14,Q1,,,0
2017,6_DA14,Q2,256000.0,62.0,1
2017,6_DA14,Q3,,,0
2017,6_DA14,Q4a,,,0
2017,6_DA14,Q4b,,,0
2017,6_SE19,Q1,332905.56,48.03,27
2017,6_SE19,Q2,453214.29,66.67,14
2017,6_SE19,Q3,547500.0,94.75,4
2017,6_SE19,Q4a,762142.86,116.31,7
2017,6_SE19,Q4b,840300.0,169.0,1
2017,6_SE20,Q1,298091.58,47.86,133
2017,6_SE20,Q2,379405.47,69.0,72
2017,6_SE20,Q3,472395.76,88.16,71
2017,6_SE20,Q4a,579027.64,116.81,36
2017,6_SE20,Q4b,861333.33,188.0,6
2017,6_SE26,Q1,368454.52,52.5,52
2017,6_SE26,Q2,429306.73,68.25,26
2017,6_SE26,Q3,501020.91,88.21,22
2017,6_SE26,Q4a,649624.17,119.98,24
2017,6_SE26,Q4b,1410925.0,247.67,6
2017,6_SE9,Q1,251041.67,46.62,12
2017,6_SE9,Q2,320213.11,68.72,61
2017,6_SE9,Q3,374062.5,87.59,24
2017,6_SE9,Q4a,642857.14,134.41,7
2017,6_SE9,Q4b,944000.0,192.92,4
2017,6_TN14,Q1,350000.0,52.0,1
2017,6_TN14,Q2,450000.0,68.5,2
2017,6_TN14,Q3,,,0
2017,6_TN14,Q4a,647500.0,130.0,2
2017,6_TN14,Q4b,830000.0,153.16,2
2017,6_TN16,Q1,259750.0,50.49,18
2017,6_TN16,Q2,311495.12,68.12,41
2017,6_TN16,Q3,370138.52,89.72,61
2017,6_TN16,Q4a,482583.2,126.79,64
2017,6_TN16,Q4b,665010.71,197.33,14
2017,7_EC1M,Q1,,,0
2017,7_EC1M,Q2,,,0
2017,7_EC1M,Q3,820000.0,93.0,1
2017,7_EC1M,Q4a,,,0
2017,7_EC1M,Q4b,,,0
2017,7_EC1N,Q1,542500.0,48.25,8
2017,7_EC1N,Q2,974083.33,71.83,6
2017,7_EC1N,Q3,999000.0,82.33,3
2017,7_EC1N,Q4a,1658812.5,136.11,4
2017,7_EC1N,Q4b,,,0
2017,7_EC1R,Q1,325000.0,25.0,1
2017,7_EC1R,Q2,,,0
2017,7_EC1R,Q3,,,0
2017,7_EC1R,Q4a,840000.0,124.0,1
2017,7_EC1R,Q4b,,,0
2017,7_N19,Q1,515000.0,51.0,2
2017,7_N19,Q2,,,0
2017,7_N19,Q3,,,0
2017,7_N19,Q4a,,,0
2017,7_N19,Q4b,1616000.0,174.0,1
2017,7_N1C,Q1,717515.22,49.3,23
2017,7_N1C,Q2,1071502.63,71.05,19
2017,7_N1C,Q3,1277604.41,93.06,17
2017,7_N1C,Q4a,1499977.78,112.89,9
2017,7_N1C,Q4b,2411321.43,176.43,7
2017,7_N6,Q1,434909.92,40.3,12
2017,7_N6,Q2,799975.0,67.45,2
2017,7_N6,Q3,827250.0,87.75,4
2017,7_N6,Q4a,1587500.0,128.75,4
2017,7_N6,Q4b,2183031.25,187.25,8
2017,7_N7,Q1,563035.1,51.19,21
2017,7_N7,Q2,713125.0,71.54,13
2017,7_N7,Q3,,,0
2017,7_N7,Q4a,,,0
2017,7_N7,Q4b,,,0
2017,7_NW1,Q1,514282.37,46.0,112
2017,7_NW1,Q2,737734.87,69.96,101
2017,7_NW1,Q3,890598.89,88.04,45
2017,7_NW1,Q4a,1362590.91,119.94,33
2017,7_NW1,Q4b,3910059.26,227.07,27
2017,7_NW2,Q1,350997.5,40.1,20
2017,7_NW2,Q2,555277.78,66.27,9
2017,7_NW2,Q3,746666.67,89.0,3
2017,7_NW2,Q4a,659000.0,121.0,1
2017,7_NW2,Q4b,1803000.0,245.6,5
2017,7_NW3,Q1,556347.7,45.3,124
2017,7_NW3,Q2,735779.31,68.24,86
2017,7_NW3,Q3,1035064.86,90.41,77
2017,7_NW3,Q4a,1530182.15,119.85,84
2017,7_NW3,Q4b,3142150.86,227.34,86
2017,7_NW5,Q1,434451.54,44.87,94
2017,7_NW5,Q2,633052.44,67.83,41
2017,7_NW5,Q3,805921.0,90.02,34
2017,7_NW5,Q4a,1274652.75,120.34,36
2017,7_NW5,Q4b,2144886.36,208.86,22
2017,7_NW6,Q1,496917.24,47.17,131
2017,7_NW6,Q2,709600.95,71.87,105
2017,7_NW6,Q3,779431.71,86.71,79
2017,7_NW6,Q4a,1141571.85,124.44,47
2017,7_NW6,Q4b,1883404.45,190.06,31
2017,7_NW8,Q1,346316.67,47.5,6
2017,7_NW8,Q2,491942.5,65.77,12
2017,7_NW8,Q3,904255.33,88.29,9
2017,7_NW8,Q4a,1895937.5,115.87,8
2017,7_NW8,Q4b,3297600.0,236.2,5
2017,7_W1T,Q1,604954.29,43.61,7
2017,7_W1T,Q2,,,0
2017,7_W1T,Q3,1800000.0,98.0,1
2017,7_W1T,Q4a,2000000.0,106.0,2
2017,7_W1T,Q4b,3515000.0,163.0,2
2017,7_WC1A,Q1,757500.0,52.5,2
2017,7_WC1A,Q2,1175000.0,74.5,2
2017,7_WC1A,Q3,,,0
2017,7_WC1A,Q4a,2637500.0,135.0,1
2017,7_WC1A,Q4b,,,0
2017,7_WC1B,Q1,,,0
2017,7_WC1B,Q2,,,0
2017,7_WC1B,Q3,1405000.0,94.9,2
2017,7_WC1B,Q4a,1579625.0,124.25,4
2017,7_WC1B,Q4b,,,0
2017,7_WC1E,Q1,685000.0,51.22,9
2017,7_WC1E,Q2,738016.67,70.0,3
2017,7_WC1E,Q3,,,0
2017,7_WC1E,Q4a,1317500.0,121.5,2
2017,7_WC1E,Q4b,,,0
2017,7_WC1H,Q1,422482.95,34.76,44
2017,7_WC1H,Q2,650000.0,62.0,1
2017,7_WC1H,Q3,,,0
2017,7_WC1H,Q4a,1800000.0,127.0,2
2017,7_WC1H,Q4b,2300000.0,205.0,1
2017,7_WC1N,Q1,560581.25,44.12,8
2017,7_WC1N,Q2,830970.0,68.2,10
2017,7_WC1N,Q3,950000.0,81.0,1
2017,7_WC1N,Q4a,1653750.0,117.5,4
2017,7_WC1N,Q4b,1941232.0,152.24,1
2017,7_WC1R,Q1,690000.0,43.0,2
2017,7_WC1R,Q2,757500.0,69.5,2
2017,7_WC1R,Q3,,,0
2017,7_WC1R,Q4a,1650000.0,106.0,2
2017,7_WC1R,Q4b,,,0
2017,7_WC1V,Q1,,,0
2017,7_WC1V,Q2,,,0
2017,7_WC1V,Q3,,,0
2017,7_WC1V,Q4a,,,0
2017,7_WC1V,Q4b,,,0
2017,7_WC1X,Q1,639939.5,44.04,14
2017,7_WC1X,Q2,1050124.94,70.05,18
2017,7_WC1X,Q3,1192569.0,85.27,11
2017,7_WC1X,Q4a,1766875.33,118.0,3
2017,7_WC1X,Q4b,1200000.0,174.0,1
2017,7_WC2A,Q1,696250.0,35.0,4
2017,7_WC2A,Q2,1075000.0,63.0,1
2017,7_WC2A,Q3,,,0
2017,7_WC2A,Q4a,,,0
2017,7_WC2A,Q4b,,,0
2017,7_WC2B,Q1,,,0
2017,7_WC2B,Q2,1200000.0,71.0,1
2017,7_WC2B,Q3,,,0
2017,7_WC2B,Q4a,,,0
2017,7_WC2B,Q4b,,,0
2017,7_WC2H,Q1,767956.5,45.78,8
2017,7_WC2H,Q2,1510000.0,68.0,1
2017,7_WC2H,Q3,1584166.67,91.08,6
2017,7_WC2H,Q4a,1142000.0,110.0,1
2017,7_WC2H,Q4b,,,0
2017,8_E1,Q1,512500.0,47.0,2
2017,8_E1,Q2,,,0
2017,8_E1,Q3,,,0
2017,8_E1,Q4a,,,0
2017,8_E1,Q4b,,,0
2017,8_EC1A,Q1,802963.04,49.22,23
2017,8_EC1A,Q2,1103500.0,68.38,8
2017,8_EC1A,Q3,1113737.5,89.5,4
2017,8_EC1A,Q4a,,,0
2017,8_EC1A,Q4b,2925000.0,176.0,1
2017,8_EC1M,Q1,,,0
2017,8_EC1M,Q2,,,0
2017,8_EC1M,Q3,,,0
2017,8_EC1M,Q4a,,,0
2017,8_EC1M,Q4b,,,0
2017,8_EC1N,Q1,,,0
2017,8_EC1N,Q2,,,0
2017,8_EC1N,Q3,,,0
2017,8_EC1N,Q4a,,,0
2017,8_EC1N,Q4b,,,0
2017,8_EC1Y,Q1,534500.0,43.67,3
2017,8_EC1Y,Q2,695000.0,62.0,1
2017,8_EC1Y,Q3,,,0
2017,8_EC1Y,Q4a,,,0
2017,8_EC1Y,Q4b,,,0
2017,8_EC2M,Q1,552500.0,51.56,2
2017,8_EC2M,Q2,,,0
2017,8_EC2M,Q3,,,0
2017,8_EC2M,Q4a,,,0
2017,8_EC2M,Q4b,,,0
2017,8_EC2R,Q1,,,0
2017,8_EC2R,Q2,,,0
2017,8_EC2R,Q3,,,0
2017,8_EC2R,Q4a,,,0
2017,8_EC2R,Q4b,,,0
2017,8_EC2V,Q1,,,0
2017,8_EC2V,Q2,,,0
2017,8_EC2V,Q3,,,0
2017,8_EC2V,Q4a,,,0
2017,8_EC2V,Q4b,,,0
2017,8_EC2Y,Q1,679285.37,44.54,41
2017,8_EC2Y,Q2,909755.56,68.36,36
2017,8_EC2Y,Q3,1001333.33,89.86,6
2017,8_EC2Y,Q4a,1607718.69,111.89,16
2017,8_EC2Y,Q4b,3700000.0,161.0,1
2017,8_EC3A,Q1,585000.0,48.0,1
2017,8_EC3A,Q2,,,0
2017,8_EC3A,Q3,,,0
2017,8_EC3A,Q4a,,,0
2017,8_EC3A,Q4b,,,0
2017,8_EC3N,Q1,549250.0,55.0,4
2017,8_EC3N,Q2,,,0
2017,8_EC3N,Q3,620000.0,80.3,1
2017,8_EC3N,Q4a,885000.0,121.29,1
2017,8_EC3N,Q4b,,,0
2017,8_EC3R,Q1,550000.0,50.0,1
2017,8_EC3R,Q2,570000.0,65.81,1
2017,8_EC3R,Q3,,,0
2017,8_EC3R,Q4a,,,0
2017,8_EC3R,Q4b,1340000.0,169.0,1
2017,8_EC3V,Q1,,,0
2017,8_EC3V,Q2,,,0
2017,8_EC3V,Q3,,,0
2017,8_EC3V,Q4a,,,0
2017,8_EC3V,Q4b,,,0
2017,8_EC4A,Q1,491666.67,31.67,3
2017,8_EC4A,Q2,,,0
2017,8_EC4A,Q3,1319090.0,89.5,2
2017,8_EC4A,Q4a,,,0
2017,8_EC4A,Q4b,,,0
2017,8_EC4M,Q1,,,0
2017,8_EC4M,Q2,,,0
2017,8_EC4M,Q3,,,0
2017,8_EC4M,Q4a,,,0
2017,8_EC4M,Q4b,,,0
2017,8_EC4R,Q1,510000.0,50.0,1
2017,8_EC4R,Q2,,,0
2017,8_EC4R,Q3,,,0
2017,8_EC4R,Q4a,,,0
2017,8_EC4R,Q4b,,,0
2017,8_EC4V,Q1,567928.57,46.56,7
2017,8_EC4V,Q2,800000.0,73.47,1
2017,8_EC4V,Q3,1337500.0,99.28,2
2017,8_EC4V,Q4a,1150000.0,114.0,1
2017,8_EC4V,Q4b,,,0
2017,8_EC4Y,Q1,,,0
2017,8_EC4Y,Q2,940000.0,74.0,1
2017,8_EC4Y,Q3,,,0
2017,8_EC4Y,Q4a,,,0
2017,8_EC4Y,Q4b,,,0
2017,8_WC2A,Q1,,,0
2017,8_WC2A,Q2,,,0
2017,8_WC2A,Q3,,,0
2017,8_WC2A,Q4a,,,0
2017,8_WC2A,Q4b,,,0
2017,9_CR0,Q1,269862.83,46.11,715
2017,9_CR0,Q2,349455.77,69.13,614
2017,9_CR0,Q3,392238.47,87.64,455
2017,9_CR0,Q4a,518587.82,121.16,218
2017,9_CR0,Q4b,805025.12,185.62,43
2017,9_CR2,Q1,264946.45,48.85,128
2017,9_CR2,Q2,333921.88,68.4,148
2017,9_CR2,Q3,428906.83,89.53,170
2017,9_CR2,Q4a,573240.75,123.34,146
2017,9_CR2,Q4b,773862.68,188.66,71
2017,9_CR3,Q1,340000.0,59.0,1
2017,9_CR3,Q2,,,0
2017,9_CR3,Q3,421000.0,88.42,5
2017,9_CR3,Q4a,446250.0,128.25,4
2017,9_CR3,Q4b,555000.0,160.0,1
2017,9_CR4,Q1,,,0
2017,9_CR4,Q2,,,0
2017,9_CR4,Q3,,,0
2017,9_CR4,Q4a,,,0
2017,9_CR4,Q4b,,,0
2017,9_CR5,Q1,231652.08,51.16,24
2017,9_CR5,Q2,343236.67,68.64,51
2017,9_CR5,Q3,416340.39,90.52,100
2017,9_CR5,Q4a,560206.31,124.16,183
2017,9_CR5,Q4b,699906.32,181.39,34
2017,9_CR6,Q1,,,0
2017,9_CR6,Q2,,,0
2017,9_CR6,Q3,465000.0,85.0,1
2017,9_CR6,Q4a,,,0
2017,9_CR6,Q4b,,,0
2017,9_CR7,Q1,242257.21,48.34,70
2017,9_CR7,Q2,306710.14,68.6,74
2017,9_CR7,Q3,375408.26,91.29,114
2017,9_CR7,Q4a,435459.74,120.03,61
2017,9_CR7,Q4b,503716.67,171.0,9
2017,9_CR8,Q1,215434.0,47.72,50
2017,9_CR8,Q2,308983.74,68.4,80
2017,9_CR8,Q3,429860.72,88.62,95
2017,9_CR8,Q4a,570913.82,123.45,95
2017,9_CR8,Q4b,841850.98,202.26,94
2017,9_SE19,Q1,318176.77,48.02,82
2017,9_SE19,Q2,352116.28,68.51,43
2017,9_SE19,Q3,501355.55,87.96,67
2017,9_SE19,Q4a,619833.33,121.84,24
2017,9_SE19,Q4b,1048312.5,204.83,8
2017,9_SE25,Q1,245842.81,45.46,153
2017,9_SE25,Q2,339515.0,68.11,119
2017,9_SE25,Q3,413360.68,89.68,117
2017,9_SE25,Q4a,485482.95,120.43,44
2017,9_SE25,Q4b,575000.0,175.0,8
2017,9_SW16,Q1,279207.05,48.35,22
2017,9_SW16,Q2,338610.0,65.33,25
2017,9_SW16,Q3,415601.56,90.75,32
2017,9_SW16,Q4a,556897.46,119.8,39
2017,9_SW16,Q4b,781916.67,187.58,12
2018,10_HA0,Q1,278000.0,43.0,3
2018,10_HA0,Q2,432666.67,72.35,3
2018,10_HA0,Q3,,,0
2018,10_HA0,Q4a,567000.0,113.0,7
2018,10_HA0,Q4b,,,0
2018,10_NW10,Q1,301600.0,44.6,5
2018,10_NW10,Q2,441550.0,72.08,2
2018,10_NW10,Q3,522833.33,88.1,9
2018,10_NW10,Q4a,520000.0,122.67,3
2018,10_NW10,Q4b,,,0
2018,10_TW8,Q1,317500.0,48.5,2
2018,10_TW8,Q2,,,0
2018,10_TW8,Q3,,,0
2018,10_TW8,Q4a,,,0
2018,10_TW8,Q4b,,,0
2018,10_UB1,Q1,259928.57,51.18,14
2018,10_UB1,Q2,371844.23,69.52,26
2018,10_UB1,Q3,402682.86,89.51,35
2018,10_UB1,Q4a,420912.68,118.16,25
2018,10_UB1,Q4b,578333.33,184.22,3
2018,10_UB2,Q1,278423.96,49.53,48
2018,10_UB2,Q2,370757.11,70.04,56
2018,10_UB2,Q3,405956.67,89.76,45
2018,10_UB2,Q4a,563760.83,115.48,23
2018,10_UB2,Q4b,703000.0,169.0,5
2018,10_UB5,Q1,254288.62,47.34,55
2018,10_UB5,Q2,325471.43,68.07,98
2018,10_UB5,Q3,411375.69,87.21,109
2018,10_UB5,Q4a,485265.22,119.04,23
2018,10_UB5,Q4b,650000.0,165.33,3
2018,10_UB6,Q1,307520.96,47.83,104
2018,10_UB6,Q2,417850.08,68.86,105
2018,10_UB6,Q3,464252.27,86.67,103
2018,10_UB6,Q4a,545914.14,116.89,35
2018,10_UB6,Q4b,596500.0,188.33,3
2018,10_W12,Q1,,,0
2018,10_W12,Q2,505000.0,68.0,1
2018,10_W12,Q3,900000.0,103.0,1
2018,10_W12,Q4a,,,0
2018,10_W12,Q4b,,,0
2018,10_W13,Q1,361120.75,48.23,53
2018,10_W13,Q2,507812.29,67.7,58
2018,10_W13,Q3,684662.5,90.67,52
2018,10_W13,Q4a,825141.75,122.73,55
2018,10_W13,Q4b,1229460.0,190.38,25
2018,10_W3,Q1,359290.85,47.94,156
2018,10_W3,Q2,499506.95,68.78,130
2018,10_W3,Q3,607014.75,88.4,110
2018,10_W3,Q4a,860496.15,119.37,65
2018,10_W3,Q4b,1381741.92,208.18,37
2018,10_W4,Q1,474650.0,49.74,33
2018,10_W4,Q2,534094.64,66.97,28
2018,10_W4,Q3,771431.03,87.46,29
2018,10_W4,Q4a,1033584.73,120.95,56
2018,10_W4,Q4b,1637397.46,177.63,13
2018,10_W5,Q1,370745.05,47.22,94
2018,10_W5,Q2,540611.02,68.35,102
2018,10_W5,Q3,704886.69,89.2,88
2018,10_W5,Q4a,857127.72,121.93,101
2018,10_W5,Q4b,1515157.94,211.96,63
2018,10_W7,Q1,344232.58,50.87,43
2018,10_W7,Q2,441252.19,68.22,68
2018,10_W7,Q3,580810.94,90.07,69
2018,10_W7,Q4a,723979.41,117.1,51
2018,10_W7,Q4b,897990.82,166.91,11
2018,11_EN1,Q1,260438.27,47.2,81
2018,11_EN1,Q2,374637.48,68.22,89
2018,11_EN1,Q3,445979.48,87.32,135
2018,11_EN1,Q4a,577601.36,120.64,55
2018,11_EN1,Q4b,815333.33,171.5,6
2018,11_EN2,Q1,285380.63,49.16,95
2018,11_EN2,Q2,366516.46,68.15,71
2018,11_EN2,Q3,489032.79,88.8,105
2018,11_EN2,Q4a,647019.37,120.35,62
2018,11_EN2,Q4b,907416.67,177.62,21
2018,11_EN3,Q1,226187.92,47.42,77
2018,11_EN3,Q2,315541.34,69.04,91
2018,11_EN3,Q3,376002.15,89.53,109
2018,11_EN3,Q4a,457621.31,121.55,61
2018,11_EN3,Q4b,665000.0,260.0,1
2018,11_EN4,Q1,266714.29,51.11,7
2018,11_EN4,Q2,483000.0,69.5,8
2018,11_EN4,Q3,667500.0,96.72,4
2018,11_EN4,Q4a,953636.36,130.69,22
2018,11_EN4,Q4b,1496108.7,229.66,23
2018,11_EN8,Q1,170000.0,46.0,1
2018,11_EN8,Q2,328333.33,71.33,3
2018,11_EN8,Q3,385000.0,87.0,5
2018,11_EN8,Q4a,,,0
2018,11_EN8,Q4b,,,0
2018,11_N11,Q1,360737.5,49.75,8
2018,11_N11,Q2,445500.0,69.68,19
2018,11_N11,Q3,529666.63,90.63,27
2018,11_N11,Q4a,664580.0,118.8,25
2018,11_N11,Q4b,826000.0,164.5,4
2018,11_N13,Q1,290222.31,46.43,58
2018,11_N13,Q2,360525.48,67.75,66
2018,11_N13,Q3,501336.07,91.25,61
2018,11_N13,Q4a,642257.94,122.41,63
2018,11_N13,Q4b,966700.0,179.43,10
2018,11_N14,Q1,338234.43,53.23,14
2018,11_N14,Q2,358240.74,66.98,27
2018,11_N14,Q3,555540.0,89.49,40
2018,11_N14,Q4a,759214.29,127.38,56
2018,11_N14,Q4b,920250.0,188.03,19
2018,11_N18,Q1,209642.47,41.86,32
2018,11_N18,Q2,340054.69,70.05,39
2018,11_N18,Q3,381165.31,87.09,62
2018,11_N18,Q4a,419306.82,112.0,17
2018,11_N18,Q4b,555000.0,170.5,2
2018,11_N21,Q1,316101.91,49.61,32
2018,11_N21,Q2,439918.72,67.8,40
2018,11_N21,Q3,571038.05,91.77,39
2018,11_N21,Q4a,761622.8,123.37,65
2018,11_N21,Q4b,1128018.18,193.2,40
2018,11_N22,Q1,321357.14,49.43,7
2018,11_N22,Q2,279750.0,64.05,2
2018,11_N22,Q3,442000.0,90.0,1
2018,11_N22,Q4a,669500.0,128.33,3
2018,11_N22,Q4b,825000.0,175.0,1
2018,11_N9,Q1,210547.85,45.01,72
2018,11_N9,Q2,326819.82,70.27,83
2018,11_N9,Q3,378990.29,88.13,103
2018,11_N9,Q4a,432903.2,114.99,20
2018,11_N9,Q4b,507333.33,191.67,3
2018,12_BR7,Q1,258000.0,50.0,1
2018,12_BR7,Q2,451000.0,70.69,5
2018,12_BR7,Q3,518333.33,91.33,3
2018,12_BR7,Q4a,596500.0,143.0,1
2018,12_BR7,Q4b,,,0
2018,12_DA15,Q1,,,0
2018,12_DA15,Q2,320000.0,76.58,1
2018,12_DA15,Q3,367000.0,94.4,5
2018,12_DA15,Q4a,,,0
2018,12_DA15,Q4b,650000.0,155.0,1
2018,12_SE10,Q1,369592.44,50.93,197
2018,12_SE10,Q2,493324.58,70.34,212
2018,12_SE10,Q3,615533.74,87.9,161
2018,12_SE10,Q4a,851157.26,122.51,104
2018,12_SE10,Q4b,1309083.06,168.8,18
2018,12_SE12,Q1,238433.33,52.09,9
2018,12_SE12,Q2,343535.71,70.22,14
2018,12_SE12,Q3,414854.68,86.36,19
2018,12_SE12,Q4a,454425.0,123.67,3
2018,12_SE12,Q4b,696500.0,171.0,1
2018,12_SE13,Q1,,,0
2018,12_SE13,Q2,406500.0,68.0,1
2018,12_SE13,Q3,497000.0,84.0,1
2018,12_SE13,Q4a,250000.0,108.0,1
2018,12_SE13,Q4b,,,0
2018,12_SE18,Q1,343829.62,48.63,274
2018,12_SE18,Q2,448896.57,70.05,354
2018,12_SE18,Q3,481441.18,88.15,233
2018,12_SE18,Q4a,541094.81,120.83,77
2018,12_SE18,Q4b,779912.5,161.25,8
2018,12_SE2,Q1,258400.0,51.08,10
2018,12_SE2,Q2,315628.64,71.76,33
2018,12_SE2,Q3,350955.74,86.38,61
2018,12_SE2,Q4a,429000.0,117.06,10
2018,12_SE2,Q4b,,,0
2018,12_SE28,Q1,241219.18,51.92,61
2018,12_SE28,Q2,288502.27,68.74,44
2018,12_SE28,Q3,326204.0,88.46,25
2018,12_SE28,Q4a,363925.0,115.46,12
2018,12_SE28,Q4b,,,0
2018,12_SE3,Q1,319935.16,46.83,96
2018,12_SE3,Q2,452094.33,68.45,132
2018,12_SE3,Q3,500169.26,88.8,101
2018,12_SE3,Q4a,734562.91,120.58,92
2018,12_SE3,Q4b,1433531.25,192.99,32
2018,12_SE7,Q1,261946.05,47.61,38
2018,12_SE7,Q2,368000.0,69.71,34
2018,12_SE7,Q3,477883.09,90.21,47
2018,12_SE7,Q4a,619570.78,120.55,54
2018,12_SE7,Q4b,744458.33,161.33,6
2018,12_SE8,Q1,338359.09,51.07,22
2018,12_SE8,Q2,434651.39,69.5,18
2018,12_SE8,Q3,501769.23,88.48,13
2018,12_SE8,Q4a,691000.0,115.62,5
2018,12_SE8,Q4b,,,0
2018,12_SE9,Q1,266186.97,50.2,114
2018,12_SE9,Q2,359604.57,69.58,164
2018,12_SE9,Q3,438171.84,89.7,202
2018,12_SE9,Q4a,558418.44,117.78,114
2018,12_SE9,Q4b,939233.33,201.89,39
2018,13_E1,Q1,,,0
2018,13_E1,Q2,,,0
2018,13_E1,Q3,,,0
2018,13_E1,Q4a,,,0
2018,13_E1,Q4b,,,0
2018,13_E2,Q1,362366.67,49.22,15
2018,13_E2,Q2,514250.0,71.54,10
2018,13_E2,Q3,567461.54,83.44,13
2018,13_E2,Q4a,,,0
2018,13_E2,Q4b,,,0
2018,13_E20,Q1,,,0
2018,13_E20,Q2,,,0
2018,13_E20,Q3,,,0
2018,13_E20,Q4a,,,0
2018,13_E20,Q4b,,,0
2018,13_E5,Q1,383394.89,46.85,88
2018,13_E5,Q2,458786.73,66.47,52
2018,13_E5,Q3,654130.21,88.55,43
2018,13_E5,Q4a,921499.98,118.98,50
2018,13_E5,Q4b,1184714.29,176.47,14
2018,13_E8,Q1,410818.62,48.82,112
2018,13_E8,Q2,556301.26,67.85,107
2018,13_E8,Q3,730214.19,88.65,74
2018,13_E8,Q4a,949720.47,118.57,51
2018,13_E8,Q4b,1576590.91,185.86,22
2018,13_E9,Q1,368573.12,49.89,72
2018,13_E9,Q2,474958.11,68.01,71
2018,13_E9,Q3,571537.78,87.91,45
2018,13_E9,Q4a,988541.67,120.16,24
2018,13_E9,Q4b,1471250.0,189.74,8
2018,13_EC1V,Q1,,,0
2018,13_EC1V,Q2,755000.0,71.0,1
2018,13_EC1V,Q3,1088666.67,90.0,3
2018,13_EC1V,Q4a,,,0
2018,13_EC1V,Q4b,,,0
2018,13_EC2A,Q1,370000.0,35.33,3
2018,13_EC2A,Q2,600833.33,70.67,3
2018,13_EC2A,Q3,761000.0,85.33,3
2018,13_EC2A,Q4a,1475000.0,142.0,1
2018,13_EC2A,Q4b,,,0
2018,13_N1,Q1,476394.06,49.23,101
2018,13_N1,Q2,569879.86,69.72,72
2018,13_N1,Q3,763727.27,86.34,22
2018,13_N1,Q4a,1015550.46,118.29,26
2018,13_N1,Q4b,1846857.14,191.71,14
2018,13_N15,Q1,,,0
2018,13_N15,Q2,,,0
2018,13_N15,Q3,,,0
2018,13_N15,Q4a,,,0
2018,13_N15,Q4b,,,0
2018,13_N16,Q1,391402.68,48.08,111
2018,13_N16,Q2,514192.93,68.18,92
2018,13_N16,Q3,695881.21,87.81,70
2018,13_N16,Q4a,976380.33,122.63,61
2018,13_N16,Q4b,1267975.0,177.82,26
2018,13_N4,Q1,428450.62,49.41,147
2018,13_N4,Q2,621862.02,71.28,124
2018,13_N4,Q3,657742.74,85.52,42
2018,13_N4,Q4a,947220.69,118.38,29
2018,13_N4,Q4b,1590400.0,220.2,5
2018,13_N5,Q1,365000.0,38.0,1
2018,13_N5,Q2,732500.0,74.5,2
2018,13_N5,Q3,825000.0,93.0,1
2018,13_N5,Q4a,1115000.0,123.4,1
2018,13_N5,Q4b,,,0
2018,14_NW10,Q1,276333.33,39.07,3
2018,14_NW10,Q2,,,0
2018,14_NW10,Q3,600000.0,88.56,2
2018,14_NW10,Q4a,,,0
2018,14_NW10,Q4b,992500.0,163.5,2
2018,14_SW10,Q1,,,0
2018,14_SW10,Q2,887625.0,67.5,8
2018,14_SW10,Q3,1629940.91,90.73,11
2018,14_SW10,Q4a,2043673.04,125.91,23
2018,14_SW10,Q4b,3216481.25,177.95,20
2018,14_SW6,Q1,510459.37,46.67,161
2018,14_SW6,Q2,656352.07,68.82,121
2018,14_SW6,Q3,894522.31,89.58,109
2018,14_SW6,Q4a,1304300.8,126.53,128
2018,14_SW6,Q4b,2211591.29,208.6,133
2018,14_W10,Q1,,,0
2018,14_W10,Q2,,,0
2018,14_W10,Q3,,,0
2018,14_W10,Q4a,,,0
2018,14_W10,Q4b,,,0
2018,14_W11,Q1,271000.0,51.0,1
2018,14_W11,Q2,,,0
2018,14_W11,Q3,,,0
2018,14_W11,Q4a,,,0
2018,14_W11,Q4b,,,0
2018,14_W12,Q1,572623.51,48.76,173
2018,14_W12,Q2,657665.84,69.14,82
2018,14_W12,Q3,997337.8,85.75,164
2018,14_W12,Q4a,1296706.23,126.3,60
2018,14_W12,Q4b,2006926.61,198.97,36
2018,14_W14,Q1,458503.94,46.4,80
2018,14_W14,Q2,603810.81,67.26,37
2018,14_W14,Q3,865589.29,88.8,28
2018,14_W14,Q4a,1273919.88,126.71,16
2018,14_W14,Q4b,2122500.0,213.57,20
2018,14_W3,Q1,299791.67,47.5,6
2018,14_W3,Q2,480000.0,66.0,1
2018,14_W3,Q3,600000.0,79.0,1
2018,14_W3,Q4a,1063750.0,140.5,2
2018,14_W3,Q4b,,,0
2018,14_W4,Q1,,,0
2018,14_W4,Q2,,,0
2018,14_W4,Q3,,,0
2018,14_W4,Q4a,,,0
2018,14_W4,Q4b,2725000.0,176.0,1
2018,14_W6,Q1,492612.97,46.53,135
2018,14_W6,Q2,738118.08,70.85,75
2018,14_W6,Q3,951760.51,88.44,97
2018,14_W6,Q4a,1215501.47,123.21,75
2018,14_W6,Q4b,2207708.65,205.41,55
2018,15_N10,Q1,397703.17,48.88,41
2018,15_N10,Q2,541345.56,69.12,45
2018,15_N10,Q3,707794.29,86.52,35
2018,15_N10,Q4a,1118517.54,129.6,50
2018,15_N10,Q4b,1563300.6,204.05,55
2018,15_N11,Q1,303583.33,48.53,6
2018,15_N11,Q2,428710.0,67.81,10
2018,15_N11,Q3,730000.0,94.66,2
2018,15_N11,Q4a,874981.82,118.57,11
2018,15_N11,Q4b,983750.0,168.5,4
2018,15_N13,Q1,,,0
2018,15_N13,Q2,,,0
2018,15_N13,Q3,485000.0,87.0,1
2018,15_N13,Q4a,,,0
2018,15_N13,Q4b,,,0
2018,15_N15,Q1,333749.98,48.73,48
2018,15_N15,Q2,411448.37,68.64,60
2018,15_N15,Q3,571878.26,88.56,46
2018,15_N15,Q4a,764666.0,122.42,24
2018,15_N15,Q4b,883079.29,223.43,7
2018,15_N17,Q1,300825.28,49.01,71
2018,15_N17,Q2,383351.37,69.21,73
2018,15_N17,Q3,479759.36,90.22,64
2018,15_N17,Q4a,550853.06,114.27,49
2018,15_N17,Q4b,560000.0,164.73,2
2018,15_N18,Q1,,,0
2018,15_N18,Q2,,,0
2018,15_N18,Q3,,,0
2018,15_N18,Q4a,,,0
2018,15_N18,Q4b,,,0
2018,15_N2,Q1,395000.0,54.0,1
2018,15_N2,Q2,495527.78,68.96,9
2018,15_N2,Q3,681555.56,87.89,9
2018,15_N2,Q4a,1109000.0,115.4,5
2018,15_N2,Q4b,2087750.0,218.5,8
2018,15_N22,Q1,352249.31,51.47,59
2018,15_N22,Q2,445633.25,68.32,71
2018,15_N22,Q3,564230.08,88.73,63
2018,15_N22,Q4a,728691.65,123.74,48
2018,15_N22,Q4b,1314000.0,187.91,9
2018,15_N4,Q1,441691.86,48.01,43
2018,15_N4,Q2,465498.85,66.38,34
2018,15_N4,Q3,662392.09,91.26,22
2018,15_N4,Q4a,830272.55,124.43,31
2018,15_N4,Q4b,1278068.18,186.14,22
2018,15_N6,Q1,453021.74,46.28,23
2018,15_N6,Q2,600799.74,69.61,38
2018,15_N6,Q3,796959.17,86.19,36
2018,15_N6,Q4a,1129673.91,117.68,23
2018,15_N6,Q4b,2385423.08,234.83,39
2018,15_N8,Q1,406853.05,50.76,167
2018,15_N8,Q2,509406.95,68.26,151
2018,15_N8,Q3,612850.81,86.08,62
2018,15_N8,Q4a,936700.24,126.52,71
2018,15_N8,Q4b,1460198.66,191.5,41
2018,16_HA1,Q1,328260.37,49.2,211
2018,16_HA1,Q2,429912.86,68.59,140
2018,16_HA1,Q3,496243.22,87.6,126
2018,16_HA1,Q4a,592332.22,119.23,65
2018,16_HA1,Q4b,968926.19,181.52,21
2018,16_HA2,Q1,265514.38,47.87,80
2018,16_HA2,Q2,377459.53,70.36,122
2018,16_HA2,Q3,486350.1,89.24,137
2018,16_HA2,Q4a,590464.95,122.47,107
2018,16_HA2,Q4b,757166.67,175.33,6
2018,16_HA3,Q1,258772.12,48.29,52
2018,16_HA3,Q2,388184.75,69.52,59
2018,16_HA3,Q3,481333.34,90.31,102
2018,16_HA3,Q4a,583310.16,124.61,61
2018,16_HA3,Q4b,797045.45,188.91,11
2018,16_HA4,Q1,,,0
2018,16_HA4,Q2,,,0
2018,16_HA4,Q3,380000.0,84.0,1
2018,16_HA4,Q4a,,,0
2018,16_HA4,Q4b,,,0
2018,16_HA5,Q1,329297.22,50.73,36
2018,16_HA5,Q2,438211.32,68.65,53
2018,16_HA5,Q3,600240.0,90.39,70
2018,16_HA5,Q4a,748558.83,125.17,109
2018,16_HA5,Q4b,1021022.2,189.94,45
2018,16_HA7,Q1,299310.31,49.97,29
2018,16_HA7,Q2,387198.28,68.65,58
2018,16_HA7,Q3,507441.42,89.69,105
2018,16_HA7,Q4a,689804.24,121.21,59
2018,16_HA7,Q4b,1237265.04,212.23,48
2018,16_HA8,Q1,265250.0,48.57,16
2018,16_HA8,Q2,408224.14,69.79,29
2018,16_HA8,Q3,484690.19,88.94,36
2018,16_HA8,Q4a,662676.47,131.24,17
2018,16_HA8,Q4b,1047500.0,191.34,15
2018,16_NW9,Q1,,,0
2018,16_NW9,Q2,,,0
2018,16_NW9,Q3,,,0
2018,16_NW9,Q4a,,,0
2018,16_NW9,Q4b,,,0
2018,16_UB5,Q1,,,0
2018,16_UB5,Q2,370000.0,70.0,3
2018,16_UB5,Q3,420000.0,87.3,3
2018,16_UB5,Q4a,500590.0,113.0,5
2018,16_UB5,Q4b,,,0
2018,16_WD23,Q1,,,0
2018,16_WD23,Q2,,,0
2018,16_WD23,Q3,,,0
2018,16_WD23,Q4a,,,0
2018,16_WD23,Q4b,,,0
2018,17_RM1,Q1,212100.39,47.66,74
2018,17_RM1,Q2,294726.85,69.13,65
2018,17_RM1,Q3,403265.1,90.57,96
2018,17_RM1,Q4a,469896.32,117.02,53
2018,17_RM1,Q4b,694437.5,191.92,12
2018,17_RM11,Q1,268068.56,50.86,59
2018,17_RM11,Q2,334217.98,69.39,89
2018,17_RM11,Q3,430333.84,90.11,134
2018,17_RM11,Q4a,540823.04,122.83,102
2018,17_RM11,Q4b,876464.29,215.39,42
2018,17_RM12,Q1,247898.98,46.15,48
2018,17_RM12,Q2,336525.58,69.34,115
2018,17_RM12,Q3,395519.29,88.82,176
2018,17_RM12,Q4a,491733.33,123.18,90
2018,17_RM12,Q4b,602857.14,160.14,7
2018,17_RM13,Q1,212768.33,48.32,30
2018,17_RM13,Q2,299889.96,70.33,112
2018,17_RM13,Q3,342635.67,87.33,164
2018,17_RM13,Q4a,416587.32,116.5,60
2018,17_RM13,Q4b,545875.0,180.42,8
2018,17_RM14,Q1,301788.46,50.97,26
2018,17_RM14,Q2,382826.25,68.97,72
2018,17_RM14,Q3,476935.69,89.26,130
2018,17_RM14,Q4a,625258.36,122.29,88
2018,17_RM14,Q4b,835406.25,181.56,32
2018,17_RM2,Q1,267838.71,52.2,31
2018,17_RM2,Q2,316288.22,68.13,46
2018,17_RM2,Q3,427866.29,88.77,58
2018,17_RM2,Q4a,591368.42,121.59,38
2018,17_RM2,Q4b,820680.56,183.7,18
2018,17_RM3,Q1,263924.57,50.08,121
2018,17_RM3,Q2,319010.39,69.48,228
2018,17_RM3,Q3,359477.21,88.26,224
2018,17_RM3,Q4a,443368.36,117.63,76
2018,17_RM3,Q4b,626791.67,184.14,12
2018,17_RM4,Q1,,,0
2018,17_RM4,Q2,,,0
2018,17_RM4,Q3,409000.0,92.0,2
2018,17_RM4,Q4a,280000.0,109.5,2
2018,17_RM4,Q4b,850000.0,185.0,1
2018,17_RM5,Q1,252975.0,46.75,20
2018,17_RM5,Q2,310549.3,69.56,71
2018,17_RM5,Q3,351363.41,87.81,123
2018,17_RM5,Q4a,425131.25,118.12,40
2018,17_RM5,Q4b,554375.0,172.6,8
2018,17_RM7,Q1,217158.57,45.84,61
2018,17_RM7,Q2,299570.1,68.18,100
2018,17_RM7,Q3,369997.24,88.43,123
2018,17_RM7,Q4a,425382.5,118.8,40
2018,17_RM7,Q4b,461666.67,162.67,3
2018,18_HA4,Q1,314088.51,51.29,111
2018,18_HA4,Q2,418258.07,68.53,166
2018,18_HA4,Q3,523824.42,89.39,180
2018,18_HA4,Q4a,643552.46,121.28,112
2018,18_HA4,Q4b,885088.24,186.54,34
2018,18_HA5,Q1,363000.0,51.62,10
2018,18_HA5,Q2,433053.57,69.48,28
2018,18_HA5,Q3,583062.5,91.03,28
2018,18_HA5,Q4a,704424.24,120.03,33
2018,18_HA5,Q4b,851916.67,172.2,6
2018,18_HA6,Q1,266569.64,47.66,28
2018,18_HA6,Q2,457530.0,69.35,21
2018,18_HA6,Q3,551968.6,92.4,43
2018,18_HA6,Q4a,748003.03,121.69,37
2018,18_HA6,Q4b,1378500.0,212.2,34
2018,18_TW19,Q1,,,0
2018,18_TW19,Q2,,,0
2018,18_TW19,Q3,,,0
2018,18_TW19,Q4a,,,0
2018,18_TW19,Q4b,,,0
2018,18_UB10,Q1,295469.82,48.98,82
2018,18_UB10,Q2,403265.32,68.14,139
2018,18_UB10,Q3,509440.0,88.56,138
2018,18_UB10,Q4a,639257.45,121.0,99
2018,18_UB10,Q4b,856852.56,182.08,45
2018,18_UB3,Q1,253049.13,45.36,112
2018,18_UB3,Q2,337844.68,68.74,94
2018,18_UB3,Q3,416820.24,87.76,79
2018,18_UB3,Q4a,453741.94,117.14,31
2018,18_UB3,Q4b,537000.0,193.4,5
2018,18_UB4,Q1,262470.99,47.1,68
2018,18_UB4,Q2,361959.3,68.96,86
2018,18_UB4,Q3,407220.07,87.74,100
2018,18_UB4,Q4a,477258.7,118.32,23
2018,18_UB4,Q4b,671000.0,185.2,5
2018,18_UB5,Q1,269600.0,42.06,5
2018,18_UB5,Q2,379700.0,71.28,5
2018,18_UB5,Q3,,,0
2018,18_UB5,Q4a,466250.0,123.0,2
2018,18_UB5,Q4b,,,0
2018,18_UB7,Q1,273579.76,48.84,85
2018,18_UB7,Q2,357439.78,69.29,114
2018,18_UB7,Q3,409056.2,88.7,97
2018,18_UB7,Q4a,549895.44,118.4,34
2018,18_UB7,Q4b,397966.67,183.0,3
2018,18_UB8,Q1,264333.58,44.39,155
2018,18_UB8,Q2,356220.17,67.31,87
2018,18_UB8,Q3,433084.24,89.15,92
2018,18_UB8,Q4a,579723.37,121.53,46
2018,18_UB8,Q4b,705250.0,173.0,10
2018,18_UB9,Q1,287696.39,47.86,28
2018,18_UB9,Q2,337875.0,66.95,24
2018,18_UB9,Q3,460075.0,87.17,20
2018,18_UB9,Q4a,567866.67,121.82,15
2018,18_UB9,Q4b,660000.0,160.0,1
2018,18_WD3,Q1,,,0
2018,18_WD3,Q2,322500.0,74.76,2
2018,18_WD3,Q3,,,0
2018,18_WD3,Q4a,560000.0,123.0,1
2018,18_WD3,Q4b,,,0
2018,19_TW1,Q1,317388.89,49.99,9
2018,19_TW1,Q2,405000.0,71.6,1
2018,19_TW1,Q3,,,0
2018,19_TW1,Q4a,,,0
2018,19_TW1,Q4b,,,0
2018,19_TW13,Q1,245678.25,49.12,106
2018,19_TW13,Q2,307805.13,68.83,117
2018,19_TW13,Q3,397020.73,89.37,82
2018,19_TW13,Q4a,477105.26,120.17,19
2018,19_TW13,Q4b,640000.0,174.0,1
2018,19_TW14,Q1,259702.14,50.21,70
2018,19_TW14,Q2,332344.83,68.01,58
2018,19_TW14,Q3,394232.86,89.45,73
2018,19_TW14,Q4a,400157.89,113.59,19
2018,19_TW14,Q4b,,,0
2018,19_TW15,Q1,,,0
2018,19_TW15,Q2,,,0
2018,19_TW15,Q3,,,0
2018,19_TW15,Q4a,,,0
2018,19_TW15,Q4b,,,0
2018,19_TW3,Q1,257326.29,43.34,97
2018,19_TW3,Q2,334600.86,68.48,58
2018,19_TW3,Q3,436842.62,88.73,61
2018,19_TW3,Q4a,501731.3,120.51,23
2018,19_TW3,Q4b,698333.33,157.33,3
2018,19_TW4,Q1,249798.0,47.09,25
2018,19_TW4,Q2,324500.0,65.64,17
2018,19_TW4,Q3,405103.45,91.69,29
2018,19_TW4,Q4a,471964.29,120.47,14
2018,19_TW4,Q4b,450000.0,161.0,1
2018,19_TW5,Q1,277563.33,46.87,15
2018,19_TW5,Q2,296516.13,69.76,31
2018,19_TW5,Q3,456587.02,89.74,41
2018,19_TW5,Q4a,526107.14,115.81,28
2018,19_TW5,Q4b,514400.0,194.2,5
2018,19_TW7,Q1,328518.34,49.86,82
2018,19_TW7,Q2,415446.39,69.34,147
2018,19_TW7,Q3,530367.33,88.19,109
2018,19_TW7,Q4a,687511.58,124.58,73
2018,19_TW7,Q4b,1241931.03,210.52,29
2018,19_TW8,Q1,333886.29,48.39,62
2018,19_TW8,Q2,405470.98,67.0,45
2018,19_TW8,Q3,554612.94,87.4,85
2018,19_TW8,Q4a,709703.12,120.17,32
2018,19_TW8,Q4b,820000.0,161.0,1
2018,19_UB2,Q1,207960.0,41.64,5
2018,19_UB2,Q2,410914.29,68.49,7
2018,19_UB2,Q3,348357.14,85.08,7
2018,19_UB2,Q4a,466222.22,123.05,9
2018,19_UB2,Q4b,,,0
2018,19_W3,Q1,398250.0,55.5,2
2018,19_W3,Q2,,,0
2018,19_W3,Q3,681250.0,91.5,4
2018,19_W3,Q4a,699214.29,114.6,7
2018,19_W3,Q4b,,,0
2018,19_W4,Q1,474707.18,48.37,101
2018,19_W4,Q2,603842.93,68.7,85
2018,19_W4,Q3,788377.24,88.06,58
2018,19_W4,Q4a,1107402.73,124.01,71
2018,19_W4,Q4b,1923777.21,203.23,68
2018,19_W5,Q1,,,0
2018,19_W5,Q2,351250.0,72.46,2
2018,19_W5,Q3,600000.0,97.0,2
2018,19_W5,Q4a,953500.0,126.91,3
2018,19_W5,Q4b,,,0
2018,19_W6,Q1,,,0
2018,19_W6,Q2,640000.0,76.0,1
2018,19_W6,Q3,,,0
2018,19_W6,Q4a,1358333.33,133.14,3
2018,19_W6,Q4b,2550000.0,227.5,2
2018,1_IG11,Q1,235870.17,49.7,152
2018,1_IG11,Q2,306867.33,69.46,221
2018,1_IG11,Q3,375855.0,89.08,121
2018,1_IG11,Q4a,441306.86,118.23,43
2018,1_IG11,Q4b,576800.0,160.94,5
2018,1_RM10,Q1,217211.54,49.51,52
2018,1_RM10,Q2,292860.14,68.66,138
2018,1_RM10,Q3,324071.43,86.78,112
2018,1_RM10,Q4a,364345.53,113.97,15
2018,1_RM10,Q4b,,,0
2018,1_RM5,Q1,,,0
2018,1_RM5,Q2,,,0
2018,1_RM5,Q3,,,0
2018,1_RM5,Q4a,,,0
2018,1_RM5,Q4b,,,0
2018,1_RM6,Q1,215516.9,49.96,29
2018,1_RM6,Q2,307365.35,68.83,71
2018,1_RM6,Q3,353519.28,87.59,61
2018,1_RM6,Q4a,444734.22,121.09,32
2018,1_RM6,Q4b,517500.0,159.5,2
2018,1_RM7,Q1,268312.5,54.86,8
2018,1_RM7,Q2,327121.74,70.16,23
2018,1_RM7,Q3,350378.24,88.02,37
2018,1_RM7,Q4a,431250.0,117.08,12
2018,1_RM7,Q4b,,,0
2018,1_RM8,Q1,222977.27,49.05,44
2018,1_RM8,Q2,295216.02,69.61,168
2018,1_RM8,Q3,332664.93,86.31,134
2018,1_RM8,Q4a,388721.74,114.78,23
2018,1_RM8,Q4b,,,0
2018,1_RM9,Q1,234926.47,50.44,34
2018,1_RM9,Q2,296162.63,68.03,145
2018,1_RM9,Q3,328111.78,86.17,76
2018,1_RM9,Q4a,355125.0,121.17,12
2018,1_RM9,Q4b,517000.0,151.0,1
2018,20_EC1A,Q1,,,0
2018,20_EC1A,Q2,638000.0,65.0,1
2018,20_EC1A,Q3,,,0
2018,20_EC1A,Q4a,,,0
2018,20_EC1A,Q4b,,,0
2018,20_EC1M,Q1,630800.0,49.2,5
2018,20_EC1M,Q2,808750.0,71.92,4
2018,20_EC1M,Q3,920000.0,84.23,3
2018,20_EC1M,Q4a,1449250.0,123.13,2
2018,20_EC1M,Q4b,1450000.0,164.0,1
2018,20_EC1R,Q1,553689.0,45.9,8
2018,20_EC1R,Q2,788333.33,67.55,6
2018,20_EC1R,Q3,954465.33,86.22,9
2018,20_EC1R,Q4a,1321666.67,119.33,3
2018,20_EC1R,Q4b,,,0
2018,20_EC1V,Q1,448483.15,46.53,39
2018,20_EC1V,Q2,587923.24,68.32,21
2018,20_EC1V,Q3,824750.0,87.77,16
2018,20_EC1V,Q4a,1322995.45,120.79,11
2018,20_EC1V,Q4b,1463333.33,170.86,3
2018,20_EC1Y,Q1,577200.0,44.26,5
2018,20_EC1Y,Q2,692785.71,68.51,7
2018,20_EC1Y,Q3,1038558.89,87.55,9
2018,20_EC1Y,Q4a,1337970.0,106.0,1
2018,20_EC1Y,Q4b,1670000.0,152.0,1
2018,20_EC2A,Q1,575615.0,45.19,3
2018,20_EC2A,Q2,,,0
2018,20_EC2A,Q3,,,0
2018,20_EC2A,Q4a,,,0
2018,20_EC2A,Q4b,1300000.0,210.0,1
2018,20_N1,Q1,542868.91,46.86,202
2018,20_N1,Q2,622895.91,67.23,119
2018,20_N1,Q3,959655.71,88.94,126
2018,20_N1,Q4a,1295203.47,121.82,81
2018,20_N1,Q4b,2132863.64,200.5,44
2018,20_N16,Q1,445000.0,53.34,2
2018,20_N16,Q2,516666.67,64.43,3
2018,20_N16,Q3,603000.0,85.5,2
2018,20_N16,Q4a,1135000.0,121.0,1
2018,20_N16,Q4b,,,0
2018,20_N19,Q1,397030.49,43.44,98
2018,20_N19,Q2,520692.71,68.14,48
2018,20_N19,Q3,612615.0,86.59,32
2018,20_N19,Q4a,940068.97,120.88,29
2018,20_N19,Q4b,1427657.81,189.19,16
2018,20_N4,Q1,373585.91,46.4,35
2018,20_N4,Q2,534980.77,67.05,13
2018,20_N4,Q3,876181.82,92.46,11
2018,20_N4,Q4a,988382.82,124.19,11
2018,20_N4,Q4b,1427000.0,207.96,3
2018,20_N5,Q1,441524.04,49.06,54
2018,20_N5,Q2,576854.53,67.7,64
2018,20_N5,Q3,728803.59,87.85,39
2018,20_N5,Q4a,1248410.93,124.8,30
2018,20_N5,Q4b,1729238.1,196.29,21
2018,20_N6,Q1,565000.0,56.0,1
2018,20_N6,Q2,,,0
2018,20_N6,Q3,660000.0,78.0,1
2018,20_N6,Q4a,,,0
2018,20_N6,Q4b,,,0
2018,20_N7,Q1,396930.91,47.79,110
2018,20_N7,Q2,491438.33,67.52,73
2018,20_N7,Q3,597018.18,87.39,55
2018,20_N7,Q4a,951842.11,122.62,19
2018,20_N7,Q4b,1627438.46,186.52,13
2018,20_N8,Q1,420000.0,55.0,1
2018,20_N8,Q2,,,0
2018,20_N8,Q3,575000.0,83.0,1
2018,20_N8,Q4a,,,0
2018,20_N8,Q4b,,,0
2018,20_NW5,Q1,,,0
2018,20_NW5,Q2,,,0
2018,20_NW5,Q3,,,0
2018,20_NW5,Q4a,,,0
2018,20_NW5,Q4b,,,0
2018,20_WC1X,Q1,551561.11,50.87,9
2018,20_WC1X,Q2,676723.2,68.7,5
2018,20_WC1X,Q3,,,0
2018,20_WC1X,Q4a,,,0
2018,20_WC1X,Q4b,1500000.0,154.0,1
2018,21_SW10,Q1,569655.17,48.73,29
2018,21_SW10,Q2,719127.27,67.69,33
2018,21_SW10,Q3,1202365.28,87.49,18
2018,21_SW10,Q4a,1724533.33,127.36,15
2018,21_SW10,Q4b,4003600.0,232.38,25
2018,21_SW1W,Q1,,,0
2018,21_SW1W,Q2,930000.0,63.0,1
2018,21_SW1W,Q3,1800000.0,90.0,1
2018,21_SW1W,Q4a,,,0
2018,21_SW1W,Q4b,5224666.67,239.18,3
2018,21_SW1X,Q1,,,0
2018,21_SW1X,Q2,1156666.67,67.0,3
2018,21_SW1X,Q3,1161250.0,93.4,4
2018,21_SW1X,Q4a,3250000.0,125.4,5
2018,21_SW1X,Q4b,5324166.67,216.95,6
2018,21_SW3,Q1,695476.83,43.01,48
2018,21_SW3,Q2,1063252.55,68.09,31
2018,21_SW3,Q3,1315247.83,86.04,23
2018,21_SW3,Q4a,2486945.76,125.74,46
2018,21_SW3,Q4b,4459828.11,217.15,54
2018,21_SW5,Q1,571158.33,44.24,30
2018,21_SW5,Q2,937600.0,68.35,20
2018,21_SW5,Q3,1114027.78,86.81,18
2018,21_SW5,Q4a,1730810.47,124.11,17
2018,21_SW5,Q4b,3107125.0,189.28,12
2018,21_SW7,Q1,665804.55,42.37,22
2018,21_SW7,Q2,1244262.5,68.42,16
2018,21_SW7,Q3,1558104.17,92.11,24
2018,21_SW7,Q4a,2247518.77,125.33,30
2018,21_SW7,Q4b,4056325.0,230.92,20
2018,21_W10,Q1,504638.89,46.16,18
2018,21_W10,Q2,575765.38,67.21,13
2018,21_W10,Q3,1032000.0,92.93,8
2018,21_W10,Q4a,1450571.43,123.62,7
2018,21_W10,Q4b,3293333.33,223.18,15
2018,21_W11,Q1,605351.39,45.61,36
2018,21_W11,Q2,1086180.0,67.78,25
2018,21_W11,Q3,1456921.88,93.06,32
2018,21_W11,Q4a,2158172.22,122.64,18
2018,21_W11,Q4b,4753825.0,238.66,40
2018,21_W14,Q1,519443.33,43.85,9
2018,21_W14,Q2,830208.33,66.35,12
2018,21_W14,Q3,1356286.5,88.74,12
2018,21_W14,Q4a,1771266.3,118.63,23
2018,21_W14,Q4b,3539444.44,199.13,45
2018,21_W2,Q1,638400.0,42.5,2
2018,21_W2,Q2,897000.0,66.75,4
2018,21_W2,Q3,1130000.0,78.0,1
2018,21_W2,Q4a,2099999.67,123.33,3
2018,21_W2,Q4b,8250000.0,358.0,1
2018,21_W8,Q1,781437.49,46.51,35
2018,21_W8,Q2,1204086.21,70.22,29
2018,21_W8,Q3,1677733.75,89.75,40
2018,21_W8,Q4a,2339085.37,129.61,41
2018,21_W8,Q4b,5538628.53,229.93,66
2018,22_KT1,Q1,308341.89,45.58,37
2018,22_KT1,Q2,450046.76,68.11,62
2018,22_KT1,Q3,567827.45,88.96,51
2018,22_KT1,Q4a,808136.76,120.48,34
2018,22_KT1,Q4b,1125250.0,189.6,16
2018,22_KT19,Q1,,,0
2018,22_KT19,Q2,323750.0,63.16,2
2018,22_KT19,Q3,,,0
2018,22_KT19,Q4a,,,0
2018,22_KT19,Q4b,,,0
2018,22_KT2,Q1,353100.5,47.41,115
2018,22_KT2,Q2,493215.3,68.49,133
2018,22_KT2,Q3,672319.42,90.04,95
2018,22_KT2,Q4a,830573.77,126.95,75
2018,22_KT2,Q4b,1464688.78,212.57,49
2018,22_KT22,Q1,,,0
2018,22_KT22,Q2,,,0
2018,22_KT22,Q3,,,0
2018,22_KT22,Q4a,,,0
2018,22_KT22,Q4b,,,0
2018,22_KT3,Q1,277348.51,46.27,37
2018,22_KT3,Q2,424577.63,69.22,38
2018,22_KT3,Q3,557894.56,90.75,86
2018,22_KT3,Q4a,720141.57,122.84,83
2018,22_KT3,Q4b,1120617.65,194.06,34
2018,22_KT4,Q1,273333.33,40.45,12
2018,22_KT4,Q2,446200.0,67.49,10
2018,22_KT4,Q3,528287.5,89.28,12
2018,22_KT4,Q4a,651133.33,120.67,15
2018,22_KT4,Q4b,759500.0,168.38,8
2018,22_KT5,Q1,296970.59,45.93,34
2018,22_KT5,Q2,435654.55,69.96,55
2018,22_KT5,Q3,573021.21,89.57,66
2018,22_KT5,Q4a,702925.72,122.45,47
2018,22_KT5,Q4b,1008386.36,179.23,22
2018,22_KT6,Q1,327627.06,47.28,109
2018,22_KT6,Q2,419920.2,67.82,153
2018,22_KT6,Q3,535164.77,88.37,115
2018,22_KT6,Q4a,649265.98,116.64,97
2018,22_KT6,Q4b,1025584.62,191.42,26
2018,22_KT9,Q1,306543.64,51.68,47
2018,22_KT9,Q2,354898.28,68.2,87
2018,22_KT9,Q3,444677.83,88.39,71
2018,22_KT9,Q4a,510548.33,116.28,30
2018,22_KT9,Q4b,600000.0,164.0,1
2018,22_SW15,Q1,380625.0,51.76,4
2018,22_SW15,Q2,,,0
2018,22_SW15,Q3,599375.0,88.81,4
2018,22_SW15,Q4a,774166.67,130.0,3
2018,22_SW15,Q4b,1008000.0,202.8,5
2018,22_SW20,Q1,,,0
2018,22_SW20,Q2,,,0
2018,22_SW20,Q3,,,0
2018,22_SW20,Q4a,,,0
2018,22_SW20,Q4b,,,0
2018,22_TW10,Q1,,,0
2018,22_TW10,Q2,,,0
2018,22_TW10,Q3,,,0
2018,22_TW10,Q4a,,,0
2018,22_TW10,Q4b,1538433.33,191.0,6
2018,23_SE1,Q1,642040.3,49.0,67
2018,23_SE1,Q2,1108514.81,71.6,27
2018,23_SE1,Q3,1206284.58,86.82,40
2018,23_SE1,Q4a,2202300.0,130.76,41
2018,23_SE1,Q4b,3464395.83,182.21,24
2018,23_SE11,Q1,400466.85,48.64,33
2018,23_SE11,Q2,528412.5,68.08,20
2018,23_SE11,Q3,580450.48,88.9,21
2018,23_SE11,Q4a,942535.71,122.81,14
2018,23_SE11,Q4b,1782500.0,195.25,4
2018,23_SE19,Q1,349933.33,47.78,15
2018,23_SE19,Q2,438466.67,66.54,15
2018,23_SE19,Q3,480717.86,88.45,14
2018,23_SE19,Q4a,660350.0,122.89,7
2018,23_SE19,Q4b,1018000.0,162.0,1
2018,23_SE21,Q1,353194.44,51.06,18
2018,23_SE21,Q2,476861.11,68.36,18
2018,23_SE21,Q3,625270.83,92.68,12
2018,23_SE21,Q4a,801434.5,121.81,20
2018,23_SE21,Q4b,1208117.65,180.08,17
2018,23_SE24,Q1,408706.41,47.8,32
2018,23_SE24,Q2,532023.89,68.38,36
2018,23_SE24,Q3,616979.72,85.75,18
2018,23_SE24,Q4a,973373.08,126.46,26
2018,23_SE24,Q4b,1302718.75,182.82,16
2018,23_SE27,Q1,328099.54,48.39,65
2018,23_SE27,Q2,432946.17,67.44,58
2018,23_SE27,Q3,548932.86,88.58,49
2018,23_SE27,Q4a,727369.32,122.61,44
2018,23_SE27,Q4b,1266972.1,200.58,10
2018,23_SE5,Q1,369156.25,47.94,32
2018,23_SE5,Q2,491581.74,68.73,23
2018,23_SE5,Q3,619950.0,87.39,10
2018,23_SE5,Q4a,846750.0,124.15,16
2018,23_SE5,Q4b,1145000.0,176.0,5
2018,23_SW12,Q1,536857.14,50.22,14
2018,23_SW12,Q2,571719.32,68.64,40
2018,23_SW12,Q3,710613.46,87.22,26
2018,23_SW12,Q4a,1061099.72,123.46,29
2018,23_SW12,Q4b,1175830.0,172.17,7
2018,23_SW16,Q1,339789.04,48.25,136
2018,23_SW16,Q2,406726.43,67.0,113
2018,23_SW16,Q3,498773.56,87.49,108
2018,23_SW16,Q4a,653189.58,120.47,60
2018,23_SW16,Q4b,1139895.0,202.49,40
2018,23_SW2,Q1,399785.74,48.15,197
2018,23_SW2,Q2,487508.74,68.57,142
2018,23_SW2,Q3,589871.24,88.12,110
2018,23_SW2,Q4a,844185.65,124.64,81
2018,23_SW2,Q4b,1278338.39,196.69,28
2018,23_SW4,Q1,423099.04,47.21,105
2018,23_SW4,Q2,563680.31,68.32,113
2018,23_SW4,Q3,724737.74,86.81,66
2018,23_SW4,Q4a,1009244.19,123.71,43
2018,23_SW4,Q4b,1662103.23,209.69,62
2018,23_SW8,Q1,489852.53,48.33,112
2018,23_SW8,Q2,616801.93,70.1,70
2018,23_SW8,Q3,699379.56,87.82,34
2018,23_SW8,Q4a,1186119.23,123.74,26
2018,23_SW8,Q4b,1467862.25,183.33,12
2018,23_SW9,Q1,412655.15,48.89,124
2018,23_SW9,Q2,464990.31,70.23,110
2018,23_SW9,Q3,604317.46,89.37,71
2018,23_SW9,Q4a,741830.36,120.82,28
2018,23_SW9,Q4b,1271800.0,180.26,10
2018,24_BR1,Q1,238420.0,52.31,10
2018,24_BR1,Q2,321423.81,68.88,106
2018,24_BR1,Q3,354232.39,85.08,44
2018,24_BR1,Q4a,527142.86,128.86,7
2018,24_BR1,Q4b,,,0
2018,24_BR3,Q1,,,0
2018,24_BR3,Q2,,,0
2018,24_BR3,Q3,,,0
2018,24_BR3,Q4a,,,0
2018,24_BR3,Q4b,,,0
2018,24_SE10,Q1,323915.08,52.41,38
2018,24_SE10,Q2,401594.35,66.71,46
2018,24_SE10,Q3,500750.0,92.5,6
2018,24_SE10,Q4a,650000.0,115.5,2
2018,24_SE10,Q4b,1272500.0,193.0,2
2018,24_SE12,Q1,263277.12,48.18,42
2018,24_SE12,Q2,323537.5,68.25,40
2018,24_SE12,Q3,461018.41,89.2,69
2018,24_SE12,Q4a,577616.73,118.99,49
2018,24_SE12,Q4b,798791.67,197.62,12
2018,24_SE13,Q1,324968.05,48.16,192
2018,24_SE13,Q2,416089.82,69.43,154
2018,24_SE13,Q3,549927.02,89.59,101
2018,24_SE13,Q4a,711671.36,121.13,70
2018,24_SE13,Q4b,1292400.0,207.88,20
2018,24_SE14,Q1,285889.58,44.3,120
2018,24_SE14,Q2,406883.05,69.57,62
2018,24_SE14,Q3,544953.85,89.19,39
2018,24_SE14,Q4a,703817.31,116.19,26
2018,24_SE14,Q4b,1169035.71,189.14,14
2018,24_SE15,Q1,230000.0,48.0,1
2018,24_SE15,Q2,322500.0,75.0,2
2018,24_SE15,Q3,510000.0,88.5,2
2018,24_SE15,Q4a,,,0
2018,24_SE15,Q4b,,,0
2018,24_SE16,Q1,391883.33,50.67,6
2018,24_SE16,Q2,418500.0,66.53,10
2018,24_SE16,Q3,556447.92,92.0,12
2018,24_SE16,Q4a,,,0
2018,24_SE16,Q4b,,,0
2018,24_SE23,Q1,318113.12,47.81,105
2018,24_SE23,Q2,419734.82,67.8,98
2018,24_SE23,Q3,565196.2,90.5,79
2018,24_SE23,Q4a,756088.41,123.88,69
2018,24_SE23,Q4b,1003901.74,182.66,23
2018,24_SE26,Q1,317492.86,50.25,56
2018,24_SE26,Q2,418245.31,68.97,77
2018,24_SE26,Q3,506922.52,87.79,71
2018,24_SE26,Q4a,667307.69,122.77,39
2018,24_SE26,Q4b,999893.33,202.4,15
2018,24_SE3,Q1,367562.5,48.34,12
2018,24_SE3,Q2,456055.88,67.0,17
2018,24_SE3,Q3,655541.67,88.64,12
2018,24_SE3,Q4a,793127.29,115.31,7
2018,24_SE3,Q4b,1408750.0,172.32,4
2018,24_SE4,Q1,349417.26,47.76,70
2018,24_SE4,Q2,445044.44,68.15,45
2018,24_SE4,Q3,547247.84,87.83,67
2018,24_SE4,Q4a,739113.71,119.41,62
2018,24_SE4,Q4b,1053000.0,184.91,15
2018,24_SE6,Q1,314830.0,48.25,207
2018,24_SE6,Q2,371684.68,68.58,79
2018,24_SE6,Q3,448247.86,89.45,148
2018,24_SE6,Q4a,552664.13,119.87,78
2018,24_SE6,Q4b,653000.0,184.79,16
2018,24_SE8,Q1,373463.45,50.34,152
2018,24_SE8,Q2,478034.52,70.75,110
2018,24_SE8,Q3,534841.08,87.79,63
2018,24_SE8,Q4a,671866.67,119.44,15
2018,24_SE8,Q4b,,,0
2018,24_SE9,Q1,,,0
2018,24_SE9,Q2,335000.0,72.11,4
2018,24_SE9,Q3,323780.0,86.76,8
2018,24_SE9,Q4a,,,0
2018,24_SE9,Q4b,,,0
2018,25_CR4,Q1,267959.05,46.75,110
2018,25_CR4,Q2,347028.38,68.26,109
2018,25_CR4,Q3,401152.52,88.17,149
2018,25_CR4,Q4a,501016.39,117.66,61
2018,25_CR4,Q4b,705000.0,154.0,1
2018,25_CR7,Q1,,,0
2018,25_CR7,Q2,405000.0,74.0,3
2018,25_CR7,Q3,360000.0,92.0,1
2018,25_CR7,Q4a,,,0
2018,25_CR7,Q4b,,,0
2018,25_KT3,Q1,340812.5,52.9,8
2018,25_KT3,Q2,449461.46,71.47,13
2018,25_KT3,Q3,517714.29,88.86,21
2018,25_KT3,Q4a,615797.45,119.75,20
2018,25_KT3,Q4b,1000000.0,210.0,2
2018,25_SM3,Q1,,,0
2018,25_SM3,Q2,,,0
2018,25_SM3,Q3,438000.0,92.0,4
2018,25_SM3,Q4a,,,0
2018,25_SM3,Q4b,,,0
2018,25_SM4,Q1,285636.54,48.12,52
2018,25_SM4,Q2,381461.31,68.37,95
2018,25_SM4,Q3,472419.77,89.31,101
2018,25_SM4,Q4a,561964.29,121.68,42
2018,25_SM4,Q4b,595000.0,156.0,1
2018,25_SW16,Q1,286993.33,44.79,18
2018,25_SW16,Q2,353892.86,67.61,14
2018,25_SW16,Q3,428870.37,89.41,27
2018,25_SW16,Q4a,498250.0,114.03,10
2018,25_SW16,Q4b,,,0
2018,25_SW17,Q1,337572.73,47.63,11
2018,25_SW17,Q2,483333.33,76.33,3
2018,25_SW17,Q3,579834.55,91.81,11
2018,25_SW17,Q4a,727373.08,120.09,13
2018,25_SW17,Q4b,716666.67,164.33,3
2018,25_SW18,Q1,,,0
2018,25_SW18,Q2,385000.0,59.4,1
2018,25_SW18,Q3,772500.0,87.5,2
2018,25_SW18,Q4a,1025875.0,127.97,8
2018,25_SW18,Q4b,,,0
2018,25_SW19,Q1,385353.9,48.77,199
2018,25_SW19,Q2,498568.47,68.19,173
2018,25_SW19,Q3,735005.49,89.2,164
2018,25_SW19,Q4a,924460.04,122.18,170
2018,25_SW19,Q4b,2163032.71,229.55,107
2018,25_SW20,Q1,355986.2,46.41,64
2018,25_SW20,Q2,468024.62,68.14,81
2018,25_SW20,Q3,636550.99,90.94,96
2018,25_SW20,Q4a,838446.27,123.44,97
2018,25_SW20,Q4b,1506077.0,204.94,50
2018,26_E12,Q1,244351.68,48.68,22
2018,26_E12,Q2,257650.0,67.67,20
2018,26_E12,Q3,402515.04,91.08,53
2018,26_E12,Q4a,463418.86,115.56,36
2018,26_E12,Q4b,520000.0,173.67,3
2018,26_E13,Q1,305825.57,51.18,84
2018,26_E13,Q2,344421.35,69.58,74
2018,26_E13,Q3,430265.97,88.68,103
2018,26_E13,Q4a,448403.06,113.76,49
2018,26_E13,Q4b,588750.0,167.25,4
2018,26_E15,Q1,349415.95,50.83,286
2018,26_E15,Q2,488741.97,71.0,223
2018,26_E15,Q3,522926.98,87.2,153
2018,26_E15,Q4a,637352.39,117.06,51
2018,26_E15,Q4b,828750.0,165.5,4
2018,26_E16,Q1,367729.49,51.88,440
2018,26_E16,Q2,471082.61,71.37,335
2018,26_E16,Q3,534166.29,87.26,273
2018,26_E16,Q4a,651034.62,116.98,52
2018,26_E16,Q4b,992315.83,218.56,18
2018,26_E20,Q1,421946.43,53.87,14
2018,26_E20,Q2,608066.78,67.16,23
2018,26_E20,Q3,572777.17,89.13,46
2018,26_E20,Q4a,719218.18,123.64,11
2018,26_E20,Q4b,904316.82,161.91,11
2018,26_E3,Q1,,,0
2018,26_E3,Q2,,,0
2018,26_E3,Q3,,,0
2018,26_E3,Q4a,,,0
2018,26_E3,Q4b,,,0
2018,26_E6,Q1,255209.52,48.42,63
2018,26_E6,Q2,324742.47,70.48,79
2018,26_E6,Q3,381104.71,88.24,146
2018,26_E6,Q4a,419509.8,121.29,51
2018,26_E6,Q4b,562500.0,156.0,2
2018,26_E7,Q1,304187.39,51.24,44
2018,26_E7,Q2,397140.19,67.72,26
2018,26_E7,Q3,443425.96,90.02,56
2018,26_E7,Q4a,620035.14,127.22,37
2018,26_E7,Q4b,665124.88,206.32,8
2018,27_E11,Q1,312652.38,48.18,42
2018,27_E11,Q2,432678.13,67.95,45
2018,27_E11,Q3,634115.56,89.58,36
2018,27_E11,Q4a,849924.39,126.26,41
2018,27_E11,Q4b,1167456.67,197.61,30
2018,27_E12,Q1,308500.0,45.36,1
2018,27_E12,Q2,340000.0,67.33,3
2018,27_E12,Q3,575200.0,91.5,4
2018,27_E12,Q4a,747785.71,129.71,7
2018,27_E12,Q4b,1017714.29,196.29,7
2018,27_E18,Q1,315148.38,48.17,55
2018,27_E18,Q2,382651.95,66.3,64
2018,27_E18,Q3,522635.1,87.06,52
2018,27_E18,Q4a,674450.58,121.42,52
2018,27_E18,Q4b,947458.79,184.89,28
2018,27_IG1,Q1,243906.85,47.93,65
2018,27_IG1,Q2,347161.8,70.12,89
2018,27_IG1,Q3,409298.95,89.93,95
2018,27_IG1,Q4a,480894.72,124.48,76
2018,27_IG1,Q4b,693119.05,177.67,21
2018,27_IG11,Q1,150600.0,44.87,5
2018,27_IG11,Q2,,,0
2018,27_IG11,Q3,,,0
2018,27_IG11,Q4a,475000.0,123.0,1
2018,27_IG11,Q4b,,,0
2018,27_IG2,Q1,251649.98,45.44,50
2018,27_IG2,Q2,385022.73,70.0,22
2018,27_IG2,Q3,452348.86,90.5,49
2018,27_IG2,Q4a,506182.4,120.32,47
2018,27_IG2,Q4b,597500.0,186.2,5
2018,27_IG3,Q1,206288.46,43.93,26
2018,27_IG3,Q2,311250.0,66.99,14
2018,27_IG3,Q3,428200.09,93.41,57
2018,27_IG3,Q4a,492909.09,121.77,44
2018,27_IG3,Q4b,540362.5,175.29,16
2018,27_IG4,Q1,202416.67,51.5,6
2018,27_IG4,Q2,331928.57,65.35,7
2018,27_IG4,Q3,524422.69,93.75,13
2018,27_IG4,Q4a,576000.0,119.65,22
2018,27_IG4,Q4b,756666.67,182.53,3
2018,27_IG5,Q1,281534.48,48.7,29
2018,27_IG5,Q2,384263.16,68.89,19
2018,27_IG5,Q3,460243.9,89.88,41
2018,27_IG5,Q4a,522665.09,119.52,58
2018,27_IG5,Q4b,680971.43,170.87,14
2018,27_IG6,Q1,274933.14,50.28,43
2018,27_IG6,Q2,359290.61,69.33,80
2018,27_IG6,Q3,428842.87,88.76,94
2018,27_IG6,Q4a,531858.33,119.47,72
2018,27_IG6,Q4b,557183.33,170.78,9
2018,27_IG7,Q1,275535.71,47.97,21
2018,27_IG7,Q2,339978.72,66.89,47
2018,27_IG7,Q3,398389.58,88.71,48
2018,27_IG7,Q4a,542468.75,124.5,24
2018,27_IG7,Q4b,802500.0,175.6,10
2018,27_IG8,Q1,294640.14,48.59,36
2018,27_IG8,Q2,390959.69,69.77,67
2018,27_IG8,Q3,541447.25,90.61,91
2018,27_IG8,Q4a,674709.93,121.39,70
2018,27_IG8,Q4b,1007075.27,199.06,55
2018,27_IG9,Q1,287500.0,46.06,1
2018,27_IG9,Q2,657500.0,75.0,1
2018,27_IG9,Q3,473500.0,86.36,5
2018,27_IG9,Q4a,725000.0,130.0,1
2018,27_IG9,Q4b,935000.0,175.5,2
2018,27_RM6,Q1,213788.89,48.07,36
2018,27_RM6,Q2,320450.0,69.14,30
2018,27_RM6,Q3,402709.74,87.45,53
2018,27_RM6,Q4a,465016.13,118.56,31
2018,27_RM6,Q4b,610000.0,169.0,1
2018,27_RM8,Q1,269375.0,45.94,8
2018,27_RM8,Q2,322500.0,64.0,2
2018,27_RM8,Q3,392500.0,90.0,2
2018,27_RM8,Q4a,,,0
2018,27_RM8,Q4b,450000.0,151.0,1
2018,28_KT1,Q1,352566.6,47.71,15
2018,28_KT1,Q2,447540.91,67.47,11
2018,28_KT1,Q3,511564.29,85.36,7
2018,28_KT1,Q4a,835031.25,122.74,8
2018,28_KT1,Q4b,1254444.44,203.85,9
2018,28_KT2,Q1,298000.0,54.23,1
2018,28_KT2,Q2,539950.0,60.0,1
2018,28_KT2,Q3,,,0
2018,28_KT2,Q4a,740000.0,104.0,1
2018,28_KT2,Q4b,,,0
2018,28_KT8,Q1,330000.0,57.0,1
2018,28_KT8,Q2,415000.0,70.62,2
2018,28_KT8,Q3,670000.0,84.0,1
2018,28_KT8,Q4a,,,0
2018,28_KT8,Q4b,1420000.0,204.0,1
2018,28_SW13,Q1,432964.29,50.61,14
2018,28_SW13,Q2,713355.29,69.05,17
2018,28_SW13,Q3,900960.53,92.32,38
2018,28_SW13,Q4a,1261950.0,124.93,30
2018,28_SW13,Q4b,2044731.42,207.17,45
2018,28_SW14,Q1,432293.91,52.14,23
2018,28_SW14,Q2,627693.75,67.17,40
2018,28_SW14,Q3,768853.23,91.89,31
2018,28_SW14,Q4a,1091129.97,128.2,65
2018,28_SW14,Q4b,1584220.91,191.39,47
2018,28_SW15,Q1,332000.0,40.0,1
2018,28_SW15,Q2,421000.0,66.38,3
2018,28_SW15,Q3,585000.0,95.0,1
2018,28_SW15,Q4a,910000.0,125.0,1
2018,28_SW15,Q4b,,,0
2018,28_TW1,Q1,364287.59,47.6,79
2018,28_TW1,Q2,490347.8,67.07,89
2018,28_TW1,Q3,747998.21,90.29,61
2018,28_TW1,Q4a,1020046.44,124.02,85
2018,28_TW1,Q4b,1629747.18,211.38,51
2018,28_TW10,Q1,492407.95,49.39,44
2018,28_TW10,Q2,567175.23,70.76,53
2018,28_TW10,Q3,703046.3,88.73,54
2018,28_TW10,Q4a,1123598.22,122.36,36
2018,28_TW10,Q4b,2191673.34,218.94,47
2018,28_TW11,Q1,353017.97,47.79,86
2018,28_TW11,Q2,501223.79,68.4,67
2018,28_TW11,Q3,705479.73,90.19,74
2018,28_TW11,Q4a,936956.76,123.84,70
2018,28_TW11,Q4b,1538467.73,199.82,62
2018,28_TW12,Q1,317367.69,48.25,65
2018,28_TW12,Q2,426944.64,69.05,56
2018,28_TW12,Q3,569014.49,89.57,69
2018,28_TW12,Q4a,776324.07,123.42,81
2018,28_TW12,Q4b,1197596.15,183.08,26
2018,28_TW13,Q1,,,0
2018,28_TW13,Q2,,,0
2018,28_TW13,Q3,408333.33,83.0,3
2018,28_TW13,Q4a,,,0
2018,28_TW13,Q4b,,,0
2018,28_TW2,Q1,356469.67,50.16,61
2018,28_TW2,Q2,498851.87,70.41,91
2018,28_TW2,Q3,571523.58,89.22,117
2018,28_TW2,Q4a,716022.73,120.65,97
2018,28_TW2,Q4b,998629.22,180.72,18
2018,28_TW3,Q1,271650.0,50.95,3
2018,28_TW3,Q2,429250.0,68.5,4
2018,28_TW3,Q3,505000.0,90.6,5
2018,28_TW3,Q4a,547000.0,119.0,3
2018,28_TW3,Q4b,,,0
2018,28_TW4,Q1,241460.0,49.2,5
2018,28_TW4,Q2,268833.33,68.67,9
2018,28_TW4,Q3,437500.0,87.77,10
2018,28_TW4,Q4a,524272.73,121.27,11
2018,28_TW4,Q4b,,,0
2018,28_TW7,Q1,365000.0,36.0,1
2018,28_TW7,Q2,570000.0,76.0,1
2018,28_TW7,Q3,548800.0,89.4,5
2018,28_TW7,Q4a,617500.0,109.0,1
2018,28_TW7,Q4b,,,0
2018,28_TW9,Q1,406093.47,47.36,78
2018,28_TW9,Q2,589030.55,69.97,73
2018,28_TW9,Q3,723430.24,86.12,85
2018,28_TW9,Q4a,1034524.69,123.5,52
2018,28_TW9,Q4b,1666041.54,196.93,65
2018,29_SE1,Q1,530630.21,48.84,453
2018,29_SE1,Q2,722001.39,68.61,276
2018,29_SE1,Q3,920519.73,87.46,223
2018,29_SE1,Q4a,1776339.17,124.66,134
2018,29_SE1,Q4b,3204816.67,194.08,24
2018,29_SE11,Q1,336964.29,45.14,7
2018,29_SE11,Q2,523524.29,69.0,7
2018,29_SE11,Q3,846000.0,97.9,1
2018,29_SE11,Q4a,699950.0,107.0,1
2018,29_SE11,Q4b,2775000.0,300.5,2
2018,29_SE14,Q1,,,0
2018,29_SE14,Q2,,,0
2018,29_SE14,Q3,385000.0,79.0,1
2018,29_SE14,Q4a,,,0
2018,29_SE14,Q4b,,,0
2018,29_SE15,Q1,359668.6,49.47,164
2018,29_SE15,Q2,458010.52,67.22,114
2018,29_SE15,Q3,606426.11,90.2,109
2018,29_SE15,Q4a,860126.89,122.64,73
2018,29_SE15,Q4b,1075120.37,180.17,27
2018,29_SE16,Q1,364457.99,48.25,182
2018,29_SE16,Q2,506058.69,67.65,149
2018,29_SE16,Q3,623509.75,88.94,100
2018,29_SE16,Q4a,776927.95,113.07,43
2018,29_SE16,Q4b,667500.0,174.0,4
2018,29_SE17,Q1,465217.32,50.65,131
2018,29_SE17,Q2,604343.94,69.85,125
2018,29_SE17,Q3,559777.56,86.33,48
2018,29_SE17,Q4a,949250.0,121.87,9
2018,29_SE17,Q4b,1559200.0,204.14,5
2018,29_SE19,Q1,285954.55,44.36,11
2018,29_SE19,Q2,364000.0,66.67,3
2018,29_SE19,Q3,446458.75,85.05,16
2018,29_SE19,Q4a,792500.0,133.5,4
2018,29_SE19,Q4b,1648500.0,239.5,2
2018,29_SE21,Q1,301492.86,47.35,7
2018,29_SE21,Q2,378958.33,70.35,9
2018,29_SE21,Q3,593839.29,85.63,14
2018,29_SE21,Q4a,1089307.69,125.68,13
2018,29_SE21,Q4b,1900275.86,211.99,29
2018,29_SE22,Q1,416134.01,49.83,83
2018,29_SE22,Q2,530776.25,66.98,83
2018,29_SE22,Q3,645439.88,88.26,80
2018,29_SE22,Q4a,933123.45,123.55,82
2018,29_SE22,Q4b,1331778.13,196.8,39
2018,29_SE23,Q1,345000.0,51.27,7
2018,29_SE23,Q2,347083.33,66.55,6
2018,29_SE23,Q3,511375.0,83.82,4
2018,29_SE23,Q4a,,,0
2018,29_SE23,Q4b,1050000.0,164.0,1
2018,29_SE24,Q1,426191.67,45.71,6
2018,29_SE24,Q2,487194.33,67.47,9
2018,29_SE24,Q3,722090.91,89.83,11
2018,29_SE24,Q4a,1158937.5,128.82,12
2018,29_SE24,Q4b,1638666.67,195.95,18
2018,29_SE26,Q1,267000.0,50.33,3
2018,29_SE26,Q2,291666.67,66.33,3
2018,29_SE26,Q3,267000.0,78.0,1
2018,29_SE26,Q4a,752500.0,129.0,2
2018,29_SE26,Q4b,985000.0,168.33,3
2018,29_SE4,Q1,,,0
2018,29_SE4,Q2,,,0
2018,29_SE4,Q3,,,0
2018,29_SE4,Q4a,,,0
2018,29_SE4,Q4b,,,0
2018,29_SE5,Q1,359656.06,49.25,127
2018,29_SE5,Q2,465620.76,69.43,85
2018,29_SE5,Q3,555715.93,84.71,74
2018,29_SE5,Q4a,795594.74,121.4,34
2018,29_SE5,Q4b,1226809.33,187.4,21
2018,29_SE8,Q1,244833.33,48.33,3
2018,29_SE8,Q2,352500.0,68.0,2
2018,29_SE8,Q3,,,0
2018,29_SE8,Q4a,671000.0,126.0,1
2018,29_SE8,Q4b,490000.0,160.0,1
2018,2_EN4,Q1,288314.44,45.12,45
2018,2_EN4,Q2,425135.56,67.54,45
2018,2_EN4,Q3,557471.15,88.38,52
2018,2_EN4,Q4a,685628.57,124.09,35
2018,2_EN4,Q4b,909727.27,175.82,11
2018,2_EN5,Q1,310029.03,49.17,103
2018,2_EN5,Q2,425162.9,68.77,112
2018,2_EN5,Q3,566980.85,89.98,98
2018,2_EN5,Q4a,693421.19,123.62,108
2018,2_EN5,Q4b,1043689.66,187.84,58
2018,2_HA7,Q1,,,0
2018,2_HA7,Q2,,,0
2018,2_HA7,Q3,,,0
2018,2_HA7,Q4a,961000.0,147.0,1
2018,2_HA7,Q4b,1200000.0,270.0,1
2018,2_HA8,Q1,286308.33,45.39,30
2018,2_HA8,Q2,386664.27,68.12,52
2018,2_HA8,Q3,484291.67,88.26,60
2018,2_HA8,Q4a,639689.81,121.95,54
2018,2_HA8,Q4b,892750.0,181.13,28
2018,2_N10,Q1,323531.63,48.65,19
2018,2_N10,Q2,403136.36,67.81,11
2018,2_N10,Q3,574000.0,87.1,10
2018,2_N10,Q4a,781250.0,117.75,8
2018,2_N10,Q4b,987999.6,170.4,5
2018,2_N11,Q1,303958.33,46.48,36
2018,2_N11,Q2,415155.17,66.66,29
2018,2_N11,Q3,500940.43,88.84,30
2018,2_N11,Q4a,655523.91,123.51,23
2018,2_N11,Q4b,812500.0,166.35,6
2018,2_N12,Q1,322007.58,47.14,66
2018,2_N12,Q2,415097.23,68.51,65
2018,2_N12,Q3,625359.76,91.89,41
2018,2_N12,Q4a,754000.97,125.71,62
2018,2_N12,Q4b,959109.55,178.25,31
2018,2_N14,Q1,,,0
2018,2_N14,Q2,522250.0,70.55,2
2018,2_N14,Q3,623863.64,92.92,11
2018,2_N14,Q4a,700884.62,127.46,13
2018,2_N14,Q4b,793250.0,171.75,4
2018,2_N2,Q1,332385.68,48.05,28
2018,2_N2,Q2,455144.74,67.93,38
2018,2_N2,Q3,719461.11,90.05,27
2018,2_N2,Q4a,1012183.33,125.59,42
2018,2_N2,Q4b,1872903.85,216.38,26
2018,2_N20,Q1,333861.88,49.7,42
2018,2_N20,Q2,462360.47,71.34,43
2018,2_N20,Q3,589808.54,92.15,35
2018,2_N20,Q4a,765307.97,120.63,69
2018,2_N20,Q4b,1167440.48,199.95,42
2018,2_N3,Q1,368141.18,53.13,34
2018,2_N3,Q2,426241.54,67.34,46
2018,2_N3,Q3,625387.63,93.43,35
2018,2_N3,Q4a,804382.9,124.41,52
2018,2_N3,Q4b,1307358.7,204.98,46
2018,2_NW11,Q1,393404.76,46.29,21
2018,2_NW11,Q2,498829.65,70.43,23
2018,2_NW11,Q3,752917.14,92.0,35
2018,2_NW11,Q4a,1011791.44,125.55,70
2018,2_NW11,Q4b,1764696.65,218.6,57
2018,2_NW2,Q1,352584.43,48.67,53
2018,2_NW2,Q2,428965.54,67.15,74
2018,2_NW2,Q3,575685.37,91.21,54
2018,2_NW2,Q4a,768083.33,123.07,18
2018,2_NW2,Q4b,1730000.0,233.37,9
2018,2_NW3,Q1,,,0
2018,2_NW3,Q2,,,0
2018,2_NW3,Q3,,,0
2018,2_NW3,Q4a,,,0
2018,2_NW3,Q4b,2340000.0,219.6,3
2018,2_NW4,Q1,299083.33,47.0,24
2018,2_NW4,Q2,385360.0,67.32,45
2018,2_NW4,Q3,518530.85,89.32,47
2018,2_NW4,Q4a,745353.48,123.51,46
2018,2_NW4,Q4b,1330333.33,213.98,33
2018,2_NW7,Q1,370261.9,52.98,21
2018,2_NW7,Q2,415858.04,68.66,56
2018,2_NW7,Q3,563327.47,88.33,72
2018,2_NW7,Q4a,781861.4,127.86,57
2018,2_NW7,Q4b,1180724.19,206.04,68
2018,2_NW9,Q1,338467.85,48.07,219
2018,2_NW9,Q2,458096.0,70.04,247
2018,2_NW9,Q3,531073.29,87.53,133
2018,2_NW9,Q4a,600739.62,116.78,81
2018,2_NW9,Q4b,1333426.5,220.5,2
2018,2_WD6,Q1,,,0
2018,2_WD6,Q2,,,0
2018,2_WD6,Q3,,,0
2018,2_WD6,Q4a,,,0
2018,2_WD6,Q4b,,,0
2018,30_CR0,Q1,273339.36,47.57,14
2018,30_CR0,Q2,324785.71,69.3,14
2018,30_CR0,Q3,418562.44,89.07,16
2018,30_CR0,Q4a,520993.75,121.25,16
2018,30_CR0,Q4b,545000.0,175.0,1
2018,30_CR4,Q1,235304.35,45.46,23
2018,30_CR4,Q2,335538.46,69.9,13
2018,30_CR4,Q3,442905.41,85.85,37
2018,30_CR4,Q4a,562222.22,131.78,18
2018,30_CR4,Q4b,,,0
2018,30_CR5,Q1,245000.0,59.0,1
2018,30_CR5,Q2,314997.5,66.5,2
2018,30_CR5,Q3,390800.0,92.0,5
2018,30_CR5,Q4a,471250.0,127.0,2
2018,30_CR5,Q4b,630000.0,216.0,1
2018,30_CR8,Q1,,,0
2018,30_CR8,Q2,,,0
2018,30_CR8,Q3,565000.0,82.0,1
2018,30_CR8,Q4a,600000.0,135.2,5
2018,30_CR8,Q4b,987142.86,240.43,7
2018,30_KT17,Q1,,,0
2018,30_KT17,Q2,,,0
2018,30_KT17,Q3,585000.0,89.0,1
2018,30_KT17,Q4a,596250.0,130.5,2
2018,30_KT17,Q4b,,,0
2018,30_KT4,Q1,313770.56,50.47,50
2018,30_KT4,Q2,400128.48,68.63,67
2018,30_KT4,Q3,478543.97,87.1,58
2018,30_KT4,Q4a,601401.64,122.09,61
2018,30_KT4,Q4b,743200.0,169.42,10
2018,30_SM1,Q1,265895.73,48.57,141
2018,30_SM1,Q2,344050.59,68.31,161
2018,30_SM1,Q3,419167.54,89.19,134
2018,30_SM1,Q4a,515017.11,116.02,74
2018,30_SM1,Q4b,696775.25,181.6,20
2018,30_SM2,Q1,241720.53,47.73,95
2018,30_SM2,Q2,322539.54,67.19,96
2018,30_SM2,Q3,422142.17,90.59,46
2018,30_SM2,Q4a,599027.33,122.64,45
2018,30_SM2,Q4b,1053159.09,225.52,44
2018,30_SM3,Q1,287969.74,46.97,38
2018,30_SM3,Q2,380599.31,70.25,72
2018,30_SM3,Q3,458952.86,89.25,110
2018,30_SM3,Q4a,553783.09,122.02,55
2018,30_SM3,Q4b,723361.54,168.54,13
2018,30_SM4,Q1,220000.0,54.0,1
2018,30_SM4,Q2,340277.78,67.56,18
2018,30_SM4,Q3,385924.44,85.56,9
2018,30_SM4,Q4a,259500.0,137.92,2
2018,30_SM4,Q4b,,,0
2018,30_SM5,Q1,277849.5,49.96,100
2018,30_SM5,Q2,344409.35,68.33,153
2018,30_SM5,Q3,428482.11,86.5,109
2018,30_SM5,Q4a,588465.49,123.6,65
2018,30_SM5,Q4b,806866.55,177.08,29
2018,30_SM6,Q1,253400.81,48.56,142
2018,30_SM6,Q2,319450.58,67.82,120
2018,30_SM6,Q3,429166.24,90.5,106
2018,30_SM6,Q4a,572763.1,125.01,142
2018,30_SM6,Q4b,736346.15,182.15,26
2018,30_SM7,Q1,,,0
2018,30_SM7,Q2,,,0
2018,30_SM7,Q3,,,0
2018,30_SM7,Q4a,,,0
2018,30_SM7,Q4b,998333.33,245.33,3
2018,31_E1,Q1,495458.66,49.0,197
2018,31_E1,Q2,546135.28,67.75,124
2018,31_E1,Q3,909391.96,87.87,100
2018,31_E1,Q4a,1197919.64,125.13,28
2018,31_E1,Q4b,2049285.71,202.6,7
2018,31_E14,Q1,396368.36,48.14,598
2018,31_E14,Q2,503155.0,70.05,396
2018,31_E14,Q3,612173.58,87.01,296
2018,31_E14,Q4a,839064.18,119.33,67
2018,31_E14,Q4b,1357700.0,188.86,18
2018,31_E1W,Q1,488487.98,47.06,55
2018,31_E1W,Q2,645792.81,69.76,42
2018,31_E1W,Q3,1006787.11,88.35,53
2018,31_E1W,Q4a,1444022.13,121.74,23
2018,31_E1W,Q4b,1857135.71,179.29,7
2018,31_E2,Q1,379515.38,47.42,104
2018,31_E2,Q2,488205.6,68.29,82
2018,31_E2,Q3,742853.49,87.04,47
2018,31_E2,Q4a,904000.0,119.28,17
2018,31_E2,Q4b,1342400.0,164.92,5
2018,31_E3,Q1,374483.76,48.7,302
2018,31_E3,Q2,463572.61,70.16,217
2018,31_E3,Q3,574837.14,88.9,136
2018,31_E3,Q4a,785165.73,119.1,48
2018,31_E3,Q4b,1318999.8,181.47,5
2018,31_E9,Q1,600000.0,37.92,1
2018,31_E9,Q2,485000.0,60.24,2
2018,31_E9,Q3,600000.0,88.0,1
2018,31_E9,Q4a,1218500.0,135.5,2
2018,31_E9,Q4b,1100000.0,162.0,1
2018,32_E10,Q1,342928.56,49.64,108
2018,32_E10,Q2,407328.65,68.03,82
2018,32_E10,Q3,511552.64,90.11,87
2018,32_E10,Q4a,601200.34,118.14,50
2018,32_E10,Q4b,603833.33,166.0,6
2018,32_E11,Q1,330199.07,45.79,74
2018,32_E11,Q2,425533.64,68.87,55
2018,32_E11,Q3,561830.58,89.45,84
2018,32_E11,Q4a,665559.25,119.79,53
2018,32_E11,Q4b,793839.07,174.93,15
2018,32_E15,Q1,362100.0,45.84,5
2018,32_E15,Q2,448375.0,69.02,4
2018,32_E15,Q3,509611.11,86.07,9
2018,32_E15,Q4a,505999.86,115.87,7
2018,32_E15,Q4b,,,0
2018,32_E17,Q1,346003.08,47.46,301
2018,32_E17,Q2,447465.71,68.89,338
2018,32_E17,Q3,539295.7,89.51,324
2018,32_E17,Q4a,659659.61,119.98,131
2018,32_E17,Q4b,825166.67,175.88,21
2018,32_E4,Q1,266467.14,47.43,119
2018,32_E4,Q2,380611.54,68.83,178
2018,32_E4,Q3,466412.53,90.06,258
2018,32_E4,Q4a,554266.9,121.06,151
2018,32_E4,Q4b,784892.42,177.0,33
2018,32_E5,Q1,387000.0,51.0,2
2018,32_E5,Q2,530600.0,70.0,5
2018,32_E5,Q3,,,0
2018,32_E5,Q4a,,,0
2018,32_E5,Q4b,,,0
2018,32_E7,Q1,383900.0,51.46,5
2018,32_E7,Q2,477000.0,69.8,8
2018,32_E7,Q3,491365.38,88.33,13
2018,32_E7,Q4a,372500.0,113.5,2
2018,32_E7,Q4b,,,0
2018,32_IG8,Q1,272500.0,51.67,17
2018,32_IG8,Q2,325100.0,64.29,5
2018,32_IG8,Q3,498791.67,89.34,12
2018,32_IG8,Q4a,653921.05,125.72,19
2018,32_IG8,Q4b,820000.0,168.88,8
2018,33_SW11,Q1,493983.41,48.63,292
2018,33_SW11,Q2,669023.36,69.24,302
2018,33_SW11,Q3,946202.43,89.24,267
2018,33_SW11,Q4a,1261573.85,123.1,166
2018,33_SW11,Q4b,1951711.36,199.55,136
2018,33_SW12,Q1,447799.98,48.13,82
2018,33_SW12,Q2,582730.0,67.85,65
2018,33_SW12,Q3,729401.06,87.5,47
2018,33_SW12,Q4a,1014264.71,121.54,51
2018,33_SW12,Q4b,1657532.22,203.79,54
2018,33_SW15,Q1,364989.84,46.88,130
2018,33_SW15,Q2,504280.02,67.67,162
2018,33_SW15,Q3,634153.91,87.66,128
2018,33_SW15,Q4a,969191.1,123.47,84
2018,33_SW15,Q4b,1767019.62,213.05,81
2018,33_SW16,Q1,341161.83,45.43,29
2018,33_SW16,Q2,440752.08,67.29,36
2018,33_SW16,Q3,568840.91,89.08,22
2018,33_SW16,Q4a,707836.96,122.2,23
2018,33_SW16,Q4b,929328.57,183.37,14
2018,33_SW17,Q1,387377.14,46.56,160
2018,33_SW17,Q2,496391.01,67.09,186
2018,33_SW17,Q3,646685.39,89.25,135
2018,33_SW17,Q4a,821846.15,123.67,125
2018,33_SW17,Q4b,1566367.86,213.89,56
2018,33_SW18,Q1,422255.18,48.26,346
2018,33_SW18,Q2,527453.62,68.07,222
2018,33_SW18,Q3,714382.63,88.2,212
2018,33_SW18,Q4a,972100.09,123.9,210
2018,33_SW18,Q4b,1665877.2,198.77,115
2018,33_SW19,Q1,377206.52,50.53,46
2018,33_SW19,Q2,435994.9,67.11,51
2018,33_SW19,Q3,613834.12,87.11,40
2018,33_SW19,Q4a,850407.36,128.91,11
2018,33_SW19,Q4b,1425555.56,208.33,9
2018,33_SW4,Q1,527500.0,51.94,4
2018,33_SW4,Q2,675000.0,71.33,3
2018,33_SW4,Q3,685000.0,92.0,1
2018,33_SW4,Q4a,1150000.0,139.0,1
2018,33_SW4,Q4b,2208000.0,252.93,5
2018,33_SW8,Q1,493137.91,49.14,33
2018,33_SW8,Q2,595765.62,67.2,16
2018,33_SW8,Q3,740186.96,83.6,26
2018,33_SW8,Q4a,948416.67,114.33,6
2018,33_SW8,Q4b,,,0
2018,34_NW1,Q1,540796.88,45.41,32
2018,34_NW1,Q2,804076.92,69.82,13
2018,34_NW1,Q3,1069882.35,89.42,17
2018,34_NW1,Q4a,1180071.43,119.82,14
2018,34_NW1,Q4b,2062069.55,192.89,11
2018,34_NW6,Q1,400000.0,46.0,2
2018,34_NW6,Q2,513000.0,75.0,1
2018,34_NW6,Q3,770000.0,78.0,1
2018,34_NW6,Q4a,891850.0,117.8,2
2018,34_NW6,Q4b,,,0
2018,34_NW8,Q1,470698.69,44.59,54
2018,34_NW8,Q2,672402.78,68.44,18
2018,34_NW8,Q3,1006079.0,90.92,20
2018,34_NW8,Q4a,1743947.37,123.82,19
2018,34_NW8,Q4b,3440318.75,229.63,40
2018,34_SW1A,Q1,1125000.0,46.0,1
2018,34_SW1A,Q2,650000.0,60.0,1
2018,34_SW1A,Q3,1933333.33,97.33,3
2018,34_SW1A,Q4a,,,0
2018,34_SW1A,Q4b,3875000.0,159.0,1
2018,34_SW1E,Q1,955466.67,54.33,3
2018,34_SW1E,Q2,936666.67,66.67,3
2018,34_SW1E,Q3,1641562.5,88.0,4
2018,34_SW1E,Q4a,2459375.0,127.38,8
2018,34_SW1E,Q4b,2062500.0,173.0,2
2018,34_SW1H,Q1,457750.0,35.5,2
2018,34_SW1H,Q2,608000.0,68.9,2
2018,34_SW1H,Q3,,,0
2018,34_SW1H,Q4a,2291500.0,132.8,5
2018,34_SW1H,Q4b,3775000.0,195.5,2
2018,34_SW1P,Q1,546148.79,44.79,33
2018,34_SW1P,Q2,742406.25,68.89,16
2018,34_SW1P,Q3,1556271.67,94.62,12
2018,34_SW1P,Q4a,1668055.56,126.72,18
2018,34_SW1P,Q4b,2873970.59,198.77,17
2018,34_SW1V,Q1,562676.68,43.92,41
2018,34_SW1V,Q2,818865.19,68.78,26
2018,34_SW1V,Q3,980388.75,87.28,28
2018,34_SW1V,Q4a,1446164.47,116.51,19
2018,34_SW1V,Q4b,2082007.73,198.09,15
2018,34_SW1W,Q1,665538.46,51.53,13
2018,34_SW1W,Q2,1001272.73,69.02,11
2018,34_SW1W,Q3,1518642.79,87.64,14
2018,34_SW1W,Q4a,2355956.67,125.6,12
2018,34_SW1W,Q4b,4487826.0,194.14,16
2018,34_SW1X,Q1,790000.0,44.5,2
2018,34_SW1X,Q2,1497500.0,66.5,2
2018,34_SW1X,Q3,1587571.43,89.14,7
2018,34_SW1X,Q4a,3021875.0,121.25,4
2018,34_SW1X,Q4b,5326416.67,246.83,6
2018,34_SW1Y,Q1,575000.0,42.5,2
2018,34_SW1Y,Q2,,,0
2018,34_SW1Y,Q3,,,0
2018,34_SW1Y,Q4a,,,0
2018,34_SW1Y,Q4b,,,0
2018,34_SW3,Q1,1750000.0,57.46,1
2018,34_SW3,Q2,1070000.0,76.0,1
2018,34_SW3,Q3,,,0
2018,34_SW3,Q4a,,,0
2018,34_SW3,Q4b,,,0
2018,34_SW7,Q1,700000.0,55.98,1
2018,34_SW7,Q2,1850000.0,67.14,3
2018,34_SW7,Q3,2106666.67,95.66,3
2018,34_SW7,Q4a,2530000.0,121.44,9
2018,34_SW7,Q4b,5454395.45,249.58,11
2018,34_W10,Q1,454500.0,50.8,5
2018,34_W10,Q2,626816.58,67.35,12
2018,34_W10,Q3,833941.18,91.54,17
2018,34_W10,Q4a,873250.0,108.24,2
2018,34_W10,Q4b,,,0
2018,34_W11,Q1,735250.0,44.57,6
2018,34_W11,Q2,760443.0,67.43,7
2018,34_W11,Q3,1300000.0,87.0,2
2018,34_W11,Q4a,,,0
2018,34_W11,Q4b,4100000.0,297.0,1
2018,34_W1B,Q1,,,0
2018,34_W1B,Q2,,,0
2018,34_W1B,Q3,1630000.0,81.0,1
2018,34_W1B,Q4a,,,0
2018,34_W1B,Q4b,,,0
2018,34_W1D,Q1,,,0
2018,34_W1D,Q2,,,0
2018,34_W1D,Q3,,,0
2018,34_W1D,Q4a,,,0
2018,34_W1D,Q4b,,,0
2018,34_W1F,Q1,558333.33,38.0,3
2018,34_W1F,Q2,899750.0,71.4,4
2018,34_W1F,Q3,1340000.0,100.0,1
2018,34_W1F,Q4a,1596666.67,109.0,3
2018,34_W1F,Q4b,,,0
2018,34_W1G,Q1,775055.56,47.64,9
2018,34_W1G,Q2,1255000.0,66.17,3
2018,34_W1G,Q3,1463125.0,92.81,8
2018,34_W1G,Q4a,2725666.67,125.33,3
2018,34_W1G,Q4b,5466666.67,233.02,3
2018,34_W1H,Q1,590500.0,42.32,19
2018,34_W1H,Q2,976083.33,67.22,6
2018,34_W1H,Q3,1594312.32,89.61,19
2018,34_W1H,Q4a,2431179.76,120.3,17
2018,34_W1H,Q4b,3654285.71,205.43,7
2018,34_W1J,Q1,1060000.0,41.61,5
2018,34_W1J,Q2,1450000.0,69.0,1
2018,34_W1J,Q3,2775600.0,89.2,5
2018,34_W1J,Q4a,3675000.0,123.5,4
2018,34_W1J,Q4b,10318750.0,235.75,8
2018,34_W1K,Q1,,,0
2018,34_W1K,Q2,1684166.67,67.13,3
2018,34_W1K,Q3,2249999.67,89.5,6
2018,34_W1K,Q4a,3425000.0,128.86,6
2018,34_W1K,Q4b,5863500.0,227.83,10
2018,34_W1S,Q1,,,0
2018,34_W1S,Q2,1350000.0,70.0,1
2018,34_W1S,Q3,1200000.0,81.0,1
2018,34_W1S,Q4a,6947535.0,146.0,1
2018,34_W1S,Q4b,13630000.0,269.0,1
2018,34_W1T,Q1,843414.26,48.78,50
2018,34_W1T,Q2,1251000.0,68.17,15
2018,34_W1T,Q3,1805263.16,91.58,38
2018,34_W1T,Q4a,2699916.18,125.53,34
2018,34_W1T,Q4b,4470812.5,196.75,4
2018,34_W1U,Q1,773175.0,41.65,8
2018,34_W1U,Q2,1172708.33,69.94,12
2018,34_W1U,Q3,1631666.67,90.42,6
2018,34_W1U,Q4a,3026191.67,122.12,24
2018,34_W1U,Q4b,4858409.09,201.38,22
2018,34_W1W,Q1,606276.92,43.58,13
2018,34_W1W,Q2,958750.0,64.95,4
2018,34_W1W,Q3,1762000.0,89.2,5
2018,34_W1W,Q4a,2966111.11,125.77,9
2018,34_W1W,Q4b,4112500.0,220.0,2
2018,34_W2,Q1,524328.82,43.75,124
2018,34_W2,Q2,829517.12,67.99,67
2018,34_W2,Q3,1097218.14,86.96,50
2018,34_W2,Q4a,1858892.34,126.54,44
2018,34_W2,Q4b,3390343.23,227.53,43
2018,34_W9,Q1,480961.26,47.51,81
2018,34_W9,Q2,720250.0,67.47,54
2018,34_W9,Q3,951722.14,90.51,57
2018,34_W9,Q4a,1392963.44,120.28,41
2018,34_W9,Q4b,2660076.92,211.09,13
2018,34_WC2A,Q1,940000.0,41.5,2
2018,34_WC2A,Q2,,,0
2018,34_WC2A,Q3,,,0
2018,34_WC2A,Q4a,2916666.67,128.33,3
2018,34_WC2A,Q4b,,,0
2018,34_WC2B,Q1,603083.33,41.52,6
2018,34_WC2B,Q2,,,0
2018,34_WC2B,Q3,,,0
2018,34_WC2B,Q4a,1950000.0,131.0,1
2018,34_WC2B,Q4b,,,0
2018,34_WC2E,Q1,785312.5,42.0,4
2018,34_WC2E,Q2,1395000.0,61.0,1
2018,34_WC2E,Q3,,,0
2018,34_WC2E,Q4a,2375000.0,111.26,2
2018,34_WC2E,Q4b,4325000.0,174.0,1
2018,34_WC2H,Q1,542500.0,46.0,1
2018,34_WC2H,Q2,895000.0,75.0,1
2018,34_WC2H,Q3,,,0
2018,34_WC2H,Q4a,,,0
2018,34_WC2H,Q4b,,,0
2018,34_WC2N,Q1,865625.0,42.87,4
2018,34_WC2N,Q2,,,0
2018,34_WC2N,Q3,2200000.0,101.0,1
2018,34_WC2N,Q4a,,,0
2018,34_WC2N,Q4b,4163000.0,154.0,1
2018,34_WC2R,Q1,1100770.56,49.89,9
2018,34_WC2R,Q2,1370495.0,64.8,20
2018,34_WC2R,Q3,2067961.9,92.52,21
2018,34_WC2R,Q4a,2667413.64,124.0,11
2018,34_WC2R,Q4b,5194755.56,192.44,9
2018,3_DA1,Q1,217962.17,48.32,53
2018,3_DA1,Q2,288985.66,69.63,62
2018,3_DA1,Q3,323488.64,86.99,55
2018,3_DA1,Q4a,432617.65,115.98,17
2018,3_DA1,Q4b,685000.0,181.0,1
2018,3_DA14,Q1,249690.44,48.47,89
2018,3_DA14,Q2,302873.66,68.06,97
2018,3_DA14,Q3,395119.56,87.46,79
2018,3_DA14,Q4a,490765.52,120.88,44
2018,3_DA14,Q4b,807102.17,201.9,23
2018,3_DA15,Q1,289493.44,51.44,77
2018,3_DA15,Q2,348118.28,67.92,132
2018,3_DA15,Q3,422130.34,88.11,102
2018,3_DA15,Q4a,526929.51,121.51,71
2018,3_DA15,Q4b,715500.0,180.73,15
2018,3_DA16,Q1,238720.94,51.91,48
2018,3_DA16,Q2,338879.5,69.0,119
2018,3_DA16,Q3,391571.63,88.03,173
2018,3_DA16,Q4a,473356.24,121.11,80
2018,3_DA16,Q4b,522498.33,158.67,3
2018,3_DA17,Q1,208428.43,47.6,51
2018,3_DA17,Q2,272395.45,66.51,66
2018,3_DA17,Q3,330798.77,89.42,61
2018,3_DA17,Q4a,362055.56,116.48,18
2018,3_DA17,Q4b,322500.0,188.0,1
2018,3_DA18,Q1,175000.0,48.0,1
2018,3_DA18,Q2,,,0
2018,3_DA18,Q3,332000.0,91.33,3
2018,3_DA18,Q4a,345000.0,109.0,2
2018,3_DA18,Q4b,,,0
2018,3_DA5,Q1,293692.86,54.06,21
2018,3_DA5,Q2,331817.71,68.97,48
2018,3_DA5,Q3,425168.29,90.2,82
2018,3_DA5,Q4a,529358.57,120.67,70
2018,3_DA5,Q4b,758021.74,166.37,23
2018,3_DA6,Q1,280356.9,51.37,29
2018,3_DA6,Q2,291721.79,67.52,39
2018,3_DA6,Q3,395273.53,87.92,51
2018,3_DA6,Q4a,499575.83,122.33,36
2018,3_DA6,Q4b,742500.0,196.83,6
2018,3_DA7,Q1,272374.62,51.57,65
2018,3_DA7,Q2,326286.07,68.16,119
2018,3_DA7,Q3,406702.21,90.05,156
2018,3_DA7,Q4a,485030.13,121.03,104
2018,3_DA7,Q4b,580588.29,169.52,17
2018,3_DA8,Q1,202459.92,47.7,63
2018,3_DA8,Q2,272953.98,68.79,113
2018,3_DA8,Q3,316932.3,87.89,137
2018,3_DA8,Q4a,419783.13,118.3,75
2018,3_DA8,Q4b,611222.22,176.22,9
2018,3_SE2,Q1,231250.0,53.0,8
2018,3_SE2,Q2,307444.44,70.78,9
2018,3_SE2,Q3,381987.5,89.41,16
2018,3_SE2,Q4a,479312.5,121.08,12
2018,3_SE2,Q4b,473333.33,163.01,3
2018,3_SE28,Q1,223081.3,50.71,23
2018,3_SE28,Q2,281357.14,67.86,7
2018,3_SE28,Q3,321363.64,87.54,11
2018,3_SE28,Q4a,351666.67,112.33,3
2018,3_SE28,Q4b,,,0
2018,3_SE9,Q1,269756.15,42.38,13
2018,3_SE9,Q2,316250.0,64.0,2
2018,3_SE9,Q3,432666.67,94.33,6
2018,3_SE9,Q4a,513750.0,127.4,10
2018,3_SE9,Q4b,677500.0,160.4,2
2018,4_HA0,Q1,279315.83,47.47,60
2018,4_HA0,Q2,355823.86,69.68,44
2018,4_HA0,Q3,453687.5,91.09,40
2018,4_HA0,Q4a,565794.12,118.71,34
2018,4_HA0,Q4b,715000.0,184.0,6
2018,4_HA1,Q1,400000.0,55.0,1
2018,4_HA1,Q2,,,0
2018,4_HA1,Q3,650000.0,97.0,1
2018,4_HA1,Q4a,874400.0,138.8,5
2018,4_HA1,Q4b,918142.86,194.43,7
2018,4_HA3,Q1,202000.0,44.78,3
2018,4_HA3,Q2,286200.0,65.4,5
2018,4_HA3,Q3,522625.0,92.73,16
2018,4_HA3,Q4a,665050.0,121.65,20
2018,4_HA3,Q4b,835819.17,187.67,12
2018,4_HA7,Q1,330000.0,54.0,1
2018,4_HA7,Q2,,,0
2018,4_HA7,Q3,,,0
2018,4_HA7,Q4a,,,0
2018,4_HA7,Q4b,,,0
2018,4_HA8,Q1,,,0
2018,4_HA8,Q2,188083.33,70.33,3
2018,4_HA8,Q3,548250.0,91.75,4
2018,4_HA8,Q4a,590000.0,104.0,1
2018,4_HA8,Q4b,880000.0,209.77,1
2018,4_HA9,Q1,281912.0,46.78,50
2018,4_HA9,Q2,366036.17,69.09,47
2018,4_HA9,Q3,478523.02,90.41,63
2018,4_HA9,Q4a,621037.9,121.14,50
2018,4_HA9,Q4b,661556.67,191.0,6
2018,4_NW10,Q1,348285.56,49.91,99
2018,4_NW10,Q2,446456.77,69.04,96
2018,4_NW10,Q3,600112.79,88.97,81
2018,4_NW10,Q4a,858822.2,123.27,75
2018,4_NW10,Q4b,1421342.11,191.45,38
2018,4_NW2,Q1,347347.62,47.72,42
2018,4_NW2,Q2,481354.35,68.36,46
2018,4_NW2,Q3,560561.4,89.16,43
2018,4_NW2,Q4a,771538.46,121.53,26
2018,4_NW2,Q4b,1475424.0,214.44,25
2018,4_NW6,Q1,463524.62,49.83,65
2018,4_NW6,Q2,573240.51,68.7,37
2018,4_NW6,Q3,784493.17,89.71,60
2018,4_NW6,Q4a,1184238.95,124.45,43
2018,4_NW6,Q4b,1933536.59,203.63,41
2018,4_NW9,Q1,319236.49,50.34,87
2018,4_NW9,Q2,426380.91,70.87,124
2018,4_NW9,Q3,501832.09,88.51,100
2018,4_NW9,Q4a,616032.26,123.29,31
2018,4_NW9,Q4b,1013750.0,178.78,4
2018,4_W10,Q1,493025.0,52.9,14
2018,4_W10,Q2,579023.52,68.71,27
2018,4_W10,Q3,624000.0,82.0,5
2018,4_W10,Q4a,,,0
2018,4_W10,Q4b,,,0
2018,4_W9,Q1,,,0
2018,4_W9,Q2,,,0
2018,4_W9,Q3,,,0
2018,4_W9,Q4a,,,0
2018,4_W9,Q4b,800000.0,156.0,1
2018,5_CM12,Q1,,,0
2018,5_CM12,Q2,,,0
2018,5_CM12,Q3,,,0
2018,5_CM12,Q4a,,,0
2018,5_CM12,Q4b,,,0
2018,5_CM13,Q1,250346.15,45.59,39
2018,5_CM13,Q2,353212.28,69.11,68
2018,5_CM13,Q3,442799.58,89.63,108
2018,5_CM13,Q4a,605965.33,120.87,75
2018,5_CM13,Q4b,1235763.75,235.64,52
2018,5_CM14,Q1,251857.88,45.37,163
2018,5_CM14,Q2,345440.0,67.55,104
2018,5_CM14,Q3,450747.94,89.67,97
2018,5_CM14,Q4a,586737.25,118.61,51
2018,5_CM14,Q4b,862129.63,176.73,27
2018,5_CM15,Q1,264619.38,48.11,56
2018,5_CM15,Q2,333850.0,68.81,55
2018,5_CM15,Q3,449359.02,90.57,87
2018,5_CM15,Q4a,541486.96,120.63,130
2018,5_CM15,Q4b,1039391.73,203.88,52
2018,5_CM4,Q1,254666.67,48.77,6
2018,5_CM4,Q2,452857.14,70.06,14
2018,5_CM4,Q3,496482.76,86.98,29
2018,5_CM4,Q4a,621600.0,124.43,20
2018,5_CM4,Q4b,948413.04,192.89,23
2018,5_RM4,Q1,,,0
2018,5_RM4,Q2,,,0
2018,5_RM4,Q3,740000.0,86.0,1
2018,5_RM4,Q4a,,,0
2018,5_RM4,Q4b,,,0
2018,6_BR1,Q1,278378.53,49.16,85
2018,6_BR1,Q2,345455.21,69.39,96
2018,6_BR1,Q3,449042.44,89.7,133
2018,6_BR1,Q4a,617178.92,124.74,102
2018,6_BR1,Q4b,1008792.14,213.59,77
2018,6_BR2,Q1,279389.21,49.38,86
2018,6_BR2,Q2,369963.5,68.91,180
2018,6_BR2,Q3,463334.26,90.36,205
2018,6_BR2,Q4a,622087.53,123.74,164
2018,6_BR2,Q4b,984062.16,198.13,74
2018,6_BR3,Q1,266763.7,48.93,135
2018,6_BR3,Q2,360312.4,68.52,139
2018,6_BR3,Q3,482499.34,89.4,160
2018,6_BR3,Q4a,638296.25,123.03,178
2018,6_BR3,Q4b,950953.05,187.71,85
2018,6_BR4,Q1,218370.97,45.23,31
2018,6_BR4,Q2,378375.0,71.24,20
2018,6_BR4,Q3,513171.82,92.34,55
2018,6_BR4,Q4a,616151.3,123.89,77
2018,6_BR4,Q4b,810685.94,179.94,32
2018,6_BR5,Q1,265867.18,50.43,103
2018,6_BR5,Q2,321913.16,69.42,152
2018,6_BR5,Q3,401436.77,88.68,199
2018,6_BR5,Q4a,562828.18,121.06,110
2018,6_BR5,Q4b,897657.89,185.57,19
2018,6_BR6,Q1,290238.14,48.94,73
2018,6_BR6,Q2,397766.68,70.39,131
2018,6_BR6,Q3,471390.71,90.27,204
2018,6_BR6,Q4a,620732.99,123.63,204
2018,6_BR6,Q4b,914858.9,190.42,69
2018,6_BR7,Q1,347960.78,51.43,32
2018,6_BR7,Q2,381196.08,68.63,51
2018,6_BR7,Q3,514456.65,89.01,81
2018,6_BR7,Q4a,656469.39,124.89,49
2018,6_BR7,Q4b,1138508.06,221.44,62
2018,6_BR8,Q1,,,0
2018,6_BR8,Q2,,,0
2018,6_BR8,Q3,,,0
2018,6_BR8,Q4a,,,0
2018,6_BR8,Q4b,,,0
2018,6_DA14,Q1,,,0
2018,6_DA14,Q2,,,0
2018,6_DA14,Q3,,,0
2018,6_DA14,Q4a,,,0
2018,6_DA14,Q4b,,,0
2018,6_SE19,Q1,339185.19,48.02,27
2018,6_SE19,Q2,434056.19,68.58,21
2018,6_SE19,Q3,616921.43,92.43,7
2018,6_SE19,Q4a,752500.0,117.25,4
2018,6_SE19,Q4b,1320000.0,205.0,1
2018,6_SE20,Q1,292602.97,48.01,119
2018,6_SE20,Q2,386736.97,67.07,91
2018,6_SE20,Q3,452863.63,87.89,73
2018,6_SE20,Q4a,560333.33,119.5,27
2018,6_SE20,Q4b,813590.0,202.0,5
2018,6_SE26,Q1,322936.56,50.16,32
2018,6_SE26,Q2,435186.07,68.18,42
2018,6_SE26,Q3,483418.04,87.6,28
2018,6_SE26,Q4a,695490.75,119.65,20
2018,6_SE26,Q4b,1049900.0,183.98,10
2018,6_SE9,Q1,274000.0,49.06,13
2018,6_SE9,Q2,319833.33,68.72,33
2018,6_SE9,Q3,381578.03,89.65,33
2018,6_SE9,Q4a,500642.86,126.61,7
2018,6_SE9,Q4b,906000.0,208.42,5
2018,6_TN14,Q1,,,0
2018,6_TN14,Q2,359666.67,67.33,3
2018,6_TN14,Q3,475000.0,99.5,2
2018,6_TN14,Q4a,595000.0,128.5,2
2018,6_TN14,Q4b,816666.67,180.0,3
2018,6_TN16,Q1,278511.21,50.36,29
2018,6_TN16,Q2,311244.19,69.83,43
2018,6_TN16,Q3,384820.45,89.69,66
2018,6_TN16,Q4a,480776.36,120.59,55
2018,6_TN16,Q4b,534941.18,168.74,17
2018,7_EC1M,Q1,555000.0,49.8,1
2018,7_EC1M,Q2,,,0
2018,7_EC1M,Q3,,,0
2018,7_EC1M,Q4a,1110000.0,114.0,1
2018,7_EC1M,Q4b,,,0
2018,7_EC1N,Q1,495200.0,50.6,5
2018,7_EC1N,Q2,890645.83,73.67,6
2018,7_EC1N,Q3,994222.22,90.61,9
2018,7_EC1N,Q4a,1314000.0,122.35,5
2018,7_EC1N,Q4b,,,0
2018,7_EC1R,Q1,,,0
2018,7_EC1R,Q2,,,0
2018,7_EC1R,Q3,,,0
2018,7_EC1R,Q4a,,,0
2018,7_EC1R,Q4b,,,0
2018,7_N19,Q1,409500.0,48.32,4
2018,7_N19,Q2,592000.0,71.0,1
2018,7_N19,Q3,,,0
2018,7_N19,Q4a,815000.0,108.0,1
2018,7_N19,Q4b,1562500.0,185.41,2
2018,7_N1C,Q1,699181.46,50.51,39
2018,7_N1C,Q2,1020469.4,70.26,35
2018,7_N1C,Q3,1481357.65,88.45,31
2018,7_N1C,Q4a,2389248.22,132.17,23
2018,7_N1C,Q4b,4052166.67,195.0,3
2018,7_N6,Q1,504875.0,41.13,4
2018,7_N6,Q2,728000.0,70.95,4
2018,7_N6,Q3,925000.0,95.56,3
2018,7_N6,Q4a,1651944.44,136.11,9
2018,7_N6,Q4b,2043571.43,182.12,7
2018,7_N7,Q1,560464.29,50.86,21
2018,7_N7,Q2,722150.0,70.83,6
2018,7_N7,Q3,,,0
2018,7_N7,Q4a,,,0
2018,7_N7,Q4b,1008000.0,193.0,1
2018,7_NW1,Q1,485890.17,46.87,71
2018,7_NW1,Q2,632352.88,68.63,50
2018,7_NW1,Q3,832867.79,87.9,52
2018,7_NW1,Q4a,1189593.18,120.13,33
2018,7_NW1,Q4b,3976973.68,225.67,19
2018,7_NW2,Q1,421100.0,51.88,10
2018,7_NW2,Q2,528931.82,71.35,11
2018,7_NW2,Q3,685500.0,91.91,8
2018,7_NW2,Q4a,535000.0,107.0,1
2018,7_NW2,Q4b,1337500.0,199.0,6
2018,7_NW3,Q1,531780.21,45.71,85
2018,7_NW3,Q2,795707.08,69.34,65
2018,7_NW3,Q3,964203.09,88.3,93
2018,7_NW3,Q4a,1573107.51,128.46,73
2018,7_NW3,Q4b,2963225.98,220.04,84
2018,7_NW5,Q1,444210.64,47.09,47
2018,7_NW5,Q2,613275.0,68.26,49
2018,7_NW5,Q3,814928.42,89.06,38
2018,7_NW5,Q4a,1157714.81,119.34,27
2018,7_NW5,Q4b,1939678.07,193.25,28
2018,7_NW6,Q1,456286.4,47.0,92
2018,7_NW6,Q2,597127.13,67.45,69
2018,7_NW6,Q3,767137.76,89.38,55
2018,7_NW6,Q4a,1100290.57,124.59,37
2018,7_NW6,Q4b,2147780.57,213.56,28
2018,7_NW8,Q1,503333.33,48.72,3
2018,7_NW8,Q2,603458.33,70.33,6
2018,7_NW8,Q3,716666.67,84.07,9
2018,7_NW8,Q4a,1750000.0,124.07,14
2018,7_NW8,Q4b,2437500.0,192.0,4
2018,7_W1T,Q1,547000.0,38.05,4
2018,7_W1T,Q2,1154333.33,70.83,3
2018,7_W1T,Q3,,,0
2018,7_W1T,Q4a,2095000.0,143.0,1
2018,7_W1T,Q4b,,,0
2018,7_WC1A,Q1,626666.67,43.78,3
2018,7_WC1A,Q2,700000.0,67.0,1
2018,7_WC1A,Q3,1297500.0,88.32,2
2018,7_WC1A,Q4a,2160000.0,137.0,1
2018,7_WC1A,Q4b,,,0
2018,7_WC1B,Q1,679000.0,57.0,1
2018,7_WC1B,Q2,747000.0,72.0,3
2018,7_WC1B,Q3,1181875.0,87.75,4
2018,7_WC1B,Q4a,1612500.0,124.11,4
2018,7_WC1B,Q4b,2380000.0,162.0,1
2018,7_WC1E,Q1,568000.0,47.0,3
2018,7_WC1E,Q2,585000.0,72.0,1
2018,7_WC1E,Q3,,,0
2018,7_WC1E,Q4a,1900000.0,124.0,1
2018,7_WC1E,Q4b,,,0
2018,7_WC1H,Q1,415152.36,31.98,42
2018,7_WC1H,Q2,590866.67,64.0,3
2018,7_WC1H,Q3,,,0
2018,7_WC1H,Q4a,875000.0,124.0,1
2018,7_WC1H,Q4b,,,0
2018,7_WC1N,Q1,597245.0,47.31,10
2018,7_WC1N,Q2,752421.43,67.84,7
2018,7_WC1N,Q3,1220000.0,80.0,1
2018,7_WC1N,Q4a,2180250.0,132.67,3
2018,7_WC1N,Q4b,,,0
2018,7_WC1R,Q1,722483.33,45.33,3
2018,7_WC1R,Q2,1118666.67,70.96,3
2018,7_WC1R,Q3,1418875.0,89.25,4
2018,7_WC1R,Q4a,2050000.0,130.63,1
2018,7_WC1R,Q4b,,,0
2018,7_WC1V,Q1,,,0
2018,7_WC1V,Q2,870000.0,72.0,1
2018,7_WC1V,Q3,,,0
2018,7_WC1V,Q4a,1900000.0,113.0,2
2018,7_WC1V,Q4b,,,0
2018,7_WC1X,Q1,454045.0,37.51,8
2018,7_WC1X,Q2,1127000.0,68.0,1
2018,7_WC1X,Q3,1476916.67,101.0,3
2018,7_WC1X,Q4a,1658365.75,113.0,4
2018,7_WC1X,Q4b,2050000.0,164.0,1
2018,7_WC2A,Q1,,,0
2018,7_WC2A,Q2,,,0
2018,7_WC2A,Q3,,,0
2018,7_WC2A,Q4a,2825000.0,127.0,1
2018,7_WC2A,Q4b,,,0
2018,7_WC2B,Q1,399950.0,23.0,1
2018,7_WC2B,Q2,880000.0,59.1,1
2018,7_WC2B,Q3,,,0
2018,7_WC2B,Q4a,,,0
2018,7_WC2B,Q4b,2900000.0,253.0,1
2018,7_WC2H,Q1,531250.0,38.41,4
2018,7_WC2H,Q2,825000.0,70.0,3
2018,7_WC2H,Q3,662000.0,82.0,1
2018,7_WC2H,Q4a,1645000.0,124.28,4
2018,7_WC2H,Q4b,,,0
2018,8_E1,Q1,500000.0,58.0,1
2018,8_E1,Q2,,,0
2018,8_E1,Q3,,,0
2018,8_E1,Q4a,,,0
2018,8_E1,Q4b,,,0
2018,8_EC1A,Q1,788781.77,49.74,43
2018,8_EC1A,Q2,1061785.71,69.76,7
2018,8_EC1A,Q3,1460553.48,88.88,40
2018,8_EC1A,Q4a,2157093.75,129.31,16
2018,8_EC1A,Q4b,3280000.0,173.0,1
2018,8_EC1M,Q1,,,0
2018,8_EC1M,Q2,,,0
2018,8_EC1M,Q3,,,0
2018,8_EC1M,Q4a,,,0
2018,8_EC1M,Q4b,,,0
2018,8_EC1N,Q1,956114.29,49.0,7
2018,8_EC1N,Q2,1331500.0,70.0,4
2018,8_EC1N,Q3,,,0
2018,8_EC1N,Q4a,1950000.0,106.0,2
2018,8_EC1N,Q4b,,,0
2018,8_EC1Y,Q1,398386.25,39.75,4
2018,8_EC1Y,Q2,695000.0,66.0,1
2018,8_EC1Y,Q3,,,0
2018,8_EC1Y,Q4a,,,0
2018,8_EC1Y,Q4b,,,0
2018,8_EC2M,Q1,,,0
2018,8_EC2M,Q2,,,0
2018,8_EC2M,Q3,,,0
2018,8_EC2M,Q4a,,,0
2018,8_EC2M,Q4b,,,0
2018,8_EC2R,Q1,,,0
2018,8_EC2R,Q2,,,0
2018,8_EC2R,Q3,,,0
2018,8_EC2R,Q4a,,,0
2018,8_EC2R,Q4b,,,0
2018,8_EC2V,Q1,,,0
2018,8_EC2V,Q2,,,0
2018,8_EC2V,Q3,,,0
2018,8_EC2V,Q4a,,,0
2018,8_EC2V,Q4b,1900000.0,178.0,1
2018,8_EC2Y,Q1,588652.78,42.04,36
2018,8_EC2Y,Q2,788727.27,66.75,11
2018,8_EC2Y,Q3,1158666.6,87.25,5
2018,8_EC2Y,Q4a,1368750.0,118.71,8
2018,8_EC2Y,Q4b,3015000.0,161.0,1
2018,8_EC3A,Q1,500000.0,49.0,1
2018,8_EC3A,Q2,,,0
2018,8_EC3A,Q3,,,0
2018,8_EC3A,Q4a,,,0
2018,8_EC3A,Q4b,,,0
2018,8_EC3N,Q1,,,0
2018,8_EC3N,Q2,743000.0,72.0,2
2018,8_EC3N,Q3,835000.0,87.88,1
2018,8_EC3N,Q4a,882500.0,104.76,1
2018,8_EC3N,Q4b,,,0
2018,8_EC3R,Q1,870237.89,52.45,62
2018,8_EC3R,Q2,1370276.67,72.33,6
2018,8_EC3R,Q3,1410638.39,85.06,18
2018,8_EC3R,Q4a,2744087.5,117.9,20
2018,8_EC3R,Q4b,5500701.44,188.78,9
2018,8_EC3V,Q1,,,0
2018,8_EC3V,Q2,,,0
2018,8_EC3V,Q3,,,0
2018,8_EC3V,Q4a,,,0
2018,8_EC3V,Q4b,,,0
2018,8_EC4A,Q1,721250.0,45.36,4
2018,8_EC4A,Q2,,,0
2018,8_EC4A,Q3,,,0
2018,8_EC4A,Q4a,2150000.0,127.0,1
2018,8_EC4A,Q4b,,,0
2018,8_EC4M,Q1,590000.0,52.07,1
2018,8_EC4M,Q2,,,0
2018,8_EC4M,Q3,,,0
2018,8_EC4M,Q4a,,,0
2018,8_EC4M,Q4b,,,0
2018,8_EC4R,Q1,,,0
2018,8_EC4R,Q2,,,0
2018,8_EC4R,Q3,,,0
2018,8_EC4R,Q4a,,,0
2018,8_EC4R,Q4b,,,0
2018,8_EC4V,Q1,516416.67,42.19,6
2018,8_EC4V,Q2,640000.0,64.0,1
2018,8_EC4V,Q3,,,0
2018,8_EC4V,Q4a,,,0
2018,8_EC4V,Q4b,,,0
2018,8_EC4Y,Q1,,,0
2018,8_EC4Y,Q2,810000.0,68.0,1
2018,8_EC4Y,Q3,1118000.0,101.0,1
2018,8_EC4Y,Q4a,,,0
2018,8_EC4Y,Q4b,,,0
2018,8_WC2A,Q1,640000.0,47.63,1
2018,8_WC2A,Q2,,,0
2018,8_WC2A,Q3,,,0
2018,8_WC2A,Q4a,,,0
2018,8_WC2A,Q4b,,,0
2018,9_CR0,Q1,260149.89,46.09,372
2018,9_CR0,Q2,332255.18,68.91,384
2018,9_CR0,Q3,386730.99,88.75,379
2018,9_CR0,Q4a,502753.67,120.19,223
2018,9_CR0,Q4b,708582.83,179.81,53
2018,9_CR2,Q1,261495.69,49.67,116
2018,9_CR2,Q2,342534.53,68.35,139
2018,9_CR2,Q3,433379.34,88.67,151
2018,9_CR2,Q4a,568510.94,124.01,129
2018,9_CR2,Q4b,835699.34,198.98,76
2018,9_CR3,Q1,,,0
2018,9_CR3,Q2,391666.67,72.67,3
2018,9_CR3,Q3,425833.33,88.1,6
2018,9_CR3,Q4a,477000.0,117.02,4
2018,9_CR3,Q4b,575000.0,174.0,1
2018,9_CR4,Q1,,,0
2018,9_CR4,Q2,,,0
2018,9_CR4,Q3,,,0
2018,9_CR4,Q4a,,,0
2018,9_CR4,Q4b,,,0
2018,9_CR5,Q1,210622.92,48.18,24
2018,9_CR5,Q2,364796.94,71.07,72
2018,9_CR5,Q3,430934.55,90.21,110
2018,9_CR5,Q4a,564344.03,122.85,150
2018,9_CR5,Q4b,761864.99,185.6,72
2018,9_CR6,Q1,,,0
2018,9_CR6,Q2,,,0
2018,9_CR6,Q3,421000.0,86.31,2
2018,9_CR6,Q4a,,,0
2018,9_CR6,Q4b,,,0
2018,9_CR7,Q1,231991.53,47.62,59
2018,9_CR7,Q2,292520.0,68.27,65
2018,9_CR7,Q3,376277.71,89.9,100
2018,9_CR7,Q4a,463052.83,120.08,53
2018,9_CR7,Q4b,584000.0,183.8,5
2018,9_CR8,Q1,240090.03,43.7,102
2018,9_CR8,Q2,323396.08,69.78,51
2018,9_CR8,Q3,438753.05,89.54,106
2018,9_CR8,Q4a,568665.38,124.2,104
2018,9_CR8,Q4b,871183.54,202.0,99
2018,9_SE19,Q1,330838.65,48.27,66
2018,9_SE19,Q2,368673.46,68.32,57
2018,9_SE19,Q3,501310.57,85.89,79
2018,9_SE19,Q4a,599355.52,119.21,29
2018,9_SE19,Q4b,940714.29,195.57,7
2018,9_SE25,Q1,243339.89,45.08,112
2018,9_SE25,Q2,337379.74,68.53,97
2018,9_SE25,Q3,414619.8,88.97,106
2018,9_SE25,Q4a,479000.0,118.26,48
2018,9_SE25,Q4b,642500.0,184.8,10
2018,9_SW16,Q1,304500.0,51.42,20
2018,9_SW16,Q2,333031.25,66.81,16
2018,9_SW16,Q3,442813.76,93.39,33
2018,9_SW16,Q4a,520275.59,120.91,41
2018,9_SW16,Q4b,772524.92,174.08,12
2019,10_HA0,Q1,245000.0,33.0,1
2019,10_HA0,Q2,426666.67,71.67,3
2019,10_HA0,Q3,423750.0,90.0,2
2019,10_HA0,Q4a,,,0
2019,10_HA0,Q4b,,,0
2019,10_NW10,Q1,286500.0,46.25,4
2019,10_NW10,Q2,410123.33,66.5,6
2019,10_NW10,Q3,528125.0,92.5,8
2019,10_NW10,Q4a,509000.0,112.5,2
2019,10_NW10,Q4b,720000.0,151.0,1
2019,10_TW8,Q1,280000.0,39.6,1
2019,10_TW8,Q2,,,0
2019,10_TW8,Q3,,,0
2019,10_TW8,Q4a,,,0
2019,10_TW8,Q4b,,,0
2019,10_UB1,Q1,217642.86,46.72,14
2019,10_UB1,Q2,336721.59,67.89,22
2019,10_UB1,Q3,399977.94,89.63,34
2019,10_UB1,Q4a,462941.18,115.76,17
2019,10_UB1,Q4b,650000.0,227.0,1
2019,10_UB2,Q1,263212.5,48.84,40
2019,10_UB2,Q2,371948.0,72.3,75
2019,10_UB2,Q3,410419.26,90.18,46
2019,10_UB2,Q4a,515425.93,121.3,27
2019,10_UB2,Q4b,716666.67,161.0,3
2019,10_UB5,Q1,259929.32,47.23,59
2019,10_UB5,Q2,327061.93,68.38,88
2019,10_UB5,Q3,418309.26,88.19,95
2019,10_UB5,Q4a,456959.52,113.63,21
2019,10_UB5,Q4b,600000.0,171.0,2
2019,10_UB6,Q1,273248.53,49.15,34
2019,10_UB6,Q2,409388.63,69.88,63
2019,10_UB6,Q3,463181.73,89.36,104
2019,10_UB6,Q4a,496883.16,118.4,38
2019,10_UB6,Q4b,687500.0,180.5,2
2019,10_W12,Q1,,,0
2019,10_W12,Q2,585000.0,72.0,1
2019,10_W12,Q3,608500.0,86.5,2
2019,10_W12,Q4a,,,0
2019,10_W12,Q4b,,,0
2019,10_W13,Q1,346142.98,47.25,57
2019,10_W13,Q2,501484.86,67.51,43
2019,10_W13,Q3,652837.5,91.02,60
2019,10_W13,Q4a,825205.11,123.83,71
2019,10_W13,Q4b,1307656.25,196.1,32
2019,10_W3,Q1,377627.31,47.28,178
2019,10_W3,Q2,490185.82,68.29,154
2019,10_W3,Q3,558638.21,88.97,106
2019,10_W3,Q4a,843243.31,123.58,65
2019,10_W3,Q4b,1212636.36,190.14,33
2019,10_W4,Q1,340391.5,41.62,100
2019,10_W4,Q2,588437.5,69.23,24
2019,10_W4,Q3,812504.07,90.03,43
2019,10_W4,Q4a,1127935.0,125.8,50
2019,10_W4,Q4b,1946404.76,209.63,21
2019,10_W5,Q1,391390.18,48.61,107
2019,10_W5,Q2,481338.26,68.18,103
2019,10_W5,Q3,631856.63,89.45,84
2019,10_W5,Q4a,895254.82,123.83,83
2019,10_W5,Q4b,1491022.73,215.82,66
2019,10_W7,Q1,323643.78,51.43,32
2019,10_W7,Q2,414584.89,67.79,45
2019,10_W7,Q3,538618.0,89.11,50
2019,10_W7,Q4a,713195.45,122.98,55
2019,10_W7,Q4b,974361.11,179.17,18
2019,11_EN1,Q1,253753.62,46.4,80
2019,11_EN1,Q2,364732.24,68.78,85
2019,11_EN1,Q3,455914.78,88.91,145
2019,11_EN1,Q4a,551020.26,119.8,87
2019,11_EN1,Q4b,815411.76,194.37,17
2019,11_EN2,Q1,285276.36,49.16,66
2019,11_EN2,Q2,377619.3,68.66,82
2019,11_EN2,Q3,499076.03,89.79,116
2019,11_EN2,Q4a,624643.87,121.38,84
2019,11_EN2,Q4b,888610.76,186.74,21
2019,11_EN3,Q1,246655.76,49.24,92
2019,11_EN3,Q2,340735.5,70.07,109
2019,11_EN3,Q3,384783.91,88.39,119
2019,11_EN3,Q4a,439386.03,116.47,34
2019,11_EN3,Q4b,505000.0,162.13,2
2019,11_EN4,Q1,216750.0,43.0,2
2019,11_EN4,Q2,377300.0,66.8,5
2019,11_EN4,Q3,553750.0,95.4,10
2019,11_EN4,Q4a,889921.88,129.31,16
2019,11_EN4,Q4b,1603696.97,242.79,33
2019,11_EN8,Q1,209666.67,48.16,3
2019,11_EN8,Q2,340000.0,73.0,1
2019,11_EN8,Q3,398722.22,87.22,9
2019,11_EN8,Q4a,,,0
2019,11_EN8,Q4b,,,0
2019,11_N11,Q1,285600.0,50.0,5
2019,11_N11,Q2,420750.0,71.0,2
2019,11_N11,Q3,541065.22,88.77,23
2019,11_N11,Q4a,679055.56,120.11,9
2019,11_N11,Q4b,930000.0,156.0,2
2019,11_N13,Q1,264218.91,43.39,44
2019,11_N13,Q2,386436.25,67.57,40
2019,11_N13,Q3,510026.6,92.95,53
2019,11_N13,Q4a,630181.44,120.73,66
2019,11_N13,Q4b,893533.33,175.33,15
2019,11_N14,Q1,330312.5,51.75,32
2019,11_N14,Q2,412775.0,68.44,40
2019,11_N14,Q3,550871.93,91.57,57
2019,11_N14,Q4a,743090.22,125.92,51
2019,11_N14,Q4b,971945.95,180.52,37
2019,11_N18,Q1,198550.0,44.72,20
2019,11_N18,Q2,350099.8,71.26,25
2019,11_N18,Q3,390214.08,89.37,49
2019,11_N18,Q4a,386653.85,122.38,13
2019,11_N18,Q4b,525000.0,159.0,1
2019,11_N21,Q1,304023.55,50.82,31
2019,11_N21,Q2,434421.88,66.9,32
2019,11_N21,Q3,573008.94,92.92,47
2019,11_N21,Q4a,721508.43,123.23,70
2019,11_N21,Q4b,1106477.27,192.27,44
2019,11_N22,Q1,364500.0,53.4,5
2019,11_N22,Q2,,,0
2019,11_N22,Q3,410000.0,88.0,1
2019,11_N22,Q4a,618000.0,126.0,1
2019,11_N22,Q4b,,,0
2019,11_N9,Q1,223621.88,45.02,58
2019,11_N9,Q2,328043.88,70.0,67
2019,11_N9,Q3,380077.17,87.66,86
2019,11_N9,Q4a,448680.43,113.16,30
2019,11_N9,Q4b,483500.0,156.5,2
2019,12_BR7,Q1,,,0
2019,12_BR7,Q2,390000.0,74.0,2
2019,12_BR7,Q3,448000.0,94.0,1
2019,12_BR7,Q4a,,,0
2019,12_BR7,Q4b,685000.0,165.0,1
2019,12_DA15,Q1,,,0
2019,12_DA15,Q2,343000.0,76.0,1
2019,12_DA15,Q3,368750.0,87.5,4
2019,12_DA15,Q4a,,,0
2019,12_DA15,Q4b,,,0
2019,12_SE10,Q1,461439.58,50.25,281
2019,12_SE10,Q2,571541.54,70.87,270
2019,12_SE10,Q3,681967.08,87.47,215
2019,12_SE10,Q4a,893510.44,116.42,90
2019,12_SE10,Q4b,1298481.96,190.26,28
2019,12_SE12,Q1,310722.22,52.93,9
2019,12_SE12,Q2,358340.91,69.34,22
2019,12_SE12,Q3,410785.71,87.19,21
2019,12_SE12,Q4a,585888.89,121.81,9
2019,12_SE12,Q4b,955000.0,214.0,2
2019,12_SE13,Q1,,,0
2019,12_SE13,Q2,340000.0,62.56,2
2019,12_SE13,Q3,476874.25,89.38,8
2019,12_SE13,Q4a,385000.0,107.0,1
2019,12_SE13,Q4b,,,0
2019,12_SE18,Q1,357339.23,48.79,273
2019,12_SE18,Q2,452208.24,69.09,258
2019,12_SE18,Q3,439238.76,86.78,202
2019,12_SE18,Q4a,513835.98,115.67,82
2019,12_SE18,Q4b,733000.0,168.92,5
2019,12_SE2,Q1,259850.0,51.88,8
2019,12_SE2,Q2,306118.3,69.52,23
2019,12_SE2,Q3,353239.34,89.34,56
2019,12_SE2,Q4a,418166.67,115.5,12
2019,12_SE2,Q4b,,,0
2019,12_SE28,Q1,251111.11,51.18,27
2019,12_SE28,Q2,274323.74,69.5,39
2019,12_SE28,Q3,311918.52,87.94,27
2019,12_SE28,Q4a,370227.27,114.9,11
2019,12_SE28,Q4b,,,0
2019,12_SE3,Q1,340301.08,52.01,85
2019,12_SE3,Q2,454014.53,71.25,118
2019,12_SE3,Q3,529601.59,88.68,113
2019,12_SE3,Q4a,793360.24,122.46,59
2019,12_SE3,Q4b,1383034.48,199.21,29
2019,12_SE7,Q1,303009.09,48.53,33
2019,12_SE7,Q2,367168.27,67.4,26
2019,12_SE7,Q3,504778.57,90.05,42
2019,12_SE7,Q4a,638642.86,123.34,35
2019,12_SE7,Q4b,759866.67,169.8,15
2019,12_SE8,Q1,321368.42,51.41,19
2019,12_SE8,Q2,412227.27,69.42,22
2019,12_SE8,Q3,591272.73,86.54,11
2019,12_SE8,Q4a,633750.0,111.5,4
2019,12_SE8,Q4b,925000.0,166.0,1
2019,12_SE9,Q1,265420.04,50.35,80
2019,12_SE9,Q2,340579.41,68.84,102
2019,12_SE9,Q3,420738.13,89.64,184
2019,12_SE9,Q4a,555197.06,121.68,140
2019,12_SE9,Q4b,824002.13,181.31,47
2019,13_E1,Q1,,,0
2019,13_E1,Q2,,,0
2019,13_E1,Q3,,,0
2019,13_E1,Q4a,,,0
2019,13_E1,Q4b,,,0
2019,13_E2,Q1,505236.96,48.17,23
2019,13_E2,Q2,691888.89,67.68,27
2019,13_E2,Q3,626670.75,86.02,12
2019,13_E2,Q4a,1049700.0,113.0,10
2019,13_E2,Q4b,,,0
2019,13_E20,Q1,,,0
2019,13_E20,Q2,,,0
2019,13_E20,Q3,,,0
2019,13_E20,Q4a,,,0
2019,13_E20,Q4b,,,0
2019,13_E5,Q1,387712.88,48.02,104
2019,13_E5,Q2,487557.81,68.72,95
2019,13_E5,Q3,628892.71,88.96,73
2019,13_E5,Q4a,925147.96,121.43,55
2019,13_E5,Q4b,1132472.0,177.25,20
2019,13_E8,Q1,411080.79,48.49,87
2019,13_E8,Q2,520678.47,68.03,106
2019,13_E8,Q3,666622.21,89.18,71
2019,13_E8,Q4a,953654.19,118.38,43
2019,13_E8,Q4b,1747602.93,179.34,15
2019,13_E9,Q1,356827.86,47.24,77
2019,13_E9,Q2,491539.62,69.8,53
2019,13_E9,Q3,598643.07,86.49,56
2019,13_E9,Q4a,895604.8,118.95,25
2019,13_E9,Q4b,1564321.43,171.81,7
2019,13_EC1V,Q1,715476.86,47.77,118
2019,13_EC1V,Q2,1042428.8,73.51,55
2019,13_EC1V,Q3,1139048.17,80.12,24
2019,13_EC1V,Q4a,1880197.5,117.55,20
2019,13_EC1V,Q4b,,,0
2019,13_EC2A,Q1,905332.65,48.68,88
2019,13_EC2A,Q2,1271031.58,69.72,19
2019,13_EC2A,Q3,1349610.78,81.7,64
2019,13_EC2A,Q4a,2757406.67,134.0,3
2019,13_EC2A,Q4b,5500000.0,248.0,1
2019,13_N1,Q1,417903.16,50.14,95
2019,13_N1,Q2,541075.85,68.89,87
2019,13_N1,Q3,720945.12,86.68,41
2019,13_N1,Q4a,1320656.29,124.19,24
2019,13_N1,Q4b,1340000.0,165.06,4
2019,13_N15,Q1,,,0
2019,13_N15,Q2,,,0
2019,13_N15,Q3,,,0
2019,13_N15,Q4a,,,0
2019,13_N15,Q4b,,,0
2019,13_N16,Q1,383507.24,47.7,106
2019,13_N16,Q2,503360.61,68.95,66
2019,13_N16,Q3,688223.3,89.85,56
2019,13_N16,Q4a,993442.21,124.03,75
2019,13_N16,Q4b,1291567.73,185.04,26
2019,13_N4,Q1,426413.51,47.99,87
2019,13_N4,Q2,614253.51,69.41,94
2019,13_N4,Q3,726890.78,86.59,51
2019,13_N4,Q4a,871875.0,120.5,4
2019,13_N4,Q4b,1569571.43,187.43,7
2019,13_N5,Q1,285500.0,41.5,2
2019,13_N5,Q2,,,0
2019,13_N5,Q3,680000.0,82.0,1
2019,13_N5,Q4a,1210000.0,121.93,1
2019,13_N5,Q4b,,,0
2019,14_NW10,Q1,423414.29,51.57,7
2019,14_NW10,Q2,378125.0,64.0,2
2019,14_NW10,Q3,681000.0,90.47,5
2019,14_NW10,Q4a,823333.33,129.54,3
2019,14_NW10,Q4b,,,0
2019,14_SW10,Q1,,,0
2019,14_SW10,Q2,825000.0,72.6,5
2019,14_SW10,Q3,1116666.67,91.67,3
2019,14_SW10,Q4a,1730666.67,128.17,12
2019,14_SW10,Q4b,3826177.78,194.11,9
2019,14_SW6,Q1,471895.89,47.13,174
2019,14_SW6,Q2,666456.68,68.69,139
2019,14_SW6,Q3,858774.58,87.75,131
2019,14_SW6,Q4a,1305218.97,124.34,139
2019,14_SW6,Q4b,2103953.55,204.69,144
2019,14_W10,Q1,,,0
2019,14_W10,Q2,,,0
2019,14_W10,Q3,,,0
2019,14_W10,Q4a,,,0
2019,14_W10,Q4b,,,0
2019,14_W11,Q1,,,0
2019,14_W11,Q2,350000.0,67.5,2
2019,14_W11,Q3,,,0
2019,14_W11,Q4a,,,0
2019,14_W11,Q4b,,,0
2019,14_W12,Q1,425848.24,46.72,101
2019,14_W12,Q2,606879.27,68.74,62
2019,14_W12,Q3,936798.71,86.23,84
2019,14_W12,Q4a,1059714.29,124.46,35
2019,14_W12,Q4b,1890015.0,214.63,41
2019,14_W14,Q1,487360.99,46.21,71
2019,14_W14,Q2,724205.38,68.13,52
2019,14_W14,Q3,861869.78,89.05,45
2019,14_W14,Q4a,1235816.21,120.21,29
2019,14_W14,Q4b,1998784.09,214.64,22
2019,14_W3,Q1,334800.0,44.5,5
2019,14_W3,Q2,427650.0,69.45,3
2019,14_W3,Q3,625000.0,100.0,1
2019,14_W3,Q4a,1040000.0,113.74,1
2019,14_W3,Q4b,,,0
2019,14_W4,Q1,370000.0,42.0,1
2019,14_W4,Q2,,,0
2019,14_W4,Q3,,,0
2019,14_W4,Q4a,,,0
2019,14_W4,Q4b,,,0
2019,14_W6,Q1,415565.2,42.47,112
2019,14_W6,Q2,627139.71,67.65,35
2019,14_W6,Q3,966217.09,89.75,57
2019,14_W6,Q4a,1232669.77,124.79,69
2019,14_W6,Q4b,2386852.2,203.41,41
2019,15_N10,Q1,384486.3,48.36,40
2019,15_N10,Q2,497776.75,68.03,40
2019,15_N10,Q3,713089.12,88.69,40
2019,15_N10,Q4a,1060779.76,126.37,42
2019,15_N10,Q4b,1604836.36,205.89,66
2019,15_N11,Q1,224000.0,46.0,3
2019,15_N11,Q2,433457.69,69.31,13
2019,15_N11,Q3,565000.0,88.89,9
2019,15_N11,Q4a,962102.5,124.75,8
2019,15_N11,Q4b,770000.0,152.0,1
2019,15_N13,Q1,,,0
2019,15_N13,Q2,445000.0,68.0,1
2019,15_N13,Q3,463333.33,85.67,3
2019,15_N13,Q4a,,,0
2019,15_N13,Q4b,,,0
2019,15_N15,Q1,337899.1,50.97,49
2019,15_N15,Q2,439067.31,69.89,52
2019,15_N15,Q3,543954.35,89.01,69
2019,15_N15,Q4a,657125.0,119.18,40
2019,15_N15,Q4b,984000.0,166.09,4
2019,15_N17,Q1,289464.76,47.18,83
2019,15_N17,Q2,371472.53,68.82,72
2019,15_N17,Q3,468797.72,90.66,76
2019,15_N17,Q4a,564954.55,115.58,44
2019,15_N17,Q4b,450500.0,162.0,2
2019,15_N18,Q1,,,0
2019,15_N18,Q2,345000.0,70.0,1
2019,15_N18,Q3,344500.0,80.5,2
2019,15_N18,Q4a,,,0
2019,15_N18,Q4b,,,0
2019,15_N2,Q1,407500.0,41.84,2
2019,15_N2,Q2,528000.0,70.48,5
2019,15_N2,Q3,718265.0,90.8,5
2019,15_N2,Q4a,1115000.0,125.8,5
2019,15_N2,Q4b,1713750.0,196.25,12
2019,15_N22,Q1,348873.86,49.44,44
2019,15_N22,Q2,462683.04,69.31,56
2019,15_N22,Q3,539596.42,89.18,53
2019,15_N22,Q4a,772017.57,123.16,49
2019,15_N22,Q4b,1098458.33,175.25,12
2019,15_N4,Q1,436116.26,50.55,42
2019,15_N4,Q2,506013.51,66.95,37
2019,15_N4,Q3,651033.33,93.14,21
2019,15_N4,Q4a,815738.1,126.31,21
2019,15_N4,Q4b,1366133.33,195.47,15
2019,15_N6,Q1,421770.83,48.5,24
2019,15_N6,Q2,547964.81,69.59,27
2019,15_N6,Q3,772697.53,88.15,43
2019,15_N6,Q4a,1307222.22,124.76,27
2019,15_N6,Q4b,2326621.21,229.13,33
2019,15_N8,Q1,389636.68,48.83,124
2019,15_N8,Q2,501038.14,68.97,123
2019,15_N8,Q3,614663.7,86.75,61
2019,15_N8,Q4a,897594.75,123.2,61
2019,15_N8,Q4b,1440908.63,188.86,52
2019,16_HA1,Q1,314054.79,49.17,197
2019,16_HA1,Q2,414406.25,68.95,234
2019,16_HA1,Q3,488325.63,88.81,162
2019,16_HA1,Q4a,614615.37,122.51,54
2019,16_HA1,Q4b,850352.94,180.78,17
2019,16_HA2,Q1,276008.25,48.76,103
2019,16_HA2,Q2,381682.03,70.1,128
2019,16_HA2,Q3,479877.91,89.87,163
2019,16_HA2,Q4a,582163.67,120.69,147
2019,16_HA2,Q4b,813954.45,178.0,11
2019,16_HA3,Q1,242588.54,45.53,48
2019,16_HA3,Q2,384617.19,69.31,64
2019,16_HA3,Q3,468901.34,89.43,112
2019,16_HA3,Q4a,554842.45,121.26,53
2019,16_HA3,Q4b,862312.56,187.37,18
2019,16_HA4,Q1,,,0
2019,16_HA4,Q2,,,0
2019,16_HA4,Q3,445000.0,84.0,1
2019,16_HA4,Q4a,,,0
2019,16_HA4,Q4b,,,0
2019,16_HA5,Q1,303253.57,50.2,42
2019,16_HA5,Q2,389428.0,67.24,50
2019,16_HA5,Q3,553372.84,90.38,86
2019,16_HA5,Q4a,747255.32,122.92,94
2019,16_HA5,Q4b,1013329.0,188.1,50
2019,16_HA7,Q1,283178.3,44.73,53
2019,16_HA7,Q2,413582.69,69.17,52
2019,16_HA7,Q3,516540.16,88.46,94
2019,16_HA7,Q4a,678725.79,123.32,62
2019,16_HA7,Q4b,1184156.25,217.75,48
2019,16_HA8,Q1,289476.14,49.14,7
2019,16_HA8,Q2,366333.33,67.61,24
2019,16_HA8,Q3,465645.66,88.69,29
2019,16_HA8,Q4a,614000.0,120.84,25
2019,16_HA8,Q4b,1215500.0,241.57,7
2019,16_NW9,Q1,320000.0,55.0,1
2019,16_NW9,Q2,,,0
2019,16_NW9,Q3,,,0
2019,16_NW9,Q4a,,,0
2019,16_NW9,Q4b,,,0
2019,16_UB5,Q1,,,0
2019,16_UB5,Q2,372500.0,63.0,1
2019,16_UB5,Q3,381666.67,86.33,3
2019,16_UB5,Q4a,465000.0,104.0,1
2019,16_UB5,Q4b,,,0
2019,16_WD23,Q1,,,0
2019,16_WD23,Q2,,,0
2019,16_WD23,Q3,,,0
2019,16_WD23,Q4a,,,0
2019,16_WD23,Q4b,775000.0,185.0,1
2019,17_RM1,Q1,223874.71,46.1,87
2019,17_RM1,Q2,283969.23,68.73,52
2019,17_RM1,Q3,401956.12,90.38,93
2019,17_RM1,Q4a,472857.84,119.73,58
2019,17_RM1,Q4b,704333.33,192.18,15
2019,17_RM11,Q1,269543.48,49.6,46
2019,17_RM11,Q2,349916.22,69.2,63
2019,17_RM11,Q3,422582.93,89.14,126
2019,17_RM11,Q4a,533752.08,121.78,96
2019,17_RM11,Q4b,935322.92,216.93,48
2019,17_RM12,Q1,259548.91,48.21,46
2019,17_RM12,Q2,345476.34,69.69,97
2019,17_RM12,Q3,400253.68,88.75,190
2019,17_RM12,Q4a,473664.89,119.71,94
2019,17_RM12,Q4b,601722.22,178.22,9
2019,17_RM13,Q1,220152.24,51.05,37
2019,17_RM13,Q2,300769.21,70.42,113
2019,17_RM13,Q3,346743.88,88.71,169
2019,17_RM13,Q4a,399703.44,117.2,80
2019,17_RM13,Q4b,653333.33,227.67,3
2019,17_RM14,Q1,319500.0,51.05,21
2019,17_RM14,Q2,399492.31,70.35,65
2019,17_RM14,Q3,472404.21,89.21,120
2019,17_RM14,Q4a,610965.57,122.94,76
2019,17_RM14,Q4b,851845.96,187.46,26
2019,17_RM2,Q1,257439.24,51.43,33
2019,17_RM2,Q2,309222.38,67.58,40
2019,17_RM2,Q3,457125.0,90.13,52
2019,17_RM2,Q4a,583116.28,123.3,43
2019,17_RM2,Q4b,793612.9,182.27,31
2019,17_RM3,Q1,218508.01,47.91,69
2019,17_RM3,Q2,310451.25,69.9,160
2019,17_RM3,Q3,355155.84,89.28,195
2019,17_RM3,Q4a,464049.98,118.89,60
2019,17_RM3,Q4b,623791.67,176.17,12
2019,17_RM4,Q1,,,0
2019,17_RM4,Q2,502500.0,75.0,1
2019,17_RM4,Q3,410000.0,94.0,2
2019,17_RM4,Q4a,370000.0,134.0,1
2019,17_RM4,Q4b,863333.33,214.0,3
2019,17_RM5,Q1,221735.29,45.97,17
2019,17_RM5,Q2,308769.79,69.18,48
2019,17_RM5,Q3,362345.37,88.05,108
2019,17_RM5,Q4a,411414.51,117.39,41
2019,17_RM5,Q4b,603125.0,202.75,4
2019,17_RM7,Q1,225074.07,44.46,54
2019,17_RM7,Q2,316867.65,69.36,102
2019,17_RM7,Q3,366928.8,88.09,113
2019,17_RM7,Q4a,416055.56,117.1,36
2019,17_RM7,Q4b,553928.57,168.71,7
2019,18_HA4,Q1,318043.03,47.22,132
2019,18_HA4,Q2,416059.66,67.61,175
2019,18_HA4,Q3,520447.13,90.46,188
2019,18_HA4,Q4a,644630.62,121.06,141
2019,18_HA4,Q4b,850781.25,174.8,32
2019,18_HA5,Q1,344441.18,51.97,17
2019,18_HA5,Q2,449467.19,69.16,32
2019,18_HA5,Q3,549203.62,89.12,34
2019,18_HA5,Q4a,706166.67,122.29,21
2019,18_HA5,Q4b,891519.09,180.31,11
2019,18_HA6,Q1,273772.73,49.83,22
2019,18_HA6,Q2,425728.54,69.38,24
2019,18_HA6,Q3,522002.56,89.03,39
2019,18_HA6,Q4a,651222.56,118.5,45
2019,18_HA6,Q4b,1127337.5,203.04,40
2019,18_TW19,Q1,,,0
2019,18_TW19,Q2,,,0
2019,18_TW19,Q3,,,0
2019,18_TW19,Q4a,,,0
2019,18_TW19,Q4b,,,0
2019,18_UB10,Q1,292053.82,50.43,65
2019,18_UB10,Q2,392913.25,68.67,123
2019,18_UB10,Q3,511876.54,89.45,130
2019,18_UB10,Q4a,643212.39,122.29,101
2019,18_UB10,Q4b,1012736.11,207.5,36
2019,18_UB3,Q1,241970.0,46.76,64
2019,18_UB3,Q2,317889.84,68.28,64
2019,18_UB3,Q3,412961.04,88.99,77
2019,18_UB3,Q4a,473852.94,114.52,17
2019,18_UB3,Q4b,490000.0,175.05,3
2019,18_UB4,Q1,259448.98,49.24,49
2019,18_UB4,Q2,345275.0,67.77,72
2019,18_UB4,Q3,414902.79,86.97,78
2019,18_UB4,Q4a,473223.09,120.88,32
2019,18_UB4,Q4b,531125.0,180.0,4
2019,18_UB5,Q1,329250.0,44.75,4
2019,18_UB5,Q2,350000.0,67.0,1
2019,18_UB5,Q3,485000.0,97.0,1
2019,18_UB5,Q4a,455000.0,132.0,2
2019,18_UB5,Q4b,,,0
2019,18_UB7,Q1,246559.32,44.44,59
2019,18_UB7,Q2,356641.88,68.79,117
2019,18_UB7,Q3,420491.08,87.99,102
2019,18_UB7,Q4a,496413.1,116.86,21
2019,18_UB7,Q4b,562500.0,156.74,4
2019,18_UB8,Q1,273027.71,46.87,185
2019,18_UB8,Q2,343725.34,68.71,104
2019,18_UB8,Q3,431245.22,89.22,116
2019,18_UB8,Q4a,544917.21,120.23,61
2019,18_UB8,Q4b,792297.78,177.38,9
2019,18_UB9,Q1,275838.24,47.1,17
2019,18_UB9,Q2,371369.56,70.1,32
2019,18_UB9,Q3,449378.79,88.4,33
2019,18_UB9,Q4a,538500.0,122.01,14
2019,18_UB9,Q4b,923333.33,221.13,3
2019,18_WD3,Q1,,,0
2019,18_WD3,Q2,304000.0,70.5,2
2019,18_WD3,Q3,615000.0,91.0,1
2019,18_WD3,Q4a,,,0
2019,18_WD3,Q4b,,,0
2019,19_TW1,Q1,279492.86,48.07,7
2019,19_TW1,Q2,,,0
2019,19_TW1,Q3,,,0
2019,19_TW1,Q4a,,,0
2019,19_TW1,Q4b,,,0
2019,19_TW13,Q1,253787.5,48.31,76
2019,19_TW13,Q2,323170.27,68.61,113
2019,19_TW13,Q3,383548.19,90.94,83
2019,19_TW13,Q4a,460541.67,113.25,24
2019,19_TW13,Q4b,760000.0,184.5,2
2019,19_TW14,Q1,234225.0,45.07,44
2019,19_TW14,Q2,329982.31,67.58,65
2019,19_TW14,Q3,397380.38,88.52,58
2019,19_TW14,Q4a,409769.23,112.38,13
2019,19_TW14,Q4b,560000.0,162.0,1
2019,19_TW15,Q1,,,0
2019,19_TW15,Q2,,,0
2019,19_TW15,Q3,327000.0,79.0,1
2019,19_TW15,Q4a,,,0
2019,19_TW15,Q4b,,,0
2019,19_TW3,Q1,227641.77,44.77,60
2019,19_TW3,Q2,313794.68,67.6,47
2019,19_TW3,Q3,448350.0,89.32,47
2019,19_TW3,Q4a,515595.24,120.19,21
2019,19_TW3,Q4b,587945.0,167.0,6
2019,19_TW4,Q1,243161.11,50.53,9
2019,19_TW4,Q2,304062.5,69.45,16
2019,19_TW4,Q3,409120.0,89.17,25
2019,19_TW4,Q4a,423321.67,112.75,12
2019,19_TW4,Q4b,590000.0,183.0,1
2019,19_TW5,Q1,254145.83,50.4,12
2019,19_TW5,Q2,350860.0,69.92,25
2019,19_TW5,Q3,455248.96,89.82,48
2019,19_TW5,Q4a,487026.59,117.71,32
2019,19_TW5,Q4b,651000.0,167.0,5
2019,19_TW7,Q1,302084.8,49.72,76
2019,19_TW7,Q2,401758.76,69.48,125
2019,19_TW7,Q3,531478.14,89.01,108
2019,19_TW7,Q4a,655355.2,123.24,54
2019,19_TW7,Q4b,1313204.76,218.59,21
2019,19_TW8,Q1,304935.27,47.98,55
2019,19_TW8,Q2,426235.23,69.77,66
2019,19_TW8,Q3,559745.52,89.4,67
2019,19_TW8,Q4a,691514.29,120.9,35
2019,19_TW8,Q4b,821666.67,180.22,9
2019,19_UB2,Q1,211000.0,38.04,3
2019,19_UB2,Q2,435000.0,73.0,4
2019,19_UB2,Q3,382800.0,88.5,10
2019,19_UB2,Q4a,508333.33,117.08,3
2019,19_UB2,Q4b,380000.0,154.0,1
2019,19_W3,Q1,377487.5,56.5,4
2019,19_W3,Q2,,,0
2019,19_W3,Q3,688333.33,93.28,6
2019,19_W3,Q4a,685300.0,121.0,5
2019,19_W3,Q4b,,,0
2019,19_W4,Q1,418757.5,48.55,80
2019,19_W4,Q2,537258.98,67.41,45
2019,19_W4,Q3,798201.3,89.82,54
2019,19_W4,Q4a,1113453.81,127.21,79
2019,19_W4,Q4b,1736341.83,200.91,63
2019,19_W5,Q1,216458.33,45.33,3
2019,19_W5,Q2,,,0
2019,19_W5,Q3,,,0
2019,19_W5,Q4a,813333.33,120.83,6
2019,19_W5,Q4b,,,0
2019,19_W6,Q1,,,0
2019,19_W6,Q2,390000.0,66.0,1
2019,19_W6,Q3,808550.0,95.5,2
2019,19_W6,Q4a,1575000.0,142.0,1
2019,19_W6,Q4b,1655000.0,171.0,2
2019,1_IG11,Q1,226555.05,49.48,92
2019,1_IG11,Q2,280247.71,67.22,83
2019,1_IG11,Q3,361805.3,88.55,116
2019,1_IG11,Q4a,435730.56,122.7,80
2019,1_IG11,Q4b,574583.33,167.58,12
2019,1_RM10,Q1,222084.78,50.4,54
2019,1_RM10,Q2,297805.6,69.54,116
2019,1_RM10,Q3,323873.35,87.63,104
2019,1_RM10,Q4a,392694.44,110.38,36
2019,1_RM10,Q4b,479666.67,176.0,3
2019,1_RM5,Q1,,,0
2019,1_RM5,Q2,,,0
2019,1_RM5,Q3,,,0
2019,1_RM5,Q4a,,,0
2019,1_RM5,Q4b,,,0
2019,1_RM6,Q1,206148.03,49.48,33
2019,1_RM6,Q2,320031.25,68.38,32
2019,1_RM6,Q3,366136.68,88.75,77
2019,1_RM6,Q4a,443665.57,122.9,35
2019,1_RM6,Q4b,,,0
2019,1_RM7,Q1,266333.33,54.51,6
2019,1_RM7,Q2,312187.5,69.58,16
2019,1_RM7,Q3,353590.91,88.52,33
2019,1_RM7,Q4a,424500.0,121.0,7
2019,1_RM7,Q4b,,,0
2019,1_RM8,Q1,203435.48,48.1,31
2019,1_RM8,Q2,295383.6,67.67,130
2019,1_RM8,Q3,330897.17,86.26,106
2019,1_RM8,Q4a,397392.86,110.83,42
2019,1_RM8,Q4b,,,0
2019,1_RM9,Q1,225643.94,51.49,33
2019,1_RM9,Q2,296850.76,69.03,132
2019,1_RM9,Q3,325436.05,86.45,86
2019,1_RM9,Q4a,381432.69,121.2,13
2019,1_RM9,Q4b,451250.0,195.75,4
2019,20_EC1A,Q1,,,0
2019,20_EC1A,Q2,605000.0,67.57,1
2019,20_EC1A,Q3,,,0
2019,20_EC1A,Q4a,,,0
2019,20_EC1A,Q4b,,,0
2019,20_EC1M,Q1,527785.71,42.15,7
2019,20_EC1M,Q2,496666.67,70.67,3
2019,20_EC1M,Q3,1001250.0,89.63,4
2019,20_EC1M,Q4a,1240000.0,119.0,1
2019,20_EC1M,Q4b,,,0
2019,20_EC1R,Q1,502500.0,45.68,4
2019,20_EC1R,Q2,712187.5,65.84,8
2019,20_EC1R,Q3,733500.0,88.5,2
2019,20_EC1R,Q4a,1217500.0,106.5,2
2019,20_EC1R,Q4b,3000000.0,227.0,1
2019,20_EC1V,Q1,437025.48,47.15,42
2019,20_EC1V,Q2,726075.0,69.42,33
2019,20_EC1V,Q3,902851.67,85.58,30
2019,20_EC1V,Q4a,1467857.14,128.27,7
2019,20_EC1V,Q4b,1793333.33,167.0,3
2019,20_EC1Y,Q1,548750.0,48.21,6
2019,20_EC1Y,Q2,735833.33,73.43,6
2019,20_EC1Y,Q3,912000.0,91.5,6
2019,20_EC1Y,Q4a,1087500.0,117.5,2
2019,20_EC1Y,Q4b,3437500.0,290.0,2
2019,20_EC2A,Q1,796666.67,50.67,3
2019,20_EC2A,Q2,,,0
2019,20_EC2A,Q3,1185000.0,98.0,1
2019,20_EC2A,Q4a,,,0
2019,20_EC2A,Q4b,,,0
2019,20_N1,Q1,474797.59,47.9,184
2019,20_N1,Q2,629618.3,67.63,141
2019,20_N1,Q3,909819.3,88.63,96
2019,20_N1,Q4a,1345165.64,122.56,74
2019,20_N1,Q4b,2154622.16,192.83,57
2019,20_N16,Q1,421337.5,54.42,4
2019,20_N16,Q2,558833.33,69.0,3
2019,20_N16,Q3,557500.0,86.0,1
2019,20_N16,Q4a,1037500.0,115.5,2
2019,20_N16,Q4b,,,0
2019,20_N19,Q1,392787.07,47.32,55
2019,20_N19,Q2,485784.29,68.81,35
2019,20_N19,Q3,569118.18,87.1,22
2019,20_N19,Q4a,918253.22,123.65,27
2019,20_N19,Q4b,1349900.0,182.45,15
2019,20_N4,Q1,409054.41,50.17,34
2019,20_N4,Q2,529423.08,70.0,13
2019,20_N4,Q3,730359.38,90.5,32
2019,20_N4,Q4a,964128.2,121.23,25
2019,20_N4,Q4b,1168333.33,174.17,6
2019,20_N5,Q1,461148.07,49.19,61
2019,20_N5,Q2,589686.81,67.91,69
2019,20_N5,Q3,718666.78,89.07,41
2019,20_N5,Q4a,1215288.71,122.58,35
2019,20_N5,Q4b,1800860.52,199.21,27
2019,20_N6,Q1,370500.0,48.0,2
2019,20_N6,Q2,407500.0,69.0,2
2019,20_N6,Q3,790000.0,93.0,2
2019,20_N6,Q4a,1700000.0,128.0,1
2019,20_N6,Q4b,,,0
2019,20_N7,Q1,407746.07,48.37,142
2019,20_N7,Q2,576614.14,69.92,162
2019,20_N7,Q3,619211.96,87.51,71
2019,20_N7,Q4a,891033.33,121.25,30
2019,20_N7,Q4b,1515424.94,190.99,18
2019,20_N8,Q1,,,0
2019,20_N8,Q2,525000.0,68.0,1
2019,20_N8,Q3,,,0
2019,20_N8,Q4a,,,0
2019,20_N8,Q4b,,,0
2019,20_NW5,Q1,,,0
2019,20_NW5,Q2,,,0
2019,20_NW5,Q3,,,0
2019,20_NW5,Q4a,,,0
2019,20_NW5,Q4b,,,0
2019,20_WC1X,Q1,493174.67,52.67,3
2019,20_WC1X,Q2,682499.67,66.67,3
2019,20_WC1X,Q3,735000.0,84.5,2
2019,20_WC1X,Q4a,1400000.0,109.61,1
2019,20_WC1X,Q4b,1375000.0,177.0,2
2019,21_SW10,Q1,538632.84,46.96,44
2019,21_SW10,Q2,844285.71,67.57,28
2019,21_SW10,Q3,1102946.43,90.99,28
2019,21_SW10,Q4a,1561630.43,125.99,23
2019,21_SW10,Q4b,3599548.15,219.32,27
2019,21_SW1W,Q1,,,0
2019,21_SW1W,Q2,880000.0,64.0,2
2019,21_SW1W,Q3,1098750.0,86.25,4
2019,21_SW1W,Q4a,,,0
2019,21_SW1W,Q4b,5845000.0,302.33,3
2019,21_SW1X,Q1,1312500.0,58.0,2
2019,21_SW1X,Q2,915625.0,70.67,6
2019,21_SW1X,Q3,1834777.78,89.98,9
2019,21_SW1X,Q4a,2902500.0,120.2,9
2019,21_SW1X,Q4b,3921875.12,185.96,8
2019,21_SW3,Q1,642344.36,41.51,55
2019,21_SW3,Q2,1055847.89,67.42,37
2019,21_SW3,Q3,1751492.1,90.65,31
2019,21_SW3,Q4a,2408504.57,126.58,35
2019,21_SW3,Q4b,4855809.4,220.83,55
2019,21_SW5,Q1,563100.0,45.49,33
2019,21_SW5,Q2,817692.31,68.35,13
2019,21_SW5,Q3,1295395.0,87.46,25
2019,21_SW5,Q4a,1519124.6,123.04,10
2019,21_SW5,Q4b,2852500.0,190.38,6
2019,21_SW7,Q1,729625.0,45.28,28
2019,21_SW7,Q2,958618.69,68.56,29
2019,21_SW7,Q3,1452785.0,90.41,25
2019,21_SW7,Q4a,1933920.0,126.42,25
2019,21_SW7,Q4b,3495363.84,215.7,25
2019,21_W10,Q1,397101.85,44.52,27
2019,21_W10,Q2,584941.18,68.82,17
2019,21_W10,Q3,747000.0,87.18,5
2019,21_W10,Q4a,1126545.45,122.12,11
2019,21_W10,Q4b,2279822.8,198.7,10
2019,21_W11,Q1,642051.32,44.29,53
2019,21_W11,Q2,889648.11,69.24,27
2019,21_W11,Q3,1218995.81,90.17,37
2019,21_W11,Q4a,2056499.96,123.91,25
2019,21_W11,Q4b,4676935.9,230.27,39
2019,21_W14,Q1,524125.0,38.4,4
2019,21_W14,Q2,814545.45,69.04,11
2019,21_W14,Q3,1180166.67,88.52,12
2019,21_W14,Q4a,1630200.0,123.73,15
2019,21_W14,Q4b,3015310.87,209.42,23
2019,21_W2,Q1,678100.0,41.95,5
2019,21_W2,Q2,928333.33,66.41,9
2019,21_W2,Q3,1000000.0,92.5,2
2019,21_W2,Q4a,2012820.0,116.88,4
2019,21_W2,Q4b,3200000.0,228.0,1
2019,21_W8,Q1,878519.23,48.81,26
2019,21_W8,Q2,1141122.92,67.17,24
2019,21_W8,Q3,1489558.56,88.13,43
2019,21_W8,Q4a,1982138.53,122.98,47
2019,21_W8,Q4b,5194641.65,246.22,68
2019,22_KT1,Q1,350125.0,49.17,42
2019,22_KT1,Q2,442445.08,70.06,61
2019,22_KT1,Q3,575822.22,87.65,45
2019,22_KT1,Q4a,745076.92,118.94,26
2019,22_KT1,Q4b,977600.0,187.97,10
2019,22_KT19,Q1,,,0
2019,22_KT19,Q2,278250.0,66.0,2
2019,22_KT19,Q3,,,0
2019,22_KT19,Q4a,,,0
2019,22_KT19,Q4b,513000.0,154.0,1
2019,22_KT2,Q1,362073.36,48.34,84
2019,22_KT2,Q2,522899.06,68.83,162
2019,22_KT2,Q3,670139.81,88.64,103
2019,22_KT2,Q4a,879910.89,125.92,72
2019,22_KT2,Q4b,1350920.24,202.27,51
2019,22_KT22,Q1,260000.0,57.0,1
2019,22_KT22,Q2,,,0
2019,22_KT22,Q3,,,0
2019,22_KT22,Q4a,,,0
2019,22_KT22,Q4b,,,0
2019,22_KT3,Q1,321054.35,47.59,69
2019,22_KT3,Q2,449426.32,70.18,38
2019,22_KT3,Q3,527995.67,88.24,104
2019,22_KT3,Q4a,671566.71,121.38,107
2019,22_KT3,Q4b,1156266.45,206.65,44
2019,22_KT4,Q1,276620.83,43.47,12
2019,22_KT4,Q2,397158.82,66.88,17
2019,22_KT4,Q3,557735.29,92.17,17
2019,22_KT4,Q4a,644473.68,116.71,19
2019,22_KT4,Q4b,846000.0,198.2,5
2019,22_KT5,Q1,314147.79,45.68,42
2019,22_KT5,Q2,403076.58,68.43,64
2019,22_KT5,Q3,563300.0,90.2,60
2019,22_KT5,Q4a,739521.95,125.59,41
2019,22_KT5,Q4b,924141.19,178.67,21
2019,22_KT6,Q1,313158.96,47.46,113
2019,22_KT6,Q2,417307.92,68.47,165
2019,22_KT6,Q3,525346.2,89.05,115
2019,22_KT6,Q4a,705676.2,118.8,71
2019,22_KT6,Q4b,1267214.29,214.62,21
2019,22_KT9,Q1,287593.24,50.53,37
2019,22_KT9,Q2,348843.33,68.47,90
2019,22_KT9,Q3,427844.0,88.37,100
2019,22_KT9,Q4a,522295.16,120.29,31
2019,22_KT9,Q4b,611666.67,168.33,3
2019,22_SW15,Q1,340000.0,51.5,3
2019,22_SW15,Q2,410000.0,71.0,1
2019,22_SW15,Q3,494333.33,84.0,3
2019,22_SW15,Q4a,657500.0,110.5,2
2019,22_SW15,Q4b,1086833.33,182.48,6
2019,22_SW20,Q1,,,0
2019,22_SW20,Q2,,,0
2019,22_SW20,Q3,,,0
2019,22_SW20,Q4a,705000.0,113.0,1
2019,22_SW20,Q4b,,,0
2019,22_TW10,Q1,,,0
2019,22_TW10,Q2,,,0
2019,22_TW10,Q3,610000.0,94.0,1
2019,22_TW10,Q4a,,,0
2019,22_TW10,Q4b,1573357.14,201.86,14
2019,23_SE1,Q1,662972.29,50.11,45
2019,23_SE1,Q2,807562.9,67.88,31
2019,23_SE1,Q3,1107868.85,86.96,27
2019,23_SE1,Q4a,2587077.22,125.01,27
2019,23_SE1,Q4b,3171875.0,198.25,8
2019,23_SE11,Q1,385968.75,47.66,32
2019,23_SE11,Q2,486808.88,65.65,40
2019,23_SE11,Q3,628405.64,85.34,22
2019,23_SE11,Q4a,938517.25,127.48,16
2019,23_SE11,Q4b,1594833.33,209.0,6
2019,23_SE19,Q1,335550.0,49.25,14
2019,23_SE19,Q2,377437.5,68.41,16
2019,23_SE19,Q3,472416.67,87.92,12
2019,23_SE19,Q4a,658932.0,122.03,10
2019,23_SE19,Q4b,926666.67,170.17,6
2019,23_SE21,Q1,322452.27,48.11,22
2019,23_SE21,Q2,484519.64,66.6,28
2019,23_SE21,Q3,606206.0,89.2,21
2019,23_SE21,Q4a,752989.47,115.27,17
2019,23_SE21,Q4b,1350305.56,190.91,18
2019,23_SE24,Q1,405454.55,47.84,22
2019,23_SE24,Q2,524533.0,69.33,24
2019,23_SE24,Q3,583078.12,89.89,16
2019,23_SE24,Q4a,1019889.13,129.96,23
2019,23_SE24,Q4b,1346513.2,183.5,20
2019,23_SE27,Q1,330047.0,48.25,37
2019,23_SE27,Q2,442650.0,68.02,57
2019,23_SE27,Q3,552686.55,88.44,56
2019,23_SE27,Q4a,713070.41,121.27,49
2019,23_SE27,Q4b,961900.0,186.0,20
2019,23_SE5,Q1,358900.0,46.98,15
2019,23_SE5,Q2,457275.0,68.06,20
2019,23_SE5,Q3,735300.0,96.72,10
2019,23_SE5,Q4a,794437.5,117.62,8
2019,23_SE5,Q4b,971500.0,169.37,5
2019,23_SW12,Q1,460850.0,47.8,10
2019,23_SW12,Q2,541595.83,67.87,42
2019,23_SW12,Q3,651205.17,86.0,29
2019,23_SW12,Q4a,971343.1,126.01,31
2019,23_SW12,Q4b,1170769.23,172.54,13
2019,23_SW16,Q1,330792.52,49.09,127
2019,23_SW16,Q2,412936.44,68.61,138
2019,23_SW16,Q3,487317.04,87.5,126
2019,23_SW16,Q4a,711010.0,125.63,63
2019,23_SW16,Q4b,1083148.62,200.62,39
2019,23_SW2,Q1,385887.01,48.9,172
2019,23_SW2,Q2,493681.04,67.65,162
2019,23_SW2,Q3,589807.68,89.3,104
2019,23_SW2,Q4a,853815.42,126.86,67
2019,23_SW2,Q4b,1143136.53,193.33,43
2019,23_SW4,Q1,416003.36,48.77,105
2019,23_SW4,Q2,534534.16,68.56,107
2019,23_SW4,Q3,677327.38,88.53,68
2019,23_SW4,Q4a,1010335.29,127.3,38
2019,23_SW4,Q4b,1433497.29,188.57,76
2019,23_SW8,Q1,496845.47,50.98,96
2019,23_SW8,Q2,593732.28,68.2,74
2019,23_SW8,Q3,821756.41,87.31,124
2019,23_SW8,Q4a,1178584.62,120.08,39
2019,23_SW8,Q4b,1683289.47,185.37,19
2019,23_SW9,Q1,390995.76,48.39,108
2019,23_SW9,Q2,484305.1,69.23,98
2019,23_SW9,Q3,570192.05,89.34,44
2019,23_SW9,Q4a,818788.46,120.96,26
2019,23_SW9,Q4b,1041812.5,185.08,8
2019,24_BR1,Q1,270025.0,52.47,20
2019,24_BR1,Q2,320623.53,68.45,85
2019,24_BR1,Q3,358583.33,86.77,48
2019,24_BR1,Q4a,429384.62,118.44,13
2019,24_BR1,Q4b,646666.67,168.67,3
2019,24_BR3,Q1,,,0
2019,24_BR3,Q2,250000.0,70.0,1
2019,24_BR3,Q3,,,0
2019,24_BR3,Q4a,,,0
2019,24_BR3,Q4b,,,0
2019,24_SE10,Q1,361625.0,52.25,4
2019,24_SE10,Q2,356214.29,66.01,7
2019,24_SE10,Q3,448500.0,84.75,4
2019,24_SE10,Q4a,700000.0,121.0,1
2019,24_SE10,Q4b,,,0
2019,24_SE12,Q1,251061.59,49.34,44
2019,24_SE12,Q2,339757.27,69.3,55
2019,24_SE12,Q3,465203.21,89.4,92
2019,24_SE12,Q4a,648573.72,121.92,39
2019,24_SE12,Q4b,1022500.0,192.4,10
2019,24_SE13,Q1,311939.12,48.07,129
2019,24_SE13,Q2,411137.59,67.94,109
2019,24_SE13,Q3,554444.71,89.1,124
2019,24_SE13,Q4a,674447.61,119.71,87
2019,24_SE13,Q4b,1080732.11,188.22,28
2019,24_SE14,Q1,343466.76,49.03,122
2019,24_SE14,Q2,456273.55,68.93,87
2019,24_SE14,Q3,525239.88,86.92,51
2019,24_SE14,Q4a,789229.17,122.62,24
2019,24_SE14,Q4b,1030500.0,185.63,7
2019,24_SE15,Q1,,,0
2019,24_SE15,Q2,360000.0,75.0,1
2019,24_SE15,Q3,,,0
2019,24_SE15,Q4a,,,0
2019,24_SE15,Q4b,,,0
2019,24_SE16,Q1,275225.0,51.0,6
2019,24_SE16,Q2,377679.8,67.7,10
2019,24_SE16,Q3,568500.0,84.75,4
2019,24_SE16,Q4a,520000.0,109.0,1
2019,24_SE16,Q4b,,,0
2019,24_SE23,Q1,324570.93,49.45,107
2019,24_SE23,Q2,413189.57,68.61,101
2019,24_SE23,Q3,557837.94,90.59,102
2019,24_SE23,Q4a,728643.35,123.7,83
2019,24_SE23,Q4b,991637.1,183.41,31
2019,24_SE26,Q1,279724.17,48.79,60
2019,24_SE26,Q2,373714.38,68.5,60
2019,24_SE26,Q3,481816.14,88.06,74
2019,24_SE26,Q4a,669351.25,122.09,40
2019,24_SE26,Q4b,999388.83,202.61,18
2019,24_SE3,Q1,361166.67,49.45,6
2019,24_SE3,Q2,458222.53,68.07,15
2019,24_SE3,Q3,710375.0,90.82,16
2019,24_SE3,Q4a,854166.67,115.37,6
2019,24_SE3,Q4b,2280000.0,265.33,4
2019,24_SE4,Q1,366631.94,50.49,54
2019,24_SE4,Q2,450521.34,67.77,73
2019,24_SE4,Q3,553309.24,87.92,66
2019,24_SE4,Q4a,705668.51,121.66,63
2019,24_SE4,Q4b,1029230.77,179.39,13
2019,24_SE6,Q1,259342.33,47.71,86
2019,24_SE6,Q2,366186.99,68.03,78
2019,24_SE6,Q3,472381.17,90.09,144
2019,24_SE6,Q4a,558745.21,121.89,97
2019,24_SE6,Q4b,731440.0,177.99,20
2019,24_SE8,Q1,350259.97,48.06,99
2019,24_SE8,Q2,463872.35,71.35,49
2019,24_SE8,Q3,546117.95,91.06,39
2019,24_SE8,Q4a,624600.0,119.06,15
2019,24_SE8,Q4b,1250000.0,203.0,1
2019,24_SE9,Q1,200000.0,47.9,2
2019,24_SE9,Q2,282900.0,70.0,5
2019,24_SE9,Q3,323812.29,84.71,7
2019,24_SE9,Q4a,386200.0,112.52,5
2019,24_SE9,Q4b,,,0
2019,25_CR4,Q1,267994.44,47.33,99
2019,25_CR4,Q2,317471.52,68.71,79
2019,25_CR4,Q3,414077.89,89.16,147
2019,25_CR4,Q4a,492174.37,116.34,63
2019,25_CR4,Q4b,,,0
2019,25_CR7,Q1,,,0
2019,25_CR7,Q2,400000.0,74.0,1
2019,25_CR7,Q3,375000.0,84.0,4
2019,25_CR7,Q4a,,,0
2019,25_CR7,Q4b,,,0
2019,25_KT3,Q1,291640.74,39.55,27
2019,25_KT3,Q2,455303.85,72.38,13
2019,25_KT3,Q3,544947.37,88.1,19
2019,25_KT3,Q4a,631136.36,125.0,11
2019,25_KT3,Q4b,910000.0,189.0,1
2019,25_SM3,Q1,,,0
2019,25_SM3,Q2,385500.0,69.0,1
2019,25_SM3,Q3,350000.0,79.0,1
2019,25_SM3,Q4a,,,0
2019,25_SM3,Q4b,,,0
2019,25_SM4,Q1,275459.18,49.36,49
2019,25_SM4,Q2,374686.17,68.43,111
2019,25_SM4,Q3,452641.95,88.98,118
2019,25_SM4,Q4a,538395.67,120.48,58
2019,25_SM4,Q4b,807000.0,180.88,4
2019,25_SW16,Q1,271888.89,45.44,9
2019,25_SW16,Q2,384055.56,68.06,9
2019,25_SW16,Q3,423545.42,87.23,33
2019,25_SW16,Q4a,522000.0,118.0,5
2019,25_SW16,Q4b,,,0
2019,25_SW17,Q1,310140.38,42.43,16
2019,25_SW17,Q2,454090.91,68.27,11
2019,25_SW17,Q3,566333.33,85.85,12
2019,25_SW17,Q4a,676250.0,123.75,8
2019,25_SW17,Q4b,790000.0,169.0,1
2019,25_SW18,Q1,357250.0,49.75,4
2019,25_SW18,Q2,,,0
2019,25_SW18,Q3,853750.0,97.0,2
2019,25_SW18,Q4a,1139166.67,114.62,3
2019,25_SW18,Q4b,,,0
2019,25_SW19,Q1,383460.13,49.24,171
2019,25_SW19,Q2,490507.66,67.94,160
2019,25_SW19,Q3,707749.76,89.48,157
2019,25_SW19,Q4a,920678.51,122.6,182
2019,25_SW19,Q4b,1859028.77,214.73,110
2019,25_SW20,Q1,318863.4,45.71,70
2019,25_SW20,Q2,476706.84,67.58,64
2019,25_SW20,Q3,616111.17,90.55,94
2019,25_SW20,Q4a,847594.02,125.38,98
2019,25_SW20,Q4b,1515796.67,207.28,48
2019,26_E12,Q1,256003.6,48.26,15
2019,26_E12,Q2,296450.0,67.02,20
2019,26_E12,Q3,381355.79,94.32,38
2019,26_E12,Q4a,455210.08,123.38,26
2019,26_E12,Q4b,,,0
2019,26_E13,Q1,309642.05,52.46,83
2019,26_E13,Q2,350231.98,70.02,81
2019,26_E13,Q3,409400.25,86.42,99
2019,26_E13,Q4a,473560.91,115.28,45
2019,26_E13,Q4b,490000.0,151.0,1
2019,26_E15,Q1,368158.43,51.64,210
2019,26_E15,Q2,408245.96,68.46,106
2019,26_E15,Q3,539399.58,93.62,168
2019,26_E15,Q4a,628791.53,116.13,62
2019,26_E15,Q4b,754000.0,183.4,5
2019,26_E16,Q1,343696.69,49.1,162
2019,26_E16,Q2,411122.42,69.27,125
2019,26_E16,Q3,505545.88,86.36,113
2019,26_E16,Q4a,698872.5,118.62,50
2019,26_E16,Q4b,960823.64,187.09,11
2019,26_E20,Q1,460178.57,46.74,14
2019,26_E20,Q2,621635.42,68.51,24
2019,26_E20,Q3,609683.71,94.91,49
2019,26_E20,Q4a,803991.07,131.12,56
2019,26_E20,Q4b,1005000.0,189.5,2
2019,26_E3,Q1,,,0
2019,26_E3,Q2,,,0
2019,26_E3,Q3,,,0
2019,26_E3,Q4a,,,0
2019,26_E3,Q4b,,,0
2019,26_E6,Q1,247051.9,47.9,50
2019,26_E6,Q2,338611.11,70.38,54
2019,26_E6,Q3,373521.7,87.82,111
2019,26_E6,Q4a,414435.29,117.6,34
2019,26_E6,Q4b,585000.0,164.0,1
2019,26_E7,Q1,255481.04,48.36,25
2019,26_E7,Q2,374544.44,67.37,27
2019,26_E7,Q3,471689.05,92.03,41
2019,26_E7,Q4a,605287.3,121.74,50
2019,26_E7,Q4b,816708.33,179.25,12
2019,27_E11,Q1,280906.25,45.5,48
2019,27_E11,Q2,392536.05,67.92,43
2019,27_E11,Q3,653119.63,87.25,38
2019,27_E11,Q4a,856082.31,125.23,48
2019,27_E11,Q4b,1060582.0,178.92,25
2019,27_E12,Q1,360000.0,57.92,1
2019,27_E12,Q2,331500.0,63.39,2
2019,27_E12,Q3,830000.0,86.97,1
2019,27_E12,Q4a,795681.82,126.09,11
2019,27_E12,Q4b,866666.67,166.67,3
2019,27_E18,Q1,299362.67,48.85,43
2019,27_E18,Q2,364800.62,68.24,40
2019,27_E18,Q3,554702.02,91.36,47
2019,27_E18,Q4a,683741.67,121.84,42
2019,27_E18,Q4b,900900.0,171.15,28
2019,27_IG1,Q1,217107.36,45.64,95
2019,27_IG1,Q2,287588.5,67.98,50
2019,27_IG1,Q3,381964.53,90.29,72
2019,27_IG1,Q4a,503790.58,122.97,69
2019,27_IG1,Q4b,754062.5,192.13,16
2019,27_IG11,Q1,155500.0,48.15,6
2019,27_IG11,Q2,250000.0,68.0,1
2019,27_IG11,Q3,,,0
2019,27_IG11,Q4a,,,0
2019,27_IG11,Q4b,,,0
2019,27_IG2,Q1,246378.35,49.31,37
2019,27_IG2,Q2,342772.73,68.27,22
2019,27_IG2,Q3,447224.14,91.52,58
2019,27_IG2,Q4a,511047.05,121.54,58
2019,27_IG2,Q4b,645388.89,183.78,9
2019,27_IG3,Q1,224777.78,47.44,27
2019,27_IG3,Q2,318946.89,67.94,18
2019,27_IG3,Q3,420367.92,90.54,53
2019,27_IG3,Q4a,489339.47,118.99,38
2019,27_IG3,Q4b,591444.17,171.94,18
2019,27_IG4,Q1,193576.92,48.45,13
2019,27_IG4,Q2,321875.0,66.9,8
2019,27_IG4,Q3,472708.33,93.36,12
2019,27_IG4,Q4a,571785.71,122.29,28
2019,27_IG4,Q4b,709285.71,178.57,7
2019,27_IG5,Q1,247415.19,49.5,16
2019,27_IG5,Q2,363825.0,68.55,20
2019,27_IG5,Q3,468233.33,90.23,33
2019,27_IG5,Q4a,539642.86,125.15,49
2019,27_IG5,Q4b,684375.0,192.43,8
2019,27_IG6,Q1,253642.42,50.22,33
2019,27_IG6,Q2,368619.44,69.62,54
2019,27_IG6,Q3,434048.72,89.54,98
2019,27_IG6,Q4a,524849.92,122.92,60
2019,27_IG6,Q4b,677681.82,170.0,11
2019,27_IG7,Q1,284787.23,51.34,47
2019,27_IG7,Q2,324862.0,69.97,25
2019,27_IG7,Q3,386393.75,88.99,40
2019,27_IG7,Q4a,531294.12,121.08,17
2019,27_IG7,Q4b,712666.67,169.89,18
2019,27_IG8,Q1,282425.0,49.43,36
2019,27_IG8,Q2,366917.38,69.51,58
2019,27_IG8,Q3,484039.43,89.29,127
2019,27_IG8,Q4a,670759.24,125.49,84
2019,27_IG8,Q4b,1045155.43,189.64,46
2019,27_IG9,Q1,,,0
2019,27_IG9,Q2,379166.67,69.17,6
2019,27_IG9,Q3,456625.0,87.5,4
2019,27_IG9,Q4a,626666.67,120.37,9
2019,27_IG9,Q4b,845000.0,186.62,2
2019,27_RM6,Q1,184431.03,45.71,29
2019,27_RM6,Q2,310596.33,67.25,27
2019,27_RM6,Q3,411278.57,89.95,56
2019,27_RM6,Q4a,404177.78,118.67,18
2019,27_RM6,Q4b,421500.0,179.0,2
2019,27_RM8,Q1,269333.33,49.73,6
2019,27_RM8,Q2,366250.0,66.94,4
2019,27_RM8,Q3,370000.0,92.0,1
2019,27_RM8,Q4a,,,0
2019,27_RM8,Q4b,,,0
2019,28_KT1,Q1,317495.0,45.95,15
2019,28_KT1,Q2,425500.0,67.17,6
2019,28_KT1,Q3,632500.0,90.67,6
2019,28_KT1,Q4a,928325.0,124.37,6
2019,28_KT1,Q4b,1533750.0,252.75,4
2019,28_KT2,Q1,,,0
2019,28_KT2,Q2,591000.0,74.0,1
2019,28_KT2,Q3,,,0
2019,28_KT2,Q4a,,,0
2019,28_KT2,Q4b,,,0
2019,28_KT8,Q1,,,0
2019,28_KT8,Q2,552775.0,66.94,2
2019,28_KT8,Q3,545000.0,82.0,1
2019,28_KT8,Q4a,,,0
2019,28_KT8,Q4b,,,0
2019,28_SW13,Q1,428007.14,49.53,14
2019,28_SW13,Q2,654130.43,67.96,23
2019,28_SW13,Q3,881447.1,89.52,31
2019,28_SW13,Q4a,1178504.53,123.92,55
2019,28_SW13,Q4b,2152850.46,211.05,46
2019,28_SW14,Q1,385250.0,48.2,34
2019,28_SW14,Q2,574758.58,68.51,53
2019,28_SW14,Q3,822833.33,91.56,33
2019,28_SW14,Q4a,1051066.39,122.73,61
2019,28_SW14,Q4b,1577872.34,195.56,47
2019,28_SW15,Q1,303333.33,40.33,3
2019,28_SW15,Q2,452500.0,62.0,2
2019,28_SW15,Q3,465000.0,86.0,1
2019,28_SW15,Q4a,802500.0,127.5,2
2019,28_SW15,Q4b,,,0
2019,28_TW1,Q1,379017.59,47.95,54
2019,28_TW1,Q2,523794.87,67.3,78
2019,28_TW1,Q3,732242.5,91.51,54
2019,28_TW1,Q4a,1069322.92,127.4,88
2019,28_TW1,Q4b,1610095.39,194.9,56
2019,28_TW10,Q1,490205.36,46.88,28
2019,28_TW10,Q2,609627.45,68.61,51
2019,28_TW10,Q3,721740.38,87.91,52
2019,28_TW10,Q4a,1105597.83,121.25,46
2019,28_TW10,Q4b,2161537.48,209.48,60
2019,28_TW11,Q1,348352.41,47.35,95
2019,28_TW11,Q2,480450.65,68.62,66
2019,28_TW11,Q3,618201.14,88.1,78
2019,28_TW11,Q4a,936206.71,122.3,86
2019,28_TW11,Q4b,1379576.04,189.71,48
2019,28_TW12,Q1,298558.47,47.37,59
2019,28_TW12,Q2,423641.06,68.38,84
2019,28_TW12,Q3,574916.85,90.17,62
2019,28_TW12,Q4a,777098.64,124.04,59
2019,28_TW12,Q4b,1115357.14,188.87,35
2019,28_TW13,Q1,280000.0,38.0,1
2019,28_TW13,Q2,343500.0,68.5,2
2019,28_TW13,Q3,450000.0,83.0,1
2019,28_TW13,Q4a,,,0
2019,28_TW13,Q4b,,,0
2019,28_TW2,Q1,348207.07,49.77,59
2019,28_TW2,Q2,476834.84,68.71,94
2019,28_TW2,Q3,567877.88,90.02,113
2019,28_TW2,Q4a,691946.95,120.7,82
2019,28_TW2,Q4b,993563.52,168.57,21
2019,28_TW3,Q1,391000.0,52.64,2
2019,28_TW3,Q2,365000.0,67.5,2
2019,28_TW3,Q3,504375.0,87.68,8
2019,28_TW3,Q4a,580000.0,122.0,1
2019,28_TW3,Q4b,740750.0,196.0,2
2019,28_TW4,Q1,253368.75,48.38,8
2019,28_TW4,Q2,229166.67,69.33,3
2019,28_TW4,Q3,402312.5,85.56,8
2019,28_TW4,Q4a,482500.0,108.5,2
2019,28_TW4,Q4b,,,0
2019,28_TW7,Q1,420000.0,54.76,1
2019,28_TW7,Q2,,,0
2019,28_TW7,Q3,582500.0,81.0,2
2019,28_TW7,Q4a,,,0
2019,28_TW7,Q4b,635000.0,152.0,1
2019,28_TW9,Q1,418385.71,50.04,56
2019,28_TW9,Q2,564279.23,67.98,65
2019,28_TW9,Q3,767401.48,89.2,64
2019,28_TW9,Q4a,1020001.73,122.27,51
2019,28_TW9,Q4b,1627866.93,205.09,44
2019,29_SE1,Q1,454397.91,48.65,204
2019,29_SE1,Q2,594886.62,67.72,120
2019,29_SE1,Q3,829831.4,89.03,121
2019,29_SE1,Q4a,1773864.88,121.64,84
2019,29_SE1,Q4b,3885378.24,184.67,46
2019,29_SE11,Q1,500000.0,48.66,4
2019,29_SE11,Q2,562666.67,65.33,3
2019,29_SE11,Q3,725000.0,83.5,2
2019,29_SE11,Q4a,1300000.0,140.71,1
2019,29_SE11,Q4b,,,0
2019,29_SE14,Q1,199999.0,36.0,1
2019,29_SE14,Q2,323000.0,70.5,2
2019,29_SE14,Q3,,,0
2019,29_SE14,Q4a,,,0
2019,29_SE14,Q4b,,,0
2019,29_SE15,Q1,378174.85,49.8,143
2019,29_SE15,Q2,463490.52,67.6,147
2019,29_SE15,Q3,650362.02,92.56,90
2019,29_SE15,Q4a,841854.6,120.68,86
2019,29_SE15,Q4b,1159928.57,176.74,21
2019,29_SE16,Q1,342379.45,45.17,180
2019,29_SE16,Q2,494379.66,69.38,148
2019,29_SE16,Q3,610663.07,89.47,72
2019,29_SE16,Q4a,779506.46,120.33,24
2019,29_SE16,Q4b,815666.67,170.67,3
2019,29_SE17,Q1,468871.9,49.95,198
2019,29_SE17,Q2,574669.8,71.18,138
2019,29_SE17,Q3,739015.31,83.39,122
2019,29_SE17,Q4a,1015459.82,114.76,28
2019,29_SE17,Q4b,2200000.0,244.0,2
2019,29_SE19,Q1,315000.0,50.0,7
2019,29_SE19,Q2,377457.92,69.06,13
2019,29_SE19,Q3,482374.94,81.86,16
2019,29_SE19,Q4a,809000.0,131.03,4
2019,29_SE19,Q4b,1512166.67,215.67,6
2019,29_SE21,Q1,263000.0,48.0,2
2019,29_SE21,Q2,537499.17,67.26,6
2019,29_SE21,Q3,624016.67,89.24,15
2019,29_SE21,Q4a,1041550.0,127.37,23
2019,29_SE21,Q4b,2020606.68,217.62,25
2019,29_SE22,Q1,401566.25,48.96,80
2019,29_SE22,Q2,511276.35,67.93,80
2019,29_SE22,Q3,668732.63,89.32,70
2019,29_SE22,Q4a,983053.77,126.98,73
2019,29_SE22,Q4b,1238380.41,177.93,46
2019,29_SE23,Q1,342625.0,54.19,4
2019,29_SE23,Q2,356225.0,66.17,10
2019,29_SE23,Q3,495800.0,86.08,5
2019,29_SE23,Q4a,,,0
2019,29_SE23,Q4b,1525000.0,179.3,2
2019,29_SE24,Q1,368950.0,48.56,10
2019,29_SE24,Q2,544571.43,68.24,7
2019,29_SE24,Q3,664993.75,86.04,8
2019,29_SE24,Q4a,1149428.57,130.14,14
2019,29_SE24,Q4b,1624689.27,198.81,30
2019,29_SE26,Q1,290500.0,53.91,4
2019,29_SE26,Q2,381000.0,74.5,2
2019,29_SE26,Q3,365000.0,88.0,2
2019,29_SE26,Q4a,893666.67,122.92,3
2019,29_SE26,Q4b,,,0
2019,29_SE4,Q1,,,0
2019,29_SE4,Q2,,,0
2019,29_SE4,Q3,630000.0,99.0,1
2019,29_SE4,Q4a,,,0
2019,29_SE4,Q4b,,,0
2019,29_SE5,Q1,370311.51,49.71,132
2019,29_SE5,Q2,444585.77,69.27,123
2019,29_SE5,Q3,585419.2,88.41,81
2019,29_SE5,Q4a,758454.32,120.4,44
2019,29_SE5,Q4b,1364375.0,197.2,24
2019,29_SE8,Q1,370066.67,53.0,3
2019,29_SE8,Q2,368333.33,62.67,3
2019,29_SE8,Q3,,,0
2019,29_SE8,Q4a,,,0
2019,29_SE8,Q4b,,,0
2019,2_EN4,Q1,306640.62,50.44,32
2019,2_EN4,Q2,399966.67,69.6,30
2019,2_EN4,Q3,540895.0,88.17,50
2019,2_EN4,Q4a,655543.59,123.76,39
2019,2_EN4,Q4b,875700.0,192.8,15
2019,2_EN5,Q1,304344.37,49.13,71
2019,2_EN5,Q2,388410.02,68.63,83
2019,2_EN5,Q3,534934.78,90.54,108
2019,2_EN5,Q4a,695291.6,124.04,72
2019,2_EN5,Q4b,1043999.98,200.15,58
2019,2_HA7,Q1,,,0
2019,2_HA7,Q2,,,0
2019,2_HA7,Q3,,,0
2019,2_HA7,Q4a,,,0
2019,2_HA7,Q4b,1121666.67,183.0,3
2019,2_HA8,Q1,258096.97,46.69,33
2019,2_HA8,Q2,362992.19,67.81,64
2019,2_HA8,Q3,484391.27,88.72,71
2019,2_HA8,Q4a,642393.06,125.06,35
2019,2_HA8,Q4b,852240.0,192.03,25
2019,2_N10,Q1,275075.0,42.92,20
2019,2_N10,Q2,436581.82,69.15,11
2019,2_N10,Q3,606142.86,88.43,7
2019,2_N10,Q4a,835800.0,122.96,10
2019,2_N10,Q4b,,,0
2019,2_N11,Q1,288041.67,46.21,24
2019,2_N11,Q2,420611.11,70.05,27
2019,2_N11,Q3,503342.11,88.29,19
2019,2_N11,Q4a,601625.0,123.42,20
2019,2_N11,Q4b,761250.0,165.0,4
2019,2_N12,Q1,291966.28,49.02,46
2019,2_N12,Q2,419432.43,69.46,53
2019,2_N12,Q3,564372.64,90.12,53
2019,2_N12,Q4a,758100.0,123.01,69
2019,2_N12,Q4b,936739.13,173.46,23
2019,2_N14,Q1,317500.0,49.23,1
2019,2_N14,Q2,,,0
2019,2_N14,Q3,608909.09,87.62,11
2019,2_N14,Q4a,664661.11,119.02,18
2019,2_N14,Q4b,883250.0,177.17,6
2019,2_N2,Q1,316207.32,46.52,41
2019,2_N2,Q2,454162.16,66.92,37
2019,2_N2,Q3,662208.54,90.8,35
2019,2_N2,Q4a,939229.22,123.03,46
2019,2_N2,Q4b,1773907.89,198.87,38
2019,2_N20,Q1,324161.76,51.61,34
2019,2_N20,Q2,476387.25,72.67,51
2019,2_N20,Q3,628637.93,90.93,29
2019,2_N20,Q4a,715791.28,117.83,96
2019,2_N20,Q4b,1331936.56,198.48,41
2019,2_N3,Q1,376892.11,51.65,38
2019,2_N3,Q2,423442.11,68.03,38
2019,2_N3,Q3,584697.21,90.97,43
2019,2_N3,Q4a,798832.38,122.63,50
2019,2_N3,Q4b,1258078.95,191.49,38
2019,2_NW11,Q1,348968.75,46.92,16
2019,2_NW11,Q2,514018.92,69.27,37
2019,2_NW11,Q3,689488.61,88.95,44
2019,2_NW11,Q4a,995360.0,125.34,50
2019,2_NW11,Q4b,1588165.48,208.1,63
2019,2_NW2,Q1,363375.0,47.03,26
2019,2_NW2,Q2,475765.38,67.89,65
2019,2_NW2,Q3,576395.83,87.64,36
2019,2_NW2,Q4a,785427.27,126.09,22
2019,2_NW2,Q4b,1531500.0,203.23,8
2019,2_NW3,Q1,,,0
2019,2_NW3,Q2,,,0
2019,2_NW3,Q3,,,0
2019,2_NW3,Q4a,685000.0,116.0,1
2019,2_NW3,Q4b,4175000.0,235.0,2
2019,2_NW4,Q1,291978.23,48.19,31
2019,2_NW4,Q2,388686.3,68.5,37
2019,2_NW4,Q3,504282.62,90.61,45
2019,2_NW4,Q4a,746965.22,121.83,49
2019,2_NW4,Q4b,1186128.57,200.26,35
2019,2_NW7,Q1,371466.0,52.69,50
2019,2_NW7,Q2,423636.87,67.46,70
2019,2_NW7,Q3,572154.38,88.47,81
2019,2_NW7,Q4a,678730.98,122.73,55
2019,2_NW7,Q4b,1145842.91,205.32,74
2019,2_NW9,Q1,351009.44,49.06,219
2019,2_NW9,Q2,458077.28,70.85,181
2019,2_NW9,Q3,537350.33,89.3,178
2019,2_NW9,Q4a,618377.73,119.14,101
2019,2_NW9,Q4b,1240000.0,196.5,2
2019,2_WD6,Q1,,,0
2019,2_WD6,Q2,,,0
2019,2_WD6,Q3,,,0
2019,2_WD6,Q4a,,,0
2019,2_WD6,Q4b,,,0
2019,30_CR0,Q1,246533.33,46.89,9
2019,30_CR0,Q2,325866.67,69.69,15
2019,30_CR0,Q3,402750.0,87.8,12
2019,30_CR0,Q4a,462062.5,118.91,8
2019,30_CR0,Q4b,550000.0,157.0,1
2019,30_CR4,Q1,219833.33,47.83,15
2019,30_CR4,Q2,340900.0,67.54,10
2019,30_CR4,Q3,383000.0,84.5,4
2019,30_CR4,Q4a,,,0
2019,30_CR4,Q4b,,,0
2019,30_CR5,Q1,,,0
2019,30_CR5,Q2,240900.0,65.3,5
2019,30_CR5,Q3,434350.0,93.8,10
2019,30_CR5,Q4a,501500.0,114.17,6
2019,30_CR5,Q4b,649950.0,165.0,2
2019,30_CR8,Q1,265000.0,47.0,1
2019,30_CR8,Q2,,,0
2019,30_CR8,Q3,680000.0,97.0,1
2019,30_CR8,Q4a,,,0
2019,30_CR8,Q4b,777777.78,210.11,9
2019,30_KT17,Q1,,,0
2019,30_KT17,Q2,,,0
2019,30_KT17,Q3,545000.0,94.0,1
2019,30_KT17,Q4a,590000.0,104.0,1
2019,30_KT17,Q4b,830000.0,191.0,1
2019,30_KT4,Q1,299435.23,49.68,44
2019,30_KT4,Q2,377602.63,67.94,57
2019,30_KT4,Q3,480909.48,89.1,58
2019,30_KT4,Q4a,591429.41,119.3,51
2019,30_KT4,Q4b,738329.17,172.39,12
2019,30_SM1,Q1,250931.03,48.88,136
2019,30_SM1,Q2,339646.92,68.46,138
2019,30_SM1,Q3,434795.24,89.18,126
2019,30_SM1,Q4a,528253.47,118.5,72
2019,30_SM1,Q4b,713533.33,174.18,15
2019,30_SM2,Q1,231861.59,47.97,88
2019,30_SM2,Q2,317058.64,67.55,92
2019,30_SM2,Q3,412970.0,88.45,60
2019,30_SM2,Q4a,645120.46,127.78,65
2019,30_SM2,Q4b,1011442.45,209.81,53
2019,30_SM3,Q1,251709.3,46.17,43
2019,30_SM3,Q2,363417.17,70.4,64
2019,30_SM3,Q3,456583.04,89.07,116
2019,30_SM3,Q4a,583680.83,120.85,53
2019,30_SM3,Q4b,677778.57,181.0,7
2019,30_SM4,Q1,208750.0,43.0,2
2019,30_SM4,Q2,356975.0,69.72,8
2019,30_SM4,Q3,359937.5,82.2,8
2019,30_SM4,Q4a,,,0
2019,30_SM4,Q4b,,,0
2019,30_SM5,Q1,273743.16,50.44,102
2019,30_SM5,Q2,346662.32,68.75,161
2019,30_SM5,Q3,428390.08,87.57,101
2019,30_SM5,Q4a,562553.62,123.21,69
2019,30_SM5,Q4b,760392.86,194.24,28
2019,30_SM6,Q1,234104.44,47.27,108
2019,30_SM6,Q2,332167.67,69.01,116
2019,30_SM6,Q3,413844.34,90.41,106
2019,30_SM6,Q4a,562382.47,121.68,156
2019,30_SM6,Q4b,780532.86,187.06,35
2019,30_SM7,Q1,,,0
2019,30_SM7,Q2,600000.0,68.0,1
2019,30_SM7,Q3,,,0
2019,30_SM7,Q4a,800000.0,139.0,1
2019,30_SM7,Q4b,1197000.0,283.0,5
2019,31_E1,Q1,567396.46,49.2,291
2019,31_E1,Q2,595388.98,68.19,168
2019,31_E1,Q3,954865.35,87.19,150
2019,31_E1,Q4a,1218967.03,119.66,33
2019,31_E1,Q4b,1386625.0,185.75,4
2019,31_E14,Q1,411069.5,47.74,570
2019,31_E14,Q2,527410.99,71.25,384
2019,31_E14,Q3,612341.56,87.73,244
2019,31_E14,Q4a,787690.74,117.32,72
2019,31_E14,Q4b,1475312.5,202.27,16
2019,31_E1W,Q1,453951.08,46.17,77
2019,31_E1W,Q2,520804.41,67.54,51
2019,31_E1W,Q3,847266.21,86.14,47
2019,31_E1W,Q4a,891088.24,119.41,17
2019,31_E1W,Q4b,1303750.0,190.18,8
2019,31_E2,Q1,398551.31,48.14,80
2019,31_E2,Q2,475226.86,67.94,73
2019,31_E2,Q3,608130.74,87.99,38
2019,31_E2,Q4a,937474.88,113.01,8
2019,31_E2,Q4b,650000.0,154.0,1
2019,31_E3,Q1,369716.97,48.92,271
2019,31_E3,Q2,467967.9,69.8,196
2019,31_E3,Q3,573549.71,87.92,151
2019,31_E3,Q4a,733132.04,111.65,51
2019,31_E3,Q4b,1279000.0,174.0,5
2019,31_E9,Q1,459872.55,52.09,51
2019,31_E9,Q2,564376.6,68.27,30
2019,31_E9,Q3,619093.25,82.0,24
2019,31_E9,Q4a,1100000.0,124.0,1
2019,31_E9,Q4b,,,0
2019,32_E10,Q1,342354.59,49.34,93
2019,32_E10,Q2,399588.9,66.5,72
2019,32_E10,Q3,486997.54,88.21,65
2019,32_E10,Q4a,600929.79,121.97,47
2019,32_E10,Q4b,743250.0,173.33,6
2019,32_E11,Q1,312903.14,47.39,69
2019,32_E11,Q2,444455.32,68.24,47
2019,32_E11,Q3,536692.2,90.42,87
2019,32_E11,Q4a,693905.0,122.93,44
2019,32_E11,Q4b,826875.0,204.38,8
2019,32_E15,Q1,347008.0,55.16,2
2019,32_E15,Q2,375000.0,65.14,3
2019,32_E15,Q3,492714.5,88.0,10
2019,32_E15,Q4a,565700.0,117.4,5
2019,32_E15,Q4b,431000.0,151.0,1
2019,32_E17,Q1,353789.81,47.69,333
2019,32_E17,Q2,446994.47,70.08,361
2019,32_E17,Q3,538493.91,88.63,355
2019,32_E17,Q4a,642394.53,120.07,150
2019,32_E17,Q4b,825305.56,165.94,18
2019,32_E4,Q1,269382.91,49.92,110
2019,32_E4,Q2,351561.0,67.92,143
2019,32_E4,Q3,458513.44,90.29,236
2019,32_E4,Q4a,570706.45,122.34,154
2019,32_E4,Q4b,794914.14,172.94,35
2019,32_E5,Q1,269000.0,53.5,2
2019,32_E5,Q2,544666.67,74.0,3
2019,32_E5,Q3,425000.0,79.0,1
2019,32_E5,Q4a,,,0
2019,32_E5,Q4b,,,0
2019,32_E7,Q1,477700.0,56.0,1
2019,32_E7,Q2,457183.33,67.98,15
2019,32_E7,Q3,499050.0,88.72,10
2019,32_E7,Q4a,561250.0,117.0,4
2019,32_E7,Q4b,,,0
2019,32_IG8,Q1,281000.0,50.27,3
2019,32_IG8,Q2,384045.45,65.74,11
2019,32_IG8,Q3,489213.93,88.73,14
2019,32_IG8,Q4a,710791.67,131.08,12
2019,32_IG8,Q4b,822500.0,181.75,8
2019,33_SW11,Q1,499951.59,48.92,248
2019,33_SW11,Q2,611513.15,70.19,242
2019,33_SW11,Q3,858428.43,86.94,248
2019,33_SW11,Q4a,1198965.92,124.1,160
2019,33_SW11,Q4b,1721768.06,187.58,118
2019,33_SW12,Q1,434691.09,47.44,67
2019,33_SW12,Q2,576911.67,68.15,69
2019,33_SW12,Q3,778446.57,88.78,44
2019,33_SW12,Q4a,1030121.87,125.73,61
2019,33_SW12,Q4b,1649789.65,199.06,57
2019,33_SW15,Q1,383651.32,48.75,152
2019,33_SW15,Q2,522127.41,68.77,177
2019,33_SW15,Q3,661831.06,87.97,125
2019,33_SW15,Q4a,960878.82,126.4,85
2019,33_SW15,Q4b,1652324.16,204.73,74
2019,33_SW16,Q1,333026.47,49.2,17
2019,33_SW16,Q2,418302.59,67.07,29
2019,33_SW16,Q3,556823.58,91.41,24
2019,33_SW16,Q4a,702725.11,118.91,37
2019,33_SW16,Q4b,926638.67,180.13,15
2019,33_SW17,Q1,394866.92,46.4,169
2019,33_SW17,Q2,495011.06,67.09,174
2019,33_SW17,Q3,651247.53,89.56,153
2019,33_SW17,Q4a,818797.97,120.37,99
2019,33_SW17,Q4b,1544737.72,218.18,61
2019,33_SW18,Q1,423853.38,48.06,310
2019,33_SW18,Q2,549260.29,68.39,270
2019,33_SW18,Q3,719464.71,88.53,219
2019,33_SW18,Q4a,1000577.24,126.82,208
2019,33_SW18,Q4b,1583943.84,196.47,120
2019,33_SW19,Q1,324258.06,49.71,31
2019,33_SW19,Q2,416643.88,67.67,49
2019,33_SW19,Q3,583625.69,86.64,35
2019,33_SW19,Q4a,1115000.0,135.39,8
2019,33_SW19,Q4b,1237750.0,176.09,10
2019,33_SW4,Q1,527500.0,50.5,2
2019,33_SW4,Q2,739000.0,69.0,4
2019,33_SW4,Q3,710000.0,85.0,2
2019,33_SW4,Q4a,978500.0,124.5,2
2019,33_SW4,Q4b,1700000.0,181.0,1
2019,33_SW8,Q1,475495.97,50.66,31
2019,33_SW8,Q2,559418.68,66.04,25
2019,33_SW8,Q3,733064.31,84.6,36
2019,33_SW8,Q4a,931928.57,114.33,7
2019,33_SW8,Q4b,1157065.0,159.0,1
2019,34_NW1,Q1,508837.41,47.09,34
2019,34_NW1,Q2,865150.0,72.0,10
2019,34_NW1,Q3,1094037.57,92.43,14
2019,34_NW1,Q4a,1213000.0,123.11,10
2019,34_NW1,Q4b,2464000.0,210.36,11
2019,34_NW6,Q1,487174.05,53.74,19
2019,34_NW6,Q2,523000.0,65.55,7
2019,34_NW6,Q3,767200.0,84.2,5
2019,34_NW6,Q4a,1030000.0,122.67,3
2019,34_NW6,Q4b,,,0
2019,34_NW8,Q1,598123.8,46.62,65
2019,34_NW8,Q2,1011703.89,70.86,38
2019,34_NW8,Q3,956552.93,89.9,28
2019,34_NW8,Q4a,1881719.4,118.45,20
2019,34_NW8,Q4b,3456048.78,208.67,41
2019,34_SW1A,Q1,,,0
2019,34_SW1A,Q2,,,0
2019,34_SW1A,Q3,,,0
2019,34_SW1A,Q4a,,,0
2019,34_SW1A,Q4b,,,0
2019,34_SW1E,Q1,845000.0,53.0,3
2019,34_SW1E,Q2,1005000.0,68.33,3
2019,34_SW1E,Q3,1381069.33,84.73,3
2019,34_SW1E,Q4a,2055000.0,131.0,2
2019,34_SW1E,Q4b,2650000.0,157.5,2
2019,34_SW1H,Q1,530500.0,36.5,4
2019,34_SW1H,Q2,770000.0,73.0,1
2019,34_SW1H,Q3,1445000.0,90.0,2
2019,34_SW1H,Q4a,2771000.0,131.2,5
2019,34_SW1H,Q4b,1946250.0,155.0,4
2019,34_SW1P,Q1,529328.12,47.11,32
2019,34_SW1P,Q2,712740.74,68.57,27
2019,34_SW1P,Q3,990569.9,90.11,20
2019,34_SW1P,Q4a,1554618.83,121.0,23
2019,34_SW1P,Q4b,2738750.0,190.88,12
2019,34_SW1V,Q1,582515.95,46.12,61
2019,34_SW1V,Q2,752526.32,68.68,38
2019,34_SW1V,Q3,868479.17,86.92,24
2019,34_SW1V,Q4a,1483145.38,127.05,13
2019,34_SW1V,Q4b,2235000.0,224.13,10
2019,34_SW1W,Q1,584208.33,46.93,12
2019,34_SW1W,Q2,925500.0,70.08,10
2019,34_SW1W,Q3,1436228.57,90.05,14
2019,34_SW1W,Q4a,3120807.95,130.5,20
2019,34_SW1W,Q4b,6770929.38,207.64,34
2019,34_SW1X,Q1,758780.5,50.5,2
2019,34_SW1X,Q2,1243250.0,71.67,3
2019,34_SW1X,Q3,2220000.0,93.8,3
2019,34_SW1X,Q4a,2583888.89,121.68,9
2019,34_SW1X,Q4b,6941120.83,259.83,12
2019,34_SW1Y,Q1,771666.67,44.67,3
2019,34_SW1Y,Q2,,,0
2019,34_SW1Y,Q3,,,0
2019,34_SW1Y,Q4a,,,0
2019,34_SW1Y,Q4b,3150000.0,161.0,1
2019,34_SW3,Q1,,,0
2019,34_SW3,Q2,,,0
2019,34_SW3,Q3,,,0
2019,34_SW3,Q4a,4500000.0,147.0,1
2019,34_SW3,Q4b,,,0
2019,34_SW7,Q1,754000.0,55.0,1
2019,34_SW7,Q2,1630714.29,71.17,7
2019,34_SW7,Q3,3275000.0,100.0,2
2019,34_SW7,Q4a,2715125.0,134.11,8
2019,34_SW7,Q4b,4655000.0,207.48,13
2019,34_W10,Q1,466333.33,46.65,6
2019,34_W10,Q2,736923.08,69.74,13
2019,34_W10,Q3,825588.75,89.85,20
2019,34_W10,Q4a,927000.0,111.4,5
2019,34_W10,Q4b,1490000.0,197.0,1
2019,34_W11,Q1,534714.29,46.0,7
2019,34_W11,Q2,1043333.33,70.67,3
2019,34_W11,Q3,1580000.0,92.0,1
2019,34_W11,Q4a,1500000.0,117.0,1
2019,34_W11,Q4b,3458333.33,220.33,3
2019,34_W1B,Q1,,,0
2019,34_W1B,Q2,,,0
2019,34_W1B,Q3,1565000.0,103.0,1
2019,34_W1B,Q4a,,,0
2019,34_W1B,Q4b,4188333.33,193.88,3
2019,34_W1D,Q1,689375.0,39.5,4
2019,34_W1D,Q2,,,0
2019,34_W1D,Q3,,,0
2019,34_W1D,Q4a,,,0
2019,34_W1D,Q4b,,,0
2019,34_W1F,Q1,567500.0,41.5,4
2019,34_W1F,Q2,,,0
2019,34_W1F,Q3,,,0
2019,34_W1F,Q4a,1950000.0,134.19,1
2019,34_W1F,Q4b,,,0
2019,34_W1G,Q1,397544.67,52.33,3
2019,34_W1G,Q2,,,0
2019,34_W1G,Q3,1651250.0,87.39,8
2019,34_W1G,Q4a,1962500.0,113.5,2
2019,34_W1G,Q4b,2980000.0,199.56,5
2019,34_W1H,Q1,578125.0,44.53,18
2019,34_W1H,Q2,1029857.14,71.43,7
2019,34_W1H,Q3,1338750.0,88.92,12
2019,34_W1H,Q4a,2029071.43,114.68,14
2019,34_W1H,Q4b,2471500.0,184.98,10
2019,34_W1J,Q1,1080000.0,50.0,2
2019,34_W1J,Q2,880000.0,70.5,2
2019,34_W1J,Q3,1966000.0,87.8,5
2019,34_W1J,Q4a,2125000.0,106.5,4
2019,34_W1J,Q4b,12914033.43,293.14,7
2019,34_W1K,Q1,965000.0,46.0,3
2019,34_W1K,Q2,1611666.67,67.0,3
2019,34_W1K,Q3,2684166.67,91.98,6
2019,34_W1K,Q4a,2267500.0,121.7,8
2019,34_W1K,Q4b,7880752.58,228.82,12
2019,34_W1S,Q1,2250000.0,58.0,1
2019,34_W1S,Q2,1120000.0,71.0,1
2019,34_W1S,Q3,3690000.0,86.0,1
2019,34_W1S,Q4a,3094294.0,107.24,2
2019,34_W1S,Q4b,8240013.0,171.0,2
2019,34_W1T,Q1,499995.88,46.5,8
2019,34_W1T,Q2,900000.0,61.0,1
2019,34_W1T,Q3,1639275.0,90.38,2
2019,34_W1T,Q4a,2262500.0,133.5,2
2019,34_W1T,Q4b,5644951.0,243.5,2
2019,34_W1U,Q1,809525.0,44.1,16
2019,34_W1U,Q2,1089166.67,68.42,12
2019,34_W1U,Q3,1710454.55,92.19,11
2019,34_W1U,Q4a,3315758.33,118.48,12
2019,34_W1U,Q4b,4996666.67,186.08,12
2019,34_W1W,Q1,516388.89,41.78,9
2019,34_W1W,Q2,1053250.0,68.03,6
2019,34_W1W,Q3,1543625.0,89.75,8
2019,34_W1W,Q4a,2810750.0,124.25,4
2019,34_W1W,Q4b,4470935.2,213.2,5
2019,34_W2,Q1,568366.79,45.47,106
2019,34_W2,Q2,815885.66,69.04,65
2019,34_W2,Q3,1130054.92,89.44,61
2019,34_W2,Q4a,1837563.2,122.48,49
2019,34_W2,Q4b,3813655.56,227.4,45
2019,34_W9,Q1,460805.84,47.11,79
2019,34_W9,Q2,642844.33,66.4,52
2019,34_W9,Q3,914750.28,89.37,72
2019,34_W9,Q4a,1371870.37,123.58,19
2019,34_W9,Q4b,1949769.23,195.39,13
2019,34_WC2A,Q1,1272358.76,50.29,49
2019,34_WC2A,Q2,1520437.5,68.08,12
2019,34_WC2A,Q3,2118104.31,88.48,29
2019,34_WC2A,Q4a,2653279.17,110.33,12
2019,34_WC2A,Q4b,3857500.0,161.0,2
2019,34_WC2B,Q1,550000.0,47.0,1
2019,34_WC2B,Q2,,,0
2019,34_WC2B,Q3,1200000.0,93.0,1
2019,34_WC2B,Q4a,,,0
2019,34_WC2B,Q4b,,,0
2019,34_WC2E,Q1,733750.0,40.0,2
2019,34_WC2E,Q2,1074000.0,67.0,2
2019,34_WC2E,Q3,1350000.0,84.0,1
2019,34_WC2E,Q4a,2702000.0,117.0,3
2019,34_WC2E,Q4b,4437500.0,194.0,1
2019,34_WC2H,Q1,,,0
2019,34_WC2H,Q2,912500.0,75.0,1
2019,34_WC2H,Q3,,,0
2019,34_WC2H,Q4a,2100000.0,143.0,1
2019,34_WC2H,Q4b,,,0
2019,34_WC2N,Q1,779500.0,45.59,3
2019,34_WC2N,Q2,,,0
2019,34_WC2N,Q3,1970000.0,94.0,5
2019,34_WC2N,Q4a,1725000.0,106.5,2
2019,34_WC2N,Q4b,,,0
2019,34_WC2R,Q1,,,0
2019,34_WC2R,Q2,1500000.0,66.0,1
2019,34_WC2R,Q3,1775000.0,91.0,2
2019,34_WC2R,Q4a,,,0
2019,34_WC2R,Q4b,1850000.0,158.0,1
2019,3_DA1,Q1,233190.0,48.53,50
2019,3_DA1,Q2,288425.96,69.75,52
2019,3_DA1,Q3,336620.35,88.01,54
2019,3_DA1,Q4a,413325.14,123.9,28
2019,3_DA1,Q4b,618000.0,176.5,4
2019,3_DA14,Q1,235789.71,49.36,62
2019,3_DA14,Q2,320592.33,69.08,92
2019,3_DA14,Q3,387330.01,87.78,78
2019,3_DA14,Q4a,500736.27,121.8,55
2019,3_DA14,Q4b,839178.57,188.16,14
2019,3_DA15,Q1,260493.53,49.86,64
2019,3_DA15,Q2,337643.14,67.9,162
2019,3_DA15,Q3,415174.27,88.74,124
2019,3_DA15,Q4a,536576.18,121.15,94
2019,3_DA15,Q4b,769625.0,185.7,20
2019,3_DA16,Q1,245585.14,52.76,36
2019,3_DA16,Q2,342186.82,69.42,107
2019,3_DA16,Q3,389748.13,88.07,171
2019,3_DA16,Q4a,470062.5,122.45,64
2019,3_DA16,Q4b,570500.0,168.67,6
2019,3_DA17,Q1,220536.59,49.17,41
2019,3_DA17,Q2,278923.21,67.34,56
2019,3_DA17,Q3,323991.04,88.48,67
2019,3_DA17,Q4a,399919.35,118.73,31
2019,3_DA17,Q4b,602500.0,177.5,2
2019,3_DA18,Q1,195000.0,47.0,1
2019,3_DA18,Q2,,,0
2019,3_DA18,Q3,276000.0,84.2,5
2019,3_DA18,Q4a,332071.43,118.71,7
2019,3_DA18,Q4b,,,0
2019,3_DA5,Q1,273298.08,53.61,26
2019,3_DA5,Q2,339001.92,68.25,39
2019,3_DA5,Q3,439644.94,89.96,89
2019,3_DA5,Q4a,563953.95,122.29,76
2019,3_DA5,Q4b,875130.0,195.95,25
2019,3_DA6,Q1,239707.69,51.35,26
2019,3_DA6,Q2,303722.27,67.02,22
2019,3_DA6,Q3,391534.38,91.71,32
2019,3_DA6,Q4a,508272.68,116.23,22
2019,3_DA6,Q4b,702500.0,179.56,6
2019,3_DA7,Q1,255492.32,49.83,57
2019,3_DA7,Q2,332378.63,68.13,102
2019,3_DA7,Q3,409334.25,89.09,154
2019,3_DA7,Q4a,487853.03,120.33,101
2019,3_DA7,Q4b,619416.67,173.39,18
2019,3_DA8,Q1,189114.32,47.92,81
2019,3_DA8,Q2,256135.29,68.47,108
2019,3_DA8,Q3,319215.63,87.14,150
2019,3_DA8,Q4a,416917.72,117.0,79
2019,3_DA8,Q4b,643333.33,204.67,3
2019,3_SE2,Q1,256625.0,54.1,8
2019,3_SE2,Q2,337600.0,68.85,15
2019,3_SE2,Q3,397307.69,91.32,13
2019,3_SE2,Q4a,326166.67,119.41,6
2019,3_SE2,Q4b,560000.0,187.0,1
2019,3_SE28,Q1,226928.57,49.3,14
2019,3_SE28,Q2,267923.08,68.36,13
2019,3_SE28,Q3,318222.22,89.12,9
2019,3_SE28,Q4a,388333.33,119.87,3
2019,3_SE28,Q4b,,,0
2019,3_SE9,Q1,259571.43,51.42,7
2019,3_SE9,Q2,399499.0,70.6,5
2019,3_SE9,Q3,465833.33,92.95,12
2019,3_SE9,Q4a,563000.0,126.86,7
2019,3_SE9,Q4b,750000.0,196.0,3
2019,4_HA0,Q1,264918.62,47.98,47
2019,4_HA0,Q2,376890.97,68.01,36
2019,4_HA0,Q3,468865.56,88.42,45
2019,4_HA0,Q4a,570500.0,120.15,34
2019,4_HA0,Q4b,735833.33,169.83,6
2019,4_HA1,Q1,,,0
2019,4_HA1,Q2,307000.0,61.0,1
2019,4_HA1,Q3,,,0
2019,4_HA1,Q4a,795566.67,130.0,3
2019,4_HA1,Q4b,935000.0,244.33,3
2019,4_HA3,Q1,207900.0,46.51,10
2019,4_HA3,Q2,324277.67,70.85,9
2019,4_HA3,Q3,499282.14,91.43,14
2019,4_HA3,Q4a,662166.67,125.34,24
2019,4_HA3,Q4b,856222.22,178.59,9
2019,4_HA7,Q1,267500.0,21.26,1
2019,4_HA7,Q2,,,0
2019,4_HA7,Q3,,,0
2019,4_HA7,Q4a,,,0
2019,4_HA7,Q4b,,,0
2019,4_HA8,Q1,251333.33,53.0,3
2019,4_HA8,Q2,310000.0,69.0,1
2019,4_HA8,Q3,486888.89,88.56,9
2019,4_HA8,Q4a,614625.0,130.0,1
2019,4_HA8,Q4b,705000.0,159.0,1
2019,4_HA9,Q1,176333.69,35.85,140
2019,4_HA9,Q2,366522.06,66.84,34
2019,4_HA9,Q3,485025.0,89.51,40
2019,4_HA9,Q4a,589520.27,121.06,37
2019,4_HA9,Q4b,810884.62,175.06,13
2019,4_NW10,Q1,316638.9,51.78,72
2019,4_NW10,Q2,394233.52,67.95,99
2019,4_NW10,Q3,569402.09,88.92,65
2019,4_NW10,Q4a,869363.85,125.83,73
2019,4_NW10,Q4b,1339833.33,187.01,45
2019,4_NW2,Q1,331867.1,50.38,48
2019,4_NW2,Q2,442901.75,67.65,57
2019,4_NW2,Q3,541612.77,88.69,43
2019,4_NW2,Q4a,774905.95,123.51,42
2019,4_NW2,Q4b,1772053.7,230.27,27
2019,4_NW6,Q1,431043.86,47.27,57
2019,4_NW6,Q2,564026.8,69.57,41
2019,4_NW6,Q3,761478.75,88.53,40
2019,4_NW6,Q4a,1125421.88,126.06,32
2019,4_NW6,Q4b,2035864.89,193.28,47
2019,4_NW9,Q1,322270.83,51.56,24
2019,4_NW9,Q2,404801.14,71.25,44
2019,4_NW9,Q3,500001.1,90.5,51
2019,4_NW9,Q4a,597426.44,121.0,34
2019,4_NW9,Q4b,750672.22,214.52,9
2019,4_W10,Q1,426734.2,52.2,5
2019,4_W10,Q2,545555.56,67.65,9
2019,4_W10,Q3,639000.0,85.25,4
2019,4_W10,Q4a,,,0
2019,4_W10,Q4b,,,0
2019,4_W9,Q1,,,0
2019,4_W9,Q2,,,0
2019,4_W9,Q3,,,0
2019,4_W9,Q4a,,,0
2019,4_W9,Q4b,,,0
2019,5_CM12,Q1,,,0
2019,5_CM12,Q2,,,0
2019,5_CM12,Q3,,,0
2019,5_CM12,Q4a,,,0
2019,5_CM12,Q4b,,,0
2019,5_CM13,Q1,252333.33,46.48,21
2019,5_CM13,Q2,350671.88,70.25,80
2019,5_CM13,Q3,428749.43,89.08,97
2019,5_CM13,Q4a,563460.06,122.61,84
2019,5_CM13,Q4b,1099071.43,218.16,56
2019,5_CM14,Q1,247395.75,46.85,153
2019,5_CM14,Q2,338684.65,68.49,99
2019,5_CM14,Q3,445471.04,89.07,82
2019,5_CM14,Q4a,578419.76,121.07,63
2019,5_CM14,Q4b,867540.54,191.8,37
2019,5_CM15,Q1,256808.51,49.04,47
2019,5_CM15,Q2,325514.33,69.66,52
2019,5_CM15,Q3,428594.61,89.91,77
2019,5_CM15,Q4a,574026.6,123.23,94
2019,5_CM15,Q4b,924986.84,197.03,38
2019,5_CM4,Q1,262812.5,47.7,8
2019,5_CM4,Q2,378227.27,70.07,11
2019,5_CM4,Q3,492783.33,91.41,15
2019,5_CM4,Q4a,635683.33,128.22,30
2019,5_CM4,Q4b,1057613.64,192.63,22
2019,5_RM4,Q1,,,0
2019,5_RM4,Q2,,,0
2019,5_RM4,Q3,,,0
2019,5_RM4,Q4a,,,0
2019,5_RM4,Q4b,,,0
2019,6_BR1,Q1,272380.29,49.82,84
2019,6_BR1,Q2,350228.56,69.04,126
2019,6_BR1,Q3,449706.65,89.51,112
2019,6_BR1,Q4a,608340.96,122.85,104
2019,6_BR1,Q4b,955308.11,197.36,74
2019,6_BR2,Q1,278039.38,50.47,113
2019,6_BR2,Q2,367752.65,68.77,166
2019,6_BR2,Q3,456249.28,89.22,216
2019,6_BR2,Q4a,592383.15,121.47,165
2019,6_BR2,Q4b,953740.36,194.69,83
2019,6_BR3,Q1,277869.54,48.34,104
2019,6_BR3,Q2,356746.55,68.93,145
2019,6_BR3,Q3,478249.17,89.23,181
2019,6_BR3,Q4a,643889.94,123.49,178
2019,6_BR3,Q4b,1066907.06,207.53,78
2019,6_BR4,Q1,197692.59,45.99,27
2019,6_BR4,Q2,369516.67,67.53,15
2019,6_BR4,Q3,516547.92,93.11,72
2019,6_BR4,Q4a,606787.13,124.71,101
2019,6_BR4,Q4b,805442.16,183.11,32
2019,6_BR5,Q1,260970.4,50.47,125
2019,6_BR5,Q2,331037.9,70.21,145
2019,6_BR5,Q3,401980.25,89.46,190
2019,6_BR5,Q4a,594599.55,122.78,110
2019,6_BR5,Q4b,844808.33,181.93,30
2019,6_BR6,Q1,292353.08,50.61,65
2019,6_BR6,Q2,378012.18,70.04,117
2019,6_BR6,Q3,461137.58,89.67,205
2019,6_BR6,Q4a,593810.42,123.14,196
2019,6_BR6,Q4b,927977.23,189.88,56
2019,6_BR7,Q1,318330.95,47.35,21
2019,6_BR7,Q2,407930.39,68.78,51
2019,6_BR7,Q3,512576.07,88.95,96
2019,6_BR7,Q4a,680351.52,126.61,66
2019,6_BR7,Q4b,1130128.46,220.39,65
2019,6_BR8,Q1,,,0
2019,6_BR8,Q2,,,0
2019,6_BR8,Q3,,,0
2019,6_BR8,Q4a,,,0
2019,6_BR8,Q4b,,,0
2019,6_DA14,Q1,,,0
2019,6_DA14,Q2,,,0
2019,6_DA14,Q3,260000.0,88.53,1
2019,6_DA14,Q4a,,,0
2019,6_DA14,Q4b,,,0
2019,6_SE19,Q1,288855.0,45.7,20
2019,6_SE19,Q2,417250.0,67.9,10
2019,6_SE19,Q3,535452.17,88.87,6
2019,6_SE19,Q4a,683333.33,121.56,6
2019,6_SE19,Q4b,1250000.0,186.0,1
2019,6_SE20,Q1,293086.99,47.95,123
2019,6_SE20,Q2,385874.83,67.97,123
2019,6_SE20,Q3,466997.14,88.26,91
2019,6_SE20,Q4a,568019.18,117.74,34
2019,6_SE20,Q4b,868400.0,187.38,5
2019,6_SE26,Q1,268406.25,43.51,16
2019,6_SE26,Q2,417699.75,69.78,40
2019,6_SE26,Q3,469758.3,87.64,27
2019,6_SE26,Q4a,718230.77,126.74,13
2019,6_SE26,Q4b,1102238.1,200.39,21
2019,6_SE9,Q1,227066.67,49.43,15
2019,6_SE9,Q2,320959.46,68.46,37
2019,6_SE9,Q3,386027.78,86.28,18
2019,6_SE9,Q4a,564846.15,121.38,13
2019,6_SE9,Q4b,896110.56,204.89,9
2019,6_TN14,Q1,,,0
2019,6_TN14,Q2,530000.0,67.5,2
2019,6_TN14,Q3,,,0
2019,6_TN14,Q4a,550000.0,113.0,1
2019,6_TN14,Q4b,762500.0,161.0,1
2019,6_TN16,Q1,243063.33,48.87,15
2019,6_TN16,Q2,334622.06,69.25,34
2019,6_TN16,Q3,375411.11,90.69,63
2019,6_TN16,Q4a,471656.82,120.44,44
2019,6_TN16,Q4b,574000.0,180.38,10
2019,7_EC1M,Q1,,,0
2019,7_EC1M,Q2,,,0
2019,7_EC1M,Q3,,,0
2019,7_EC1M,Q4a,,,0
2019,7_EC1M,Q4b,,,0
2019,7_EC1N,Q1,572833.33,47.13,15
2019,7_EC1N,Q2,742250.0,69.0,6
2019,7_EC1N,Q3,991666.67,87.07,3
2019,7_EC1N,Q4a,1050000.0,118.0,1
2019,7_EC1N,Q4b,,,0
2019,7_EC1R,Q1,,,0
2019,7_EC1R,Q2,,,0
2019,7_EC1R,Q3,,,0
2019,7_EC1R,Q4a,,,0
2019,7_EC1R,Q4b,,,0
2019,7_N19,Q1,421125.0,45.71,8
2019,7_N19,Q2,606500.0,72.66,2
2019,7_N19,Q3,735000.0,81.4,2
2019,7_N19,Q4a,790000.0,123.0,1
2019,7_N19,Q4b,1850000.0,178.0,1
2019,7_N1C,Q1,664076.95,48.86,22
2019,7_N1C,Q2,1002610.95,70.74,19
2019,7_N1C,Q3,1250713.03,92.64,39
2019,7_N1C,Q4a,2231077.5,130.2,10
2019,7_N1C,Q4b,5000000.0,251.0,1
2019,7_N6,Q1,430136.36,46.05,11
2019,7_N6,Q2,460000.0,61.0,2
2019,7_N6,Q3,1087500.0,91.16,8
2019,7_N6,Q4a,1396200.0,118.0,5
2019,7_N6,Q4b,2480000.0,205.02,7
2019,7_N7,Q1,511999.75,53.75,4
2019,7_N7,Q2,480000.0,66.44,1
2019,7_N7,Q3,,,0
2019,7_N7,Q4a,,,0
2019,7_N7,Q4b,,,0
2019,7_NW1,Q1,439203.89,45.11,61
2019,7_NW1,Q2,625716.95,68.66,41
2019,7_NW1,Q3,880603.54,90.63,50
2019,7_NW1,Q4a,1405176.47,123.91,17
2019,7_NW1,Q4b,3544303.45,219.65,29
2019,7_NW2,Q1,373500.0,47.34,13
2019,7_NW2,Q2,562681.82,69.12,11
2019,7_NW2,Q3,585250.0,84.83,6
2019,7_NW2,Q4a,,,0
2019,7_NW2,Q4b,1271250.0,262.0,2
2019,7_NW3,Q1,630475.06,47.74,95
2019,7_NW3,Q2,787953.01,69.06,70
2019,7_NW3,Q3,1059365.96,89.82,89
2019,7_NW3,Q4a,1434576.98,122.97,81
2019,7_NW3,Q4b,2848728.96,210.1,90
2019,7_NW5,Q1,430322.92,46.88,48
2019,7_NW5,Q2,626500.4,69.13,30
2019,7_NW5,Q3,810046.34,91.65,41
2019,7_NW5,Q4a,1243366.88,127.35,32
2019,7_NW5,Q4b,1897678.57,194.39,28
2019,7_NW6,Q1,443111.5,48.44,74
2019,7_NW6,Q2,602786.73,68.98,49
2019,7_NW6,Q3,775071.13,89.91,45
2019,7_NW6,Q4a,1111414.35,125.09,40
2019,7_NW6,Q4b,2029136.36,204.25,22
2019,7_NW8,Q1,388750.0,49.75,4
2019,7_NW8,Q2,650562.5,69.75,4
2019,7_NW8,Q3,767500.0,88.5,2
2019,7_NW8,Q4a,1392500.0,121.98,12
2019,7_NW8,Q4b,3405714.29,228.81,7
2019,7_W1T,Q1,665000.0,42.8,5
2019,7_W1T,Q2,887500.0,72.5,2
2019,7_W1T,Q3,1500000.0,89.0,1
2019,7_W1T,Q4a,1225000.0,109.0,1
2019,7_W1T,Q4b,2107500.0,169.46,2
2019,7_WC1A,Q1,720000.0,50.0,1
2019,7_WC1A,Q2,785000.0,65.0,2
2019,7_WC1A,Q3,,,0
2019,7_WC1A,Q4a,2000000.0,128.0,1
2019,7_WC1A,Q4b,,,0
2019,7_WC1B,Q1,625000.0,48.0,2
2019,7_WC1B,Q2,693750.0,61.5,2
2019,7_WC1B,Q3,1152500.0,92.5,2
2019,7_WC1B,Q4a,1228400.0,118.8,5
2019,7_WC1B,Q4b,,,0
2019,7_WC1E,Q1,686416.67,49.91,6
2019,7_WC1E,Q2,912475.0,69.5,2
2019,7_WC1E,Q3,1100000.0,78.0,1
2019,7_WC1E,Q4a,,,0
2019,7_WC1E,Q4b,,,0
2019,7_WC1H,Q1,373443.97,31.4,31
2019,7_WC1H,Q2,568750.0,68.25,4
2019,7_WC1H,Q3,,,0
2019,7_WC1H,Q4a,,,0
2019,7_WC1H,Q4b,,,0
2019,7_WC1N,Q1,522250.0,41.82,10
2019,7_WC1N,Q2,679000.0,69.31,5
2019,7_WC1N,Q3,848750.0,83.15,4
2019,7_WC1N,Q4a,1750000.0,124.0,1
2019,7_WC1N,Q4b,568750.0,158.0,1
2019,7_WC1R,Q1,573950.0,41.57,4
2019,7_WC1R,Q2,1036240.0,67.2,5
2019,7_WC1R,Q3,1530000.0,88.0,1
2019,7_WC1R,Q4a,,,0
2019,7_WC1R,Q4b,,,0
2019,7_WC1V,Q1,,,0
2019,7_WC1V,Q2,,,0
2019,7_WC1V,Q3,,,0
2019,7_WC1V,Q4a,,,0
2019,7_WC1V,Q4b,,,0
2019,7_WC1X,Q1,510181.82,44.3,11
2019,7_WC1X,Q2,571625.0,60.53,2
2019,7_WC1X,Q3,811750.0,79.0,2
2019,7_WC1X,Q4a,,,0
2019,7_WC1X,Q4b,,,0
2019,7_WC2A,Q1,,,0
2019,7_WC2A,Q2,,,0
2019,7_WC2A,Q3,,,0
2019,7_WC2A,Q4a,,,0
2019,7_WC2A,Q4b,,,0
2019,7_WC2B,Q1,705833.33,40.95,3
2019,7_WC2B,Q2,860000.0,62.7,1
2019,7_WC2B,Q3,,,0
2019,7_WC2B,Q4a,,,0
2019,7_WC2B,Q4b,,,0
2019,7_WC2H,Q1,555000.0,43.9,1
2019,7_WC2H,Q2,842500.0,71.71,2
2019,7_WC2H,Q3,,,0
2019,7_WC2H,Q4a,,,0
2019,7_WC2H,Q4b,2375000.0,159.5,2
2019,8_E1,Q1,358250.0,47.75,2
2019,8_E1,Q2,,,0
2019,8_E1,Q3,725000.0,79.0,1
2019,8_E1,Q4a,,,0
2019,8_E1,Q4b,,,0
2019,8_EC1A,Q1,788995.0,44.7,10
2019,8_EC1A,Q2,737000.0,67.72,2
2019,8_EC1A,Q3,1325500.0,83.0,3
2019,8_EC1A,Q4a,2107500.0,127.5,2
2019,8_EC1A,Q4b,,,0
2019,8_EC1M,Q1,,,0
2019,8_EC1M,Q2,,,0
2019,8_EC1M,Q3,,,0
2019,8_EC1M,Q4a,,,0
2019,8_EC1M,Q4b,,,0
2019,8_EC1N,Q1,,,0
2019,8_EC1N,Q2,,,0
2019,8_EC1N,Q3,1460125.0,91.5,2
2019,8_EC1N,Q4a,1835400.0,111.0,1
2019,8_EC1N,Q4b,,,0
2019,8_EC1Y,Q1,432375.0,40.79,4
2019,8_EC1Y,Q2,,,0
2019,8_EC1Y,Q3,,,0
2019,8_EC1Y,Q4a,,,0
2019,8_EC1Y,Q4b,,,0
2019,8_EC2M,Q1,615000.0,52.74,1
2019,8_EC2M,Q2,,,0
2019,8_EC2M,Q3,,,0
2019,8_EC2M,Q4a,,,0
2019,8_EC2M,Q4b,,,0
2019,8_EC2R,Q1,,,0
2019,8_EC2R,Q2,,,0
2019,8_EC2R,Q3,,,0
2019,8_EC2R,Q4a,,,0
2019,8_EC2R,Q4b,,,0
2019,8_EC2V,Q1,,,0
2019,8_EC2V,Q2,,,0
2019,8_EC2V,Q3,,,0
2019,8_EC2V,Q4a,,,0
2019,8_EC2V,Q4b,,,0
2019,8_EC2Y,Q1,524850.0,39.68,10
2019,8_EC2Y,Q2,878000.0,70.59,13
2019,8_EC2Y,Q3,973750.0,85.18,4
2019,8_EC2Y,Q4a,1633333.33,114.33,3
2019,8_EC2Y,Q4b,,,0
2019,8_EC3A,Q1,,,0
2019,8_EC3A,Q2,,,0
2019,8_EC3A,Q3,,,0
2019,8_EC3A,Q4a,,,0
2019,8_EC3A,Q4b,,,0
2019,8_EC3N,Q1,,,0
2019,8_EC3N,Q2,,,0
2019,8_EC3N,Q3,,,0
2019,8_EC3N,Q4a,,,0
2019,8_EC3N,Q4b,,,0
2019,8_EC3R,Q1,900000.0,39.0,1
2019,8_EC3R,Q2,735000.0,77.0,1
2019,8_EC3R,Q3,1900000.0,92.0,1
2019,8_EC3R,Q4a,1805311.24,116.05,21
2019,8_EC3R,Q4b,6725000.0,308.0,1
2019,8_EC3V,Q1,,,0
2019,8_EC3V,Q2,,,0
2019,8_EC3V,Q3,,,0
2019,8_EC3V,Q4a,,,0
2019,8_EC3V,Q4b,,,0
2019,8_EC4A,Q1,539000.0,38.33,3
2019,8_EC4A,Q2,757500.0,68.5,2
2019,8_EC4A,Q3,906666.67,85.0,3
2019,8_EC4A,Q4a,,,0
2019,8_EC4A,Q4b,,,0
2019,8_EC4M,Q1,600000.0,47.0,1
2019,8_EC4M,Q2,,,0
2019,8_EC4M,Q3,,,0
2019,8_EC4M,Q4a,,,0
2019,8_EC4M,Q4b,,,0
2019,8_EC4R,Q1,520000.0,55.0,1
2019,8_EC4R,Q2,,,0
2019,8_EC4R,Q3,800000.0,90.4,1
2019,8_EC4R,Q4a,,,0
2019,8_EC4R,Q4b,,,0
2019,8_EC4V,Q1,490250.0,46.22,4
2019,8_EC4V,Q2,900000.0,74.0,1
2019,8_EC4V,Q3,,,0
2019,8_EC4V,Q4a,,,0
2019,8_EC4V,Q4b,,,0
2019,8_EC4Y,Q1,,,0
2019,8_EC4Y,Q2,935000.0,73.0,1
2019,8_EC4Y,Q3,,,0
2019,8_EC4Y,Q4a,,,0
2019,8_EC4Y,Q4b,,,0
2019,8_WC2A,Q1,,,0
2019,8_WC2A,Q2,,,0
2019,8_WC2A,Q3,,,0
2019,8_WC2A,Q4a,,,0
2019,8_WC2A,Q4b,,,0
2019,9_CR0,Q1,252471.4,48.65,356
2019,9_CR0,Q2,330206.37,68.81,418
2019,9_CR0,Q3,378471.27,88.18,422
2019,9_CR0,Q4a,485870.64,118.7,226
2019,9_CR0,Q4b,795105.0,191.03,42
2019,9_CR2,Q1,259682.4,48.34,108
2019,9_CR2,Q2,351054.48,68.45,138
2019,9_CR2,Q3,440321.26,89.35,174
2019,9_CR2,Q4a,565211.31,123.2,137
2019,9_CR2,Q4b,755285.07,186.81,57
2019,9_CR3,Q1,198000.0,52.0,1
2019,9_CR3,Q2,335000.0,64.0,1
2019,9_CR3,Q3,455000.0,88.37,2
2019,9_CR3,Q4a,518636.36,128.35,11
2019,9_CR3,Q4b,,,0
2019,9_CR4,Q1,,,0
2019,9_CR4,Q2,,,0
2019,9_CR4,Q3,,,0
2019,9_CR4,Q4a,,,0
2019,9_CR4,Q4b,,,0
2019,9_CR5,Q1,257269.57,50.39,23
2019,9_CR5,Q2,338775.0,69.35,60
2019,9_CR5,Q3,428923.89,88.44,95
2019,9_CR5,Q4a,577657.75,122.39,225
2019,9_CR5,Q4b,753863.75,189.17,52
2019,9_CR6,Q1,,,0
2019,9_CR6,Q2,,,0
2019,9_CR6,Q3,473000.0,91.0,2
2019,9_CR6,Q4a,495000.0,111.0,2
2019,9_CR6,Q4b,,,0
2019,9_CR7,Q1,222278.85,47.35,52
2019,9_CR7,Q2,306295.77,69.0,71
2019,9_CR7,Q3,376166.21,90.4,106
2019,9_CR7,Q4a,447612.68,121.85,56
2019,9_CR7,Q4b,586369.83,175.17,6
2019,9_CR8,Q1,266739.42,49.73,52
2019,9_CR8,Q2,330246.43,69.58,70
2019,9_CR8,Q3,426972.58,87.68,107
2019,9_CR8,Q4a,575684.56,124.36,81
2019,9_CR8,Q4b,816943.97,199.28,75
2019,9_SE19,Q1,310697.8,49.48,50
2019,9_SE19,Q2,367437.5,68.3,48
2019,9_SE19,Q3,484654.33,89.29,63
2019,9_SE19,Q4a,605880.46,116.68,46
2019,9_SE19,Q4b,968937.5,224.12,8
2019,9_SE25,Q1,240801.58,45.78,95
2019,9_SE25,Q2,341069.54,68.32,89
2019,9_SE25,Q3,409542.83,88.52,115
2019,9_SE25,Q4a,483357.14,118.71,49
2019,9_SE25,Q4b,537000.0,159.0,1
2019,9_SW16,Q1,303950.0,51.29,14
2019,9_SW16,Q2,353433.82,68.37,17
2019,9_SW16,Q3,470479.59,90.21,49
2019,9_SW16,Q4a,533358.11,120.11,37
2019,9_SW16,Q4b,657780.36,186.04,14
2020,10_HA0,Q1,250000.0,36.5,2
2020,10_HA0,Q2,385000.0,65.0,1
2020,10_HA0,Q3,453666.67,90.33,3
2020,10_HA0,Q4a,,,0
2020,10_HA0,Q4b,,,0
2020,10_NW10,Q1,319200.0,48.75,4
2020,10_NW10,Q2,428383.33,71.0,3
2020,10_NW10,Q3,505888.89,86.78,9
2020,10_NW10,Q4a,610507.14,123.86,7
2020,10_NW10,Q4b,,,0
2020,10_TW8,Q1,276000.0,44.0,1
2020,10_TW8,Q2,,,0
2020,10_TW8,Q3,,,0
2020,10_TW8,Q4a,,,0
2020,10_TW8,Q4b,,,0
2020,10_UB1,Q1,217394.23,50.14,13
2020,10_UB1,Q2,377118.42,70.43,19
2020,10_UB1,Q3,414694.44,89.75,36
2020,10_UB1,Q4a,471998.33,118.54,18
2020,10_UB1,Q4b,,,0
2020,10_UB2,Q1,305822.97,49.71,37
2020,10_UB2,Q2,380592.06,71.03,50
2020,10_UB2,Q3,390498.0,88.17,25
2020,10_UB2,Q4a,564021.28,122.21,47
2020,10_UB2,Q4b,767833.33,179.83,6
2020,10_UB5,Q1,258427.57,47.71,51
2020,10_UB5,Q2,322605.47,67.8,64
2020,10_UB5,Q3,428602.21,87.1,68
2020,10_UB5,Q4a,481856.89,114.22,9
2020,10_UB5,Q4b,825000.0,167.0,1
2020,10_UB6,Q1,303250.0,49.34,44
2020,10_UB6,Q2,419157.41,69.0,54
2020,10_UB6,Q3,471846.35,88.54,141
2020,10_UB6,Q4a,560527.78,120.61,36
2020,10_UB6,Q4b,721857.14,168.29,7
2020,10_W12,Q1,,,0
2020,10_W12,Q2,,,0
2020,10_W12,Q3,,,0
2020,10_W12,Q4a,,,0
2020,10_W12,Q4b,,,0
2020,10_W13,Q1,366592.02,44.86,43
2020,10_W13,Q2,510546.23,67.81,53
2020,10_W13,Q3,731489.58,90.85,48
2020,10_W13,Q4a,828802.67,119.32,75
2020,10_W13,Q4b,1429085.71,199.19,35
2020,10_W3,Q1,368846.02,48.12,143
2020,10_W3,Q2,513210.98,69.09,149
2020,10_W3,Q3,602946.73,88.03,115
2020,10_W3,Q4a,786857.28,120.3,69
2020,10_W3,Q4b,1255748.7,196.19,43
2020,10_W4,Q1,468250.0,48.75,23
2020,10_W4,Q2,588476.09,67.0,23
2020,10_W4,Q3,821808.52,87.63,23
2020,10_W4,Q4a,1141487.76,124.31,41
2020,10_W4,Q4b,2015785.71,198.49,14
2020,10_W5,Q1,394619.87,48.7,78
2020,10_W5,Q2,520796.05,67.35,86
2020,10_W5,Q3,664768.85,89.5,61
2020,10_W5,Q4a,895432.7,124.88,94
2020,10_W5,Q4b,1606630.33,215.34,61
2020,10_W7,Q1,326726.2,51.44,30
2020,10_W7,Q2,431525.13,67.55,38
2020,10_W7,Q3,567594.89,89.47,74
2020,10_W7,Q4a,744525.43,122.96,46
2020,10_W7,Q4b,1050253.33,189.27,15
2020,11_EN1,Q1,247199.52,46.35,62
2020,11_EN1,Q2,365919.54,70.24,87
2020,11_EN1,Q3,457749.37,88.92,132
2020,11_EN1,Q4a,559790.45,122.03,55
2020,11_EN1,Q4b,752900.0,174.9,10
2020,11_EN2,Q1,275918.58,48.02,67
2020,11_EN2,Q2,400158.11,67.6,55
2020,11_EN2,Q3,523367.85,90.48,105
2020,11_EN2,Q4a,645521.54,122.94,81
2020,11_EN2,Q4b,845524.4,179.64,25
2020,11_EN3,Q1,240063.94,48.37,66
2020,11_EN3,Q2,330704.68,70.18,95
2020,11_EN3,Q3,379848.82,87.6,82
2020,11_EN3,Q4a,431807.69,117.26,39
2020,11_EN3,Q4b,500000.0,176.0,1
2020,11_EN4,Q1,318562.5,55.5,4
2020,11_EN4,Q2,390750.0,68.8,10
2020,11_EN4,Q3,559600.0,92.0,5
2020,11_EN4,Q4a,898250.0,126.4,10
2020,11_EN4,Q4b,1477225.06,217.1,51
2020,11_EN8,Q1,,,0
2020,11_EN8,Q2,,,0
2020,11_EN8,Q3,420000.0,103.0,1
2020,11_EN8,Q4a,483200.0,118.6,5
2020,11_EN8,Q4b,,,0
2020,11_N11,Q1,349434.72,51.28,36
2020,11_N11,Q2,430740.79,70.37,38
2020,11_N11,Q3,507151.74,88.06,43
2020,11_N11,Q4a,679000.0,115.92,13
2020,11_N11,Q4b,728750.0,173.0,2
2020,11_N13,Q1,257632.93,47.87,15
2020,11_N13,Q2,390812.48,67.03,44
2020,11_N13,Q3,522227.28,92.29,50
2020,11_N13,Q4a,628276.42,123.47,53
2020,11_N13,Q4b,907375.0,182.39,17
2020,11_N14,Q1,356333.33,51.85,12
2020,11_N14,Q2,423406.98,67.47,43
2020,11_N14,Q3,557000.0,93.34,48
2020,11_N14,Q4a,773870.69,125.18,58
2020,11_N14,Q4b,1015463.04,181.18,23
2020,11_N18,Q1,245410.71,41.53,14
2020,11_N18,Q2,304982.13,71.34,31
2020,11_N18,Q3,376852.44,87.33,39
2020,11_N18,Q4a,404791.67,113.33,12
2020,11_N18,Q4b,,,0
2020,11_N21,Q1,303992.74,48.8,31
2020,11_N21,Q2,409203.12,67.86,32
2020,11_N21,Q3,502839.34,90.3,47
2020,11_N21,Q4a,743322.95,125.15,61
2020,11_N21,Q4b,1139258.0,202.24,50
2020,11_N22,Q1,126000.0,31.0,1
2020,11_N22,Q2,300000.0,62.0,1
2020,11_N22,Q3,420000.0,89.0,1
2020,11_N22,Q4a,817497.5,142.0,2
2020,11_N22,Q4b,580000.0,182.0,1
2020,11_N9,Q1,206045.45,43.44,44
2020,11_N9,Q2,342269.23,69.75,39
2020,11_N9,Q3,388106.58,88.5,79
2020,11_N9,Q4a,446058.82,118.72,17
2020,11_N9,Q4b,517500.0,160.52,4
2020,12_BR7,Q1,298500.0,50.0,1
2020,12_BR7,Q2,452500.0,73.5,2
2020,12_BR7,Q3,467666.67,84.67,3
2020,12_BR7,Q4a,655000.0,140.0,1
2020,12_BR7,Q4b,,,0
2020,12_DA15,Q1,,,0
2020,12_DA15,Q2,320000.0,73.36,1
2020,12_DA15,Q3,439500.0,89.76,6
2020,12_DA15,Q4a,,,0
2020,12_DA15,Q4b,,,0
2020,12_SE10,Q1,446484.93,49.11,258
2020,12_SE10,Q2,574582.87,70.49,175
2020,12_SE10,Q3,650801.92,85.97,176
2020,12_SE10,Q4a,879015.12,118.95,74
2020,12_SE10,Q4b,1263137.41,178.55,29
2020,12_SE12,Q1,262500.0,50.0,2
2020,12_SE12,Q2,323038.46,69.0,13
2020,12_SE12,Q3,444653.85,86.98,13
2020,12_SE12,Q4a,657083.33,124.79,6
2020,12_SE12,Q4b,851000.0,168.5,2
2020,12_SE13,Q1,209125.0,51.5,2
2020,12_SE13,Q2,460000.0,70.0,1
2020,12_SE13,Q3,508500.0,85.5,2
2020,12_SE13,Q4a,,,0
2020,12_SE13,Q4b,,,0
2020,12_SE18,Q1,290250.58,49.66,137
2020,12_SE18,Q2,402333.72,69.37,169
2020,12_SE18,Q3,438020.58,88.86,156
2020,12_SE18,Q4a,510103.59,120.47,70
2020,12_SE18,Q4b,727583.33,180.17,12
2020,12_SE2,Q1,210388.89,49.26,9
2020,12_SE2,Q2,330679.32,71.33,22
2020,12_SE2,Q3,358176.53,85.98,49
2020,12_SE2,Q4a,406950.0,115.8,10
2020,12_SE2,Q4b,475000.0,160.0,1
2020,12_SE28,Q1,231486.11,51.92,27
2020,12_SE28,Q2,301617.24,68.95,29
2020,12_SE28,Q3,323700.0,88.78,20
2020,12_SE28,Q4a,366250.0,112.22,4
2020,12_SE28,Q4b,,,0
2020,12_SE3,Q1,374222.38,50.07,91
2020,12_SE3,Q2,488291.41,67.97,185
2020,12_SE3,Q3,545534.87,90.1,86
2020,12_SE3,Q4a,762263.62,118.71,56
2020,12_SE3,Q4b,1613048.09,211.41,34
2020,12_SE7,Q1,321233.23,50.1,65
2020,12_SE7,Q2,422425.68,70.75,74
2020,12_SE7,Q3,516238.25,89.3,68
2020,12_SE7,Q4a,655752.93,122.65,46
2020,12_SE7,Q4b,790333.33,154.48,6
2020,12_SE8,Q1,344500.0,48.33,3
2020,12_SE8,Q2,423642.86,68.86,7
2020,12_SE8,Q3,538437.5,89.25,4
2020,12_SE8,Q4a,790000.0,120.0,1
2020,12_SE8,Q4b,972500.0,164.0,1
2020,12_SE9,Q1,247605.53,50.2,77
2020,12_SE9,Q2,337692.84,68.23,88
2020,12_SE9,Q3,438619.76,90.2,167
2020,12_SE9,Q4a,583276.96,120.55,102
2020,12_SE9,Q4b,761429.07,169.76,43
2020,13_E1,Q1,,,0
2020,13_E1,Q2,,,0
2020,13_E1,Q3,,,0
2020,13_E1,Q4a,,,0
2020,13_E1,Q4b,,,0
2020,13_E2,Q1,577787.8,51.79,41
2020,13_E2,Q2,727028.42,66.99,57
2020,13_E2,Q3,922023.82,89.15,34
2020,13_E2,Q4a,1027566.67,116.56,9
2020,13_E2,Q4b,,,0
2020,13_E20,Q1,,,0
2020,13_E20,Q2,,,0
2020,13_E20,Q3,,,0
2020,13_E20,Q4a,,,0
2020,13_E20,Q4b,,,0
2020,13_E5,Q1,413488.93,49.2,89
2020,13_E5,Q2,538480.0,68.55,65
2020,13_E5,Q3,696699.27,89.76,63
2020,13_E5,Q4a,950493.96,124.09,48
2020,13_E5,Q4b,1365227.27,191.0,11
2020,13_E8,Q1,441625.72,48.95,69
2020,13_E8,Q2,570616.96,67.57,53
2020,13_E8,Q3,788488.35,87.6,52
2020,13_E8,Q4a,1045609.32,118.35,40
2020,13_E8,Q4b,1615078.12,175.34,16
2020,13_E9,Q1,384211.15,48.15,60
2020,13_E9,Q2,482680.88,69.57,68
2020,13_E9,Q3,660901.19,88.15,42
2020,13_E9,Q4a,1009253.12,121.24,16
2020,13_E9,Q4b,1604375.0,173.12,8
2020,13_EC1V,Q1,749500.0,50.0,3
2020,13_EC1V,Q2,852040.0,75.8,5
2020,13_EC1V,Q3,1322745.0,89.0,1
2020,13_EC1V,Q4a,1583333.33,111.33,3
2020,13_EC1V,Q4b,,,0
2020,13_EC2A,Q1,885454.0,47.4,20
2020,13_EC2A,Q2,1741220.0,70.0,4
2020,13_EC2A,Q3,1462604.29,83.54,28
2020,13_EC2A,Q4a,2189855.62,129.88,8
2020,13_EC2A,Q4b,5946715.0,244.5,2
2020,13_N1,Q1,585634.54,51.63,117
2020,13_N1,Q2,633083.27,68.61,73
2020,13_N1,Q3,845807.81,85.11,64
2020,13_N1,Q4a,1177287.04,126.51,27
2020,13_N1,Q4b,2023785.71,186.14,7
2020,13_N15,Q1,,,0
2020,13_N15,Q2,,,0
2020,13_N15,Q3,,,0
2020,13_N15,Q4a,,,0
2020,13_N15,Q4b,,,0
2020,13_N16,Q1,419421.67,49.98,90
2020,13_N16,Q2,520901.53,69.12,79
2020,13_N16,Q3,663314.19,88.45,74
2020,13_N16,Q4a,1086999.19,123.73,68
2020,13_N16,Q4b,1272154.36,186.27,39
2020,13_N4,Q1,447421.71,51.61,76
2020,13_N4,Q2,596429.81,67.89,52
2020,13_N4,Q3,708128.29,86.83,38
2020,13_N4,Q4a,1056673.05,119.64,22
2020,13_N4,Q4b,1850000.0,222.5,2
2020,13_N5,Q1,455449.6,42.93,5
2020,13_N5,Q2,748125.0,74.5,2
2020,13_N5,Q3,,,0
2020,13_N5,Q4a,763966.0,123.46,1
2020,13_N5,Q4b,,,0
2020,14_NW10,Q1,,,0
2020,14_NW10,Q2,,,0
2020,14_NW10,Q3,636000.0,86.0,1
2020,14_NW10,Q4a,690000.0,105.0,1
2020,14_NW10,Q4b,,,0
2020,14_SW10,Q1,191638.89,50.33,36
2020,14_SW10,Q2,235833.33,70.17,30
2020,14_SW10,Q3,493937.5,86.0,16
2020,14_SW10,Q4a,1674461.54,120.0,13
2020,14_SW10,Q4b,4712096.15,220.77,13
2020,14_SW6,Q1,553352.68,49.09,189
2020,14_SW6,Q2,700728.73,68.45,127
2020,14_SW6,Q3,1033798.61,87.4,149
2020,14_SW6,Q4a,1449850.68,126.18,140
2020,14_SW6,Q4b,2213371.59,206.31,160
2020,14_W10,Q1,,,0
2020,14_W10,Q2,,,0
2020,14_W10,Q3,,,0
2020,14_W10,Q4a,,,0
2020,14_W10,Q4b,,,0
2020,14_W11,Q1,275500.0,46.11,2
2020,14_W11,Q2,550000.0,66.0,1
2020,14_W11,Q3,,,0
2020,14_W11,Q4a,,,0
2020,14_W11,Q4b,,,0
2020,14_W12,Q1,522015.66,49.08,108
2020,14_W12,Q2,766367.31,70.31,83
2020,14_W12,Q3,924176.55,87.46,92
2020,14_W12,Q4a,1094220.09,124.28,45
2020,14_W12,Q4b,1976859.3,194.77,43
2020,14_W14,Q1,483598.14,45.98,73
2020,14_W14,Q2,700777.05,67.33,42
2020,14_W14,Q3,891418.38,89.15,37
2020,14_W14,Q4a,1187777.78,126.89,18
2020,14_W14,Q4b,1905437.5,186.78,16
2020,14_W3,Q1,441800.0,47.0,5
2020,14_W3,Q2,375166.67,74.0,3
2020,14_W3,Q3,,,0
2020,14_W3,Q4a,,,0
2020,14_W3,Q4b,,,0
2020,14_W4,Q1,382500.0,42.5,2
2020,14_W4,Q2,,,0
2020,14_W4,Q3,,,0
2020,14_W4,Q4a,,,0
2020,14_W4,Q4b,,,0
2020,14_W6,Q1,463553.65,44.32,127
2020,14_W6,Q2,609042.17,69.02,54
2020,14_W6,Q3,1036216.81,88.58,113
2020,14_W6,Q4a,1307089.17,128.34,65
2020,14_W6,Q4b,2117761.73,182.02,45
2020,15_N10,Q1,409250.49,50.35,39
2020,15_N10,Q2,529852.53,69.2,36
2020,15_N10,Q3,708741.87,88.5,23
2020,15_N10,Q4a,1124467.31,128.57,39
2020,15_N10,Q4b,1614326.72,204.47,58
2020,15_N11,Q1,317364.06,46.01,16
2020,15_N11,Q2,474491.33,69.0,15
2020,15_N11,Q3,541333.33,93.92,6
2020,15_N11,Q4a,763166.67,114.5,9
2020,15_N11,Q4b,838922.5,167.25,8
2020,15_N13,Q1,,,0
2020,15_N13,Q2,453000.0,76.0,1
2020,15_N13,Q3,450000.0,84.0,1
2020,15_N13,Q4a,548000.0,104.0,1
2020,15_N13,Q4b,,,0
2020,15_N15,Q1,346236.09,51.05,46
2020,15_N15,Q2,457641.51,68.66,47
2020,15_N15,Q3,604339.04,90.04,52
2020,15_N15,Q4a,682237.5,115.78,40
2020,15_N15,Q4b,891800.0,168.6,5
2020,15_N17,Q1,296320.27,44.79,148
2020,15_N17,Q2,406808.01,69.73,93
2020,15_N17,Q3,468200.73,88.55,67
2020,15_N17,Q4a,605451.92,115.85,52
2020,15_N17,Q4b,,,0
2020,15_N18,Q1,,,0
2020,15_N18,Q2,,,0
2020,15_N18,Q3,,,0
2020,15_N18,Q4a,,,0
2020,15_N18,Q4b,,,0
2020,15_N2,Q1,400000.0,52.0,1
2020,15_N2,Q2,474000.0,68.86,7
2020,15_N2,Q3,665000.0,86.45,5
2020,15_N2,Q4a,1228750.0,128.4,10
2020,15_N2,Q4b,2017395.45,215.24,11
2020,15_N22,Q1,361532.53,48.76,43
2020,15_N22,Q2,448606.07,68.24,70
2020,15_N22,Q3,541884.0,87.61,50
2020,15_N22,Q4a,793590.68,123.68,59
2020,15_N22,Q4b,1235461.54,189.92,13
2020,15_N4,Q1,389120.92,47.46,38
2020,15_N4,Q2,510314.29,67.81,35
2020,15_N4,Q3,734150.0,90.21,20
2020,15_N4,Q4a,858217.86,122.26,22
2020,15_N4,Q4b,1318629.33,192.87,15
2020,15_N6,Q1,480285.71,46.93,28
2020,15_N6,Q2,614271.77,69.13,26
2020,15_N6,Q3,824382.69,89.55,26
2020,15_N6,Q4a,1190853.41,124.27,22
2020,15_N6,Q4b,2267137.5,217.68,40
2020,15_N8,Q1,412099.4,49.29,85
2020,15_N8,Q2,536877.05,68.0,97
2020,15_N8,Q3,636849.5,87.83,64
2020,15_N8,Q4a,993892.41,125.9,66
2020,15_N8,Q4b,1404493.9,187.62,41
2020,16_HA1,Q1,284469.24,47.43,87
2020,16_HA1,Q2,419614.3,71.06,175
2020,16_HA1,Q3,500199.2,88.87,89
2020,16_HA1,Q4a,619508.65,119.46,52
2020,16_HA1,Q4b,879111.11,181.18,18
2020,16_HA2,Q1,294366.16,51.77,82
2020,16_HA2,Q2,389616.46,69.25,114
2020,16_HA2,Q3,491731.0,89.72,129
2020,16_HA2,Q4a,598829.07,122.2,129
2020,16_HA2,Q4b,830500.0,170.8,5
2020,16_HA3,Q1,258436.22,48.97,40
2020,16_HA3,Q2,408905.93,69.34,59
2020,16_HA3,Q3,482816.33,89.54,98
2020,16_HA3,Q4a,574239.58,123.67,48
2020,16_HA3,Q4b,803576.92,183.62,13
2020,16_HA4,Q1,,,0
2020,16_HA4,Q2,,,0
2020,16_HA4,Q3,480000.0,93.0,1
2020,16_HA4,Q4a,,,0
2020,16_HA4,Q4b,,,0
2020,16_HA5,Q1,317331.67,49.58,24
2020,16_HA5,Q2,443453.12,69.58,32
2020,16_HA5,Q3,566545.92,88.77,49
2020,16_HA5,Q4a,760434.91,125.24,96
2020,16_HA5,Q4b,1094972.86,192.83,70
2020,16_HA7,Q1,329184.31,46.32,51
2020,16_HA7,Q2,412946.89,70.19,45
2020,16_HA7,Q3,542053.89,88.9,83
2020,16_HA7,Q4a,746602.02,120.54,49
2020,16_HA7,Q4b,1143157.89,215.03,38
2020,16_HA8,Q1,282391.0,49.71,15
2020,16_HA8,Q2,428063.65,69.85,26
2020,16_HA8,Q3,490603.95,87.45,38
2020,16_HA8,Q4a,568062.96,118.44,27
2020,16_HA8,Q4b,1034666.67,188.67,3
2020,16_NW9,Q1,,,0
2020,16_NW9,Q2,,,0
2020,16_NW9,Q3,,,0
2020,16_NW9,Q4a,,,0
2020,16_NW9,Q4b,,,0
2020,16_UB5,Q1,250000.0,41.0,1
2020,16_UB5,Q2,465000.0,77.0,1
2020,16_UB5,Q3,384333.33,85.0,3
2020,16_UB5,Q4a,441000.0,129.0,1
2020,16_UB5,Q4b,,,0
2020,16_WD23,Q1,,,0
2020,16_WD23,Q2,,,0
2020,16_WD23,Q3,,,0
2020,16_WD23,Q4a,,,0
2020,16_WD23,Q4b,,,0
2020,17_RM1,Q1,223598.21,45.17,56
2020,17_RM1,Q2,310977.78,68.37,45
2020,17_RM1,Q3,425899.94,89.55,80
2020,17_RM1,Q4a,510750.0,120.46,58
2020,17_RM1,Q4b,706194.44,186.11,18
2020,17_RM11,Q1,273612.09,50.24,43
2020,17_RM11,Q2,325595.85,69.26,60
2020,17_RM11,Q3,444436.05,90.34,129
2020,17_RM11,Q4a,556621.5,121.71,107
2020,17_RM11,Q4b,877673.88,203.56,52
2020,17_RM12,Q1,283049.02,48.5,51
2020,17_RM12,Q2,356275.07,70.16,103
2020,17_RM12,Q3,411651.23,89.22,222
2020,17_RM12,Q4a,505572.77,119.37,81
2020,17_RM12,Q4b,685857.14,177.93,7
2020,17_RM13,Q1,237187.5,48.6,16
2020,17_RM13,Q2,298681.37,70.99,102
2020,17_RM13,Q3,359870.37,88.51,135
2020,17_RM13,Q4a,416819.39,118.82,90
2020,17_RM13,Q4b,548888.89,182.44,9
2020,17_RM14,Q1,332729.17,52.93,24
2020,17_RM14,Q2,396888.06,70.23,67
2020,17_RM14,Q3,469076.88,90.22,104
2020,17_RM14,Q4a,629626.46,121.63,106
2020,17_RM14,Q4b,855065.79,193.03,38
2020,17_RM2,Q1,251416.67,51.88,30
2020,17_RM2,Q2,332630.43,70.19,23
2020,17_RM2,Q3,457316.67,90.67,60
2020,17_RM2,Q4a,576202.17,123.27,46
2020,17_RM2,Q4b,754040.0,178.44,25
2020,17_RM3,Q1,234199.15,48.89,59
2020,17_RM3,Q2,312232.56,69.86,129
2020,17_RM3,Q3,369990.06,87.97,178
2020,17_RM3,Q4a,454229.51,118.6,61
2020,17_RM3,Q4b,642857.14,170.86,7
2020,17_RM4,Q1,,,0
2020,17_RM4,Q2,275000.0,63.0,1
2020,17_RM4,Q3,595000.0,103.0,1
2020,17_RM4,Q4a,590000.0,134.0,1
2020,17_RM4,Q4b,861666.67,235.0,3
2020,17_RM5,Q1,222017.69,49.77,13
2020,17_RM5,Q2,325243.64,70.78,55
2020,17_RM5,Q3,371643.51,87.98,88
2020,17_RM5,Q4a,433124.09,119.79,33
2020,17_RM5,Q4b,730666.67,204.67,3
2020,17_RM7,Q1,229701.08,40.96,93
2020,17_RM7,Q2,322682.1,68.47,90
2020,17_RM7,Q3,379728.17,88.64,106
2020,17_RM7,Q4a,416312.16,115.69,37
2020,17_RM7,Q4b,547500.0,165.0,4
2020,18_HA4,Q1,326848.75,50.38,89
2020,18_HA4,Q2,418424.72,67.48,182
2020,18_HA4,Q3,538689.1,90.23,157
2020,18_HA4,Q4a,662368.1,121.91,119
2020,18_HA4,Q4b,925627.78,173.32,27
2020,18_HA5,Q1,380076.92,51.86,13
2020,18_HA5,Q2,433454.55,70.13,33
2020,18_HA5,Q3,597528.57,90.27,35
2020,18_HA5,Q4a,728476.32,122.03,38
2020,18_HA5,Q4b,929750.0,182.2,10
2020,18_HA6,Q1,277106.52,49.87,23
2020,18_HA6,Q2,482501.31,69.82,26
2020,18_HA6,Q3,539978.02,87.59,48
2020,18_HA6,Q4a,740608.33,124.53,36
2020,18_HA6,Q4b,1263980.0,211.48,25
2020,18_TW19,Q1,,,0
2020,18_TW19,Q2,,,0
2020,18_TW19,Q3,,,0
2020,18_TW19,Q4a,,,0
2020,18_TW19,Q4b,,,0
2020,18_UB10,Q1,332048.0,50.78,70
2020,18_UB10,Q2,386517.88,67.4,156
2020,18_UB10,Q3,509195.64,87.47,117
2020,18_UB10,Q4a,662476.25,123.3,80
2020,18_UB10,Q4b,925560.98,184.45,41
2020,18_UB3,Q1,262800.74,44.71,68
2020,18_UB3,Q2,387035.34,69.61,99
2020,18_UB3,Q3,419931.41,87.6,86
2020,18_UB3,Q4a,486227.04,117.33,24
2020,18_UB3,Q4b,560000.0,169.5,2
2020,18_UB4,Q1,265787.5,47.91,52
2020,18_UB4,Q2,380092.14,68.84,70
2020,18_UB4,Q3,427215.43,88.2,81
2020,18_UB4,Q4a,512146.3,121.7,27
2020,18_UB4,Q4b,668333.33,188.67,3
2020,18_UB5,Q1,230875.0,35.9,4
2020,18_UB5,Q2,425000.0,75.0,1
2020,18_UB5,Q3,,,0
2020,18_UB5,Q4a,570000.0,142.0,1
2020,18_UB5,Q4b,,,0
2020,18_UB7,Q1,252986.67,43.67,60
2020,18_UB7,Q2,350385.96,69.39,71
2020,18_UB7,Q3,427280.86,87.74,81
2020,18_UB7,Q4a,500902.88,116.92,26
2020,18_UB7,Q4b,693750.0,172.48,4
2020,18_UB8,Q1,268471.95,47.69,92
2020,18_UB8,Q2,359056.99,67.59,68
2020,18_UB8,Q3,444959.15,89.94,82
2020,18_UB8,Q4a,568442.44,121.97,41
2020,18_UB8,Q4b,691142.86,167.96,14
2020,18_UB9,Q1,291480.0,50.46,15
2020,18_UB9,Q2,338090.91,68.73,22
2020,18_UB9,Q3,462750.0,88.7,16
2020,18_UB9,Q4a,617176.18,123.35,17
2020,18_UB9,Q4b,753332.22,180.67,9
2020,18_WD3,Q1,,,0
2020,18_WD3,Q2,317500.0,72.43,2
2020,18_WD3,Q3,,,0
2020,18_WD3,Q4a,675000.0,106.0,1
2020,18_WD3,Q4b,,,0
2020,19_TW1,Q1,258000.0,41.67,3
2020,19_TW1,Q2,,,0
2020,19_TW1,Q3,,,0
2020,19_TW1,Q4a,,,0
2020,19_TW1,Q4b,,,0
2020,19_TW13,Q1,250741.23,48.56,73
2020,19_TW13,Q2,328300.46,66.55,108
2020,19_TW13,Q3,411374.11,89.58,56
2020,19_TW13,Q4a,481309.52,116.76,21
2020,19_TW13,Q4b,553333.33,182.67,3
2020,19_TW14,Q1,248671.4,49.49,35
2020,19_TW14,Q2,345332.07,68.53,67
2020,19_TW14,Q3,390836.19,88.87,58
2020,19_TW14,Q4a,457500.0,113.85,13
2020,19_TW14,Q4b,,,0
2020,19_TW15,Q1,,,0
2020,19_TW15,Q2,,,0
2020,19_TW15,Q3,,,0
2020,19_TW15,Q4a,,,0
2020,19_TW15,Q4b,,,0
2020,19_TW3,Q1,265097.34,48.84,47
2020,19_TW3,Q2,389119.03,70.91,67
2020,19_TW3,Q3,454471.99,88.34,75
2020,19_TW3,Q4a,526501.72,116.59,29
2020,19_TW3,Q4b,755000.0,168.5,2
2020,19_TW4,Q1,257000.0,48.76,14
2020,19_TW4,Q2,340411.35,70.71,37
2020,19_TW4,Q3,415987.5,89.29,24
2020,19_TW4,Q4a,502692.31,120.75,13
2020,19_TW4,Q4b,,,0
2020,19_TW5,Q1,224750.0,47.62,8
2020,19_TW5,Q2,330058.82,69.18,17
2020,19_TW5,Q3,437817.95,88.23,39
2020,19_TW5,Q4a,549515.15,121.62,33
2020,19_TW5,Q4b,658125.0,184.25,8
2020,19_TW7,Q1,323123.86,48.74,88
2020,19_TW7,Q2,406257.85,69.4,89
2020,19_TW7,Q3,548504.17,89.47,100
2020,19_TW7,Q4a,685467.9,122.91,62
2020,19_TW7,Q4b,780541.67,181.92,12
2020,19_TW8,Q1,326615.24,48.51,55
2020,19_TW8,Q2,409853.18,68.07,55
2020,19_TW8,Q3,544047.05,88.1,39
2020,19_TW8,Q4a,739167.31,118.35,26
2020,19_TW8,Q4b,896142.86,179.43,7
2020,19_UB2,Q1,195500.0,45.07,4
2020,19_UB2,Q2,356250.0,68.38,4
2020,19_UB2,Q3,457187.5,87.08,8
2020,19_UB2,Q4a,505666.67,126.0,3
2020,19_UB2,Q4b,,,0
2020,19_W3,Q1,394000.0,56.7,2
2020,19_W3,Q2,395000.0,60.0,1
2020,19_W3,Q3,653000.0,93.0,1
2020,19_W3,Q4a,763000.0,118.5,2
2020,19_W3,Q4b,,,0
2020,19_W4,Q1,463176.77,45.27,110
2020,19_W4,Q2,566807.94,67.18,63
2020,19_W4,Q3,700692.31,86.9,52
2020,19_W4,Q4a,1183182.53,125.15,79
2020,19_W4,Q4b,2054810.9,209.28,82
2020,19_W5,Q1,517500.0,37.0,2
2020,19_W5,Q2,303250.0,72.9,2
2020,19_W5,Q3,350000.0,78.0,1
2020,19_W5,Q4a,898125.0,128.32,4
2020,19_W5,Q4b,950000.0,155.0,1
2020,19_W6,Q1,450000.0,51.5,1
2020,19_W6,Q2,,,0
2020,19_W6,Q3,660000.0,80.0,1
2020,19_W6,Q4a,1925000.0,148.0,1
2020,19_W6,Q4b,1732000.0,180.0,3
2020,1_IG11,Q1,222211.72,50.84,87
2020,1_IG11,Q2,296717.61,69.35,71
2020,1_IG11,Q3,375364.61,88.32,74
2020,1_IG11,Q4a,461817.37,122.15,76
2020,1_IG11,Q4b,507375.0,176.92,12
2020,1_RM10,Q1,214448.65,50.44,37
2020,1_RM10,Q2,297657.65,68.94,98
2020,1_RM10,Q3,344831.68,87.82,78
2020,1_RM10,Q4a,420428.57,118.07,28
2020,1_RM10,Q4b,415000.0,157.0,1
2020,1_RM5,Q1,,,0
2020,1_RM5,Q2,,,0
2020,1_RM5,Q3,,,0
2020,1_RM5,Q4a,,,0
2020,1_RM5,Q4b,,,0
2020,1_RM6,Q1,188850.0,47.0,10
2020,1_RM6,Q2,329018.52,68.09,27
2020,1_RM6,Q3,376825.0,89.23,40
2020,1_RM6,Q4a,429156.25,117.94,16
2020,1_RM6,Q4b,530000.0,164.0,1
2020,1_RM7,Q1,276936.36,53.64,11
2020,1_RM7,Q2,368035.71,67.92,7
2020,1_RM7,Q3,369289.67,88.34,42
2020,1_RM7,Q4a,455000.0,118.33,9
2020,1_RM7,Q4b,366000.0,216.0,1
2020,1_RM8,Q1,245923.91,50.53,23
2020,1_RM8,Q2,309487.54,69.06,124
2020,1_RM8,Q3,342927.71,86.4,83
2020,1_RM8,Q4a,377947.37,114.74,19
2020,1_RM8,Q4b,508333.33,167.33,3
2020,1_RM9,Q1,217818.52,50.28,27
2020,1_RM9,Q2,304917.77,68.89,100
2020,1_RM9,Q3,338208.33,85.97,48
2020,1_RM9,Q4a,417571.07,120.65,14
2020,1_RM9,Q4b,,,0
2020,20_EC1A,Q1,,,0
2020,20_EC1A,Q2,,,0
2020,20_EC1A,Q3,,,0
2020,20_EC1A,Q4a,,,0
2020,20_EC1A,Q4b,,,0
2020,20_EC1M,Q1,,,0
2020,20_EC1M,Q2,,,0
2020,20_EC1M,Q3,890000.0,89.0,2
2020,20_EC1M,Q4a,,,0
2020,20_EC1M,Q4b,,,0
2020,20_EC1R,Q1,506666.67,38.33,3
2020,20_EC1R,Q2,764800.0,69.8,5
2020,20_EC1R,Q3,933750.0,85.07,4
2020,20_EC1R,Q4a,1953750.0,119.75,4
2020,20_EC1R,Q4b,1945000.0,213.0,3
2020,20_EC1V,Q1,663856.58,51.73,38
2020,20_EC1V,Q2,850901.91,66.36,102
2020,20_EC1V,Q3,1096094.69,91.72,35
2020,20_EC1V,Q4a,1459968.65,125.7,17
2020,20_EC1V,Q4b,2126500.0,176.5,2
2020,20_EC1Y,Q1,462666.67,46.21,6
2020,20_EC1Y,Q2,707142.86,68.14,7
2020,20_EC1Y,Q3,787700.0,91.0,5
2020,20_EC1Y,Q4a,1750000.0,138.0,1
2020,20_EC1Y,Q4b,1675000.0,153.5,2
2020,20_EC2A,Q1,,,0
2020,20_EC2A,Q2,,,0
2020,20_EC2A,Q3,,,0
2020,20_EC2A,Q4a,,,0
2020,20_EC2A,Q4b,,,0
2020,20_N1,Q1,499299.75,47.05,114
2020,20_N1,Q2,652551.46,69.13,76
2020,20_N1,Q3,941212.66,87.76,79
2020,20_N1,Q4a,1281761.75,121.33,51
2020,20_N1,Q4b,2364060.0,186.35,45
2020,20_N16,Q1,350187.5,44.75,4
2020,20_N16,Q2,451000.0,62.0,2
2020,20_N16,Q3,150000.0,85.0,1
2020,20_N16,Q4a,,,0
2020,20_N16,Q4b,,,0
2020,20_N19,Q1,387485.83,48.52,60
2020,20_N19,Q2,519506.89,67.64,36
2020,20_N19,Q3,691316.08,88.27,38
2020,20_N19,Q4a,1055869.48,126.8,29
2020,20_N19,Q4b,1383217.39,189.37,23
2020,20_N4,Q1,419190.39,47.33,128
2020,20_N4,Q2,566500.69,67.09,72
2020,20_N4,Q3,682301.33,85.32,75
2020,20_N4,Q4a,1028712.5,120.12,20
2020,20_N4,Q4b,1348750.0,176.5,8
2020,20_N5,Q1,457651.67,47.15,60
2020,20_N5,Q2,591570.91,67.86,47
2020,20_N5,Q3,781820.25,87.92,56
2020,20_N5,Q4a,1298375.0,131.46,32
2020,20_N5,Q4b,1918948.72,200.61,39
2020,20_N6,Q1,,,0
2020,20_N6,Q2,,,0
2020,20_N6,Q3,,,0
2020,20_N6,Q4a,,,0
2020,20_N6,Q4b,,,0
2020,20_N7,Q1,440565.6,49.42,114
2020,20_N7,Q2,609782.05,69.95,113
2020,20_N7,Q3,693840.8,87.29,49
2020,20_N7,Q4a,963898.78,122.61,18
2020,20_N7,Q4b,1692372.22,202.62,18
2020,20_N8,Q1,338750.0,50.0,2
2020,20_N8,Q2,452500.0,66.5,2
2020,20_N8,Q3,420000.0,87.0,1
2020,20_N8,Q4a,927500.0,120.0,2
2020,20_N8,Q4b,,,0
2020,20_NW5,Q1,,,0
2020,20_NW5,Q2,,,0
2020,20_NW5,Q3,,,0
2020,20_NW5,Q4a,,,0
2020,20_NW5,Q4b,,,0
2020,20_WC1X,Q1,520250.0,40.72,5
2020,20_WC1X,Q2,589766.67,67.33,3
2020,20_WC1X,Q3,1133333.33,80.05,3
2020,20_WC1X,Q4a,,,0
2020,20_WC1X,Q4b,2795000.0,216.0,3
2020,21_SW10,Q1,582352.56,48.54,39
2020,21_SW10,Q2,805093.75,68.73,32
2020,21_SW10,Q3,1185976.55,91.24,31
2020,21_SW10,Q4a,1668800.0,120.36,20
2020,21_SW10,Q4b,3767241.38,220.28,29
2020,21_SW1W,Q1,,,0
2020,21_SW1W,Q2,1291000.0,72.25,4
2020,21_SW1W,Q3,1785000.0,85.0,2
2020,21_SW1W,Q4a,2190000.0,131.91,4
2020,21_SW1W,Q4b,5033333.33,234.67,3
2020,21_SW1X,Q1,763700.0,40.42,5
2020,21_SW1X,Q2,1554166.67,71.33,6
2020,21_SW1X,Q3,1916250.0,93.0,4
2020,21_SW1X,Q4a,3276625.0,130.26,16
2020,21_SW1X,Q4b,5389000.0,207.42,5
2020,21_SW3,Q1,662713.27,41.82,49
2020,21_SW3,Q2,1385000.0,68.94,27
2020,21_SW3,Q3,1635000.47,90.22,19
2020,21_SW3,Q4a,2279252.0,120.38,28
2020,21_SW3,Q4b,4753901.47,224.94,68
2020,21_SW5,Q1,601969.37,45.18,30
2020,21_SW5,Q2,904125.0,69.8,16
2020,21_SW5,Q3,1216770.45,86.12,22
2020,21_SW5,Q4a,1674666.67,121.11,15
2020,21_SW5,Q4b,3639377.12,235.62,8
2020,21_SW7,Q1,682840.0,40.8,25
2020,21_SW7,Q2,979769.24,66.98,29
2020,21_SW7,Q3,1768181.82,89.09,22
2020,21_SW7,Q4a,1803616.12,123.13,25
2020,21_SW7,Q4b,3487371.12,210.41,25
2020,21_W10,Q1,535883.75,48.56,24
2020,21_W10,Q2,720722.17,70.27,18
2020,21_W10,Q3,870583.33,86.36,12
2020,21_W10,Q4a,1310000.0,123.1,13
2020,21_W10,Q4b,2128269.23,178.73,13
2020,21_W11,Q1,625821.95,43.97,41
2020,21_W11,Q2,944109.26,67.51,27
2020,21_W11,Q3,1366354.56,89.44,34
2020,21_W11,Q4a,1873630.43,122.46,23
2020,21_W11,Q4b,4773285.91,240.46,44
2020,21_W14,Q1,538833.33,50.45,6
2020,21_W14,Q2,770178.93,69.19,14
2020,21_W14,Q3,1294763.67,91.83,15
2020,21_W14,Q4a,1699230.77,120.73,13
2020,21_W14,Q4b,3603202.5,223.88,24
2020,21_W2,Q1,552271.4,48.25,5
2020,21_W2,Q2,935000.0,70.61,3
2020,21_W2,Q3,1553750.0,91.75,4
2020,21_W2,Q4a,3114500.0,124.5,2
2020,21_W2,Q4b,1912500.0,168.5,2
2020,21_W8,Q1,642880.36,46.27,28
2020,21_W8,Q2,949137.93,68.52,29
2020,21_W8,Q3,1378398.95,91.71,22
2020,21_W8,Q4a,1927000.0,122.25,36
2020,21_W8,Q4b,5325843.94,235.15,52
2020,22_KT1,Q1,352483.77,48.87,57
2020,22_KT1,Q2,465265.75,67.83,67
2020,22_KT1,Q3,562142.27,88.37,44
2020,22_KT1,Q4a,795746.88,123.27,64
2020,22_KT1,Q4b,1191300.0,191.45,11
2020,22_KT19,Q1,450000.0,55.0,1
2020,22_KT19,Q2,,,0
2020,22_KT19,Q3,,,0
2020,22_KT19,Q4a,,,0
2020,22_KT19,Q4b,,,0
2020,22_KT2,Q1,308235.15,47.67,53
2020,22_KT2,Q2,474395.93,68.51,73
2020,22_KT2,Q3,643803.12,87.75,64
2020,22_KT2,Q4a,875301.25,123.01,76
2020,22_KT2,Q4b,1822709.35,218.94,55
2020,22_KT22,Q1,,,0
2020,22_KT22,Q2,,,0
2020,22_KT22,Q3,,,0
2020,22_KT22,Q4a,520000.0,119.0,1
2020,22_KT22,Q4b,,,0
2020,22_KT3,Q1,335562.5,48.56,40
2020,22_KT3,Q2,456322.22,69.55,45
2020,22_KT3,Q3,562747.83,89.12,92
2020,22_KT3,Q4a,714134.95,121.85,78
2020,22_KT3,Q4b,974201.92,182.93,26
2020,22_KT4,Q1,232437.5,40.0,8
2020,22_KT4,Q2,440194.44,69.09,18
2020,22_KT4,Q3,562200.0,89.35,20
2020,22_KT4,Q4a,664863.64,122.09,22
2020,22_KT4,Q4b,913750.0,182.0,4
2020,22_KT5,Q1,321972.58,43.97,31
2020,22_KT5,Q2,409880.58,68.96,52
2020,22_KT5,Q3,583539.0,92.14,50
2020,22_KT5,Q4a,731944.05,124.11,42
2020,22_KT5,Q4b,1028722.22,195.75,18
2020,22_KT6,Q1,330940.92,48.28,89
2020,22_KT6,Q2,437537.74,68.4,98
2020,22_KT6,Q3,547289.39,89.37,99
2020,22_KT6,Q4a,707389.64,119.48,53
2020,22_KT6,Q4b,1259402.46,212.08,28
2020,22_KT9,Q1,291735.9,50.34,39
2020,22_KT9,Q2,369169.57,69.35,69
2020,22_KT9,Q3,442481.01,88.35,79
2020,22_KT9,Q4a,530222.22,120.2,36
2020,22_KT9,Q4b,702000.0,170.2,5
2020,22_SW15,Q1,343250.0,55.91,2
2020,22_SW15,Q2,448125.0,70.75,4
2020,22_SW15,Q3,671900.0,92.2,10
2020,22_SW15,Q4a,764090.91,135.8,11
2020,22_SW15,Q4b,1091785.71,193.31,7
2020,22_SW20,Q1,,,0
2020,22_SW20,Q2,,,0
2020,22_SW20,Q3,,,0
2020,22_SW20,Q4a,642500.0,110.0,1
2020,22_SW20,Q4b,,,0
2020,22_TW10,Q1,,,0
2020,22_TW10,Q2,,,0
2020,22_TW10,Q3,640000.0,90.0,1
2020,22_TW10,Q4a,,,0
2020,22_TW10,Q4b,1866136.56,221.0,9
2020,23_SE1,Q1,751466.57,48.75,157
2020,23_SE1,Q2,997181.74,64.78,115
2020,23_SE1,Q3,1417121.13,90.96,97
2020,23_SE1,Q4a,2487297.04,127.06,50
2020,23_SE1,Q4b,5272812.5,205.12,8
2020,23_SE11,Q1,357266.89,47.67,37
2020,23_SE11,Q2,547157.68,66.49,31
2020,23_SE11,Q3,578076.92,89.69,13
2020,23_SE11,Q4a,1085000.0,127.1,8
2020,23_SE11,Q4b,1323000.0,166.8,5
2020,23_SE19,Q1,393597.5,48.87,20
2020,23_SE19,Q2,438272.73,69.24,22
2020,23_SE19,Q3,556312.5,85.73,16
2020,23_SE19,Q4a,721888.89,119.24,9
2020,23_SE19,Q4b,633500.0,160.0,1
2020,23_SE21,Q1,383637.72,50.12,25
2020,23_SE21,Q2,455500.0,69.89,13
2020,23_SE21,Q3,643964.29,90.11,14
2020,23_SE21,Q4a,750046.88,119.17,16
2020,23_SE21,Q4b,1571420.45,210.27,11
2020,23_SE24,Q1,432710.0,48.04,30
2020,23_SE24,Q2,523150.0,67.96,20
2020,23_SE24,Q3,714102.23,88.8,22
2020,23_SE24,Q4a,1117994.32,123.64,22
2020,23_SE24,Q4b,1369570.53,192.47,15
2020,23_SE27,Q1,367192.76,51.42,49
2020,23_SE27,Q2,446979.59,69.34,49
2020,23_SE27,Q3,567911.73,90.71,49
2020,23_SE27,Q4a,748991.74,121.92,38
2020,23_SE27,Q4b,1360847.29,209.84,14
2020,23_SE5,Q1,394000.0,46.91,6
2020,23_SE5,Q2,517041.67,68.28,12
2020,23_SE5,Q3,681500.0,91.06,13
2020,23_SE5,Q4a,893117.59,122.8,17
2020,23_SE5,Q4b,1288708.33,190.08,12
2020,23_SW12,Q1,489080.26,50.39,19
2020,23_SW12,Q2,587135.74,67.21,35
2020,23_SW12,Q3,700238.89,87.16,27
2020,23_SW12,Q4a,1105488.82,125.96,34
2020,23_SW12,Q4b,1369588.89,177.89,18
2020,23_SW16,Q1,338894.39,47.76,131
2020,23_SW16,Q2,447800.13,67.75,122
2020,23_SW16,Q3,530266.16,88.84,105
2020,23_SW16,Q4a,705478.35,124.84,80
2020,23_SW16,Q4b,1109855.82,202.92,49
2020,23_SW2,Q1,383966.95,47.55,118
2020,23_SW2,Q2,484360.44,67.9,109
2020,23_SW2,Q3,640122.15,89.7,82
2020,23_SW2,Q4a,898190.7,126.7,67
2020,23_SW2,Q4b,1268185.94,201.56,32
2020,23_SW4,Q1,436161.33,44.09,128
2020,23_SW4,Q2,548050.85,68.12,79
2020,23_SW4,Q3,705203.93,87.79,73
2020,23_SW4,Q4a,1061395.35,119.92,43
2020,23_SW4,Q4b,1640625.57,199.82,60
2020,23_SW8,Q1,481980.74,50.6,111
2020,23_SW8,Q2,730507.91,67.58,68
2020,23_SW8,Q3,906746.96,85.46,103
2020,23_SW8,Q4a,1191946.32,122.46,25
2020,23_SW8,Q4b,1971657.35,198.13,17
2020,23_SW9,Q1,429550.8,49.42,133
2020,23_SW9,Q2,519483.58,69.53,109
2020,23_SW9,Q3,635622.59,88.4,64
2020,23_SW9,Q4a,859277.78,121.52,27
2020,23_SW9,Q4b,1319340.23,176.3,13
2020,24_BR1,Q1,253111.11,45.69,9
2020,24_BR1,Q2,338995.83,68.66,60
2020,24_BR1,Q3,388412.5,86.71,40
2020,24_BR1,Q4a,494150.0,117.76,10
2020,24_BR1,Q4b,650000.0,155.0,1
2020,24_BR3,Q1,242500.0,58.0,1
2020,24_BR3,Q2,280000.0,60.0,1
2020,24_BR3,Q3,,,0
2020,24_BR3,Q4a,,,0
2020,24_BR3,Q4b,,,0
2020,24_SE10,Q1,376642.86,51.86,7
2020,24_SE10,Q2,424125.0,67.55,8
2020,24_SE10,Q3,,,0
2020,24_SE10,Q4a,828000.0,124.7,5
2020,24_SE10,Q4b,1500000.0,223.0,1
2020,24_SE12,Q1,265800.89,48.89,62
2020,24_SE12,Q2,386982.69,68.62,52
2020,24_SE12,Q3,472681.36,89.17,70
2020,24_SE12,Q4a,658719.49,121.61,41
2020,24_SE12,Q4b,1043375.0,197.0,16
2020,24_SE13,Q1,335178.84,49.27,129
2020,24_SE13,Q2,406944.26,67.59,96
2020,24_SE13,Q3,551355.74,90.11,101
2020,24_SE13,Q4a,737933.16,123.84,77
2020,24_SE13,Q4b,1187084.48,188.36,29
2020,24_SE14,Q1,365389.68,48.55,95
2020,24_SE14,Q2,483548.07,68.97,96
2020,24_SE14,Q3,591948.28,88.86,29
2020,24_SE14,Q4a,802238.58,117.79,24
2020,24_SE14,Q4b,1195856.33,199.5,12
2020,24_SE15,Q1,437500.0,56.0,2
2020,24_SE15,Q2,484000.0,71.0,1
2020,24_SE15,Q3,,,0
2020,24_SE15,Q4a,,,0
2020,24_SE15,Q4b,,,0
2020,24_SE16,Q1,375250.0,50.75,4
2020,24_SE16,Q2,526400.0,69.8,5
2020,24_SE16,Q3,637500.0,88.0,2
2020,24_SE16,Q4a,,,0
2020,24_SE16,Q4b,,,0
2020,24_SE23,Q1,330437.95,48.81,102
2020,24_SE23,Q2,431489.68,68.72,99
2020,24_SE23,Q3,574226.42,89.36,95
2020,24_SE23,Q4a,766469.83,124.33,95
2020,24_SE23,Q4b,1015892.86,191.99,28
2020,24_SE26,Q1,297725.51,50.13,49
2020,24_SE26,Q2,384694.86,68.01,69
2020,24_SE26,Q3,501048.62,88.24,65
2020,24_SE26,Q4a,706532.97,124.3,34
2020,24_SE26,Q4b,1058631.58,187.83,19
2020,24_SE3,Q1,402463.64,50.54,11
2020,24_SE3,Q2,480823.53,68.62,17
2020,24_SE3,Q3,667307.69,89.85,13
2020,24_SE3,Q4a,836866.67,115.81,15
2020,24_SE3,Q4b,2528000.0,265.4,5
2020,24_SE4,Q1,367599.63,49.1,70
2020,24_SE4,Q2,475942.35,69.05,52
2020,24_SE4,Q3,616690.74,89.23,50
2020,24_SE4,Q4a,771665.25,122.21,85
2020,24_SE4,Q4b,1207214.29,171.86,7
2020,24_SE6,Q1,276038.89,48.71,90
2020,24_SE6,Q2,382212.58,68.61,69
2020,24_SE6,Q3,474084.27,89.18,125
2020,24_SE6,Q4a,598562.53,121.32,81
2020,24_SE6,Q4b,789210.53,174.81,19
2020,24_SE8,Q1,346418.81,48.9,105
2020,24_SE8,Q2,474105.39,69.31,93
2020,24_SE8,Q3,562445.73,85.69,51
2020,24_SE8,Q4a,690000.0,122.48,18
2020,24_SE8,Q4b,1123250.5,163.0,2
2020,24_SE9,Q1,216500.0,49.0,2
2020,24_SE9,Q2,318062.5,70.12,8
2020,24_SE9,Q3,424285.71,88.86,7
2020,24_SE9,Q4a,315000.0,110.0,1
2020,24_SE9,Q4b,,,0
2020,25_CR4,Q1,279081.34,48.26,94
2020,25_CR4,Q2,359264.2,69.68,88
2020,25_CR4,Q3,434032.87,88.32,116
2020,25_CR4,Q4a,528116.15,118.48,65
2020,25_CR4,Q4b,588333.33,156.0,3
2020,25_CR7,Q1,,,0
2020,25_CR7,Q2,,,0
2020,25_CR7,Q3,,,0
2020,25_CR7,Q4a,,,0
2020,25_CR7,Q4b,,,0
2020,25_KT3,Q1,290162.5,48.21,12
2020,25_KT3,Q2,429000.0,69.09,9
2020,25_KT3,Q3,619000.0,93.14,13
2020,25_KT3,Q4a,640662.5,121.0,20
2020,25_KT3,Q4b,700000.0,176.0,1
2020,25_SM3,Q1,,,0
2020,25_SM3,Q2,,,0
2020,25_SM3,Q3,,,0
2020,25_SM3,Q4a,,,0
2020,25_SM3,Q4b,,,0
2020,25_SM4,Q1,294219.7,50.52,50
2020,25_SM4,Q2,394188.41,68.36,99
2020,25_SM4,Q3,484063.64,87.81,99
2020,25_SM4,Q4a,600577.6,122.57,42
2020,25_SM4,Q4b,800000.0,167.67,3
2020,25_SW16,Q1,343687.5,50.31,8
2020,25_SW16,Q2,389646.76,70.29,17
2020,25_SW16,Q3,452427.78,89.57,18
2020,25_SW16,Q4a,548565.0,122.88,8
2020,25_SW16,Q4b,,,0
2020,25_SW17,Q1,399294.12,49.92,17
2020,25_SW17,Q2,517944.44,72.47,18
2020,25_SW17,Q3,596766.67,88.36,24
2020,25_SW17,Q4a,724933.33,123.27,15
2020,25_SW17,Q4b,,,0
2020,25_SW18,Q1,352000.0,44.0,1
2020,25_SW18,Q2,,,0
2020,25_SW18,Q3,852500.0,89.5,2
2020,25_SW18,Q4a,1118312.5,128.5,8
2020,25_SW18,Q4b,,,0
2020,25_SW19,Q1,387905.83,47.83,168
2020,25_SW19,Q2,534808.51,68.89,138
2020,25_SW19,Q3,751786.87,90.05,139
2020,25_SW19,Q4a,960045.36,121.7,158
2020,25_SW19,Q4b,2035920.01,218.49,111
2020,25_SW20,Q1,360112.13,45.12,68
2020,25_SW20,Q2,512970.15,68.07,67
2020,25_SW20,Q3,670579.01,90.77,82
2020,25_SW20,Q4a,820981.17,121.16,106
2020,25_SW20,Q4b,1490683.64,204.79,55
2020,26_E12,Q1,225194.86,48.07,22
2020,26_E12,Q2,337100.0,65.6,5
2020,26_E12,Q3,404765.0,91.57,25
2020,26_E12,Q4a,473907.41,118.15,27
2020,26_E12,Q4b,,,0
2020,26_E13,Q1,281514.06,49.99,33
2020,26_E13,Q2,359847.56,69.71,59
2020,26_E13,Q3,436098.63,90.18,87
2020,26_E13,Q4a,481870.97,117.65,31
2020,26_E13,Q4b,593468.67,160.17,30
2020,26_E15,Q1,345742.47,50.53,75
2020,26_E15,Q2,454077.06,68.92,85
2020,26_E15,Q3,504204.66,90.01,95
2020,26_E15,Q4a,565575.74,114.9,34
2020,26_E15,Q4b,350000.0,208.0,1
2020,26_E16,Q1,374189.15,51.29,312
2020,26_E16,Q2,485900.49,70.13,219
2020,26_E16,Q3,576167.24,87.86,191
2020,26_E16,Q4a,662431.84,114.8,38
2020,26_E16,Q4b,953000.0,211.33,3
2020,26_E20,Q1,473500.0,50.4,5
2020,26_E20,Q2,641407.22,69.78,9
2020,26_E20,Q3,626516.67,93.0,3
2020,26_E20,Q4a,630000.0,109.0,1
2020,26_E20,Q4b,,,0
2020,26_E3,Q1,,,0
2020,26_E3,Q2,545000.0,77.0,1
2020,26_E3,Q3,,,0
2020,26_E3,Q4a,,,0
2020,26_E3,Q4b,,,0
2020,26_E6,Q1,291596.85,51.08,75
2020,26_E6,Q2,358311.19,70.82,73
2020,26_E6,Q3,399811.78,88.69,119
2020,26_E6,Q4a,458512.04,115.68,47
2020,26_E6,Q4b,563500.0,178.75,4
2020,26_E7,Q1,309205.36,50.97,28
2020,26_E7,Q2,395335.0,67.95,24
2020,26_E7,Q3,462602.27,88.68,44
2020,26_E7,Q4a,583479.59,119.5,49
2020,26_E7,Q4b,696416.67,184.75,12
2020,27_E11,Q1,322781.25,50.72,32
2020,27_E11,Q2,467892.86,67.76,28
2020,27_E11,Q3,652928.21,90.54,39
2020,27_E11,Q4a,892076.05,121.32,38
2020,27_E11,Q4b,1135525.0,192.76,20
2020,27_E12,Q1,300000.0,45.0,1
2020,27_E12,Q2,368250.0,73.25,4
2020,27_E12,Q3,519449.0,91.2,5
2020,27_E12,Q4a,853542.86,122.36,14
2020,27_E12,Q4b,1055750.0,167.83,6
2020,27_E18,Q1,311984.55,49.42,55
2020,27_E18,Q2,389385.95,66.03,43
2020,27_E18,Q3,569321.25,90.1,40
2020,27_E18,Q4a,703248.48,124.42,46
2020,27_E18,Q4b,1018921.05,179.89,19
2020,27_IG1,Q1,212288.59,48.08,46
2020,27_IG1,Q2,307019.11,68.72,28
2020,27_IG1,Q3,376183.85,88.76,66
2020,27_IG1,Q4a,494073.53,120.75,68
2020,27_IG1,Q4b,667857.14,181.12,21
2020,27_IG11,Q1,126400.0,42.0,5
2020,27_IG11,Q2,248000.0,66.0,1
2020,27_IG11,Q3,342500.0,81.0,2
2020,27_IG11,Q4a,,,0
2020,27_IG11,Q4b,,,0
2020,27_IG2,Q1,256861.11,48.37,18
2020,27_IG2,Q2,346131.58,66.77,19
2020,27_IG2,Q3,451821.77,91.07,52
2020,27_IG2,Q4a,528569.41,121.54,34
2020,27_IG2,Q4b,661500.0,166.5,2
2020,27_IG3,Q1,236500.0,47.82,17
2020,27_IG3,Q2,343700.0,72.5,10
2020,27_IG3,Q3,438163.04,94.27,46
2020,27_IG3,Q4a,530410.06,124.8,49
2020,27_IG3,Q4b,577500.0,194.83,6
2020,27_IG4,Q1,111075.0,40.65,6
2020,27_IG4,Q2,244250.0,65.55,4
2020,27_IG4,Q3,536096.43,94.36,14
2020,27_IG4,Q4a,541705.88,124.57,17
2020,27_IG4,Q4b,732416.67,175.0,6
2020,27_IG5,Q1,272500.0,48.4,5
2020,27_IG5,Q2,396236.84,71.63,19
2020,27_IG5,Q3,468399.3,90.48,37
2020,27_IG5,Q4a,573200.0,123.32,40
2020,27_IG5,Q4b,693363.64,171.25,11
2020,27_IG6,Q1,277604.81,49.01,31
2020,27_IG6,Q2,350393.87,68.77,54
2020,27_IG6,Q3,427943.31,88.96,86
2020,27_IG6,Q4a,540950.0,122.03,50
2020,27_IG6,Q4b,677857.14,162.71,7
2020,27_IG7,Q1,285260.87,49.35,23
2020,27_IG7,Q2,339644.44,68.61,18
2020,27_IG7,Q3,411437.14,88.91,35
2020,27_IG7,Q4a,588663.46,122.79,26
2020,27_IG7,Q4b,760250.0,177.6,20
2020,27_IG8,Q1,296125.0,50.62,22
2020,27_IG8,Q2,379547.17,70.09,53
2020,27_IG8,Q3,506523.94,89.98,94
2020,27_IG8,Q4a,709896.2,125.14,79
2020,27_IG8,Q4b,1032342.86,191.83,35
2020,27_IG9,Q1,285000.0,49.0,1
2020,27_IG9,Q2,422000.0,72.33,3
2020,27_IG9,Q3,553750.0,88.75,4
2020,27_IG9,Q4a,678333.33,126.17,6
2020,27_IG9,Q4b,903062.5,172.0,8
2020,27_RM6,Q1,215214.29,49.1,14
2020,27_RM6,Q2,329718.75,67.67,16
2020,27_RM6,Q3,407812.5,89.91,56
2020,27_RM6,Q4a,475033.17,120.0,30
2020,27_RM6,Q4b,583000.0,162.2,5
2020,27_RM8,Q1,247812.5,44.42,8
2020,27_RM8,Q2,342100.0,65.4,5
2020,27_RM8,Q3,277088.0,96.0,1
2020,27_RM8,Q4a,,,0
2020,27_RM8,Q4b,,,0
2020,28_KT1,Q1,342533.33,46.91,15
2020,28_KT1,Q2,462032.14,68.26,14
2020,28_KT1,Q3,547637.5,93.5,4
2020,28_KT1,Q4a,853814.29,113.64,7
2020,28_KT1,Q4b,1420416.67,215.17,6
2020,28_KT2,Q1,279975.0,43.5,2
2020,28_KT2,Q2,,,0
2020,28_KT2,Q3,630000.0,87.5,2
2020,28_KT2,Q4a,580000.0,104.0,1
2020,28_KT2,Q4b,,,0
2020,28_KT8,Q1,294000.0,41.0,1
2020,28_KT8,Q2,435000.0,69.18,4
2020,28_KT8,Q3,466250.0,81.0,2
2020,28_KT8,Q4a,,,0
2020,28_KT8,Q4b,,,0
2020,28_SW13,Q1,448000.0,54.0,11
2020,28_SW13,Q2,611746.15,66.98,26
2020,28_SW13,Q3,854750.02,90.4,40
2020,28_SW13,Q4a,1223760.38,125.38,53
2020,28_SW13,Q4b,2367133.33,219.15,60
2020,28_SW14,Q1,431962.96,49.66,27
2020,28_SW14,Q2,562086.21,67.22,29
2020,28_SW14,Q3,795125.0,91.04,40
2020,28_SW14,Q4a,1047759.44,124.43,63
2020,28_SW14,Q4b,1737099.92,204.81,65
2020,28_SW15,Q1,359375.0,46.5,4
2020,28_SW15,Q2,440000.0,68.0,1
2020,28_SW15,Q3,552000.0,88.75,4
2020,28_SW15,Q4a,757500.0,105.0,2
2020,28_SW15,Q4b,,,0
2020,28_TW1,Q1,406859.84,48.27,61
2020,28_TW1,Q2,529626.66,67.0,105
2020,28_TW1,Q3,778708.33,90.79,61
2020,28_TW1,Q4a,995413.18,122.4,85
2020,28_TW1,Q4b,1701062.68,211.35,60
2020,28_TW10,Q1,498748.53,50.11,34
2020,28_TW10,Q2,618282.43,69.23,37
2020,28_TW10,Q3,694233.94,87.48,52
2020,28_TW10,Q4a,1062589.15,124.11,46
2020,28_TW10,Q4b,2437793.64,239.6,55
2020,28_TW11,Q1,366033.64,47.9,55
2020,28_TW11,Q2,534356.18,67.32,72
2020,28_TW11,Q3,689302.11,89.32,71
2020,28_TW11,Q4a,987142.74,122.73,101
2020,28_TW11,Q4b,1564200.91,198.07,47
2020,28_TW12,Q1,320651.9,47.85,52
2020,28_TW12,Q2,462459.52,68.28,63
2020,28_TW12,Q3,626586.08,88.19,84
2020,28_TW12,Q4a,840363.97,127.89,67
2020,28_TW12,Q4b,1366958.33,204.86,36
2020,28_TW13,Q1,430000.0,50.0,1
2020,28_TW13,Q2,435000.0,68.0,2
2020,28_TW13,Q3,,,0
2020,28_TW13,Q4a,,,0
2020,28_TW13,Q4b,,,0
2020,28_TW2,Q1,388628.12,49.75,48
2020,28_TW2,Q2,496945.16,69.27,93
2020,28_TW2,Q3,585528.16,90.62,86
2020,28_TW2,Q4a,773017.06,124.09,85
2020,28_TW2,Q4b,1243769.23,190.08,13
2020,28_TW3,Q1,297500.0,56.0,2
2020,28_TW3,Q2,429250.0,69.5,6
2020,28_TW3,Q3,501666.67,95.33,3
2020,28_TW3,Q4a,577500.0,116.0,2
2020,28_TW3,Q4b,712500.0,170.0,2
2020,28_TW4,Q1,295333.33,55.33,3
2020,28_TW4,Q2,246916.67,64.33,3
2020,28_TW4,Q3,502980.0,96.6,5
2020,28_TW4,Q4a,492500.0,106.5,2
2020,28_TW4,Q4b,,,0
2020,28_TW7,Q1,,,0
2020,28_TW7,Q2,530000.0,73.0,2
2020,28_TW7,Q3,522000.0,82.0,1
2020,28_TW7,Q4a,,,0
2020,28_TW7,Q4b,,,0
2020,28_TW9,Q1,403714.02,46.55,56
2020,28_TW9,Q2,601667.21,68.58,61
2020,28_TW9,Q3,770536.29,90.35,49
2020,28_TW9,Q4a,1067866.52,123.75,40
2020,28_TW9,Q4b,1866937.26,198.63,58
2020,29_SE1,Q1,439037.36,47.81,123
2020,29_SE1,Q2,575075.73,67.93,107
2020,29_SE1,Q3,808505.75,88.82,87
2020,29_SE1,Q4a,1158382.98,120.18,47
2020,29_SE1,Q4b,2235416.67,179.47,12
2020,29_SE11,Q1,407083.33,47.83,6
2020,29_SE11,Q2,526000.0,68.94,5
2020,29_SE11,Q3,774500.0,93.5,2
2020,29_SE11,Q4a,,,0
2020,29_SE11,Q4b,1542500.0,208.5,2
2020,29_SE14,Q1,337000.0,58.0,1
2020,29_SE14,Q2,355000.0,68.0,1
2020,29_SE14,Q3,,,0
2020,29_SE14,Q4a,,,0
2020,29_SE14,Q4b,,,0
2020,29_SE15,Q1,388885.6,49.65,162
2020,29_SE15,Q2,492929.24,69.26,149
2020,29_SE15,Q3,638925.72,89.32,120
2020,29_SE15,Q4a,894611.39,122.64,89
2020,29_SE15,Q4b,1238369.57,173.0,23
2020,29_SE16,Q1,382324.6,48.59,104
2020,29_SE16,Q2,488026.5,67.98,100
2020,29_SE16,Q3,618607.05,88.86,55
2020,29_SE16,Q4a,876433.37,121.06,30
2020,29_SE16,Q4b,687500.0,151.5,2
2020,29_SE17,Q1,431245.61,48.66,64
2020,29_SE17,Q2,549165.58,71.68,71
2020,29_SE17,Q3,687129.39,84.82,46
2020,29_SE17,Q4a,855470.59,117.59,17
2020,29_SE17,Q4b,1115000.0,174.67,3
2020,29_SE19,Q1,287388.89,45.78,9
2020,29_SE19,Q2,495000.0,71.88,2
2020,29_SE19,Q3,501125.0,86.75,8
2020,29_SE19,Q4a,935000.0,138.6,5
2020,29_SE19,Q4b,1240000.0,232.0,4
2020,29_SE21,Q1,288300.0,46.23,5
2020,29_SE21,Q2,381250.0,71.5,4
2020,29_SE21,Q3,585079.0,86.27,9
2020,29_SE21,Q4a,1017166.78,119.53,9
2020,29_SE21,Q4b,2272192.31,228.42,26
2020,29_SE22,Q1,423276.27,50.08,88
2020,29_SE22,Q2,529506.36,67.75,67
2020,29_SE22,Q3,742483.55,89.18,76
2020,29_SE22,Q4a,1015820.99,128.26,85
2020,29_SE22,Q4b,1417042.66,191.22,47
2020,29_SE23,Q1,332291.67,47.9,6
2020,29_SE23,Q2,420600.0,70.94,5
2020,29_SE23,Q3,575000.0,99.0,1
2020,29_SE23,Q4a,1025000.0,133.0,1
2020,29_SE23,Q4b,1359000.0,210.0,3
2020,29_SE24,Q1,381900.0,47.85,7
2020,29_SE24,Q2,789000.0,68.74,9
2020,29_SE24,Q3,780820.0,87.01,9
2020,29_SE24,Q4a,1353018.75,125.18,8
2020,29_SE24,Q4b,1894638.89,210.41,18
2020,29_SE26,Q1,285000.0,44.0,2
2020,29_SE26,Q2,385000.0,65.0,1
2020,29_SE26,Q3,465000.0,78.0,1
2020,29_SE26,Q4a,934240.0,126.51,6
2020,29_SE26,Q4b,,,0
2020,29_SE4,Q1,,,0
2020,29_SE4,Q2,,,0
2020,29_SE4,Q3,,,0
2020,29_SE4,Q4a,,,0
2020,29_SE4,Q4b,1200000.0,179.0,1
2020,29_SE5,Q1,363343.98,48.83,103
2020,29_SE5,Q2,451350.48,68.06,83
2020,29_SE5,Q3,581527.77,90.3,47
2020,29_SE5,Q4a,825880.74,121.26,34
2020,29_SE5,Q4b,1592750.0,202.39,14
2020,29_SE8,Q1,318000.0,45.0,1
2020,29_SE8,Q2,307500.0,67.5,2
2020,29_SE8,Q3,,,0
2020,29_SE8,Q4a,,,0
2020,29_SE8,Q4b,,,0
2020,2_EN4,Q1,290833.33,44.34,24
2020,2_EN4,Q2,431394.71,69.27,38
2020,2_EN4,Q3,563812.19,90.08,57
2020,2_EN4,Q4a,677821.19,121.8,59
2020,2_EN4,Q4b,818600.0,168.33,15
2020,2_EN5,Q1,304777.73,49.51,55
2020,2_EN5,Q2,402148.52,68.08,67
2020,2_EN5,Q3,566161.05,90.68,95
2020,2_EN5,Q4a,715266.21,121.68,99
2020,2_EN5,Q4b,1215521.93,219.52,57
2020,2_HA7,Q1,,,0
2020,2_HA7,Q2,,,0
2020,2_HA7,Q3,,,0
2020,2_HA7,Q4a,,,0
2020,2_HA7,Q4b,,,0
2020,2_HA8,Q1,278074.07,49.63,27
2020,2_HA8,Q2,361423.08,69.59,39
2020,2_HA8,Q3,470868.09,88.5,68
2020,2_HA8,Q4a,644158.96,123.82,48
2020,2_HA8,Q4b,947038.46,191.77,26
2020,2_N10,Q1,300555.56,45.34,9
2020,2_N10,Q2,389333.33,73.32,3
2020,2_N10,Q3,571050.0,89.7,10
2020,2_N10,Q4a,731643.5,114.33,6
2020,2_N10,Q4b,1076596.0,173.2,5
2020,2_N11,Q1,299673.08,46.37,13
2020,2_N11,Q2,423979.17,66.83,24
2020,2_N11,Q3,501105.26,87.67,19
2020,2_N11,Q4a,618527.27,118.76,22
2020,2_N11,Q4b,803266.67,177.27,15
2020,2_N12,Q1,340789.23,48.86,65
2020,2_N12,Q2,467385.5,68.68,72
2020,2_N12,Q3,588963.71,89.09,62
2020,2_N12,Q4a,797435.65,125.17,55
2020,2_N12,Q4b,1035055.56,182.0,36
2020,2_N14,Q1,262500.0,38.5,2
2020,2_N14,Q2,475000.0,69.5,2
2020,2_N14,Q3,591579.17,87.0,12
2020,2_N14,Q4a,749794.74,126.26,19
2020,2_N14,Q4b,1095937.5,194.26,8
2020,2_N2,Q1,336370.37,47.86,27
2020,2_N2,Q2,505317.34,68.47,32
2020,2_N2,Q3,737277.78,91.39,27
2020,2_N2,Q4a,958393.42,124.29,38
2020,2_N2,Q4b,2232492.41,202.69,29
2020,2_N20,Q1,352517.24,49.39,29
2020,2_N20,Q2,442764.29,68.1,35
2020,2_N20,Q3,624200.0,91.13,37
2020,2_N20,Q4a,754087.29,119.21,59
2020,2_N20,Q4b,1271025.41,198.66,59
2020,2_N3,Q1,366900.0,52.38,21
2020,2_N3,Q2,439460.77,67.65,52
2020,2_N3,Q3,571875.0,91.44,34
2020,2_N3,Q4a,785451.61,124.12,62
2020,2_N3,Q4b,1319129.63,195.51,54
2020,2_NW11,Q1,420913.0,47.32,23
2020,2_NW11,Q2,505245.24,68.89,21
2020,2_NW11,Q3,666416.67,89.91,36
2020,2_NW11,Q4a,945348.08,125.99,52
2020,2_NW11,Q4b,1716896.49,207.64,57
2020,2_NW2,Q1,362500.0,50.34,12
2020,2_NW2,Q2,441015.0,65.13,20
2020,2_NW2,Q3,592775.0,90.35,36
2020,2_NW2,Q4a,789287.0,117.88,25
2020,2_NW2,Q4b,1692142.86,220.29,7
2020,2_NW3,Q1,,,0
2020,2_NW3,Q2,,,0
2020,2_NW3,Q3,,,0
2020,2_NW3,Q4a,,,0
2020,2_NW3,Q4b,2975000.0,227.0,2
2020,2_NW4,Q1,262619.23,44.57,26
2020,2_NW4,Q2,351998.47,68.83,36
2020,2_NW4,Q3,488774.42,89.51,43
2020,2_NW4,Q4a,720947.37,126.6,38
2020,2_NW4,Q4b,1289251.93,214.47,43
2020,2_NW7,Q1,380931.38,52.33,79
2020,2_NW7,Q2,486660.31,71.4,127
2020,2_NW7,Q3,552235.35,89.9,48
2020,2_NW7,Q4a,757157.19,123.43,84
2020,2_NW7,Q4b,1272019.23,212.0,66
2020,2_NW9,Q1,337472.81,48.03,165
2020,2_NW9,Q2,396097.49,69.05,110
2020,2_NW9,Q3,519355.16,87.61,96
2020,2_NW9,Q4a,607054.97,119.58,90
2020,2_NW9,Q4b,638750.0,172.0,2
2020,2_WD6,Q1,,,0
2020,2_WD6,Q2,,,0
2020,2_WD6,Q3,,,0
2020,2_WD6,Q4a,,,0
2020,2_WD6,Q4b,,,0
2020,30_CR0,Q1,237545.45,48.45,11
2020,30_CR0,Q2,329345.0,67.63,10
2020,30_CR0,Q3,389272.73,90.45,11
2020,30_CR0,Q4a,487714.29,112.14,7
2020,30_CR0,Q4b,551000.0,155.0,1
2020,30_CR4,Q1,262956.5,47.94,50
2020,30_CR4,Q2,351868.06,67.4,36
2020,30_CR4,Q3,411250.0,82.94,4
2020,30_CR4,Q4a,583270.83,125.96,24
2020,30_CR4,Q4b,588705.88,157.12,17
2020,30_CR5,Q1,310000.0,54.62,1
2020,30_CR5,Q2,282500.0,67.0,2
2020,30_CR5,Q3,,,0
2020,30_CR5,Q4a,527770.83,119.67,6
2020,30_CR5,Q4b,,,0
2020,30_CR8,Q1,270000.0,49.0,1
2020,30_CR8,Q2,,,0
2020,30_CR8,Q3,545000.0,95.0,1
2020,30_CR8,Q4a,693333.33,118.67,3
2020,30_CR8,Q4b,978500.0,258.2,5
2020,30_KT17,Q1,,,0
2020,30_KT17,Q2,,,0
2020,30_KT17,Q3,527500.0,86.5,2
2020,30_KT17,Q4a,701000.0,123.67,3
2020,30_KT17,Q4b,1050000.0,161.0,1
2020,30_KT4,Q1,318004.97,52.57,35
2020,30_KT4,Q2,401891.57,68.54,51
2020,30_KT4,Q3,502256.0,86.56,50
2020,30_KT4,Q4a,617483.67,124.32,49
2020,30_KT4,Q4b,803125.0,175.12,16
2020,30_SM1,Q1,275485.32,50.31,106
2020,30_SM1,Q2,352520.0,67.98,140
2020,30_SM1,Q3,442097.63,87.9,148
2020,30_SM1,Q4a,555500.77,120.34,66
2020,30_SM1,Q4b,728307.14,183.95,21
2020,30_SM2,Q1,256653.9,49.73,82
2020,30_SM2,Q2,328475.93,68.53,81
2020,30_SM2,Q3,433590.0,87.66,50
2020,30_SM2,Q4a,688927.08,124.04,48
2020,30_SM2,Q4b,1076445.97,215.18,62
2020,30_SM3,Q1,273002.38,45.54,21
2020,30_SM3,Q2,381044.64,69.4,56
2020,30_SM3,Q3,474012.92,89.57,89
2020,30_SM3,Q4a,600906.14,121.33,57
2020,30_SM3,Q4b,730916.67,163.17,6
2020,30_SM4,Q1,291250.0,52.0,2
2020,30_SM4,Q2,354500.0,67.12,8
2020,30_SM4,Q3,413333.33,93.83,6
2020,30_SM4,Q4a,,,0
2020,30_SM4,Q4b,,,0
2020,30_SM5,Q1,281948.48,50.46,66
2020,30_SM5,Q2,362335.71,68.39,119
2020,30_SM5,Q3,449991.18,88.78,88
2020,30_SM5,Q4a,585172.71,121.61,66
2020,30_SM5,Q4b,890600.0,180.58,30
2020,30_SM6,Q1,257604.97,49.39,105
2020,30_SM6,Q2,349058.42,66.0,221
2020,30_SM6,Q3,442527.36,90.79,91
2020,30_SM6,Q4a,543814.55,123.09,80
2020,30_SM6,Q4b,794177.78,178.04,27
2020,30_SM7,Q1,,,0
2020,30_SM7,Q2,,,0
2020,30_SM7,Q3,796000.0,95.99,2
2020,30_SM7,Q4a,1023140.0,131.5,2
2020,30_SM7,Q4b,1133125.0,249.91,8
2020,31_E1,Q1,483602.88,47.99,198
2020,31_E1,Q2,575005.74,69.39,128
2020,31_E1,Q3,698146.93,87.2,88
2020,31_E1,Q4a,1022623.88,118.4,24
2020,31_E1,Q4b,1631750.0,179.33,6
2020,31_E14,Q1,488530.25,48.05,910
2020,31_E14,Q2,583042.09,69.4,346
2020,31_E14,Q3,805035.46,87.1,393
2020,31_E14,Q4a,977797.02,119.57,83
2020,31_E14,Q4b,1415909.09,202.29,11
2020,31_E1W,Q1,465722.84,47.35,96
2020,31_E1W,Q2,589441.73,68.39,45
2020,31_E1W,Q3,840299.66,88.4,53
2020,31_E1W,Q4a,1102136.46,120.98,24
2020,31_E1W,Q4b,2001064.29,186.28,7
2020,31_E2,Q1,375545.67,47.22,52
2020,31_E2,Q2,511670.19,68.01,78
2020,31_E2,Q3,702951.22,88.66,41
2020,31_E2,Q4a,917818.18,116.95,11
2020,31_E2,Q4b,1302500.0,186.31,4
2020,31_E3,Q1,385583.21,48.97,179
2020,31_E3,Q2,456091.76,68.19,211
2020,31_E3,Q3,614709.1,87.75,116
2020,31_E3,Q4a,834488.89,118.06,36
2020,31_E3,Q4b,1318214.29,162.71,7
2020,31_E9,Q1,291250.0,39.75,4
2020,31_E9,Q2,,,0
2020,31_E9,Q3,151250.0,85.0,2
2020,31_E9,Q4a,1380000.0,146.0,1
2020,31_E9,Q4b,1650000.0,171.0,1
2020,32_E10,Q1,340053.94,50.39,99
2020,32_E10,Q2,429842.82,69.73,122
2020,32_E10,Q3,539553.12,87.96,104
2020,32_E10,Q4a,657116.23,118.51,57
2020,32_E10,Q4b,687083.33,166.17,6
2020,32_E11,Q1,336713.27,47.66,75
2020,32_E11,Q2,435609.18,68.96,49
2020,32_E11,Q3,561265.28,89.67,72
2020,32_E11,Q4a,672528.89,121.81,45
2020,32_E11,Q4b,915253.57,175.54,14
2020,32_E15,Q1,306250.0,46.0,4
2020,32_E15,Q2,448928.57,69.0,7
2020,32_E15,Q3,518050.0,94.5,10
2020,32_E15,Q4a,551000.0,120.25,4
2020,32_E15,Q4b,,,0
2020,32_E17,Q1,358429.88,48.97,241
2020,32_E17,Q2,481042.57,69.45,276
2020,32_E17,Q3,579364.83,88.19,270
2020,32_E17,Q4a,716194.52,119.43,140
2020,32_E17,Q4b,910011.54,166.54,13
2020,32_E4,Q1,282891.99,48.91,88
2020,32_E4,Q2,368747.78,68.47,135
2020,32_E4,Q3,475260.78,89.45,186
2020,32_E4,Q4a,578471.55,121.54,152
2020,32_E4,Q4b,829234.21,179.53,19
2020,32_E5,Q1,,,0
2020,32_E5,Q2,,,0
2020,32_E5,Q3,,,0
2020,32_E5,Q4a,,,0
2020,32_E5,Q4b,,,0
2020,32_E7,Q1,,,0
2020,32_E7,Q2,456717.39,68.31,23
2020,32_E7,Q3,554571.43,92.43,7
2020,32_E7,Q4a,568333.33,114.67,3
2020,32_E7,Q4b,,,0
2020,32_IG8,Q1,253566.88,50.08,16
2020,32_IG8,Q2,373722.22,66.88,9
2020,32_IG8,Q3,617999.44,91.26,9
2020,32_IG8,Q4a,686125.0,120.97,20
2020,32_IG8,Q4b,883450.0,173.8,5
2020,33_SW11,Q1,526389.51,50.81,257
2020,33_SW11,Q2,673805.95,69.35,264
2020,33_SW11,Q3,797481.71,85.08,231
2020,33_SW11,Q4a,1225984.69,126.77,147
2020,33_SW11,Q4b,1973368.98,190.17,133
2020,33_SW12,Q1,454383.67,49.5,49
2020,33_SW12,Q2,611337.15,67.33,84
2020,33_SW12,Q3,759181.0,90.09,42
2020,33_SW12,Q4a,1128706.57,126.49,60
2020,33_SW12,Q4b,1644476.61,198.19,57
2020,33_SW15,Q1,390197.18,48.37,111
2020,33_SW15,Q2,546252.27,68.95,154
2020,33_SW15,Q3,705106.11,88.13,133
2020,33_SW15,Q4a,1073438.02,125.27,90
2020,33_SW15,Q4b,1684097.7,206.06,87
2020,33_SW16,Q1,338670.97,50.75,31
2020,33_SW16,Q2,461937.5,66.92,28
2020,33_SW16,Q3,634781.25,89.91,16
2020,33_SW16,Q4a,780817.08,123.22,26
2020,33_SW16,Q4b,1038950.0,184.1,10
2020,33_SW17,Q1,427951.45,48.9,193
2020,33_SW17,Q2,556062.69,68.76,158
2020,33_SW17,Q3,687871.36,88.33,158
2020,33_SW17,Q4a,883888.0,124.06,110
2020,33_SW17,Q4b,1644884.08,212.38,71
2020,33_SW18,Q1,439855.56,49.91,230
2020,33_SW18,Q2,537401.85,69.57,262
2020,33_SW18,Q3,718037.01,86.42,179
2020,33_SW18,Q4a,1015820.01,126.43,211
2020,33_SW18,Q4b,1670473.93,197.42,133
2020,33_SW19,Q1,332009.52,47.38,21
2020,33_SW19,Q2,430205.88,69.07,34
2020,33_SW19,Q3,597444.44,88.55,27
2020,33_SW19,Q4a,866666.67,114.3,6
2020,33_SW19,Q4b,1538314.62,218.44,16
2020,33_SW4,Q1,654833.33,49.67,3
2020,33_SW4,Q2,828875.0,66.0,1
2020,33_SW4,Q3,875000.0,88.75,4
2020,33_SW4,Q4a,670000.0,105.0,1
2020,33_SW4,Q4b,2383500.0,269.21,6
2020,33_SW8,Q1,498136.36,52.05,22
2020,33_SW8,Q2,529803.57,66.08,28
2020,33_SW8,Q3,700052.5,89.79,20
2020,33_SW8,Q4a,1002500.0,119.79,8
2020,33_SW8,Q4b,1661666.67,159.33,3
2020,34_NW1,Q1,517980.56,45.91,18
2020,34_NW1,Q2,738285.71,70.28,14
2020,34_NW1,Q3,1008191.25,88.96,12
2020,34_NW1,Q4a,1450280.0,126.23,10
2020,34_NW1,Q4b,2718750.0,201.75,4
2020,34_NW6,Q1,476390.91,50.27,11
2020,34_NW6,Q2,648523.08,69.69,13
2020,34_NW6,Q3,826502.31,89.85,13
2020,34_NW6,Q4a,1106592.5,124.5,2
2020,34_NW6,Q4b,,,0
2020,34_NW8,Q1,474911.0,43.31,75
2020,34_NW8,Q2,732961.54,67.15,26
2020,34_NW8,Q3,1067083.33,91.9,30
2020,34_NW8,Q4a,1655783.33,129.02,30
2020,34_NW8,Q4b,4705782.78,270.03,27
2020,34_SW1A,Q1,,,0
2020,34_SW1A,Q2,,,0
2020,34_SW1A,Q3,,,0
2020,34_SW1A,Q4a,,,0
2020,34_SW1A,Q4b,3088850.0,238.0,1
2020,34_SW1E,Q1,,,0
2020,34_SW1E,Q2,,,0
2020,34_SW1E,Q3,1813000.0,91.5,6
2020,34_SW1E,Q4a,2010666.67,118.67,3
2020,34_SW1E,Q4b,1582500.0,182.0,2
2020,34_SW1H,Q1,655000.0,49.67,3
2020,34_SW1H,Q2,1670000.0,66.0,1
2020,34_SW1H,Q3,1200000.0,87.0,2
2020,34_SW1H,Q4a,2638250.0,136.0,4
2020,34_SW1H,Q4b,4936250.0,206.5,4
2020,34_SW1P,Q1,621204.55,49.85,22
2020,34_SW1P,Q2,769201.0,66.67,23
2020,34_SW1P,Q3,1052500.0,87.25,17
2020,34_SW1P,Q4a,1466630.0,113.5,10
2020,34_SW1P,Q4b,2309285.71,182.75,7
2020,34_SW1V,Q1,552166.92,43.42,49
2020,34_SW1V,Q2,772229.17,68.34,24
2020,34_SW1V,Q3,932396.18,87.32,22
2020,34_SW1V,Q4a,1577500.0,127.08,6
2020,34_SW1V,Q4b,2430746.15,201.93,13
2020,34_SW1W,Q1,595400.0,47.27,18
2020,34_SW1W,Q2,920808.55,68.94,11
2020,34_SW1W,Q3,1422219.75,92.1,12
2020,34_SW1W,Q4a,2272884.62,125.08,13
2020,34_SW1W,Q4b,7061326.09,242.23,23
2020,34_SW1X,Q1,685000.0,35.0,1
2020,34_SW1X,Q2,1550333.33,70.67,3
2020,34_SW1X,Q3,2098333.33,90.37,6
2020,34_SW1X,Q4a,2301333.33,130.17,6
2020,34_SW1X,Q4b,5711111.11,223.81,9
2020,34_SW1Y,Q1,810000.0,45.96,4
2020,34_SW1Y,Q2,,,0
2020,34_SW1Y,Q3,,,0
2020,34_SW1Y,Q4a,,,0
2020,34_SW1Y,Q4b,3200000.0,256.0,2
2020,34_SW3,Q1,,,0
2020,34_SW3,Q2,,,0
2020,34_SW3,Q3,995000.0,99.0,1
2020,34_SW3,Q4a,,,0
2020,34_SW3,Q4b,,,0
2020,34_SW7,Q1,969999.5,39.5,2
2020,34_SW7,Q2,1740000.0,69.33,3
2020,34_SW7,Q3,1894666.67,96.0,3
2020,34_SW7,Q4a,2582142.86,127.94,7
2020,34_SW7,Q4b,4815829.75,218.12,8
2020,34_W10,Q1,522250.0,47.26,4
2020,34_W10,Q2,724166.67,69.91,12
2020,34_W10,Q3,821423.08,89.32,26
2020,34_W10,Q4a,937833.33,110.5,6
2020,34_W10,Q4b,,,0
2020,34_W11,Q1,627500.0,45.66,5
2020,34_W11,Q2,515000.0,67.2,1
2020,34_W11,Q3,1011280.0,88.1,5
2020,34_W11,Q4a,2250000.0,139.0,1
2020,34_W11,Q4b,3950000.0,341.0,1
2020,34_W1B,Q1,1111666.67,56.33,3
2020,34_W1B,Q2,1756760.0,69.56,9
2020,34_W1B,Q3,2055000.0,89.2,5
2020,34_W1B,Q4a,3200000.0,125.0,2
2020,34_W1B,Q4b,7303892.86,227.21,14
2020,34_W1D,Q1,573000.0,35.0,3
2020,34_W1D,Q2,,,0
2020,34_W1D,Q3,1625000.0,80.0,1
2020,34_W1D,Q4a,,,0
2020,34_W1D,Q4b,,,0
2020,34_W1F,Q1,750000.0,46.0,1
2020,34_W1F,Q2,640000.0,73.3,1
2020,34_W1F,Q3,1350000.0,96.0,1
2020,34_W1F,Q4a,,,0
2020,34_W1F,Q4b,4000000.0,210.0,1
2020,34_W1G,Q1,764000.0,46.2,5
2020,34_W1G,Q2,,,0
2020,34_W1G,Q3,1578333.33,89.33,6
2020,34_W1G,Q4a,1575000.0,122.8,3
2020,34_W1G,Q4b,6475000.0,217.0,7
2020,34_W1H,Q1,470500.0,39.0,9
2020,34_W1H,Q2,1002400.0,65.8,5
2020,34_W1H,Q3,1347222.22,86.0,9
2020,34_W1H,Q4a,1805357.14,117.14,14
2020,34_W1H,Q4b,3317777.78,219.19,9
2020,34_W1J,Q1,822000.0,40.47,5
2020,34_W1J,Q2,1137500.0,71.0,2
2020,34_W1J,Q3,2071000.0,81.5,2
2020,34_W1J,Q4a,3450000.0,104.0,1
2020,34_W1J,Q4b,5608333.33,266.67,3
2020,34_W1K,Q1,1157500.0,40.68,8
2020,34_W1K,Q2,1243750.0,66.95,2
2020,34_W1K,Q3,2475281.82,95.06,11
2020,34_W1K,Q4a,4210000.0,124.2,5
2020,34_W1K,Q4b,12240500.0,253.88,15
2020,34_W1S,Q1,,,0
2020,34_W1S,Q2,,,0
2020,34_W1S,Q3,2612500.0,88.0,2
2020,34_W1S,Q4a,,,0
2020,34_W1S,Q4b,7950000.0,222.0,2
2020,34_W1T,Q1,963000.0,47.0,3
2020,34_W1T,Q2,1310000.0,70.0,3
2020,34_W1T,Q3,925000.0,80.0,1
2020,34_W1T,Q4a,2048750.0,118.0,4
2020,34_W1T,Q4b,,,0
2020,34_W1U,Q1,662000.0,46.25,8
2020,34_W1U,Q2,1284285.71,66.72,7
2020,34_W1U,Q3,1783333.33,94.33,6
2020,34_W1U,Q4a,2719500.0,123.45,6
2020,34_W1U,Q4b,4841428.57,210.71,7
2020,34_W1W,Q1,793000.0,44.7,10
2020,34_W1W,Q2,971250.0,65.25,4
2020,34_W1W,Q3,1638000.0,88.5,2
2020,34_W1W,Q4a,1982000.0,119.0,5
2020,34_W1W,Q4b,550000.0,153.7,1
2020,34_W2,Q1,629213.24,44.68,144
2020,34_W2,Q2,947297.23,71.2,83
2020,34_W2,Q3,1266100.94,88.94,68
2020,34_W2,Q4a,1870243.75,123.06,52
2020,34_W2,Q4b,3742563.83,208.68,47
2020,34_W9,Q1,522294.64,48.45,91
2020,34_W9,Q2,627634.41,66.89,41
2020,34_W9,Q3,905451.35,88.85,51
2020,34_W9,Q4a,1377926.61,126.78,31
2020,34_W9,Q4b,2454475.71,216.32,14
2020,34_WC2A,Q1,1309034.27,52.0,22
2020,34_WC2A,Q2,1458250.0,61.0,2
2020,34_WC2A,Q3,2319823.33,88.8,15
2020,34_WC2A,Q4a,3014016.67,121.17,6
2020,34_WC2A,Q4b,5770086.2,191.8,5
2020,34_WC2B,Q1,,,0
2020,34_WC2B,Q2,,,0
2020,34_WC2B,Q3,1200000.0,87.0,1
2020,34_WC2B,Q4a,1440000.0,110.0,1
2020,34_WC2B,Q4b,,,0
2020,34_WC2E,Q1,668000.0,45.98,2
2020,34_WC2E,Q2,,,0
2020,34_WC2E,Q3,,,0
2020,34_WC2E,Q4a,,,0
2020,34_WC2E,Q4b,5430000.0,275.0,1
2020,34_WC2H,Q1,537500.0,42.5,4
2020,34_WC2H,Q2,421000.0,61.78,1
2020,34_WC2H,Q3,980000.0,94.87,1
2020,34_WC2H,Q4a,,,0
2020,34_WC2H,Q4b,,,0
2020,34_WC2N,Q1,905000.0,52.0,1
2020,34_WC2N,Q2,,,0
2020,34_WC2N,Q3,,,0
2020,34_WC2N,Q4a,2448333.33,122.33,3
2020,34_WC2N,Q4b,3695000.0,225.0,1
2020,34_WC2R,Q1,,,0
2020,34_WC2R,Q2,1280166.67,69.0,3
2020,34_WC2R,Q3,1825000.0,89.0,1
2020,34_WC2R,Q4a,3072000.0,141.33,3
2020,34_WC2R,Q4b,,,0
2020,3_DA1,Q1,212801.89,46.6,53
2020,3_DA1,Q2,294604.17,69.56,48
2020,3_DA1,Q3,342785.71,88.19,42
2020,3_DA1,Q4a,416433.33,116.8,15
2020,3_DA1,Q4b,590000.0,154.0,1
2020,3_DA14,Q1,235679.69,48.91,64
2020,3_DA14,Q2,305384.27,67.37,75
2020,3_DA14,Q3,405920.64,89.16,80
2020,3_DA14,Q4a,554836.52,118.96,52
2020,3_DA14,Q4b,796333.33,174.13,18
2020,3_DA15,Q1,278170.83,51.06,60
2020,3_DA15,Q2,346935.67,69.07,119
2020,3_DA15,Q3,428609.87,88.93,102
2020,3_DA15,Q4a,559271.85,122.9,95
2020,3_DA15,Q4b,787687.5,180.14,16
2020,3_DA16,Q1,253651.52,51.89,33
2020,3_DA16,Q2,354813.72,70.42,98
2020,3_DA16,Q3,399705.14,88.33,145
2020,3_DA16,Q4a,493989.4,121.76,85
2020,3_DA16,Q4b,589444.44,183.67,9
2020,3_DA17,Q1,215907.5,47.74,40
2020,3_DA17,Q2,294929.67,68.63,46
2020,3_DA17,Q3,356342.4,87.71,73
2020,3_DA17,Q4a,376428.95,122.81,19
2020,3_DA17,Q4b,,,0
2020,3_DA18,Q1,150000.0,57.0,1
2020,3_DA18,Q2,,,0
2020,3_DA18,Q3,264571.43,87.87,7
2020,3_DA18,Q4a,338333.33,112.33,3
2020,3_DA18,Q4b,,,0
2020,3_DA5,Q1,272157.89,51.08,19
2020,3_DA5,Q2,364986.11,68.23,54
2020,3_DA5,Q3,431845.82,89.87,85
2020,3_DA5,Q4a,591417.81,123.03,73
2020,3_DA5,Q4b,829571.43,190.29,21
2020,3_DA6,Q1,267333.66,49.71,41
2020,3_DA6,Q2,314297.96,66.95,27
2020,3_DA6,Q3,416696.63,88.53,43
2020,3_DA6,Q4a,521374.53,123.19,36
2020,3_DA6,Q4b,760333.33,197.52,12
2020,3_DA7,Q1,268311.02,51.51,59
2020,3_DA7,Q2,361208.24,69.55,85
2020,3_DA7,Q3,431896.58,88.88,146
2020,3_DA7,Q4a,507127.73,120.56,110
2020,3_DA7,Q4b,556000.0,167.67,6
2020,3_DA8,Q1,192611.11,49.65,53
2020,3_DA8,Q2,291272.15,69.01,79
2020,3_DA8,Q3,338613.2,87.35,137
2020,3_DA8,Q4a,465816.66,121.48,110
2020,3_DA8,Q4b,582500.0,238.53,4
2020,3_SE2,Q1,275853.46,53.08,13
2020,3_SE2,Q2,303963.64,68.09,11
2020,3_SE2,Q3,404700.0,90.93,15
2020,3_SE2,Q4a,514428.57,125.01,7
2020,3_SE2,Q4b,,,0
2020,3_SE28,Q1,210692.31,48.32,13
2020,3_SE28,Q2,300916.67,68.0,6
2020,3_SE28,Q3,318291.67,90.75,12
2020,3_SE28,Q4a,370833.33,123.0,3
2020,3_SE28,Q4b,,,0
2020,3_SE9,Q1,310000.0,58.5,2
2020,3_SE9,Q2,375000.0,62.67,3
2020,3_SE9,Q3,439000.0,88.33,3
2020,3_SE9,Q4a,577500.0,118.29,7
2020,3_SE9,Q4b,685000.0,163.0,1
2020,4_HA0,Q1,274427.28,50.05,46
2020,4_HA0,Q2,371592.59,67.99,54
2020,4_HA0,Q3,477414.59,89.8,49
2020,4_HA0,Q4a,605926.67,117.97,30
2020,4_HA0,Q4b,759230.77,179.69,13
2020,4_HA1,Q1,,,0
2020,4_HA1,Q2,320000.0,67.0,1
2020,4_HA1,Q3,550000.0,92.5,2
2020,4_HA1,Q4a,715000.0,117.6,5
2020,4_HA1,Q4b,1042500.0,191.0,2
2020,4_HA3,Q1,236233.33,50.0,15
2020,4_HA3,Q2,326800.0,68.8,5
2020,4_HA3,Q3,555437.71,93.21,14
2020,4_HA3,Q4a,723107.14,134.32,14
2020,4_HA3,Q4b,820336.77,188.54,13
2020,4_HA7,Q1,,,0
2020,4_HA7,Q2,,,0
2020,4_HA7,Q3,,,0
2020,4_HA7,Q4a,,,0
2020,4_HA7,Q4b,,,0
2020,4_HA8,Q1,234312.5,51.28,8
2020,4_HA8,Q2,226847.22,66.96,9
2020,4_HA8,Q3,523875.0,92.75,4
2020,4_HA8,Q4a,642500.0,119.5,4
2020,4_HA8,Q4b,795000.0,162.0,1
2020,4_HA9,Q1,302773.78,45.53,90
2020,4_HA9,Q2,425740.7,69.27,43
2020,4_HA9,Q3,527648.87,88.0,82
2020,4_HA9,Q4a,640330.56,121.33,36
2020,4_HA9,Q4b,760375.0,172.9,10
2020,4_NW10,Q1,355764.33,49.68,75
2020,4_NW10,Q2,427903.06,69.49,90
2020,4_NW10,Q3,591917.18,90.77,96
2020,4_NW10,Q4a,910187.22,128.05,78
2020,4_NW10,Q4b,1333107.15,185.24,41
2020,4_NW2,Q1,357750.0,48.1,32
2020,4_NW2,Q2,428630.0,67.46,25
2020,4_NW2,Q3,558031.9,87.74,40
2020,4_NW2,Q4a,783294.12,123.02,34
2020,4_NW2,Q4b,1365197.92,201.02,24
2020,4_NW6,Q1,456153.69,50.84,42
2020,4_NW6,Q2,531709.21,68.49,38
2020,4_NW6,Q3,708673.91,86.61,23
2020,4_NW6,Q4a,1304692.42,128.65,33
2020,4_NW6,Q4b,2170512.73,212.66,44
2020,4_NW9,Q1,328272.73,50.41,55
2020,4_NW9,Q2,425488.51,69.09,63
2020,4_NW9,Q3,507337.35,89.15,83
2020,4_NW9,Q4a,609488.64,120.3,44
2020,4_NW9,Q4b,801550.0,184.19,8
2020,4_W10,Q1,457500.0,53.5,2
2020,4_W10,Q2,606875.0,67.25,4
2020,4_W10,Q3,568600.0,82.1,5
2020,4_W10,Q4a,,,0
2020,4_W10,Q4b,,,0
2020,4_W9,Q1,,,0
2020,4_W9,Q2,,,0
2020,4_W9,Q3,,,0
2020,4_W9,Q4a,,,0
2020,4_W9,Q4b,,,0
2020,5_CM12,Q1,,,0
2020,5_CM12,Q2,,,0
2020,5_CM12,Q3,,,0
2020,5_CM12,Q4a,,,0
2020,5_CM12,Q4b,,,0
2020,5_CM13,Q1,297267.31,49.6,26
2020,5_CM13,Q2,348281.34,69.11,67
2020,5_CM13,Q3,462540.67,88.98,90
2020,5_CM13,Q4a,629086.36,124.35,77
2020,5_CM13,Q4b,1112310.19,200.13,54
2020,5_CM14,Q1,248800.0,46.99,79
2020,5_CM14,Q2,350542.39,68.47,92
2020,5_CM14,Q3,465515.38,88.83,65
2020,5_CM14,Q4a,585259.11,121.69,56
2020,5_CM14,Q4b,919950.11,204.31,36
2020,5_CM15,Q1,259464.29,48.73,28
2020,5_CM15,Q2,354359.38,69.1,48
2020,5_CM15,Q3,452101.19,91.18,84
2020,5_CM15,Q4a,605627.08,122.24,91
2020,5_CM15,Q4b,1027467.41,202.11,66
2020,5_CM4,Q1,330000.0,54.39,2
2020,5_CM4,Q2,372035.71,66.14,14
2020,5_CM4,Q3,532028.57,92.04,35
2020,5_CM4,Q4a,631628.64,122.44,33
2020,5_CM4,Q4b,1213966.67,212.98,15
2020,5_RM4,Q1,,,0
2020,5_RM4,Q2,,,0
2020,5_RM4,Q3,450000.0,94.0,1
2020,5_RM4,Q4a,795000.0,130.0,1
2020,5_RM4,Q4b,,,0
2020,6_BR1,Q1,261737.95,46.57,83
2020,6_BR1,Q2,366619.57,68.62,92
2020,6_BR1,Q3,465755.22,89.91,87
2020,6_BR1,Q4a,640364.84,122.4,127
2020,6_BR1,Q4b,1003425.57,208.36,88
2020,6_BR2,Q1,295066.89,50.52,74
2020,6_BR2,Q2,376261.09,67.82,146
2020,6_BR2,Q3,482589.85,89.91,213
2020,6_BR2,Q4a,627140.95,122.08,175
2020,6_BR2,Q4b,939117.51,191.35,78
2020,6_BR3,Q1,279659.99,48.21,121
2020,6_BR3,Q2,376953.42,68.64,146
2020,6_BR3,Q3,500746.12,89.15,165
2020,6_BR3,Q4a,657638.5,122.52,160
2020,6_BR3,Q4b,1048332.74,194.85,86
2020,6_BR4,Q1,206676.47,46.85,17
2020,6_BR4,Q2,440875.0,71.28,16
2020,6_BR4,Q3,528621.9,91.91,58
2020,6_BR4,Q4a,633599.36,123.57,101
2020,6_BR4,Q4b,798424.76,177.93,33
2020,6_BR5,Q1,253521.67,50.41,90
2020,6_BR5,Q2,346139.7,69.64,118
2020,6_BR5,Q3,437907.34,90.23,177
2020,6_BR5,Q4a,595552.13,122.06,119
2020,6_BR5,Q4b,876655.17,185.79,29
2020,6_BR6,Q1,288958.33,49.36,48
2020,6_BR6,Q2,385659.77,69.69,133
2020,6_BR6,Q3,479808.9,90.13,224
2020,6_BR6,Q4a,611534.58,122.36,192
2020,6_BR6,Q4b,1016897.32,198.43,56
2020,6_BR7,Q1,260460.0,48.38,25
2020,6_BR7,Q2,384579.76,69.9,42
2020,6_BR7,Q3,503230.33,88.8,75
2020,6_BR7,Q4a,685726.67,124.91,60
2020,6_BR7,Q4b,1187264.44,219.61,64
2020,6_BR8,Q1,,,0
2020,6_BR8,Q2,,,0
2020,6_BR8,Q3,250000.0,85.0,1
2020,6_BR8,Q4a,,,0
2020,6_BR8,Q4b,730000.0,182.0,1
2020,6_DA14,Q1,,,0
2020,6_DA14,Q2,,,0
2020,6_DA14,Q3,280000.0,96.0,1
2020,6_DA14,Q4a,,,0
2020,6_DA14,Q4b,,,0
2020,6_SE19,Q1,309083.33,45.5,24
2020,6_SE19,Q2,409370.07,68.24,14
2020,6_SE19,Q3,532960.0,87.9,10
2020,6_SE19,Q4a,850000.0,132.0,1
2020,6_SE19,Q4b,800000.0,172.0,1
2020,6_SE20,Q1,298450.0,48.69,96
2020,6_SE20,Q2,399759.86,69.24,106
2020,6_SE20,Q3,480706.73,88.82,52
2020,6_SE20,Q4a,595803.03,122.53,33
2020,6_SE20,Q4b,810000.0,176.67,6
2020,6_SE26,Q1,323844.38,52.06,8
2020,6_SE26,Q2,424957.92,69.58,12
2020,6_SE26,Q3,460597.83,88.35,23
2020,6_SE26,Q4a,758458.33,128.39,12
2020,6_SE26,Q4b,1085391.3,188.48,23
2020,6_SE9,Q1,275931.82,45.58,11
2020,6_SE9,Q2,330971.67,69.09,30
2020,6_SE9,Q3,404857.14,86.9,21
2020,6_SE9,Q4a,533004.17,117.04,12
2020,6_SE9,Q4b,839166.5,191.17,6
2020,6_TN14,Q1,,,0
2020,6_TN14,Q2,655000.0,67.0,2
2020,6_TN14,Q3,440000.0,90.5,2
2020,6_TN14,Q4a,490000.0,129.0,2
2020,6_TN14,Q4b,791250.0,214.5,2
2020,6_TN16,Q1,255666.67,49.44,12
2020,6_TN16,Q2,313971.29,67.61,31
2020,6_TN16,Q3,381625.0,89.25,78
2020,6_TN16,Q4a,488025.0,125.22,48
2020,6_TN16,Q4b,656250.0,187.65,14
2020,7_EC1M,Q1,,,0
2020,7_EC1M,Q2,,,0
2020,7_EC1M,Q3,900000.0,86.0,1
2020,7_EC1M,Q4a,,,0
2020,7_EC1M,Q4b,,,0
2020,7_EC1N,Q1,522500.0,58.0,2
2020,7_EC1N,Q2,810500.0,72.33,3
2020,7_EC1N,Q3,939450.0,86.0,5
2020,7_EC1N,Q4a,,,0
2020,7_EC1N,Q4b,,,0
2020,7_EC1R,Q1,326150.0,43.0,2
2020,7_EC1R,Q2,,,0
2020,7_EC1R,Q3,,,0
2020,7_EC1R,Q4a,,,0
2020,7_EC1R,Q4b,,,0
2020,7_N19,Q1,429955.0,49.5,6
2020,7_N19,Q2,721166.67,73.67,3
2020,7_N19,Q3,693250.0,83.0,3
2020,7_N19,Q4a,1013500.0,112.0,2
2020,7_N19,Q4b,1625000.0,186.0,1
2020,7_N1C,Q1,636594.41,43.21,29
2020,7_N1C,Q2,940834.38,67.69,16
2020,7_N1C,Q3,1410051.36,84.09,22
2020,7_N1C,Q4a,2079441.33,127.0,15
2020,7_N1C,Q4b,,,0
2020,7_N6,Q1,427611.11,40.85,9
2020,7_N6,Q2,808833.33,69.17,6
2020,7_N6,Q3,808333.33,87.75,6
2020,7_N6,Q4a,1912500.0,130.17,6
2020,7_N6,Q4b,2317000.0,200.52,10
2020,7_N7,Q1,295000.0,35.0,1
2020,7_N7,Q2,,,0
2020,7_N7,Q3,,,0
2020,7_N7,Q4a,,,0
2020,7_N7,Q4b,,,0
2020,7_NW1,Q1,488207.42,46.4,76
2020,7_NW1,Q2,660580.85,67.99,47
2020,7_NW1,Q3,820305.34,87.11,65
2020,7_NW1,Q4a,1447012.74,123.67,31
2020,7_NW1,Q4b,2711580.0,202.19,25
2020,7_NW2,Q1,361005.0,47.68,10
2020,7_NW2,Q2,503677.78,66.07,9
2020,7_NW2,Q3,655750.0,90.34,5
2020,7_NW2,Q4a,857500.0,113.0,2
2020,7_NW2,Q4b,1836000.0,233.0,3
2020,7_NW3,Q1,542767.38,46.08,90
2020,7_NW3,Q2,749069.28,69.1,83
2020,7_NW3,Q3,1036924.63,90.15,71
2020,7_NW3,Q4a,1618169.16,121.75,67
2020,7_NW3,Q4b,3082906.04,216.71,96
2020,7_NW5,Q1,433719.05,46.2,59
2020,7_NW5,Q2,593383.08,67.66,37
2020,7_NW5,Q3,794846.45,88.54,38
2020,7_NW5,Q4a,1280195.45,123.5,33
2020,7_NW5,Q4b,1910693.43,185.1,21
2020,7_NW6,Q1,459131.29,47.54,70
2020,7_NW6,Q2,622628.29,68.67,59
2020,7_NW6,Q3,844075.62,89.09,66
2020,7_NW6,Q4a,1280125.68,127.23,37
2020,7_NW6,Q4b,1938794.03,203.08,29
2020,7_NW8,Q1,323333.33,33.33,3
2020,7_NW8,Q2,477600.0,72.8,5
2020,7_NW8,Q3,501666.67,92.85,3
2020,7_NW8,Q4a,1365049.83,124.17,6
2020,7_NW8,Q4b,4050000.0,242.38,4
2020,7_W1T,Q1,821363.64,50.27,11
2020,7_W1T,Q2,1156666.67,66.0,3
2020,7_W1T,Q3,1660312.5,80.0,4
2020,7_W1T,Q4a,1977500.0,112.23,4
2020,7_W1T,Q4b,3062500.0,185.0,2
2020,7_WC1A,Q1,552500.0,46.0,2
2020,7_WC1A,Q2,800000.0,64.0,1
2020,7_WC1A,Q3,,,0
2020,7_WC1A,Q4a,,,0
2020,7_WC1A,Q4b,,,0
2020,7_WC1B,Q1,723900.0,58.0,1
2020,7_WC1B,Q2,890000.0,67.0,2
2020,7_WC1B,Q3,1093000.0,88.8,5
2020,7_WC1B,Q4a,1336666.67,128.0,3
2020,7_WC1B,Q4b,,,0
2020,7_WC1E,Q1,643482.5,49.02,10
2020,7_WC1E,Q2,655000.0,60.0,1
2020,7_WC1E,Q3,750000.0,78.0,1
2020,7_WC1E,Q4a,,,0
2020,7_WC1E,Q4b,,,0
2020,7_WC1H,Q1,411136.39,35.01,28
2020,7_WC1H,Q2,665500.0,64.49,5
2020,7_WC1H,Q3,850000.0,79.0,1
2020,7_WC1H,Q4a,,,0
2020,7_WC1H,Q4b,,,0
2020,7_WC1N,Q1,586975.3,45.6,10
2020,7_WC1N,Q2,663564.29,66.98,7
2020,7_WC1N,Q3,1261250.0,96.5,4
2020,7_WC1N,Q4a,1528729.17,118.77,12
2020,7_WC1N,Q4b,2924800.0,229.77,5
2020,7_WC1R,Q1,523333.33,46.67,3
2020,7_WC1R,Q2,845000.0,66.0,1
2020,7_WC1R,Q3,1300000.0,93.0,2
2020,7_WC1R,Q4a,,,0
2020,7_WC1R,Q4b,,,0
2020,7_WC1V,Q1,560000.0,52.0,1
2020,7_WC1V,Q2,920000.0,73.08,1
2020,7_WC1V,Q3,910000.0,79.0,1
2020,7_WC1V,Q4a,2600000.0,128.0,1
2020,7_WC1V,Q4b,,,0
2020,7_WC1X,Q1,740193.75,50.62,8
2020,7_WC1X,Q2,974155.56,71.56,9
2020,7_WC1X,Q3,1234857.32,87.68,22
2020,7_WC1X,Q4a,1664125.29,125.14,7
2020,7_WC1X,Q4b,,,0
2020,7_WC2A,Q1,,,0
2020,7_WC2A,Q2,,,0
2020,7_WC2A,Q3,,,0
2020,7_WC2A,Q4a,,,0
2020,7_WC2A,Q4b,,,0
2020,7_WC2B,Q1,1184950.0,49.0,9
2020,7_WC2B,Q2,1432500.0,70.0,2
2020,7_WC2B,Q3,1750000.0,80.5,2
2020,7_WC2B,Q4a,,,0
2020,7_WC2B,Q4b,4750000.0,196.0,1
2020,7_WC2H,Q1,674000.0,47.37,3
2020,7_WC2H,Q2,1100000.0,59.3,1
2020,7_WC2H,Q3,1262500.0,93.75,2
2020,7_WC2H,Q4a,,,0
2020,7_WC2H,Q4b,2500000.0,173.0,1
2020,8_E1,Q1,,,0
2020,8_E1,Q2,,,0
2020,8_E1,Q3,,,0
2020,8_E1,Q4a,,,0
2020,8_E1,Q4b,,,0
2020,8_EC1A,Q1,797243.75,50.92,24
2020,8_EC1A,Q2,728666.67,66.33,3
2020,8_EC1A,Q3,1716015.79,91.58,19
2020,8_EC1A,Q4a,2027750.0,123.67,5
2020,8_EC1A,Q4b,3361500.0,176.8,5
2020,8_EC1M,Q1,,,0
2020,8_EC1M,Q2,,,0
2020,8_EC1M,Q3,,,0
2020,8_EC1M,Q4a,,,0
2020,8_EC1M,Q4b,,,0
2020,8_EC1N,Q1,832350.0,49.0,1
2020,8_EC1N,Q2,,,0
2020,8_EC1N,Q3,,,0
2020,8_EC1N,Q4a,1800000.0,104.0,1
2020,8_EC1N,Q4b,,,0
2020,8_EC1Y,Q1,750241.81,52.19,26
2020,8_EC1Y,Q2,764508.75,65.88,8
2020,8_EC1Y,Q3,1211874.86,86.21,14
2020,8_EC1Y,Q4a,1334700.0,108.0,5
2020,8_EC1Y,Q4b,,,0
2020,8_EC2M,Q1,575000.0,46.0,1
2020,8_EC2M,Q2,,,0
2020,8_EC2M,Q3,,,0
2020,8_EC2M,Q4a,,,0
2020,8_EC2M,Q4b,,,0
2020,8_EC2R,Q1,,,0
2020,8_EC2R,Q2,,,0
2020,8_EC2R,Q3,,,0
2020,8_EC2R,Q4a,,,0
2020,8_EC2R,Q4b,,,0
2020,8_EC2V,Q1,,,0
2020,8_EC2V,Q2,,,0
2020,8_EC2V,Q3,,,0
2020,8_EC2V,Q4a,,,0
2020,8_EC2V,Q4b,,,0
2020,8_EC2Y,Q1,574218.75,44.43,16
2020,8_EC2Y,Q2,758454.55,66.68,11
2020,8_EC2Y,Q3,1051250.0,86.84,4
2020,8_EC2Y,Q4a,1681666.67,113.36,3
2020,8_EC2Y,Q4b,,,0
2020,8_EC3A,Q1,,,0
2020,8_EC3A,Q2,,,0
2020,8_EC3A,Q3,,,0
2020,8_EC3A,Q4a,,,0
2020,8_EC3A,Q4b,,,0
2020,8_EC3N,Q1,530000.0,44.0,1
2020,8_EC3N,Q2,,,0
2020,8_EC3N,Q3,,,0
2020,8_EC3N,Q4a,,,0
2020,8_EC3N,Q4b,,,0
2020,8_EC3R,Q1,650000.0,39.0,1
2020,8_EC3R,Q2,,,0
2020,8_EC3R,Q3,,,0
2020,8_EC3R,Q4a,,,0
2020,8_EC3R,Q4b,6400000.0,305.0,2
2020,8_EC3V,Q1,,,0
2020,8_EC3V,Q2,,,0
2020,8_EC3V,Q3,,,0
2020,8_EC3V,Q4a,,,0
2020,8_EC3V,Q4b,,,0
2020,8_EC4A,Q1,472500.0,38.33,6
2020,8_EC4A,Q2,,,0
2020,8_EC4A,Q3,,,0
2020,8_EC4A,Q4a,,,0
2020,8_EC4A,Q4b,,,0
2020,8_EC4M,Q1,,,0
2020,8_EC4M,Q2,,,0
2020,8_EC4M,Q3,,,0
2020,8_EC4M,Q4a,,,0
2020,8_EC4M,Q4b,,,0
2020,8_EC4R,Q1,,,0
2020,8_EC4R,Q2,,,0
2020,8_EC4R,Q3,,,0
2020,8_EC4R,Q4a,,,0
2020,8_EC4R,Q4b,,,0
2020,8_EC4V,Q1,,,0
2020,8_EC4V,Q2,815000.0,74.0,1
2020,8_EC4V,Q3,1055000.0,94.33,3
2020,8_EC4V,Q4a,,,0
2020,8_EC4V,Q4b,,,0
2020,8_EC4Y,Q1,,,0
2020,8_EC4Y,Q2,,,0
2020,8_EC4Y,Q3,,,0
2020,8_EC4Y,Q4a,,,0
2020,8_EC4Y,Q4b,,,0
2020,8_WC2A,Q1,,,0
2020,8_WC2A,Q2,,,0
2020,8_WC2A,Q3,,,0
2020,8_WC2A,Q4a,,,0
2020,8_WC2A,Q4b,,,0
2020,9_CR0,Q1,260506.09,49.35,271
2020,9_CR0,Q2,335149.66,68.87,347
2020,9_CR0,Q3,388273.27,87.98,366
2020,9_CR0,Q4a,503806.65,120.8,224
2020,9_CR0,Q4b,846392.86,195.44,42
2020,9_CR2,Q1,277265.76,49.16,119
2020,9_CR2,Q2,338753.64,69.03,132
2020,9_CR2,Q3,430440.31,88.09,178
2020,9_CR2,Q4a,579476.95,124.16,154
2020,9_CR2,Q4b,771772.2,186.15,54
2020,9_CR3,Q1,200000.0,41.0,1
2020,9_CR3,Q2,420000.0,77.0,1
2020,9_CR3,Q3,459416.67,92.12,6
2020,9_CR3,Q4a,506800.0,114.11,5
2020,9_CR3,Q4b,561250.0,172.5,2
2020,9_CR4,Q1,,,0
2020,9_CR4,Q2,262500.0,71.5,2
2020,9_CR4,Q3,,,0
2020,9_CR4,Q4a,,,0
2020,9_CR4,Q4b,,,0
2020,9_CR5,Q1,275556.45,48.79,31
2020,9_CR5,Q2,369603.64,69.56,55
2020,9_CR5,Q3,444389.61,89.33,93
2020,9_CR5,Q4a,577950.64,122.27,140
2020,9_CR5,Q4b,765298.62,186.46,40
2020,9_CR6,Q1,,,0
2020,9_CR6,Q2,,,0
2020,9_CR6,Q3,510000.0,97.12,1
2020,9_CR6,Q4a,492500.0,109.0,1
2020,9_CR6,Q4b,,,0
2020,9_CR7,Q1,235216.39,48.62,61
2020,9_CR7,Q2,306104.8,69.08,65
2020,9_CR7,Q3,393295.17,90.53,118
2020,9_CR7,Q4a,462108.67,120.1,49
2020,9_CR7,Q4b,537222.22,167.11,9
2020,9_CR8,Q1,278095.8,50.37,50
2020,9_CR8,Q2,364208.14,69.55,86
2020,9_CR8,Q3,438557.2,87.88,118
2020,9_CR8,Q4a,606013.26,123.53,95
2020,9_CR8,Q4b,854276.41,203.4,71
2020,9_SE19,Q1,320329.13,49.85,52
2020,9_SE19,Q2,397790.18,69.32,62
2020,9_SE19,Q3,518442.55,88.77,47
2020,9_SE19,Q4a,647098.84,121.12,43
2020,9_SE19,Q4b,1122750.0,210.8,10
2020,9_SE25,Q1,255463.41,48.9,104
2020,9_SE25,Q2,340225.02,68.73,89
2020,9_SE25,Q3,417559.5,88.81,111
2020,9_SE25,Q4a,514005.09,118.93,58
2020,9_SE25,Q4b,714375.0,196.54,8
2020,9_SW16,Q1,296500.0,50.38,8
2020,9_SW16,Q2,346909.09,69.28,11
2020,9_SW16,Q3,483665.38,90.55,26
2020,9_SW16,Q4a,532715.94,124.15,33
2020,9_SW16,Q4b,775083.5,186.69,6
2021,10_HA0,Q1,253500.0,36.24,2
2021,10_HA0,Q2,434800.0,70.2,5
2021,10_HA0,Q3,511000.0,85.8,5
2021,10_HA0,Q4a,,,0
2021,10_HA0,Q4b,502500.0,195.0,1
2021,10_NW10,Q1,329333.33,50.57,3
2021,10_NW10,Q2,499278.57,69.85,7
2021,10_NW10,Q3,605745.83,91.66,12
2021,10_NW10,Q4a,586000.0,118.8,5
2021,10_NW10,Q4b,,,0
2021,10_TW8,Q1,335333.33,49.33,3
2021,10_TW8,Q2,,,0
2021,10_TW8,Q3,,,0
2021,10_TW8,Q4a,,,0
2021,10_TW8,Q4b,,,0
2021,10_UB1,Q1,306998.77,44.39,127
2021,10_UB1,Q2,430114.04,69.1,69
2021,10_UB1,Q3,440805.48,87.42,48
2021,10_UB1,Q4a,454548.18,116.82,17
2021,10_UB1,Q4b,,,0
2021,10_UB2,Q1,299207.21,49.99,63
2021,10_UB2,Q2,387444.06,68.6,49
2021,10_UB2,Q3,463686.92,91.39,39
2021,10_UB2,Q4a,547642.86,118.84,21
2021,10_UB2,Q4b,1063333.33,231.31,12
2021,10_UB5,Q1,267035.71,48.25,70
2021,10_UB5,Q2,384532.43,68.84,91
2021,10_UB5,Q3,449570.04,87.05,125
2021,10_UB5,Q4a,543297.62,123.52,21
2021,10_UB5,Q4b,655000.0,161.0,4
2021,10_UB6,Q1,307107.67,49.06,76
2021,10_UB6,Q2,462419.72,72.28,71
2021,10_UB6,Q3,505135.17,88.67,137
2021,10_UB6,Q4a,592064.94,122.09,67
2021,10_UB6,Q4b,699750.0,187.5,8
2021,10_W12,Q1,,,0
2021,10_W12,Q2,542500.0,69.5,2
2021,10_W12,Q3,715000.0,78.0,1
2021,10_W12,Q4a,1001250.0,144.0,2
2021,10_W12,Q4b,,,0
2021,10_W13,Q1,400944.24,47.8,99
2021,10_W13,Q2,531700.51,68.97,99
2021,10_W13,Q3,687144.65,89.42,115
2021,10_W13,Q4a,885629.28,123.45,104
2021,10_W13,Q4b,1464866.25,204.07,53
2021,10_W3,Q1,361883.07,46.36,206
2021,10_W3,Q2,501089.52,68.68,126
2021,10_W3,Q3,645278.83,89.95,111
2021,10_W3,Q4a,878614.34,122.91,97
2021,10_W3,Q4b,1378033.04,197.68,52
2021,10_W4,Q1,465164.0,49.09,42
2021,10_W4,Q2,614631.03,69.36,29
2021,10_W4,Q3,841412.5,89.57,40
2021,10_W4,Q4a,1142253.81,125.2,72
2021,10_W4,Q4b,1871868.52,193.84,27
2021,10_W5,Q1,404377.1,44.44,329
2021,10_W5,Q2,561476.97,68.3,196
2021,10_W5,Q3,715254.31,88.75,134
2021,10_W5,Q4a,948387.08,124.4,127
2021,10_W5,Q4b,1708688.26,212.12,89
2021,10_W7,Q1,346898.67,49.73,75
2021,10_W7,Q2,464581.25,68.35,80
2021,10_W7,Q3,614064.13,89.49,107
2021,10_W7,Q4a,773280.68,123.42,79
2021,10_W7,Q4b,1046530.43,182.04,23
2021,11_EN1,Q1,265872.5,47.02,100
2021,11_EN1,Q2,389682.76,69.37,144
2021,11_EN1,Q3,485897.27,88.23,236
2021,11_EN1,Q4a,573908.39,120.64,137
2021,11_EN1,Q4b,1069868.42,205.82,19
2021,11_EN2,Q1,292527.01,48.55,122
2021,11_EN2,Q2,389509.88,68.02,103
2021,11_EN2,Q3,528784.02,89.81,172
2021,11_EN2,Q4a,666447.08,121.12,158
2021,11_EN2,Q4b,815512.05,174.02,41
2021,11_EN3,Q1,244648.83,48.82,94
2021,11_EN3,Q2,345991.61,69.6,96
2021,11_EN3,Q3,408075.98,88.88,138
2021,11_EN3,Q4a,475117.79,119.22,47
2021,11_EN3,Q4b,602250.0,176.4,10
2021,11_EN4,Q1,413735.29,54.0,17
2021,11_EN4,Q2,531829.69,73.41,16
2021,11_EN4,Q3,690467.18,88.64,39
2021,11_EN4,Q4a,826725.0,122.35,34
2021,11_EN4,Q4b,1884542.26,226.29,62
2021,11_EN8,Q1,,,0
2021,11_EN8,Q2,390000.0,71.4,2
2021,11_EN8,Q3,394666.67,86.33,9
2021,11_EN8,Q4a,510000.0,111.0,1
2021,11_EN8,Q4b,,,0
2021,11_N11,Q1,327640.48,49.44,42
2021,11_N11,Q2,436131.67,69.52,30
2021,11_N11,Q3,569092.41,90.74,27
2021,11_N11,Q4a,697519.33,120.06,33
2021,11_N11,Q4b,757000.0,157.8,5
2021,11_N13,Q1,316313.47,47.39,59
2021,11_N13,Q2,419356.06,67.06,63
2021,11_N13,Q3,545052.41,90.59,83
2021,11_N13,Q4a,647673.92,120.78,96
2021,11_N13,Q4b,897605.0,181.21,41
2021,11_N14,Q1,324490.74,51.13,27
2021,11_N14,Q2,438732.48,68.64,50
2021,11_N14,Q3,603067.8,89.66,59
2021,11_N14,Q4a,810184.52,125.27,84
2021,11_N14,Q4b,1111304.55,184.91,44
2021,11_N18,Q1,249825.0,45.77,20
2021,11_N18,Q2,351951.24,69.62,41
2021,11_N18,Q3,406596.53,88.69,72
2021,11_N18,Q4a,481058.79,117.22,34
2021,11_N18,Q4b,,,0
2021,11_N21,Q1,365259.34,52.08,53
2021,11_N21,Q2,433848.97,68.48,78
2021,11_N21,Q3,605549.91,91.28,64
2021,11_N21,Q4a,820858.57,123.89,122
2021,11_N21,Q4b,1151856.06,194.16,66
2021,11_N22,Q1,297000.0,47.67,3
2021,11_N22,Q2,404900.0,69.47,5
2021,11_N22,Q3,,,0
2021,11_N22,Q4a,720000.0,108.0,1
2021,11_N22,Q4b,,,0
2021,11_N9,Q1,221739.48,44.75,71
2021,11_N9,Q2,357752.6,69.82,77
2021,11_N9,Q3,411588.57,86.99,127
2021,11_N9,Q4a,475693.55,117.77,31
2021,11_N9,Q4b,604666.67,173.17,6
2021,12_BR7,Q1,,,0
2021,12_BR7,Q2,474041.67,70.72,6
2021,12_BR7,Q3,588333.33,90.36,3
2021,12_BR7,Q4a,645000.0,126.0,1
2021,12_BR7,Q4b,,,0
2021,12_DA15,Q1,,,0
2021,12_DA15,Q2,397250.0,74.0,1
2021,12_DA15,Q3,455000.0,86.0,1
2021,12_DA15,Q4a,564000.0,112.33,3
2021,12_DA15,Q4b,,,0
2021,12_SE10,Q1,393716.21,50.35,214
2021,12_SE10,Q2,551271.51,68.91,185
2021,12_SE10,Q3,681347.11,87.26,205
2021,12_SE10,Q4a,932053.26,119.5,95
2021,12_SE10,Q4b,1393261.21,183.26,29
2021,12_SE12,Q1,269444.44,53.89,9
2021,12_SE12,Q2,337824.53,68.98,19
2021,12_SE12,Q3,458616.71,88.09,34
2021,12_SE12,Q4a,823400.0,126.1,16
2021,12_SE12,Q4b,880250.0,167.67,5
2021,12_SE13,Q1,371250.0,53.0,1
2021,12_SE13,Q2,316400.0,68.01,5
2021,12_SE13,Q3,517250.0,88.65,8
2021,12_SE13,Q4a,566250.0,122.5,2
2021,12_SE13,Q4b,,,0
2021,12_SE18,Q1,312365.4,48.97,223
2021,12_SE18,Q2,379402.82,70.56,268
2021,12_SE18,Q3,448957.05,88.17,279
2021,12_SE18,Q4a,548427.68,120.21,127
2021,12_SE18,Q4b,659342.93,173.12,27
2021,12_SE2,Q1,234860.83,49.73,18
2021,12_SE2,Q2,311618.29,69.26,41
2021,12_SE2,Q3,386830.63,87.26,78
2021,12_SE2,Q4a,425148.24,112.66,17
2021,12_SE2,Q4b,510000.0,174.0,1
2021,12_SE28,Q1,258094.44,52.05,36
2021,12_SE28,Q2,305220.85,67.22,48
2021,12_SE28,Q3,343257.14,90.06,35
2021,12_SE28,Q4a,403666.67,117.12,6
2021,12_SE28,Q4b,,,0
2021,12_SE3,Q1,352594.99,46.95,167
2021,12_SE3,Q2,476038.35,68.21,223
2021,12_SE3,Q3,574559.5,88.73,163
2021,12_SE3,Q4a,837176.97,121.93,76
2021,12_SE3,Q4b,1667937.5,206.79,40
2021,12_SE7,Q1,322000.0,49.91,64
2021,12_SE7,Q2,423545.44,70.13,88
2021,12_SE7,Q3,543939.42,89.47,104
2021,12_SE7,Q4a,682592.82,121.23,78
2021,12_SE7,Q4b,833800.0,184.8,10
2021,12_SE8,Q1,360993.67,49.66,12
2021,12_SE8,Q2,447428.57,64.3,7
2021,12_SE8,Q3,609861.11,90.02,9
2021,12_SE8,Q4a,525000.0,125.4,2
2021,12_SE8,Q4b,1001250.0,165.0,2
2021,12_SE9,Q1,257265.31,49.06,77
2021,12_SE9,Q2,379467.13,68.89,126
2021,12_SE9,Q3,471505.51,89.71,264
2021,12_SE9,Q4a,595866.32,120.98,147
2021,12_SE9,Q4b,870289.47,182.16,38
2021,13_E1,Q1,,,0
2021,13_E1,Q2,,,0
2021,13_E1,Q3,,,0
2021,13_E1,Q4a,,,0
2021,13_E1,Q4b,,,0
2021,13_E2,Q1,475401.22,48.06,40
2021,13_E2,Q2,590328.8,68.63,46
2021,13_E2,Q3,786847.06,86.38,17
2021,13_E2,Q4a,1087500.0,109.4,10
2021,13_E2,Q4b,1125000.0,163.0,2
2021,13_E20,Q1,127541.67,53.5,6
2021,13_E20,Q2,259291.67,71.0,3
2021,13_E20,Q3,236000.0,78.0,1
2021,13_E20,Q4a,919462.86,136.57,7
2021,13_E20,Q4b,950000.0,159.0,1
2021,13_E5,Q1,379520.37,48.06,108
2021,13_E5,Q2,510310.78,67.74,98
2021,13_E5,Q3,699011.08,89.17,80
2021,13_E5,Q4a,992692.83,121.37,77
2021,13_E5,Q4b,1234459.38,184.52,24
2021,13_E8,Q1,426176.31,48.18,129
2021,13_E8,Q2,548755.8,67.91,123
2021,13_E8,Q3,725812.43,88.98,105
2021,13_E8,Q4a,1197866.08,121.03,52
2021,13_E8,Q4b,1773640.4,186.02,25
2021,13_E9,Q1,403702.44,49.5,147
2021,13_E9,Q2,534273.55,69.27,141
2021,13_E9,Q3,678560.49,87.06,90
2021,13_E9,Q4a,998983.48,121.84,46
2021,13_E9,Q4b,1772285.71,182.55,21
2021,13_EC1V,Q1,598000.0,45.0,2
2021,13_EC1V,Q2,931666.67,75.33,3
2021,13_EC1V,Q3,1020000.0,79.0,1
2021,13_EC1V,Q4a,2035100.0,134.6,5
2021,13_EC1V,Q4b,,,0
2021,13_EC2A,Q1,770651.67,48.33,6
2021,13_EC2A,Q2,877000.0,66.6,3
2021,13_EC2A,Q3,851250.0,90.0,4
2021,13_EC2A,Q4a,944687.5,109.19,4
2021,13_EC2A,Q4b,1090328.0,185.0,1
2021,13_N1,Q1,461032.74,48.68,84
2021,13_N1,Q2,579981.46,69.28,91
2021,13_N1,Q3,763027.36,86.19,55
2021,13_N1,Q4a,1393677.59,123.46,29
2021,13_N1,Q4b,2196448.93,190.82,14
2021,13_N15,Q1,,,0
2021,13_N15,Q2,,,0
2021,13_N15,Q3,,,0
2021,13_N15,Q4a,385000.0,108.0,1
2021,13_N15,Q4b,1000000.0,211.0,1
2021,13_N16,Q1,425788.3,47.43,174
2021,13_N16,Q2,530044.5,67.78,113
2021,13_N16,Q3,810660.0,90.69,110
2021,13_N16,Q4a,1106361.0,122.6,103
2021,13_N16,Q4b,1341678.16,187.87,49
2021,13_N4,Q1,479794.54,50.98,194
2021,13_N4,Q2,567752.43,68.28,111
2021,13_N4,Q3,756347.65,85.4,81
2021,13_N4,Q4a,873513.64,114.73,22
2021,13_N4,Q4b,1796666.67,228.76,6
2021,13_N5,Q1,500010.0,47.83,5
2021,13_N5,Q2,547000.0,73.44,3
2021,13_N5,Q3,744000.0,83.45,4
2021,13_N5,Q4a,,,0
2021,13_N5,Q4b,,,0
2021,14_NW10,Q1,445000.0,58.0,1
2021,14_NW10,Q2,203783.33,74.33,3
2021,14_NW10,Q3,534375.0,91.83,6
2021,14_NW10,Q4a,750000.0,118.0,1
2021,14_NW10,Q4b,1750000.0,225.24,1
2021,14_SW10,Q1,800000.0,58.0,1
2021,14_SW10,Q2,1000000.0,76.0,1
2021,14_SW10,Q3,999937.5,91.5,8
2021,14_SW10,Q4a,1736115.64,122.0,11
2021,14_SW10,Q4b,3775000.0,214.62,8
2021,14_SW6,Q1,489358.14,46.74,204
2021,14_SW6,Q2,669632.37,68.57,158
2021,14_SW6,Q3,874043.88,88.92,168
2021,14_SW6,Q4a,1374957.79,125.45,220
2021,14_SW6,Q4b,2290621.79,213.8,217
2021,14_W10,Q1,,,0
2021,14_W10,Q2,,,0
2021,14_W10,Q3,,,0
2021,14_W10,Q4a,,,0
2021,14_W10,Q4b,,,0
2021,14_W11,Q1,,,0
2021,14_W11,Q2,482500.0,70.0,2
2021,14_W11,Q3,,,0
2021,14_W11,Q4a,,,0
2021,14_W11,Q4b,,,0
2021,14_W12,Q1,535944.37,49.11,168
2021,14_W12,Q2,808998.65,70.09,164
2021,14_W12,Q3,833016.8,87.25,92
2021,14_W12,Q4a,1197606.58,124.76,84
2021,14_W12,Q4b,1786762.28,190.12,57
2021,14_W14,Q1,467919.15,45.77,115
2021,14_W14,Q2,631607.74,68.44,82
2021,14_W14,Q3,885720.96,89.25,49
2021,14_W14,Q4a,1282238.93,123.4,30
2021,14_W14,Q4b,2003745.61,200.13,36
2021,14_W3,Q1,366875.0,50.0,8
2021,14_W3,Q2,,,0
2021,14_W3,Q3,718750.0,94.0,2
2021,14_W3,Q4a,732500.0,129.52,3
2021,14_W3,Q4b,,,0
2021,14_W4,Q1,,,0
2021,14_W4,Q2,,,0
2021,14_W4,Q3,,,0
2021,14_W4,Q4a,,,0
2021,14_W4,Q4b,1550000.0,181.0,1
2021,14_W6,Q1,404362.14,45.57,156
2021,14_W6,Q2,601681.48,69.74,85
2021,14_W6,Q3,990890.92,89.96,116
2021,14_W6,Q4a,1197012.64,124.02,89
2021,14_W6,Q4b,2279467.39,207.7,46
2021,15_N10,Q1,417641.3,50.77,69
2021,15_N10,Q2,534018.97,67.15,58
2021,15_N10,Q3,770666.36,86.96,33
2021,15_N10,Q4a,1140662.38,126.11,40
2021,15_N10,Q4b,1854733.33,212.6,75
2021,15_N11,Q1,310375.0,51.02,8
2021,15_N11,Q2,393482.14,67.52,14
2021,15_N11,Q3,611380.58,89.68,12
2021,15_N11,Q4a,960500.0,120.47,15
2021,15_N11,Q4b,1026666.67,168.33,3
2021,15_N13,Q1,,,0
2021,15_N13,Q2,450000.0,76.66,2
2021,15_N13,Q3,420000.0,81.0,1
2021,15_N13,Q4a,460000.0,112.0,1
2021,15_N13,Q4b,,,0
2021,15_N15,Q1,358448.03,49.95,61
2021,15_N15,Q2,500523.93,69.29,101
2021,15_N15,Q3,617861.34,89.88,73
2021,15_N15,Q4a,748277.78,121.94,54
2021,15_N15,Q4b,1010000.0,180.0,3
2021,15_N17,Q1,318494.2,49.28,76
2021,15_N17,Q2,395146.67,69.28,101
2021,15_N17,Q3,512083.61,88.96,122
2021,15_N17,Q4a,616762.74,118.26,62
2021,15_N17,Q4b,742500.0,186.0,2
2021,15_N18,Q1,,,0
2021,15_N18,Q2,306000.0,63.0,2
2021,15_N18,Q3,,,0
2021,15_N18,Q4a,,,0
2021,15_N18,Q4b,,,0
2021,15_N2,Q1,402833.33,49.04,6
2021,15_N2,Q2,449450.0,65.04,10
2021,15_N2,Q3,852500.0,91.53,4
2021,15_N2,Q4a,1173428.57,124.29,7
2021,15_N2,Q4b,1923750.0,209.19,16
2021,15_N22,Q1,368089.29,50.44,84
2021,15_N22,Q2,483265.21,68.55,102
2021,15_N22,Q3,620030.2,90.34,101
2021,15_N22,Q4a,803383.09,120.59,79
2021,15_N22,Q4b,1221294.67,171.43,21
2021,15_N4,Q1,426607.63,47.22,76
2021,15_N4,Q2,515910.24,66.51,58
2021,15_N4,Q3,658733.07,88.23,45
2021,15_N4,Q4a,870750.0,125.42,38
2021,15_N4,Q4b,1439904.77,202.57,35
2021,15_N6,Q1,449188.33,47.63,60
2021,15_N6,Q2,661645.53,68.26,53
2021,15_N6,Q3,779338.24,86.95,34
2021,15_N6,Q4a,1189745.02,123.71,47
2021,15_N6,Q4b,2343681.95,228.16,55
2021,15_N8,Q1,415906.17,49.37,179
2021,15_N8,Q2,543858.31,67.91,214
2021,15_N8,Q3,691527.97,88.04,75
2021,15_N8,Q4a,990312.84,125.21,103
2021,15_N8,Q4b,1428780.58,183.93,69
2021,16_HA1,Q1,304151.5,49.48,131
2021,16_HA1,Q2,429755.75,71.26,142
2021,16_HA1,Q3,511344.13,90.3,89
2021,16_HA1,Q4a,612228.4,122.45,81
2021,16_HA1,Q4b,1014656.82,196.68,22
2021,16_HA2,Q1,291227.25,48.7,75
2021,16_HA2,Q2,393242.63,70.08,95
2021,16_HA2,Q3,512582.56,89.52,176
2021,16_HA2,Q4a,651322.29,123.15,131
2021,16_HA2,Q4b,766868.42,178.54,19
2021,16_HA3,Q1,290391.3,47.98,46
2021,16_HA3,Q2,415963.51,68.77,84
2021,16_HA3,Q3,508515.02,90.3,126
2021,16_HA3,Q4a,601323.74,120.89,103
2021,16_HA3,Q4b,885048.39,182.68,31
2021,16_HA4,Q1,,,0
2021,16_HA4,Q2,480000.0,76.0,1
2021,16_HA4,Q3,536000.0,101.0,1
2021,16_HA4,Q4a,580000.0,138.0,1
2021,16_HA4,Q4b,,,0
2021,16_HA5,Q1,316858.33,49.72,54
2021,16_HA5,Q2,415847.92,68.0,74
2021,16_HA5,Q3,626674.24,90.91,128
2021,16_HA5,Q4a,817922.7,123.34,152
2021,16_HA5,Q4b,1107787.27,192.05,84
2021,16_HA7,Q1,328098.44,47.19,59
2021,16_HA7,Q2,451688.31,69.28,77
2021,16_HA7,Q3,575029.53,90.23,127
2021,16_HA7,Q4a,787422.74,122.95,110
2021,16_HA7,Q4b,1320392.06,213.2,63
2021,16_HA8,Q1,292575.0,53.0,10
2021,16_HA8,Q2,427906.54,68.79,37
2021,16_HA8,Q3,513630.12,89.77,49
2021,16_HA8,Q4a,646189.66,121.53,29
2021,16_HA8,Q4b,1170461.54,214.14,13
2021,16_NW9,Q1,,,0
2021,16_NW9,Q2,,,0
2021,16_NW9,Q3,,,0
2021,16_NW9,Q4a,,,0
2021,16_NW9,Q4b,,,0
2021,16_UB5,Q1,265000.0,43.0,1
2021,16_UB5,Q2,453898.33,73.67,3
2021,16_UB5,Q3,335000.0,87.0,1
2021,16_UB5,Q4a,462500.0,114.0,2
2021,16_UB5,Q4b,,,0
2021,16_WD23,Q1,,,0
2021,16_WD23,Q2,,,0
2021,16_WD23,Q3,,,0
2021,16_WD23,Q4a,,,0
2021,16_WD23,Q4b,,,0
2021,17_RM1,Q1,233545.31,40.11,197
2021,17_RM1,Q2,327953.84,67.75,101
2021,17_RM1,Q3,434821.15,90.22,138
2021,17_RM1,Q4a,518012.79,120.66,86
2021,17_RM1,Q4b,745197.37,180.68,19
2021,17_RM11,Q1,279130.75,51.43,65
2021,17_RM11,Q2,368151.63,68.86,123
2021,17_RM11,Q3,456895.9,89.87,223
2021,17_RM11,Q4a,595885.88,122.89,154
2021,17_RM11,Q4b,1041021.93,214.55,74
2021,17_RM12,Q1,282877.3,50.25,98
2021,17_RM12,Q2,359499.6,69.17,155
2021,17_RM12,Q3,443171.16,89.78,324
2021,17_RM12,Q4a,528147.46,120.74,148
2021,17_RM12,Q4b,677725.95,171.45,21
2021,17_RM13,Q1,252665.38,49.36,65
2021,17_RM13,Q2,332610.19,69.53,270
2021,17_RM13,Q3,387502.52,88.25,216
2021,17_RM13,Q4a,465743.12,119.83,146
2021,17_RM13,Q4b,558583.33,182.5,12
2021,17_RM14,Q1,340727.27,50.34,33
2021,17_RM14,Q2,398569.79,69.21,78
2021,17_RM14,Q3,507253.18,89.51,196
2021,17_RM14,Q4a,659107.95,122.93,149
2021,17_RM14,Q4b,914275.96,186.36,52
2021,17_RM2,Q1,250484.12,51.62,40
2021,17_RM2,Q2,348469.3,68.74,57
2021,17_RM2,Q3,481414.29,90.21,70
2021,17_RM2,Q4a,616668.35,120.28,79
2021,17_RM2,Q4b,904948.28,187.25,29
2021,17_RM3,Q1,247892.05,46.76,78
2021,17_RM3,Q2,332601.05,69.35,187
2021,17_RM3,Q3,379148.51,87.19,257
2021,17_RM3,Q4a,470853.26,119.02,92
2021,17_RM3,Q4b,607500.0,171.26,19
2021,17_RM4,Q1,195000.0,47.69,1
2021,17_RM4,Q2,400000.0,69.0,1
2021,17_RM4,Q3,385333.33,87.6,3
2021,17_RM4,Q4a,689200.0,126.48,5
2021,17_RM4,Q4b,700000.0,181.67,3
2021,17_RM5,Q1,277730.54,48.51,26
2021,17_RM5,Q2,352041.69,70.77,83
2021,17_RM5,Q3,398327.84,86.69,167
2021,17_RM5,Q4a,474018.16,118.43,55
2021,17_RM5,Q4b,571856.43,167.79,7
2021,17_RM7,Q1,239044.78,46.0,67
2021,17_RM7,Q2,335816.67,69.27,120
2021,17_RM7,Q3,402105.16,88.16,164
2021,17_RM7,Q4a,463160.24,120.46,63
2021,17_RM7,Q4b,470000.0,154.5,2
2021,18_HA4,Q1,349391.02,49.65,202
2021,18_HA4,Q2,441103.96,68.56,240
2021,18_HA4,Q3,571907.99,90.11,283
2021,18_HA4,Q4a,690935.31,123.23,177
2021,18_HA4,Q4b,965444.46,181.26,54
2021,18_HA5,Q1,362521.74,51.79,23
2021,18_HA5,Q2,448555.92,69.27,38
2021,18_HA5,Q3,586834.33,90.08,51
2021,18_HA5,Q4a,745958.6,121.94,35
2021,18_HA5,Q4b,1066458.33,191.43,12
2021,18_HA6,Q1,291016.13,48.97,31
2021,18_HA6,Q2,426060.0,69.94,25
2021,18_HA6,Q3,567237.1,90.71,62
2021,18_HA6,Q4a,773593.44,124.32,73
2021,18_HA6,Q4b,1347729.93,206.58,44
2021,18_TW19,Q1,,,0
2021,18_TW19,Q2,,,0
2021,18_TW19,Q3,,,0
2021,18_TW19,Q4a,,,0
2021,18_TW19,Q4b,,,0
2021,18_UB10,Q1,306846.59,49.44,91
2021,18_UB10,Q2,413068.59,68.14,148
2021,18_UB10,Q3,537216.75,88.75,206
2021,18_UB10,Q4a,689858.94,122.11,125
2021,18_UB10,Q4b,944463.41,186.53,41
2021,18_UB3,Q1,278998.7,47.89,113
2021,18_UB3,Q2,393573.78,68.88,144
2021,18_UB3,Q3,440603.16,87.87,135
2021,18_UB3,Q4a,512617.69,118.08,42
2021,18_UB3,Q4b,564750.0,153.0,4
2021,18_UB4,Q1,266896.7,46.41,82
2021,18_UB4,Q2,399597.06,68.6,85
2021,18_UB4,Q3,455539.95,87.23,110
2021,18_UB4,Q4a,532857.14,121.08,35
2021,18_UB4,Q4b,693750.0,187.0,4
2021,18_UB5,Q1,263125.0,40.49,16
2021,18_UB5,Q2,422500.0,72.0,1
2021,18_UB5,Q3,536666.67,89.33,3
2021,18_UB5,Q4a,467500.0,116.0,2
2021,18_UB5,Q4b,612500.0,183.5,2
2021,18_UB7,Q1,258692.11,46.06,111
2021,18_UB7,Q2,344645.83,69.27,96
2021,18_UB7,Q3,433753.62,87.48,112
2021,18_UB7,Q4a,532967.39,119.21,46
2021,18_UB7,Q4b,877375.0,200.0,4
2021,18_UB8,Q1,261819.17,45.2,130
2021,18_UB8,Q2,391829.3,69.6,134
2021,18_UB8,Q3,469651.95,89.06,149
2021,18_UB8,Q4a,572823.46,122.58,68
2021,18_UB8,Q4b,780366.67,177.6,15
2021,18_UB9,Q1,294220.0,49.24,25
2021,18_UB9,Q2,380340.91,69.06,33
2021,18_UB9,Q3,484859.17,92.69,30
2021,18_UB9,Q4a,600586.55,120.45,29
2021,18_UB9,Q4b,859111.11,185.06,9
2021,18_WD3,Q1,,,0
2021,18_WD3,Q2,374000.0,69.8,5
2021,18_WD3,Q3,615000.0,78.0,1
2021,18_WD3,Q4a,635000.0,120.0,1
2021,18_WD3,Q4b,,,0
2021,19_TW1,Q1,306458.33,48.86,12
2021,19_TW1,Q2,332500.0,70.0,1
2021,19_TW1,Q3,,,0
2021,19_TW1,Q4a,,,0
2021,19_TW1,Q4b,,,0
2021,19_TW13,Q1,259622.29,48.72,83
2021,19_TW13,Q2,362244.74,68.16,106
2021,19_TW13,Q3,423636.31,88.04,99
2021,19_TW13,Q4a,485954.76,120.62,42
2021,19_TW13,Q4b,667300.0,167.59,5
2021,19_TW14,Q1,267070.95,51.02,63
2021,19_TW14,Q2,370560.81,69.6,74
2021,19_TW14,Q3,425813.0,88.42,100
2021,19_TW14,Q4a,476250.0,117.57,30
2021,19_TW14,Q4b,451000.0,193.67,3
2021,19_TW15,Q1,285000.0,57.0,1
2021,19_TW15,Q2,,,0
2021,19_TW15,Q3,,,0
2021,19_TW15,Q4a,,,0
2021,19_TW15,Q4b,,,0
2021,19_TW3,Q1,282099.51,48.65,61
2021,19_TW3,Q2,395399.81,71.48,75
2021,19_TW3,Q3,491107.29,88.14,89
2021,19_TW3,Q4a,587778.7,125.72,54
2021,19_TW3,Q4b,668833.33,177.67,6
2021,19_TW4,Q1,275027.78,50.42,18
2021,19_TW4,Q2,319854.17,69.93,24
2021,19_TW4,Q3,438281.0,91.19,32
2021,19_TW4,Q4a,511500.0,126.5,14
2021,19_TW4,Q4b,463000.0,172.0,1
2021,19_TW5,Q1,257131.58,50.29,19
2021,19_TW5,Q2,357997.83,68.48,23
2021,19_TW5,Q3,512580.9,91.05,60
2021,19_TW5,Q4a,571256.1,121.44,41
2021,19_TW5,Q4b,835000.0,224.83,6
2021,19_TW7,Q1,299426.55,49.4,96
2021,19_TW7,Q2,416852.08,67.91,144
2021,19_TW7,Q3,570687.96,89.5,133
2021,19_TW7,Q4a,699755.29,122.3,85
2021,19_TW7,Q4b,963957.69,189.23,26
2021,19_TW8,Q1,343488.0,46.52,84
2021,19_TW8,Q2,457677.34,69.43,77
2021,19_TW8,Q3,565383.11,87.28,74
2021,19_TW8,Q4a,694640.24,117.83,41
2021,19_TW8,Q4b,1158238.46,193.87,13
2021,19_UB2,Q1,211166.67,40.3,3
2021,19_UB2,Q2,398500.0,69.71,5
2021,19_UB2,Q3,444875.0,87.88,8
2021,19_UB2,Q4a,689375.0,140.5,4
2021,19_UB2,Q4b,750000.0,162.5,2
2021,19_W3,Q1,415000.0,52.13,1
2021,19_W3,Q2,,,0
2021,19_W3,Q3,725785.71,93.29,7
2021,19_W3,Q4a,747499.9,122.8,10
2021,19_W3,Q4b,,,0
2021,19_W4,Q1,435087.04,49.08,108
2021,19_W4,Q2,565226.96,68.62,92
2021,19_W4,Q3,790384.81,88.66,79
2021,19_W4,Q4a,1183835.67,126.36,103
2021,19_W4,Q4b,1993406.13,205.83,116
2021,19_W5,Q1,,,0
2021,19_W5,Q2,520000.0,61.0,1
2021,19_W5,Q3,,,0
2021,19_W5,Q4a,857500.0,137.0,2
2021,19_W5,Q4b,,,0
2021,19_W6,Q1,,,0
2021,19_W6,Q2,657250.0,73.58,2
2021,19_W6,Q3,719166.67,88.67,3
2021,19_W6,Q4a,1800000.0,147.0,1
2021,19_W6,Q4b,1691666.67,209.67,3
2021,1_IG11,Q1,241356.1,48.19,126
2021,1_IG11,Q2,311577.99,69.97,144
2021,1_IG11,Q3,406801.31,87.95,111
2021,1_IG11,Q4a,487513.18,125.03,74
2021,1_IG11,Q4b,583534.45,181.9,20
2021,1_RM10,Q1,238295.92,49.0,49
2021,1_RM10,Q2,320962.72,69.52,114
2021,1_RM10,Q3,360114.36,87.63,141
2021,1_RM10,Q4a,398952.63,118.2,19
2021,1_RM10,Q4b,564000.0,170.5,2
2021,1_RM5,Q1,,,0
2021,1_RM5,Q2,328000.0,73.0,1
2021,1_RM5,Q3,,,0
2021,1_RM5,Q4a,,,0
2021,1_RM5,Q4b,,,0
2021,1_RM6,Q1,194520.0,46.72,25
2021,1_RM6,Q2,342216.22,68.73,37
2021,1_RM6,Q3,386079.26,88.59,68
2021,1_RM6,Q4a,461727.73,118.71,22
2021,1_RM6,Q4b,565714.29,170.43,7
2021,1_RM7,Q1,281900.0,54.64,5
2021,1_RM7,Q2,360500.0,69.62,20
2021,1_RM7,Q3,416144.19,90.41,43
2021,1_RM7,Q4a,464556.94,115.22,18
2021,1_RM7,Q4b,627500.0,176.5,2
2021,1_RM8,Q1,223937.5,48.38,32
2021,1_RM8,Q2,328261.51,69.22,164
2021,1_RM8,Q3,356667.7,85.41,89
2021,1_RM8,Q4a,389005.0,119.38,19
2021,1_RM8,Q4b,445000.0,159.0,1
2021,1_RM9,Q1,239472.97,50.67,37
2021,1_RM9,Q2,321170.27,68.26,157
2021,1_RM9,Q3,353014.26,85.52,102
2021,1_RM9,Q4a,420631.82,115.27,11
2021,1_RM9,Q4b,557500.0,159.0,1
2021,20_EC1A,Q1,,,0
2021,20_EC1A,Q2,,,0
2021,20_EC1A,Q3,,,0
2021,20_EC1A,Q4a,,,0
2021,20_EC1A,Q4b,,,0
2021,20_EC1M,Q1,385000.0,26.99,3
2021,20_EC1M,Q2,907500.0,67.0,2
2021,20_EC1M,Q3,1300000.0,99.0,1
2021,20_EC1M,Q4a,1018500.0,116.5,2
2021,20_EC1M,Q4b,,,0
2021,20_EC1R,Q1,516166.67,49.77,9
2021,20_EC1R,Q2,764361.54,67.94,13
2021,20_EC1R,Q3,998666.67,91.26,6
2021,20_EC1R,Q4a,1656666.67,133.67,3
2021,20_EC1R,Q4b,2860125.0,231.75,4
2021,20_EC1V,Q1,548925.89,49.77,56
2021,20_EC1V,Q2,821210.0,69.78,50
2021,20_EC1V,Q3,1115556.35,90.85,54
2021,20_EC1V,Q4a,1464681.25,122.87,16
2021,20_EC1V,Q4b,3089075.0,186.17,8
2021,20_EC1Y,Q1,493333.33,52.96,6
2021,20_EC1Y,Q2,711458.33,71.58,12
2021,20_EC1Y,Q3,903333.33,90.0,6
2021,20_EC1Y,Q4a,,,0
2021,20_EC1Y,Q4b,,,0
2021,20_EC2A,Q1,470833.33,56.65,3
2021,20_EC2A,Q2,545000.0,63.11,2
2021,20_EC2A,Q3,,,0
2021,20_EC2A,Q4a,880000.0,136.0,1
2021,20_EC2A,Q4b,2140000.0,168.0,1
2021,20_N1,Q1,464263.65,46.04,200
2021,20_N1,Q2,667915.29,68.8,161
2021,20_N1,Q3,930834.81,88.69,128
2021,20_N1,Q4a,1388924.49,122.84,109
2021,20_N1,Q4b,2503650.21,206.89,76
2021,20_N16,Q1,,,0
2021,20_N16,Q2,451666.67,71.1,3
2021,20_N16,Q3,680200.0,92.83,6
2021,20_N16,Q4a,1005500.0,116.5,2
2021,20_N16,Q4b,,,0
2021,20_N19,Q1,418018.74,48.59,105
2021,20_N19,Q2,537692.71,68.11,68
2021,20_N19,Q3,636829.89,87.18,63
2021,20_N19,Q4a,1043716.3,124.48,50
2021,20_N19,Q4b,1523061.28,180.95,36
2021,20_N4,Q1,444070.83,46.95,36
2021,20_N4,Q2,554727.93,67.16,30
2021,20_N4,Q3,777855.14,89.33,36
2021,20_N4,Q4a,1110579.13,122.9,23
2021,20_N4,Q4b,1311833.33,177.17,6
2021,20_N5,Q1,542577.13,47.4,75
2021,20_N5,Q2,621072.42,67.4,89
2021,20_N5,Q3,806310.02,86.87,46
2021,20_N5,Q4a,1372576.2,125.81,46
2021,20_N5,Q4b,2006449.27,193.76,41
2021,20_N6,Q1,332000.0,55.0,1
2021,20_N6,Q2,604375.0,68.78,4
2021,20_N6,Q3,695000.0,91.22,1
2021,20_N6,Q4a,900000.0,135.0,1
2021,20_N6,Q4b,1625000.0,252.0,1
2021,20_N7,Q1,402496.15,46.84,139
2021,20_N7,Q2,536320.53,69.03,98
2021,20_N7,Q3,673110.83,87.43,87
2021,20_N7,Q4a,1002010.0,122.69,45
2021,20_N7,Q4b,1810500.0,200.54,24
2021,20_N8,Q1,370000.0,49.0,2
2021,20_N8,Q2,472500.0,64.25,4
2021,20_N8,Q3,,,0
2021,20_N8,Q4a,895000.0,126.0,1
2021,20_N8,Q4b,2295000.0,263.0,2
2021,20_NW5,Q1,379000.0,47.0,1
2021,20_NW5,Q2,,,0
2021,20_NW5,Q3,,,0
2021,20_NW5,Q4a,1140000.0,110.55,1
2021,20_NW5,Q4b,,,0
2021,20_WC1X,Q1,389394.44,44.22,9
2021,20_WC1X,Q2,650416.67,66.55,6
2021,20_WC1X,Q3,808309.0,90.0,5
2021,20_WC1X,Q4a,810000.0,108.0,1
2021,20_WC1X,Q4b,2537500.0,177.0,2
2021,21_SW10,Q1,620811.32,46.51,53
2021,21_SW10,Q2,891252.24,69.07,37
2021,21_SW10,Q3,1163141.07,88.59,28
2021,21_SW10,Q4a,1720619.05,123.69,21
2021,21_SW10,Q4b,4123214.29,215.55,42
2021,21_SW1W,Q1,620000.0,34.0,1
2021,21_SW1W,Q2,908000.0,64.5,2
2021,21_SW1W,Q3,1193166.67,86.98,6
2021,21_SW1W,Q4a,2100000.0,117.17,1
2021,21_SW1W,Q4b,2050000.0,179.0,1
2021,21_SW1X,Q1,997000.0,51.04,5
2021,21_SW1X,Q2,969830.86,63.69,7
2021,21_SW1X,Q3,1890375.0,90.25,8
2021,21_SW1X,Q4a,2344730.77,121.31,13
2021,21_SW1X,Q4b,5156854.0,200.55,11
2021,21_SW3,Q1,613870.87,42.43,76
2021,21_SW3,Q2,1040696.82,68.85,49
2021,21_SW3,Q3,1535370.4,88.38,43
2021,21_SW3,Q4a,2762671.05,127.85,38
2021,21_SW3,Q4b,5127493.54,231.49,79
2021,21_SW5,Q1,576113.82,47.06,38
2021,21_SW5,Q2,830311.03,66.37,34
2021,21_SW5,Q3,1258713.97,89.43,38
2021,21_SW5,Q4a,1632345.83,121.03,24
2021,21_SW5,Q4b,2913726.67,188.31,15
2021,21_SW7,Q1,696433.33,45.9,30
2021,21_SW7,Q2,1201260.23,67.26,44
2021,21_SW7,Q3,1549809.2,89.62,25
2021,21_SW7,Q4a,2064864.86,124.81,37
2021,21_SW7,Q4b,4277440.0,213.91,25
2021,21_W10,Q1,479716.22,48.17,37
2021,21_W10,Q2,704172.83,68.47,35
2021,21_W10,Q3,996708.33,88.16,24
2021,21_W10,Q4a,1719642.86,131.31,14
2021,21_W10,Q4b,2785882.35,218.34,17
2021,21_W11,Q1,703158.51,45.53,63
2021,21_W11,Q2,864160.0,66.86,45
2021,21_W11,Q3,1461926.14,90.59,44
2021,21_W11,Q4a,2281968.97,122.22,29
2021,21_W11,Q4b,5625662.73,236.34,66
2021,21_W14,Q1,684517.87,50.08,30
2021,21_W14,Q2,907609.38,66.25,24
2021,21_W14,Q3,1277162.84,89.69,37
2021,21_W14,Q4a,1917747.97,124.81,32
2021,21_W14,Q4b,4199500.0,233.1,20
2021,21_W2,Q1,618250.0,44.3,10
2021,21_W2,Q2,1025319.0,65.82,10
2021,21_W2,Q3,1332416.67,91.12,6
2021,21_W2,Q4a,2375000.0,114.75,4
2021,21_W2,Q4b,3826166.67,228.86,6
2021,21_W8,Q1,694945.11,45.54,45
2021,21_W8,Q2,1061428.57,68.72,21
2021,21_W8,Q3,1430840.91,89.31,44
2021,21_W8,Q4a,2109942.37,122.54,57
2021,21_W8,Q4b,5027798.06,234.94,90
2021,22_KT1,Q1,354180.69,48.79,71
2021,22_KT1,Q2,497985.07,68.7,99
2021,22_KT1,Q3,583272.77,87.98,70
2021,22_KT1,Q4a,804866.14,120.84,49
2021,22_KT1,Q4b,1059428.57,181.9,21
2021,22_KT19,Q1,,,0
2021,22_KT19,Q2,319250.0,63.16,2
2021,22_KT19,Q3,505000.0,91.5,2
2021,22_KT19,Q4a,,,0
2021,22_KT19,Q4b,,,0
2021,22_KT2,Q1,347187.63,48.77,97
2021,22_KT2,Q2,484145.77,67.84,113
2021,22_KT2,Q3,717524.96,88.94,112
2021,22_KT2,Q4a,974163.17,124.89,138
2021,22_KT2,Q4b,1664181.6,218.16,75
2021,22_KT22,Q1,,,0
2021,22_KT22,Q2,,,0
2021,22_KT22,Q3,,,0
2021,22_KT22,Q4a,,,0
2021,22_KT22,Q4b,,,0
2021,22_KT3,Q1,311117.11,49.88,38
2021,22_KT3,Q2,479444.81,67.18,89
2021,22_KT3,Q3,603954.43,89.48,140
2021,22_KT3,Q4a,770937.63,122.28,161
2021,22_KT3,Q4b,1134612.78,188.22,51
2021,22_KT4,Q1,284911.76,42.36,17
2021,22_KT4,Q2,476150.0,70.53,15
2021,22_KT4,Q3,556552.63,89.81,19
2021,22_KT4,Q4a,754243.75,124.05,32
2021,22_KT4,Q4b,813333.33,177.0,3
2021,22_KT5,Q1,320052.16,46.58,56
2021,22_KT5,Q2,442388.43,69.62,108
2021,22_KT5,Q3,613967.44,89.82,86
2021,22_KT5,Q4a,766601.14,124.94,95
2021,22_KT5,Q4b,1083007.14,188.29,28
2021,22_KT6,Q1,329976.57,47.55,143
2021,22_KT6,Q2,424393.79,68.36,161
2021,22_KT6,Q3,546004.85,88.91,134
2021,22_KT6,Q4a,709901.46,118.89,81
2021,22_KT6,Q4b,1318625.0,196.11,44
2021,22_KT9,Q1,304095.33,51.38,60
2021,22_KT9,Q2,379135.7,68.69,139
2021,22_KT9,Q3,463535.02,87.11,122
2021,22_KT9,Q4a,566287.88,123.55,33
2021,22_KT9,Q4b,752500.0,173.91,6
2021,22_SW15,Q1,370625.0,53.98,4
2021,22_SW15,Q2,407333.33,72.44,3
2021,22_SW15,Q3,764000.0,94.71,6
2021,22_SW15,Q4a,815416.67,119.5,6
2021,22_SW15,Q4b,1359750.0,231.1,10
2021,22_SW20,Q1,,,0
2021,22_SW20,Q2,,,0
2021,22_SW20,Q3,540000.0,99.0,1
2021,22_SW20,Q4a,,,0
2021,22_SW20,Q4b,,,0
2021,22_TW10,Q1,,,0
2021,22_TW10,Q2,600000.0,72.0,1
2021,22_TW10,Q3,,,0
2021,22_TW10,Q4a,800000.0,116.0,2
2021,22_TW10,Q4b,1530000.0,201.0,1
2021,23_SE1,Q1,527505.69,46.87,54
2021,23_SE1,Q2,761461.44,66.4,48
2021,23_SE1,Q3,1243950.94,92.48,32
2021,23_SE1,Q4a,2067788.46,121.13,13
2021,23_SE1,Q4b,3542500.0,198.7,10
2021,23_SE11,Q1,392706.44,48.77,52
2021,23_SE11,Q2,509176.98,67.23,43
2021,23_SE11,Q3,695111.29,88.28,31
2021,23_SE11,Q4a,1110025.0,116.49,22
2021,23_SE11,Q4b,1418977.27,199.31,11
2021,23_SE19,Q1,344180.78,48.71,46
2021,23_SE19,Q2,425944.74,67.64,19
2021,23_SE19,Q3,517750.41,86.89,17
2021,23_SE19,Q4a,866416.67,127.33,9
2021,23_SE19,Q4b,1164625.0,208.25,4
2021,23_SE21,Q1,356254.31,48.68,29
2021,23_SE21,Q2,458788.91,67.34,32
2021,23_SE21,Q3,631425.37,89.35,41
2021,23_SE21,Q4a,916922.5,119.49,28
2021,23_SE21,Q4b,1419711.06,183.37,18
2021,23_SE24,Q1,436332.68,49.43,38
2021,23_SE24,Q2,555017.56,67.85,43
2021,23_SE24,Q3,725407.58,89.29,33
2021,23_SE24,Q4a,1049848.78,125.66,41
2021,23_SE24,Q4b,1473557.29,185.1,24
2021,23_SE27,Q1,351421.64,49.46,67
2021,23_SE27,Q2,471976.86,67.56,78
2021,23_SE27,Q3,648315.85,89.46,82
2021,23_SE27,Q4a,740516.95,119.44,59
2021,23_SE27,Q4b,1239814.81,190.76,27
2021,23_SE5,Q1,376685.19,48.89,27
2021,23_SE5,Q2,461422.0,66.63,25
2021,23_SE5,Q3,620521.21,91.0,33
2021,23_SE5,Q4a,968810.0,122.7,10
2021,23_SE5,Q4b,1176222.17,184.83,6
2021,23_SW12,Q1,472796.3,51.19,27
2021,23_SW12,Q2,620647.78,69.8,45
2021,23_SW12,Q3,801075.57,88.39,47
2021,23_SW12,Q4a,1179550.0,126.55,40
2021,23_SW12,Q4b,1400333.33,181.58,12
2021,23_SW16,Q1,341657.39,48.01,192
2021,23_SW16,Q2,457342.81,68.0,155
2021,23_SW16,Q3,543124.54,88.2,144
2021,23_SW16,Q4a,749500.57,121.01,107
2021,23_SW16,Q4b,1218638.78,198.56,74
2021,23_SW2,Q1,391906.35,48.94,223
2021,23_SW2,Q2,495535.13,67.87,230
2021,23_SW2,Q3,638309.65,89.69,152
2021,23_SW2,Q4a,880002.84,123.8,109
2021,23_SW2,Q4b,1237097.45,183.84,58
2021,23_SW4,Q1,461395.15,50.06,149
2021,23_SW4,Q2,579437.34,67.3,147
2021,23_SW4,Q3,705217.89,88.6,101
2021,23_SW4,Q4a,1072379.73,126.01,63
2021,23_SW4,Q4b,1784634.26,202.16,102
2021,23_SW8,Q1,465782.65,49.24,131
2021,23_SW8,Q2,597389.94,68.85,81
2021,23_SW8,Q3,711700.81,87.82,62
2021,23_SW8,Q4a,1164631.25,122.18,32
2021,23_SW8,Q4b,1752263.16,204.84,19
2021,23_SW9,Q1,423596.55,48.76,181
2021,23_SW9,Q2,521403.28,69.26,156
2021,23_SW9,Q3,667879.5,89.47,100
2021,23_SW9,Q4a,962629.81,121.31,47
2021,23_SW9,Q4b,1371458.33,178.04,24
2021,24_BR1,Q1,279582.44,50.49,25
2021,24_BR1,Q2,352341.94,69.35,100
2021,24_BR1,Q3,415373.68,87.56,57
2021,24_BR1,Q4a,498409.09,121.81,11
2021,24_BR1,Q4b,645000.0,153.0,1
2021,24_BR3,Q1,261250.0,57.0,2
2021,24_BR3,Q2,,,0
2021,24_BR3,Q3,,,0
2021,24_BR3,Q4a,,,0
2021,24_BR3,Q4b,,,0
2021,24_SE10,Q1,358750.0,48.75,8
2021,24_SE10,Q2,468800.0,65.45,5
2021,24_SE10,Q3,540000.0,95.59,1
2021,24_SE10,Q4a,845000.0,128.0,1
2021,24_SE10,Q4b,1690000.0,199.0,3
2021,24_SE12,Q1,271482.2,50.24,59
2021,24_SE12,Q2,368103.58,67.35,67
2021,24_SE12,Q3,520605.82,89.86,107
2021,24_SE12,Q4a,651584.06,121.65,69
2021,24_SE12,Q4b,1090534.62,225.87,13
2021,24_SE13,Q1,323796.47,48.37,194
2021,24_SE13,Q2,410263.35,67.56,128
2021,24_SE13,Q3,602724.26,89.03,141
2021,24_SE13,Q4a,768948.81,121.68,107
2021,24_SE13,Q4b,1250820.5,201.65,22
2021,24_SE14,Q1,355219.86,48.5,116
2021,24_SE14,Q2,478245.49,69.58,72
2021,24_SE14,Q3,607488.26,90.18,72
2021,24_SE14,Q4a,749819.97,113.18,35
2021,24_SE14,Q4b,1313406.76,192.58,17
2021,24_SE15,Q1,,,0
2021,24_SE15,Q2,371250.0,68.5,2
2021,24_SE15,Q3,320000.0,87.0,3
2021,24_SE15,Q4a,,,0
2021,24_SE15,Q4b,,,0
2021,24_SE16,Q1,372928.57,46.0,7
2021,24_SE16,Q2,488333.33,67.78,9
2021,24_SE16,Q3,577500.0,84.67,3
2021,24_SE16,Q4a,880000.0,139.0,1
2021,24_SE16,Q4b,,,0
2021,24_SE23,Q1,333523.77,47.38,146
2021,24_SE23,Q2,448896.46,68.6,144
2021,24_SE23,Q3,599138.58,89.73,124
2021,24_SE23,Q4a,777526.98,122.93,109
2021,24_SE23,Q4b,1160236.42,185.79,38
2021,24_SE26,Q1,315631.85,48.41,84
2021,24_SE26,Q2,417289.23,69.51,81
2021,24_SE26,Q3,520953.65,87.47,111
2021,24_SE26,Q4a,734735.0,122.54,60
2021,24_SE26,Q4b,1141984.09,197.45,22
2021,24_SE3,Q1,386958.33,47.72,12
2021,24_SE3,Q2,493340.91,67.08,22
2021,24_SE3,Q3,670815.91,87.53,22
2021,24_SE3,Q4a,905875.0,122.64,12
2021,24_SE3,Q4b,1791666.67,207.61,3
2021,24_SE4,Q1,386231.84,49.82,95
2021,24_SE4,Q2,480518.51,68.4,101
2021,24_SE4,Q3,619568.44,89.14,98
2021,24_SE4,Q4a,796313.13,121.93,107
2021,24_SE4,Q4b,1121440.32,184.86,31
2021,24_SE6,Q1,284688.18,47.85,140
2021,24_SE6,Q2,383200.54,69.21,133
2021,24_SE6,Q3,477278.38,88.87,223
2021,24_SE6,Q4a,606325.86,120.75,132
2021,24_SE6,Q4b,821856.06,174.38,33
2021,24_SE8,Q1,329062.95,45.6,112
2021,24_SE8,Q2,422966.51,70.16,69
2021,24_SE8,Q3,520750.29,86.64,63
2021,24_SE8,Q4a,705900.0,119.66,20
2021,24_SE8,Q4b,1086166.67,164.33,3
2021,24_SE9,Q1,221800.0,42.7,5
2021,24_SE9,Q2,317666.67,68.67,3
2021,24_SE9,Q3,380041.67,82.51,12
2021,24_SE9,Q4a,,,0
2021,24_SE9,Q4b,,,0
2021,25_CR4,Q1,267653.83,47.24,125
2021,25_CR4,Q2,381514.06,68.71,128
2021,25_CR4,Q3,460301.92,88.79,203
2021,25_CR4,Q4a,541200.0,118.46,71
2021,25_CR4,Q4b,635000.0,159.33,6
2021,25_CR7,Q1,,,0
2021,25_CR7,Q2,435333.33,74.17,3
2021,25_CR7,Q3,422500.0,91.0,2
2021,25_CR7,Q4a,425000.0,131.0,1
2021,25_CR7,Q4b,,,0
2021,25_KT3,Q1,303882.35,45.34,17
2021,25_KT3,Q2,440770.59,71.43,17
2021,25_KT3,Q3,576934.44,89.54,36
2021,25_KT3,Q4a,657037.5,119.55,20
2021,25_KT3,Q4b,935000.0,166.0,1
2021,25_SM3,Q1,267000.0,54.0,1
2021,25_SM3,Q2,257500.0,61.5,2
2021,25_SM3,Q3,,,0
2021,25_SM3,Q4a,,,0
2021,25_SM3,Q4b,,,0
2021,25_SM4,Q1,295984.62,49.12,65
2021,25_SM4,Q2,411773.18,68.66,131
2021,25_SM4,Q3,512405.86,88.85,145
2021,25_SM4,Q4a,623586.22,119.63,74
2021,25_SM4,Q4b,743500.0,164.18,11
2021,25_SW16,Q1,301187.5,46.72,16
2021,25_SW16,Q2,396964.58,67.78,24
2021,25_SW16,Q3,503005.67,86.43,30
2021,25_SW16,Q4a,537000.0,115.27,11
2021,25_SW16,Q4b,,,0
2021,25_SW17,Q1,394477.0,51.3,50
2021,25_SW17,Q2,553270.0,73.16,65
2021,25_SW17,Q3,618108.33,85.75,42
2021,25_SW17,Q4a,715596.15,119.32,13
2021,25_SW17,Q4b,825000.0,157.0,1
2021,25_SW18,Q1,491848.48,53.45,33
2021,25_SW18,Q2,593125.0,68.91,16
2021,25_SW18,Q3,691773.81,83.86,21
2021,25_SW18,Q4a,1015468.75,126.04,16
2021,25_SW18,Q4b,,,0
2021,25_SW19,Q1,386608.84,47.67,231
2021,25_SW19,Q2,565469.77,68.79,219
2021,25_SW19,Q3,755619.51,88.94,238
2021,25_SW19,Q4a,1013146.18,121.73,274
2021,25_SW19,Q4b,2221590.57,215.78,166
2021,25_SW20,Q1,369389.14,49.14,109
2021,25_SW20,Q2,529195.54,67.71,101
2021,25_SW20,Q3,719911.32,91.19,162
2021,25_SW20,Q4a,933754.51,122.72,175
2021,25_SW20,Q4b,1929773.36,224.36,74
2021,26_E12,Q1,240548.52,49.94,21
2021,26_E12,Q2,324504.57,67.28,23
2021,26_E12,Q3,450749.91,93.16,54
2021,26_E12,Q4a,499113.1,117.47,42
2021,26_E12,Q4b,425800.0,156.2,5
2021,26_E13,Q1,294951.43,51.04,49
2021,26_E13,Q2,360652.69,69.5,85
2021,26_E13,Q3,435739.23,87.48,130
2021,26_E13,Q4a,516755.17,118.41,58
2021,26_E13,Q4b,613833.33,168.33,3
2021,26_E15,Q1,363098.86,50.26,164
2021,26_E15,Q2,443997.78,69.51,106
2021,26_E15,Q3,536971.28,88.77,133
2021,26_E15,Q4a,585773.17,114.84,41
2021,26_E15,Q4b,648666.67,154.9,3
2021,26_E16,Q1,334996.65,50.12,162
2021,26_E16,Q2,455951.8,70.4,195
2021,26_E16,Q3,544958.19,87.83,227
2021,26_E16,Q4a,625735.29,118.36,51
2021,26_E16,Q4b,1010207.5,212.1,10
2021,26_E20,Q1,444625.0,50.85,4
2021,26_E20,Q2,525645.83,70.85,12
2021,26_E20,Q3,638250.0,92.34,12
2021,26_E20,Q4a,791900.0,128.9,40
2021,26_E20,Q4b,964500.0,167.33,12
2021,26_E3,Q1,,,0
2021,26_E3,Q2,,,0
2021,26_E3,Q3,,,0
2021,26_E3,Q4a,,,0
2021,26_E3,Q4b,,,0
2021,26_E6,Q1,272139.28,49.43,105
2021,26_E6,Q2,360058.58,69.12,109
2021,26_E6,Q3,414150.17,88.92,204
2021,26_E6,Q4a,471398.44,116.63,64
2021,26_E6,Q4b,516250.0,156.5,2
2021,26_E7,Q1,304386.36,48.83,44
2021,26_E7,Q2,412105.26,67.98,38
2021,26_E7,Q3,493781.88,89.47,69
2021,26_E7,Q4a,597958.57,120.0,70
2021,26_E7,Q4b,790750.0,187.48,12
2021,27_E11,Q1,335599.83,47.78,54
2021,27_E11,Q2,459728.65,67.85,69
2021,27_E11,Q3,705920.21,89.6,47
2021,27_E11,Q4a,894042.94,122.74,63
2021,27_E11,Q4b,1300206.84,191.99,37
2021,27_E12,Q1,378825.0,52.5,2
2021,27_E12,Q2,353000.0,67.5,4
2021,27_E12,Q3,546666.67,89.01,6
2021,27_E12,Q4a,905561.84,124.43,19
2021,27_E12,Q4b,1101727.27,187.55,11
2021,27_E18,Q1,336493.85,46.91,78
2021,27_E18,Q2,424929.34,66.52,62
2021,27_E18,Q3,575167.31,88.92,78
2021,27_E18,Q4a,804605.18,124.16,87
2021,27_E18,Q4b,999579.14,178.93,43
2021,27_IG1,Q1,215653.31,46.52,68
2021,27_IG1,Q2,329424.29,69.31,38
2021,27_IG1,Q3,411759.27,89.86,88
2021,27_IG1,Q4a,524648.19,124.21,83
2021,27_IG1,Q4b,715789.62,173.05,39
2021,27_IG11,Q1,100000.0,43.0,1
2021,27_IG11,Q2,247000.0,62.0,1
2021,27_IG11,Q3,,,0
2021,27_IG11,Q4a,600000.0,103.04,1
2021,27_IG11,Q4b,,,0
2021,27_IG2,Q1,240658.7,47.77,23
2021,27_IG2,Q2,382305.56,69.12,18
2021,27_IG2,Q3,477283.58,91.9,81
2021,27_IG2,Q4a,563988.1,120.87,84
2021,27_IG2,Q4b,653187.5,172.12,8
2021,27_IG3,Q1,236695.71,46.02,21
2021,27_IG3,Q2,354312.5,68.62,32
2021,27_IG3,Q3,463335.54,92.63,76
2021,27_IG3,Q4a,537089.68,121.85,78
2021,27_IG3,Q4b,687790.32,175.32,31
2021,27_IG4,Q1,165400.0,52.0,5
2021,27_IG4,Q2,364400.0,67.6,5
2021,27_IG4,Q3,572714.29,93.21,14
2021,27_IG4,Q4a,617548.39,124.72,31
2021,27_IG4,Q4b,681923.08,168.16,13
2021,27_IG5,Q1,307750.0,49.39,16
2021,27_IG5,Q2,401550.0,68.89,30
2021,27_IG5,Q3,489685.71,89.74,63
2021,27_IG5,Q4a,609609.56,120.92,57
2021,27_IG5,Q4b,739895.83,179.46,24
2021,27_IG6,Q1,280615.0,50.18,50
2021,27_IG6,Q2,390648.61,69.68,72
2021,27_IG6,Q3,476984.65,90.67,123
2021,27_IG6,Q4a,568620.57,121.0,97
2021,27_IG6,Q4b,709287.0,195.07,14
2021,27_IG7,Q1,274680.0,49.77,25
2021,27_IG7,Q2,355238.54,66.25,65
2021,27_IG7,Q3,412091.23,89.14,52
2021,27_IG7,Q4a,536312.44,116.56,16
2021,27_IG7,Q4b,767083.33,169.92,12
2021,27_IG8,Q1,305380.0,48.91,50
2021,27_IG8,Q2,416371.12,69.19,97
2021,27_IG8,Q3,535392.91,89.24,141
2021,27_IG8,Q4a,698002.96,123.07,135
2021,27_IG8,Q4b,1191323.94,205.28,71
2021,27_IG9,Q1,292500.0,45.5,2
2021,27_IG9,Q2,453150.0,71.44,10
2021,27_IG9,Q3,583125.0,86.94,8
2021,27_IG9,Q4a,702500.0,138.5,2
2021,27_IG9,Q4b,1037400.0,208.0,5
2021,27_RM6,Q1,230242.65,49.46,34
2021,27_RM6,Q2,317823.38,66.85,34
2021,27_RM6,Q3,439528.57,89.41,70
2021,27_RM6,Q4a,506071.43,118.68,28
2021,27_RM6,Q4b,598642.86,178.86,7
2021,27_RM8,Q1,232200.0,43.85,10
2021,27_RM8,Q2,350333.33,67.97,6
2021,27_RM8,Q3,360000.0,91.0,1
2021,27_RM8,Q4a,,,0
2021,27_RM8,Q4b,600000.0,207.0,1
2021,28_KT1,Q1,375285.71,44.45,21
2021,28_KT1,Q2,474490.58,69.17,12
2021,28_KT1,Q3,748415.38,91.7,13
2021,28_KT1,Q4a,1102499.86,124.01,7
2021,28_KT1,Q4b,2388500.0,237.25,8
2021,28_KT2,Q1,308983.33,51.33,3
2021,28_KT2,Q2,640000.0,67.93,3
2021,28_KT2,Q3,646200.0,84.4,5
2021,28_KT2,Q4a,806250.0,116.25,4
2021,28_KT2,Q4b,,,0
2021,28_KT8,Q1,328150.0,40.0,1
2021,28_KT8,Q2,,,0
2021,28_KT8,Q3,400000.0,78.0,1
2021,28_KT8,Q4a,,,0
2021,28_KT8,Q4b,1893750.0,247.97,4
2021,28_SW13,Q1,530437.5,52.12,24
2021,28_SW13,Q2,660832.6,67.83,25
2021,28_SW13,Q3,841911.09,90.1,44
2021,28_SW13,Q4a,1327784.78,125.25,73
2021,28_SW13,Q4b,2443812.51,216.56,97
2021,28_SW14,Q1,449012.5,50.81,36
2021,28_SW14,Q2,608792.98,68.55,57
2021,28_SW14,Q3,843206.73,91.63,67
2021,28_SW14,Q4a,1206074.72,123.67,89
2021,28_SW14,Q4b,1887312.34,203.19,83
2021,28_SW15,Q1,343750.0,48.13,2
2021,28_SW15,Q2,545000.0,67.83,3
2021,28_SW15,Q3,624350.0,91.45,5
2021,28_SW15,Q4a,725000.0,113.49,3
2021,28_SW15,Q4b,,,0
2021,28_TW1,Q1,419544.79,48.01,96
2021,28_TW1,Q2,572802.2,67.15,106
2021,28_TW1,Q3,785032.73,88.99,101
2021,28_TW1,Q4a,1145321.47,125.1,119
2021,28_TW1,Q4b,1839060.98,206.45,82
2021,28_TW10,Q1,497884.62,49.1,39
2021,28_TW10,Q2,612766.77,68.4,65
2021,28_TW10,Q3,776975.17,88.34,89
2021,28_TW10,Q4a,1029395.56,120.48,59
2021,28_TW10,Q4b,2395467.5,217.23,60
2021,28_TW11,Q1,358530.95,48.08,92
2021,28_TW11,Q2,566651.05,68.02,99
2021,28_TW11,Q3,705590.01,88.49,105
2021,28_TW11,Q4a,1000013.33,125.11,147
2021,28_TW11,Q4b,1574964.66,194.77,58
2021,28_TW12,Q1,318654.55,48.4,88
2021,28_TW12,Q2,452974.85,68.0,131
2021,28_TW12,Q3,624366.02,88.63,110
2021,28_TW12,Q4a,832244.54,121.48,97
2021,28_TW12,Q4b,1452968.18,210.68,66
2021,28_TW13,Q1,432475.0,54.55,2
2021,28_TW13,Q2,355000.0,71.39,3
2021,28_TW13,Q3,478333.33,92.67,3
2021,28_TW13,Q4a,,,0
2021,28_TW13,Q4b,600000.0,157.0,1
2021,28_TW2,Q1,389952.01,50.63,74
2021,28_TW2,Q2,516655.92,67.93,146
2021,28_TW2,Q3,632965.24,88.13,141
2021,28_TW2,Q4a,757229.09,121.07,110
2021,28_TW2,Q4b,1211439.3,182.83,30
2021,28_TW3,Q1,387750.0,56.5,2
2021,28_TW3,Q2,450400.0,71.6,5
2021,28_TW3,Q3,534833.33,90.33,15
2021,28_TW3,Q4a,596300.0,125.4,5
2021,28_TW3,Q4b,,,0
2021,28_TW4,Q1,298200.0,49.0,5
2021,28_TW4,Q2,305944.44,68.05,9
2021,28_TW4,Q3,441071.43,88.06,7
2021,28_TW4,Q4a,515000.0,132.0,2
2021,28_TW4,Q4b,701000.0,164.0,1
2021,28_TW7,Q1,,,0
2021,28_TW7,Q2,476000.0,73.0,1
2021,28_TW7,Q3,587333.33,92.33,3
2021,28_TW7,Q4a,,,0
2021,28_TW7,Q4b,,,0
2021,28_TW9,Q1,410119.57,47.62,88
2021,28_TW9,Q2,583489.29,68.43,99
2021,28_TW9,Q3,845853.59,90.29,70
2021,28_TW9,Q4a,1136176.44,123.4,77
2021,28_TW9,Q4b,1879148.83,209.19,76
2021,29_SE1,Q1,451124.64,48.58,223
2021,29_SE1,Q2,624366.28,68.1,152
2021,29_SE1,Q3,836809.19,89.03,144
2021,29_SE1,Q4a,1120329.18,120.82,67
2021,29_SE1,Q4b,1952225.0,184.24,20
2021,29_SE11,Q1,439958.33,47.6,12
2021,29_SE11,Q2,536999.9,69.59,10
2021,29_SE11,Q3,,,0
2021,29_SE11,Q4a,1055166.67,117.33,3
2021,29_SE11,Q4b,826500.0,162.0,2
2021,29_SE14,Q1,314000.0,48.19,3
2021,29_SE14,Q2,,,0
2021,29_SE14,Q3,,,0
2021,29_SE14,Q4a,,,0
2021,29_SE14,Q4b,,,0
2021,29_SE15,Q1,397334.03,50.56,189
2021,29_SE15,Q2,499680.05,68.23,173
2021,29_SE15,Q3,675804.18,89.69,139
2021,29_SE15,Q4a,913785.56,123.63,105
2021,29_SE15,Q4b,1263708.33,173.48,36
2021,29_SE16,Q1,351881.97,47.48,172
2021,29_SE16,Q2,480095.11,68.23,185
2021,29_SE16,Q3,580434.6,86.91,88
2021,29_SE16,Q4a,864619.73,122.32,45
2021,29_SE16,Q4b,1164166.67,185.98,6
2021,29_SE17,Q1,400458.65,50.48,78
2021,29_SE17,Q2,477667.27,67.84,75
2021,29_SE17,Q3,697718.67,87.51,60
2021,29_SE17,Q4a,979207.33,114.72,21
2021,29_SE17,Q4b,1085816.67,156.67,3
2021,29_SE19,Q1,293357.14,44.17,21
2021,29_SE19,Q2,456041.67,67.88,12
2021,29_SE19,Q3,495996.67,83.25,12
2021,29_SE19,Q4a,786409.09,123.65,11
2021,29_SE19,Q4b,2044166.67,238.0,3
2021,29_SE21,Q1,332600.0,36.6,5
2021,29_SE21,Q2,470312.5,70.91,8
2021,29_SE21,Q3,650530.0,88.73,15
2021,29_SE21,Q4a,1344690.18,130.28,11
2021,29_SE21,Q4b,2179196.64,203.68,45
2021,29_SE22,Q1,441854.83,49.5,121
2021,29_SE22,Q2,551151.09,68.16,110
2021,29_SE22,Q3,753453.98,89.88,133
2021,29_SE22,Q4a,1094300.78,126.26,110
2021,29_SE22,Q4b,1373108.6,181.9,47
2021,29_SE23,Q1,358750.0,51.82,4
2021,29_SE23,Q2,356964.29,64.94,14
2021,29_SE23,Q3,520380.5,87.67,6
2021,29_SE23,Q4a,1017500.0,136.0,2
2021,29_SE23,Q4b,985000.0,157.0,1
2021,29_SE24,Q1,355909.09,46.95,11
2021,29_SE24,Q2,652208.25,68.29,12
2021,29_SE24,Q3,862829.23,90.47,13
2021,29_SE24,Q4a,1355019.4,128.0,20
2021,29_SE24,Q4b,2052321.46,213.91,28
2021,29_SE26,Q1,281666.67,46.23,3
2021,29_SE26,Q2,431000.0,69.12,5
2021,29_SE26,Q3,687750.0,88.37,5
2021,29_SE26,Q4a,720000.0,104.0,1
2021,29_SE26,Q4b,1085285.71,174.77,7
2021,29_SE4,Q1,,,0
2021,29_SE4,Q2,,,0
2021,29_SE4,Q3,,,0
2021,29_SE4,Q4a,,,0
2021,29_SE4,Q4b,,,0
2021,29_SE5,Q1,362173.19,47.62,127
2021,29_SE5,Q2,477608.56,69.31,131
2021,29_SE5,Q3,566780.51,87.74,88
2021,29_SE5,Q4a,837839.82,121.06,50
2021,29_SE5,Q4b,1669275.04,203.11,24
2021,29_SE8,Q1,260900.0,43.0,5
2021,29_SE8,Q2,397000.0,62.4,5
2021,29_SE8,Q3,630000.0,94.0,1
2021,29_SE8,Q4a,620000.0,127.0,1
2021,29_SE8,Q4b,395000.0,246.54,1
2021,2_EN4,Q1,326878.57,46.43,42
2021,2_EN4,Q2,445984.85,68.74,66
2021,2_EN4,Q3,579175.98,89.99,102
2021,2_EN4,Q4a,715559.21,124.72,76
2021,2_EN4,Q4b,970738.1,187.27,21
2021,2_EN5,Q1,317307.74,49.06,84
2021,2_EN5,Q2,427703.57,67.7,109
2021,2_EN5,Q3,590019.81,90.6,149
2021,2_EN5,Q4a,760248.96,122.27,151
2021,2_EN5,Q4b,1181140.53,198.55,88
2021,2_HA7,Q1,,,0
2021,2_HA7,Q2,,,0
2021,2_HA7,Q3,,,0
2021,2_HA7,Q4a,,,0
2021,2_HA7,Q4b,1654000.0,267.0,5
2021,2_HA8,Q1,277389.32,47.29,44
2021,2_HA8,Q2,404018.83,69.53,77
2021,2_HA8,Q3,515764.95,89.01,98
2021,2_HA8,Q4a,684451.63,123.95,92
2021,2_HA8,Q4b,912866.67,188.98,51
2021,2_N10,Q1,314088.24,47.8,17
2021,2_N10,Q2,437000.0,68.8,13
2021,2_N10,Q3,678235.29,92.36,17
2021,2_N10,Q4a,868541.67,126.67,12
2021,2_N10,Q4b,1097255.56,171.37,9
2021,2_N11,Q1,308557.26,48.02,31
2021,2_N11,Q2,457554.76,69.33,41
2021,2_N11,Q3,540438.89,89.54,54
2021,2_N11,Q4a,667653.85,123.39,39
2021,2_N11,Q4b,1028181.82,199.75,11
2021,2_N12,Q1,325474.61,50.22,67
2021,2_N12,Q2,431028.24,68.42,68
2021,2_N12,Q3,608124.71,89.3,68
2021,2_N12,Q4a,822081.47,123.64,105
2021,2_N12,Q4b,1043697.92,184.02,48
2021,2_N14,Q1,385000.0,45.67,3
2021,2_N14,Q2,560000.0,61.0,1
2021,2_N14,Q3,667700.0,89.77,20
2021,2_N14,Q4a,819476.56,124.49,32
2021,2_N14,Q4b,971730.77,178.31,13
2021,2_N2,Q1,396250.0,49.25,46
2021,2_N2,Q2,492196.54,68.96,71
2021,2_N2,Q3,693581.37,89.0,43
2021,2_N2,Q4a,1056518.33,124.12,64
2021,2_N2,Q4b,1985410.69,205.7,42
2021,2_N20,Q1,319000.0,50.93,43
2021,2_N20,Q2,446145.0,68.51,50
2021,2_N20,Q3,622341.46,88.36,41
2021,2_N20,Q4a,886563.19,124.8,72
2021,2_N20,Q4b,1373512.01,205.46,81
2021,2_N3,Q1,398325.0,50.52,32
2021,2_N3,Q2,468764.19,67.43,70
2021,2_N3,Q3,630833.91,91.78,56
2021,2_N3,Q4a,908151.15,126.36,87
2021,2_N3,Q4b,1345715.82,197.94,82
2021,2_NW11,Q1,442830.95,51.13,21
2021,2_NW11,Q2,589502.56,69.76,39
2021,2_NW11,Q3,731024.63,89.51,67
2021,2_NW11,Q4a,1082495.52,126.19,62
2021,2_NW11,Q4b,1887137.85,216.72,107
2021,2_NW2,Q1,351952.37,50.94,19
2021,2_NW2,Q2,495596.59,69.44,22
2021,2_NW2,Q3,652046.51,88.48,37
2021,2_NW2,Q4a,836758.57,123.59,35
2021,2_NW2,Q4b,2095666.67,219.41,18
2021,2_NW3,Q1,,,0
2021,2_NW3,Q2,,,0
2021,2_NW3,Q3,,,0
2021,2_NW3,Q4a,725000.0,113.0,1
2021,2_NW3,Q4b,3019285.71,277.29,7
2021,2_NW4,Q1,308610.0,48.85,50
2021,2_NW4,Q2,393470.0,67.57,50
2021,2_NW4,Q3,510086.63,87.53,86
2021,2_NW4,Q4a,838884.21,123.27,57
2021,2_NW4,Q4b,1500522.22,224.57,45
2021,2_NW7,Q1,374732.96,53.56,97
2021,2_NW7,Q2,485455.05,69.95,173
2021,2_NW7,Q3,606342.46,88.0,125
2021,2_NW7,Q4a,838862.3,125.78,149
2021,2_NW7,Q4b,1277761.89,201.18,101
2021,2_NW9,Q1,339861.01,47.62,263
2021,2_NW9,Q2,489842.83,70.69,183
2021,2_NW9,Q3,547287.56,86.83,130
2021,2_NW9,Q4a,616519.09,120.63,32
2021,2_NW9,Q4b,827659.33,159.83,6
2021,2_WD6,Q1,,,0
2021,2_WD6,Q2,,,0
2021,2_WD6,Q3,,,0
2021,2_WD6,Q4a,,,0
2021,2_WD6,Q4b,,,0
2021,30_CR0,Q1,241008.82,43.12,17
2021,30_CR0,Q2,348725.0,67.3,20
2021,30_CR0,Q3,442788.46,89.33,26
2021,30_CR0,Q4a,561156.25,123.48,16
2021,30_CR0,Q4b,,,0
2021,30_CR4,Q1,250630.3,45.72,33
2021,30_CR4,Q2,353375.0,67.09,16
2021,30_CR4,Q3,427900.0,85.81,10
2021,30_CR4,Q4a,446000.0,109.8,5
2021,30_CR4,Q4b,,,0
2021,30_CR5,Q1,255000.0,50.5,2
2021,30_CR5,Q2,240200.0,65.2,5
2021,30_CR5,Q3,460700.0,90.8,5
2021,30_CR5,Q4a,625833.33,125.33,9
2021,30_CR5,Q4b,627500.0,172.0,1
2021,30_CR8,Q1,304750.0,47.5,2
2021,30_CR8,Q2,410000.0,71.0,1
2021,30_CR8,Q3,585150.0,94.0,1
2021,30_CR8,Q4a,797333.33,137.0,3
2021,30_CR8,Q4b,860500.0,205.5,6
2021,30_KT17,Q1,,,0
2021,30_KT17,Q2,472000.0,75.0,1
2021,30_KT17,Q3,542000.0,90.0,3
2021,30_KT17,Q4a,665000.0,150.0,1
2021,30_KT17,Q4b,,,0
2021,30_KT4,Q1,311341.3,49.92,46
2021,30_KT4,Q2,444122.42,68.36,78
2021,30_KT4,Q3,523125.81,88.16,99
2021,30_KT4,Q4a,643695.13,123.43,82
2021,30_KT4,Q4b,796735.29,176.79,17
2021,30_SM1,Q1,278799.07,49.3,162
2021,30_SM1,Q2,365065.82,68.15,236
2021,30_SM1,Q3,465694.87,88.15,201
2021,30_SM1,Q4a,583990.03,119.66,93
2021,30_SM1,Q4b,862416.67,196.43,24
2021,30_SM2,Q1,249425.4,47.24,126
2021,30_SM2,Q2,321039.19,66.87,118
2021,30_SM2,Q3,474720.83,88.78,78
2021,30_SM2,Q4a,720559.7,125.97,67
2021,30_SM2,Q4b,1222337.79,216.65,77
2021,30_SM3,Q1,266666.67,46.9,36
2021,30_SM3,Q2,400125.31,68.75,81
2021,30_SM3,Q3,494822.76,88.91,147
2021,30_SM3,Q4a,603403.45,118.54,82
2021,30_SM3,Q4b,813321.43,174.2,14
2021,30_SM4,Q1,256833.33,48.5,6
2021,30_SM4,Q2,390650.0,67.95,20
2021,30_SM4,Q3,428357.14,86.57,7
2021,30_SM4,Q4a,445000.0,130.0,1
2021,30_SM4,Q4b,,,0
2021,30_SM5,Q1,286897.43,50.33,136
2021,30_SM5,Q2,365095.89,68.17,190
2021,30_SM5,Q3,470962.11,88.05,139
2021,30_SM5,Q4a,647195.05,121.12,106
2021,30_SM5,Q4b,884206.98,184.67,50
2021,30_SM6,Q1,255136.4,49.37,156
2021,30_SM6,Q2,344839.09,68.39,160
2021,30_SM6,Q3,464590.31,89.35,143
2021,30_SM6,Q4a,603255.13,124.61,138
2021,30_SM6,Q4b,806430.23,178.6,43
2021,30_SM7,Q1,,,0
2021,30_SM7,Q2,,,0
2021,30_SM7,Q3,1300000.0,98.48,2
2021,30_SM7,Q4a,1040000.0,139.67,3
2021,30_SM7,Q4b,1295666.67,214.98,9
2021,31_E1,Q1,445018.96,48.76,258
2021,31_E1,Q2,515467.68,69.81,145
2021,31_E1,Q3,700805.78,87.73,116
2021,31_E1,Q4a,865262.24,117.68,29
2021,31_E1,Q4b,2448600.0,250.25,5
2021,31_E14,Q1,460630.68,47.95,665
2021,31_E14,Q2,606983.55,68.03,565
2021,31_E14,Q3,806374.81,86.12,449
2021,31_E14,Q4a,1099227.1,117.82,128
2021,31_E14,Q4b,1545836.96,190.37,23
2021,31_E1W,Q1,517839.51,49.8,92
2021,31_E1W,Q2,638582.34,68.39,67
2021,31_E1W,Q3,1024135.78,87.3,83
2021,31_E1W,Q4a,1053844.23,119.29,26
2021,31_E1W,Q4b,2133166.67,198.57,9
2021,31_E2,Q1,436428.57,48.65,131
2021,31_E2,Q2,532239.79,67.69,127
2021,31_E2,Q3,738660.28,88.33,81
2021,31_E2,Q4a,905286.45,120.42,31
2021,31_E2,Q4b,1171313.33,221.0,3
2021,31_E3,Q1,385524.01,49.03,359
2021,31_E3,Q2,477124.77,69.68,289
2021,31_E3,Q3,619408.69,89.69,156
2021,31_E3,Q4a,930215.69,114.01,51
2021,31_E3,Q4b,1389714.29,179.49,7
2021,31_E9,Q1,490000.0,44.71,2
2021,31_E9,Q2,,,0
2021,31_E9,Q3,160000.0,91.0,2
2021,31_E9,Q4a,,,0
2021,31_E9,Q4b,1405000.0,176.0,1
2021,32_E10,Q1,369823.85,50.15,137
2021,32_E10,Q2,437758.79,67.71,140
2021,32_E10,Q3,591230.49,90.56,119
2021,32_E10,Q4a,669727.78,118.53,93
2021,32_E10,Q4b,790416.67,173.17,12
2021,32_E11,Q1,329345.12,45.17,139
2021,32_E11,Q2,470704.1,68.12,108
2021,32_E11,Q3,596470.67,89.47,139
2021,32_E11,Q4a,737070.32,120.67,85
2021,32_E11,Q4b,1007827.27,174.05,22
2021,32_E15,Q1,394717.14,44.76,7
2021,32_E15,Q2,512005.94,67.17,16
2021,32_E15,Q3,506687.5,84.63,8
2021,32_E15,Q4a,633408.33,117.83,6
2021,32_E15,Q4b,,,0
2021,32_E17,Q1,367309.09,48.44,426
2021,32_E17,Q2,502775.15,68.97,507
2021,32_E17,Q3,614451.95,88.08,442
2021,32_E17,Q4a,728156.03,117.92,210
2021,32_E17,Q4b,924009.62,172.27,26
2021,32_E4,Q1,314048.72,50.1,137
2021,32_E4,Q2,383425.79,68.24,170
2021,32_E4,Q3,501035.97,90.07,311
2021,32_E4,Q4a,620042.82,122.64,210
2021,32_E4,Q4b,885580.0,180.1,50
2021,32_E5,Q1,,,0
2021,32_E5,Q2,,,0
2021,32_E5,Q3,,,0
2021,32_E5,Q4a,,,0
2021,32_E5,Q4b,,,0
2021,32_E7,Q1,379575.0,50.32,8
2021,32_E7,Q2,518900.0,69.89,17
2021,32_E7,Q3,575740.0,90.82,15
2021,32_E7,Q4a,649925.0,112.73,6
2021,32_E7,Q4b,,,0
2021,32_IG8,Q1,262385.71,49.57,7
2021,32_IG8,Q2,354726.14,66.62,14
2021,32_IG8,Q3,582262.5,90.69,20
2021,32_IG8,Q4a,756611.11,125.01,18
2021,32_IG8,Q4b,960812.5,188.62,8
2021,33_SW11,Q1,479254.44,48.18,306
2021,33_SW11,Q2,636231.38,69.58,282
2021,33_SW11,Q3,794223.66,88.0,294
2021,33_SW11,Q4a,1234625.14,125.6,199
2021,33_SW11,Q4b,1859366.94,192.91,181
2021,33_SW12,Q1,464734.83,47.78,126
2021,33_SW12,Q2,620594.34,68.58,99
2021,33_SW12,Q3,780598.66,87.29,74
2021,33_SW12,Q4a,1116872.06,124.9,72
2021,33_SW12,Q4b,1759277.32,200.67,82
2021,33_SW15,Q1,379222.22,47.14,195
2021,33_SW15,Q2,521131.12,68.34,241
2021,33_SW15,Q3,680788.77,89.37,180
2021,33_SW15,Q4a,1043918.62,123.06,130
2021,33_SW15,Q4b,1995657.27,217.09,134
2021,33_SW16,Q1,345158.79,48.06,39
2021,33_SW16,Q2,461972.48,67.89,44
2021,33_SW16,Q3,645885.48,89.02,31
2021,33_SW16,Q4a,839373.8,127.29,50
2021,33_SW16,Q4b,1014354.17,176.76,24
2021,33_SW17,Q1,413521.33,47.38,260
2021,33_SW17,Q2,548447.28,67.15,258
2021,33_SW17,Q3,712114.24,88.77,200
2021,33_SW17,Q4a,956539.4,122.85,174
2021,33_SW17,Q4b,1654973.75,201.9,80
2021,33_SW18,Q1,432567.43,49.42,333
2021,33_SW18,Q2,542427.98,68.86,391
2021,33_SW18,Q3,751901.77,89.22,298
2021,33_SW18,Q4a,1095743.81,126.55,254
2021,33_SW18,Q4b,1790627.52,200.18,164
2021,33_SW19,Q1,381652.46,51.61,61
2021,33_SW19,Q2,429975.69,68.46,72
2021,33_SW19,Q3,559044.19,87.28,43
2021,33_SW19,Q4a,998633.94,127.55,17
2021,33_SW19,Q4b,1634700.13,191.6,15
2021,33_SW4,Q1,473000.0,51.6,5
2021,33_SW4,Q2,686875.0,64.97,15
2021,33_SW4,Q3,960878.36,92.9,11
2021,33_SW4,Q4a,1478000.0,121.8,5
2021,33_SW4,Q4b,1916900.0,246.5,1
2021,33_SW8,Q1,490431.43,50.96,35
2021,33_SW8,Q2,591614.82,65.51,22
2021,33_SW8,Q3,670858.19,87.32,16
2021,33_SW8,Q4a,1011250.0,125.53,10
2021,33_SW8,Q4b,1317500.0,178.75,4
2021,34_NW1,Q1,492772.73,42.51,22
2021,34_NW1,Q2,744714.29,70.83,14
2021,34_NW1,Q3,1002268.11,90.02,18
2021,34_NW1,Q4a,1388853.69,122.7,16
2021,34_NW1,Q4b,3335000.0,199.37,14
2021,34_NW6,Q1,450833.33,50.0,3
2021,34_NW6,Q2,675205.0,72.2,10
2021,34_NW6,Q3,781600.26,86.42,19
2021,34_NW6,Q4a,1069292.86,120.57,7
2021,34_NW6,Q4b,,,0
2021,34_NW8,Q1,500140.08,45.05,80
2021,34_NW8,Q2,721414.71,69.5,35
2021,34_NW8,Q3,966400.0,88.35,35
2021,34_NW8,Q4a,1813106.0,124.97,25
2021,34_NW8,Q4b,3725161.45,216.45,65
2021,34_SW1A,Q1,,,0
2021,34_SW1A,Q2,,,0
2021,34_SW1A,Q3,,,0
2021,34_SW1A,Q4a,1975000.0,120.0,2
2021,34_SW1A,Q4b,2800000.0,170.0,1
2021,34_SW1E,Q1,658500.0,43.5,2
2021,34_SW1E,Q2,834333.33,67.0,3
2021,34_SW1E,Q3,1034000.0,82.67,3
2021,34_SW1E,Q4a,2032000.0,139.0,1
2021,34_SW1E,Q4b,2850000.0,205.0,1
2021,34_SW1H,Q1,531250.0,42.62,8
2021,34_SW1H,Q2,1069166.67,67.67,3
2021,34_SW1H,Q3,973333.33,90.5,3
2021,34_SW1H,Q4a,2845875.0,127.25,4
2021,34_SW1H,Q4b,5238000.0,228.6,5
2021,34_SW1P,Q1,503154.0,44.46,50
2021,34_SW1P,Q2,717853.66,66.05,41
2021,34_SW1P,Q3,968421.05,88.35,19
2021,34_SW1P,Q4a,1354431.82,118.91,22
2021,34_SW1P,Q4b,2347221.88,187.98,16
2021,34_SW1V,Q1,551105.38,45.47,65
2021,34_SW1V,Q2,697819.23,66.34,39
2021,34_SW1V,Q3,1016149.9,86.66,31
2021,34_SW1V,Q4a,1465746.88,124.38,16
2021,34_SW1V,Q4b,2312484.07,202.8,14
2021,34_SW1W,Q1,1344259.0,43.4,10
2021,34_SW1W,Q2,1115250.0,70.19,10
2021,34_SW1W,Q3,1602647.06,89.82,17
2021,34_SW1W,Q4a,2125178.57,129.81,14
2021,34_SW1W,Q4b,5169777.58,222.54,36
2021,34_SW1X,Q1,1215000.0,53.4,2
2021,34_SW1X,Q2,1398514.67,70.87,6
2021,34_SW1X,Q3,1867950.0,91.0,10
2021,34_SW1X,Q4a,2145833.33,123.22,12
2021,34_SW1X,Q4b,5191600.0,251.13,15
2021,34_SW1Y,Q1,900333.33,46.17,6
2021,34_SW1Y,Q2,1350000.0,75.0,1
2021,34_SW1Y,Q3,2000000.0,85.0,1
2021,34_SW1Y,Q4a,2350000.0,112.0,1
2021,34_SW1Y,Q4b,,,0
2021,34_SW3,Q1,,,0
2021,34_SW3,Q2,765150.0,61.0,1
2021,34_SW3,Q3,,,0
2021,34_SW3,Q4a,,,0
2021,34_SW3,Q4b,,,0
2021,34_SW7,Q1,918333.33,52.16,3
2021,34_SW7,Q2,1635000.0,67.4,5
2021,34_SW7,Q3,1275000.0,86.67,2
2021,34_SW7,Q4a,2781250.0,123.67,12
2021,34_SW7,Q4b,5162500.0,211.98,12
2021,34_W10,Q1,547776.67,52.21,15
2021,34_W10,Q2,748640.91,71.36,22
2021,34_W10,Q3,882746.67,86.3,15
2021,34_W10,Q4a,1004068.38,108.06,8
2021,34_W10,Q4b,,,0
2021,34_W11,Q1,579285.71,43.51,7
2021,34_W11,Q2,547500.0,68.5,2
2021,34_W11,Q3,1300000.0,94.17,1
2021,34_W11,Q4a,,,0
2021,34_W11,Q4b,4837500.0,294.0,3
2021,34_W1B,Q1,951666.67,48.33,3
2021,34_W1B,Q2,1325000.0,67.5,2
2021,34_W1B,Q3,,,0
2021,34_W1B,Q4a,4131551.75,132.0,8
2021,34_W1B,Q4b,7359000.0,220.0,7
2021,34_W1D,Q1,625000.0,43.75,4
2021,34_W1D,Q2,,,0
2021,34_W1D,Q3,2550000.0,87.59,1
2021,34_W1D,Q4a,,,0
2021,34_W1D,Q4b,,,0
2021,34_W1F,Q1,693000.0,45.17,5
2021,34_W1F,Q2,1300000.0,65.0,1
2021,34_W1F,Q3,1816666.67,89.07,3
2021,34_W1F,Q4a,3211250.0,131.0,2
2021,34_W1F,Q4b,3075000.0,154.5,2
2021,34_W1G,Q1,528285.71,40.59,7
2021,34_W1G,Q2,1050250.0,66.05,8
2021,34_W1G,Q3,1918863.64,91.64,11
2021,34_W1G,Q4a,1816571.43,116.58,7
2021,34_W1G,Q4b,6210083.67,228.91,15
2021,34_W1H,Q1,762787.5,46.08,20
2021,34_W1H,Q2,1243732.14,71.43,14
2021,34_W1H,Q3,1452647.06,88.76,17
2021,34_W1H,Q4a,2072304.39,124.68,23
2021,34_W1H,Q4b,3124000.0,181.55,11
2021,34_W1J,Q1,798500.0,50.67,3
2021,34_W1J,Q2,1293750.0,68.8,4
2021,34_W1J,Q3,2226475.0,89.0,4
2021,34_W1J,Q4a,2650000.0,122.39,3
2021,34_W1J,Q4b,,,0
2021,34_W1K,Q1,962500.0,46.0,2
2021,34_W1K,Q2,1675714.29,64.0,7
2021,34_W1K,Q3,2939041.0,98.33,6
2021,34_W1K,Q4a,2546000.0,122.65,8
2021,34_W1K,Q4b,8937545.47,240.29,15
2021,34_W1S,Q1,,,0
2021,34_W1S,Q2,,,0
2021,34_W1S,Q3,,,0
2021,34_W1S,Q4a,1945000.0,108.0,1
2021,34_W1S,Q4b,6574749.0,203.75,4
2021,34_W1T,Q1,925442.86,50.0,7
2021,34_W1T,Q2,1195965.0,64.0,10
2021,34_W1T,Q3,1864942.31,87.5,26
2021,34_W1T,Q4a,2380896.0,108.95,10
2021,34_W1T,Q4b,,,0
2021,34_W1U,Q1,882000.0,47.43,7
2021,34_W1U,Q2,1163571.43,69.79,14
2021,34_W1U,Q3,1281500.0,86.97,10
2021,34_W1U,Q4a,1953550.0,129.1,10
2021,34_W1U,Q4b,3757777.78,188.15,9
2021,34_W1W,Q1,790861.11,42.79,18
2021,34_W1W,Q2,1180000.0,60.0,1
2021,34_W1W,Q3,1615833.33,90.38,6
2021,34_W1W,Q4a,1478608.0,117.0,2
2021,34_W1W,Q4b,3987500.0,200.5,2
2021,34_W2,Q1,645712.51,45.64,208
2021,34_W2,Q2,911778.53,69.28,121
2021,34_W2,Q3,1327963.26,89.94,149
2021,34_W2,Q4a,1776999.99,123.84,80
2021,34_W2,Q4b,3625187.19,220.65,58
2021,34_W9,Q1,519322.97,48.17,146
2021,34_W9,Q2,705158.56,68.5,71
2021,34_W9,Q3,946959.41,89.58,96
2021,34_W9,Q4a,1279438.94,119.95,31
2021,34_W9,Q4b,2433697.92,208.98,24
2021,34_WC2A,Q1,,,0
2021,34_WC2A,Q2,1550000.0,63.0,1
2021,34_WC2A,Q3,2460000.0,90.0,1
2021,34_WC2A,Q4a,2897492.4,116.8,10
2021,34_WC2A,Q4b,6426090.5,201.5,4
2021,34_WC2B,Q1,518228.33,37.33,3
2021,34_WC2B,Q2,,,0
2021,34_WC2B,Q3,,,0
2021,34_WC2B,Q4a,1375000.0,110.0,1
2021,34_WC2B,Q4b,3900000.0,178.0,1
2021,34_WC2E,Q1,535000.0,37.67,3
2021,34_WC2E,Q2,680000.0,65.5,2
2021,34_WC2E,Q3,,,0
2021,34_WC2E,Q4a,3475000.0,132.0,1
2021,34_WC2E,Q4b,,,0
2021,34_WC2H,Q1,713500.0,49.86,4
2021,34_WC2H,Q2,,,0
2021,34_WC2H,Q3,,,0
2021,34_WC2H,Q4a,,,0
2021,34_WC2H,Q4b,,,0
2021,34_WC2N,Q1,797500.0,46.0,2
2021,34_WC2N,Q2,1300000.0,73.0,1
2021,34_WC2N,Q3,1000000.0,85.0,1
2021,34_WC2N,Q4a,,,0
2021,34_WC2N,Q4b,1950000.0,156.0,1
2021,34_WC2R,Q1,817500.0,47.0,4
2021,34_WC2R,Q2,,,0
2021,34_WC2R,Q3,,,0
2021,34_WC2R,Q4a,,,0
2021,34_WC2R,Q4b,2050000.0,161.0,1
2021,3_DA1,Q1,234531.45,49.36,62
2021,3_DA1,Q2,315943.33,69.29,63
2021,3_DA1,Q3,368015.56,87.97,45
2021,3_DA1,Q4a,445653.85,116.66,26
2021,3_DA1,Q4b,437000.0,168.91,3
2021,3_DA14,Q1,253185.8,47.67,113
2021,3_DA14,Q2,324174.76,68.25,103
2021,3_DA14,Q3,438225.17,87.87,117
2021,3_DA14,Q4a,580260.66,123.09,74
2021,3_DA14,Q4b,855422.88,192.63,26
2021,3_DA15,Q1,300043.37,50.2,92
2021,3_DA15,Q2,374545.65,68.78,192
2021,3_DA15,Q3,466205.95,88.83,142
2021,3_DA15,Q4a,589299.19,121.55,124
2021,3_DA15,Q4b,808517.5,172.36,28
2021,3_DA16,Q1,291460.53,51.66,38
2021,3_DA16,Q2,377991.2,69.7,142
2021,3_DA16,Q3,434727.3,88.72,203
2021,3_DA16,Q4a,526759.58,120.32,130
2021,3_DA16,Q4b,627428.57,175.86,7
2021,3_DA17,Q1,232040.9,48.54,61
2021,3_DA17,Q2,292759.26,67.66,81
2021,3_DA17,Q3,361195.6,88.6,124
2021,3_DA17,Q4a,439388.46,116.23,26
2021,3_DA17,Q4b,641666.67,197.0,3
2021,3_DA18,Q1,189995.0,46.0,1
2021,3_DA18,Q2,,,0
2021,3_DA18,Q3,246333.33,89.0,3
2021,3_DA18,Q4a,341250.0,117.25,4
2021,3_DA18,Q4b,,,0
2021,3_DA5,Q1,272160.71,52.29,28
2021,3_DA5,Q2,385340.98,68.65,56
2021,3_DA5,Q3,492591.23,89.17,109
2021,3_DA5,Q4a,597436.57,122.52,108
2021,3_DA5,Q4b,874562.5,180.84,32
2021,3_DA6,Q1,275776.08,50.77,130
2021,3_DA6,Q2,347054.58,70.74,106
2021,3_DA6,Q3,431498.35,89.41,79
2021,3_DA6,Q4a,540385.71,121.15,49
2021,3_DA6,Q4b,803727.27,179.95,11
2021,3_DA7,Q1,274353.38,49.78,80
2021,3_DA7,Q2,372296.99,68.08,130
2021,3_DA7,Q3,445728.88,89.62,232
2021,3_DA7,Q4a,527581.07,120.94,131
2021,3_DA7,Q4b,654125.0,168.45,24
2021,3_DA8,Q1,230836.24,50.36,84
2021,3_DA8,Q2,286123.8,67.52,150
2021,3_DA8,Q3,352162.62,87.25,176
2021,3_DA8,Q4a,458134.41,119.47,93
2021,3_DA8,Q4b,523696.7,182.44,10
2021,3_SE2,Q1,292662.26,52.59,34
2021,3_SE2,Q2,369317.5,70.3,20
2021,3_SE2,Q3,450466.67,90.71,24
2021,3_SE2,Q4a,497318.18,122.09,11
2021,3_SE2,Q4b,815000.0,201.0,1
2021,3_SE28,Q1,253100.0,50.68,15
2021,3_SE28,Q2,326500.0,66.44,8
2021,3_SE28,Q3,332545.45,90.9,11
2021,3_SE28,Q4a,378000.0,118.8,5
2021,3_SE28,Q4b,,,0
2021,3_SE9,Q1,,,0
2021,3_SE9,Q2,465000.0,76.0,1
2021,3_SE9,Q3,537676.36,94.45,11
2021,3_SE9,Q4a,608035.71,121.45,14
2021,3_SE9,Q4b,710000.0,177.03,2
2021,4_HA0,Q1,278414.47,47.06,76
2021,4_HA0,Q2,385479.98,69.27,65
2021,4_HA0,Q3,503914.46,90.3,83
2021,4_HA0,Q4a,635133.93,121.03,56
2021,4_HA0,Q4b,720030.0,184.27,15
2021,4_HA1,Q1,,,0
2021,4_HA1,Q2,369500.0,66.25,4
2021,4_HA1,Q3,525000.0,94.25,2
2021,4_HA1,Q4a,780000.0,129.57,3
2021,4_HA1,Q4b,1180625.0,205.55,8
2021,4_HA3,Q1,203818.18,49.09,22
2021,4_HA3,Q2,349500.0,65.73,6
2021,4_HA3,Q3,590602.63,87.95,19
2021,4_HA3,Q4a,719214.29,125.06,14
2021,4_HA3,Q4b,858586.96,173.2,23
2021,4_HA7,Q1,320000.0,52.0,1
2021,4_HA7,Q2,,,0
2021,4_HA7,Q3,,,0
2021,4_HA7,Q4a,,,0
2021,4_HA7,Q4b,,,0
2021,4_HA8,Q1,267000.0,49.0,3
2021,4_HA8,Q2,379500.0,75.5,2
2021,4_HA8,Q3,528300.0,88.2,10
2021,4_HA8,Q4a,634250.0,122.0,4
2021,4_HA8,Q4b,870000.0,176.0,1
2021,4_HA9,Q1,302096.77,47.05,91
2021,4_HA9,Q2,410975.4,68.84,63
2021,4_HA9,Q3,534790.45,88.54,89
2021,4_HA9,Q4a,671393.36,121.94,64
2021,4_HA9,Q4b,850716.67,178.05,15
2021,4_NW10,Q1,348429.35,49.62,132
2021,4_NW10,Q2,459656.78,69.38,157
2021,4_NW10,Q3,608277.44,92.03,115
2021,4_NW10,Q4a,964036.51,125.14,136
2021,4_NW10,Q4b,1472690.98,187.85,59
2021,4_NW2,Q1,374979.46,48.15,56
2021,4_NW2,Q2,481134.81,68.8,79
2021,4_NW2,Q3,578241.76,89.32,41
2021,4_NW2,Q4a,782105.77,125.3,52
2021,4_NW2,Q4b,1753785.71,233.09,28
2021,4_NW6,Q1,453267.28,48.9,53
2021,4_NW6,Q2,612862.5,68.14,40
2021,4_NW6,Q3,788019.64,88.54,42
2021,4_NW6,Q4a,1365205.71,127.07,51
2021,4_NW6,Q4b,1993899.52,199.25,40
2021,4_NW9,Q1,327321.99,49.67,92
2021,4_NW9,Q2,423164.9,69.54,96
2021,4_NW9,Q3,525929.1,87.81,134
2021,4_NW9,Q4a,616543.48,122.52,46
2021,4_NW9,Q4b,754615.38,171.08,13
2021,4_W10,Q1,497879.88,56.06,8
2021,4_W10,Q2,519325.0,70.0,6
2021,4_W10,Q3,785000.0,86.0,2
2021,4_W10,Q4a,620000.0,108.0,1
2021,4_W10,Q4b,,,0
2021,4_W9,Q1,,,0
2021,4_W9,Q2,,,0
2021,4_W9,Q3,,,0
2021,4_W9,Q4a,,,0
2021,4_W9,Q4b,,,0
2021,5_CM12,Q1,,,0
2021,5_CM12,Q2,870000.0,72.0,1
2021,5_CM12,Q3,,,0
2021,5_CM12,Q4a,,,0
2021,5_CM12,Q4b,,,0
2021,5_CM13,Q1,277239.8,50.71,49
2021,5_CM13,Q2,390310.46,69.3,112
2021,5_CM13,Q3,464742.81,88.95,139
2021,5_CM13,Q4a,661094.97,123.55,117
2021,5_CM13,Q4b,1248273.7,214.53,73
2021,5_CM14,Q1,261926.73,49.01,144
2021,5_CM14,Q2,357109.5,67.95,142
2021,5_CM14,Q3,457987.46,88.65,120
2021,5_CM14,Q4a,610742.27,121.36,97
2021,5_CM14,Q4b,941071.43,185.73,49
2021,5_CM15,Q1,300188.89,50.63,45
2021,5_CM15,Q2,409812.18,69.96,78
2021,5_CM15,Q3,491349.58,89.69,120
2021,5_CM15,Q4a,656293.44,124.61,138
2021,5_CM15,Q4b,1021035.71,198.72,70
2021,5_CM4,Q1,287791.67,50.15,12
2021,5_CM4,Q2,454974.75,69.64,20
2021,5_CM4,Q3,515769.23,92.21,39
2021,5_CM4,Q4a,643692.02,123.18,48
2021,5_CM4,Q4b,1509765.62,237.8,32
2021,5_RM4,Q1,,,0
2021,5_RM4,Q2,,,0
2021,5_RM4,Q3,,,0
2021,5_RM4,Q4a,845000.0,105.0,1
2021,5_RM4,Q4b,697500.0,164.0,2
2021,6_BR1,Q1,288993.66,49.86,119
2021,6_BR1,Q2,377071.07,69.3,149
2021,6_BR1,Q3,479766.03,89.83,158
2021,6_BR1,Q4a,684604.58,124.01,156
2021,6_BR1,Q4b,1128413.46,206.24,130
2021,6_BR2,Q1,280902.95,48.87,135
2021,6_BR2,Q2,391113.36,68.29,194
2021,6_BR2,Q3,498654.73,89.24,322
2021,6_BR2,Q4a,652304.92,121.01,240
2021,6_BR2,Q4b,1012545.92,194.93,98
2021,6_BR3,Q1,281925.14,48.84,184
2021,6_BR3,Q2,380361.88,68.57,217
2021,6_BR3,Q3,528856.8,89.88,259
2021,6_BR3,Q4a,707440.63,123.45,237
2021,6_BR3,Q4b,1152171.21,204.44,100
2021,6_BR4,Q1,255851.85,48.62,27
2021,6_BR4,Q2,382306.82,69.17,22
2021,6_BR4,Q3,579804.76,92.14,72
2021,6_BR4,Q4a,685912.65,124.86,141
2021,6_BR4,Q4b,837420.45,174.2,44
2021,6_BR5,Q1,293020.38,50.52,130
2021,6_BR5,Q2,368398.76,69.56,161
2021,6_BR5,Q3,479327.59,90.06,230
2021,6_BR5,Q4a,638560.0,121.46,170
2021,6_BR5,Q4b,994526.04,197.28,46
2021,6_BR6,Q1,300280.9,49.9,89
2021,6_BR6,Q2,412028.77,69.62,129
2021,6_BR6,Q3,504597.29,89.98,295
2021,6_BR6,Q4a,659641.25,122.75,248
2021,6_BR6,Q4b,1085702.08,191.8,96
2021,6_BR7,Q1,281750.57,49.86,35
2021,6_BR7,Q2,413213.4,68.93,70
2021,6_BR7,Q3,560906.14,89.16,113
2021,6_BR7,Q4a,739664.61,123.6,103
2021,6_BR7,Q4b,1234098.39,206.8,84
2021,6_BR8,Q1,,,0
2021,6_BR8,Q2,,,0
2021,6_BR8,Q3,,,0
2021,6_BR8,Q4a,,,0
2021,6_BR8,Q4b,,,0
2021,6_DA14,Q1,,,0
2021,6_DA14,Q2,,,0
2021,6_DA14,Q3,,,0
2021,6_DA14,Q4a,,,0
2021,6_DA14,Q4b,,,0
2021,6_SE19,Q1,322591.73,46.35,30
2021,6_SE19,Q2,428400.0,68.8,15
2021,6_SE19,Q3,679305.56,95.11,18
2021,6_SE19,Q4a,763583.33,116.76,6
2021,6_SE19,Q4b,1133500.0,226.22,4
2021,6_SE20,Q1,290987.6,48.25,130
2021,6_SE20,Q2,412407.55,68.66,111
2021,6_SE20,Q3,495027.05,87.57,92
2021,6_SE20,Q4a,639620.59,118.27,51
2021,6_SE20,Q4b,944500.0,201.58,12
2021,6_SE26,Q1,332777.78,49.17,27
2021,6_SE26,Q2,413953.38,69.54,40
2021,6_SE26,Q3,506782.61,89.29,23
2021,6_SE26,Q4a,742363.64,127.53,11
2021,6_SE26,Q4b,1265000.0,200.8,5
2021,6_SE9,Q1,279833.33,49.41,15
2021,6_SE9,Q2,358653.85,68.2,52
2021,6_SE9,Q3,402980.77,90.31,26
2021,6_SE9,Q4a,542423.08,118.22,13
2021,6_SE9,Q4b,801666.67,215.33,3
2021,6_TN14,Q1,,,0
2021,6_TN14,Q2,630000.0,66.0,1
2021,6_TN14,Q3,527500.0,99.5,2
2021,6_TN14,Q4a,701875.0,133.25,4
2021,6_TN14,Q4b,876210.0,180.2,5
2021,6_TN16,Q1,258690.48,52.36,21
2021,6_TN16,Q2,358272.73,68.17,44
2021,6_TN16,Q3,409207.87,90.39,89
2021,6_TN16,Q4a,503798.26,121.86,86
2021,6_TN16,Q4b,618375.0,176.93,20
2021,7_EC1M,Q1,,,0
2021,7_EC1M,Q2,,,0
2021,7_EC1M,Q3,800000.0,90.0,1
2021,7_EC1M,Q4a,,,0
2021,7_EC1M,Q4b,,,0
2021,7_EC1N,Q1,458333.33,50.33,6
2021,7_EC1N,Q2,762000.0,70.0,1
2021,7_EC1N,Q3,1318000.0,90.0,1
2021,7_EC1N,Q4a,1475000.0,116.0,2
2021,7_EC1N,Q4b,,,0
2021,7_EC1R,Q1,315000.0,29.0,1
2021,7_EC1R,Q2,,,0
2021,7_EC1R,Q3,,,0
2021,7_EC1R,Q4a,,,0
2021,7_EC1R,Q4b,,,0
2021,7_N19,Q1,402500.0,45.5,2
2021,7_N19,Q2,650000.0,69.33,3
2021,7_N19,Q3,1015000.0,87.0,2
2021,7_N19,Q4a,,,0
2021,7_N19,Q4b,1700000.0,173.67,3
2021,7_N1C,Q1,594909.09,44.73,11
2021,7_N1C,Q2,935475.0,67.7,10
2021,7_N1C,Q3,1455616.0,88.5,6
2021,7_N1C,Q4a,2240056.25,124.0,4
2021,7_N1C,Q4b,4270000.0,192.33,3
2021,7_N6,Q1,432444.44,40.51,18
2021,7_N6,Q2,1033583.33,72.33,3
2021,7_N6,Q3,871428.57,85.86,7
2021,7_N6,Q4a,1608846.15,127.62,13
2021,7_N6,Q4b,2678000.0,214.58,14
2021,7_N7,Q1,471282.14,44.14,7
2021,7_N7,Q2,650928.57,69.14,7
2021,7_N7,Q3,515000.0,90.0,1
2021,7_N7,Q4a,,,0
2021,7_N7,Q4b,,,0
2021,7_NW1,Q1,444608.15,45.9,92
2021,7_NW1,Q2,625428.57,68.14,70
2021,7_NW1,Q3,916353.66,89.29,41
2021,7_NW1,Q4a,1378036.17,122.6,47
2021,7_NW1,Q4b,3733027.75,230.19,36
2021,7_NW2,Q1,387541.67,45.71,12
2021,7_NW2,Q2,477500.2,69.77,10
2021,7_NW2,Q3,593031.25,85.26,12
2021,7_NW2,Q4a,650000.0,109.0,1
2021,7_NW2,Q4b,1638805.71,217.71,7
2021,7_NW3,Q1,523943.49,45.68,126
2021,7_NW3,Q2,721181.0,68.3,111
2021,7_NW3,Q3,1053688.86,89.51,135
2021,7_NW3,Q4a,1647059.17,125.22,106
2021,7_NW3,Q4b,3293442.17,225.56,119
2021,7_NW5,Q1,455875.47,47.22,87
2021,7_NW5,Q2,581867.65,66.56,51
2021,7_NW5,Q3,835998.4,90.99,53
2021,7_NW5,Q4a,1261327.78,124.13,45
2021,7_NW5,Q4b,1880561.23,191.83,39
2021,7_NW6,Q1,499865.05,48.16,130
2021,7_NW6,Q2,620592.72,66.7,82
2021,7_NW6,Q3,833619.67,88.5,89
2021,7_NW6,Q4a,1241300.85,124.57,59
2021,7_NW6,Q4b,1983308.02,199.34,40
2021,7_NW8,Q1,341200.0,42.4,10
2021,7_NW8,Q2,1362875.0,66.75,4
2021,7_NW8,Q3,843590.91,85.27,11
2021,7_NW8,Q4a,1460500.0,121.3,10
2021,7_NW8,Q4b,2384500.0,175.82,4
2021,7_W1T,Q1,525618.75,46.88,8
2021,7_W1T,Q2,927500.0,67.68,2
2021,7_W1T,Q3,1297500.0,82.82,6
2021,7_W1T,Q4a,1575000.0,113.5,2
2021,7_W1T,Q4b,2750000.0,174.05,1
2021,7_WC1A,Q1,478000.0,40.0,1
2021,7_WC1A,Q2,850000.0,73.0,1
2021,7_WC1A,Q3,1475000.0,92.5,2
2021,7_WC1A,Q4a,,,0
2021,7_WC1A,Q4b,3300000.0,216.46,1
2021,7_WC1B,Q1,669750.0,51.5,2
2021,7_WC1B,Q2,890000.0,68.5,2
2021,7_WC1B,Q3,1088000.0,91.28,5
2021,7_WC1B,Q4a,1420000.0,127.0,3
2021,7_WC1B,Q4b,1575000.0,163.0,1
2021,7_WC1E,Q1,564800.0,44.78,5
2021,7_WC1E,Q2,924806.0,70.25,4
2021,7_WC1E,Q3,1250000.0,90.0,1
2021,7_WC1E,Q4a,1657500.0,131.5,4
2021,7_WC1E,Q4b,,,0
2021,7_WC1H,Q1,375781.09,35.47,55
2021,7_WC1H,Q2,700000.0,64.5,2
2021,7_WC1H,Q3,600000.0,83.0,1
2021,7_WC1H,Q4a,,,0
2021,7_WC1H,Q4b,,,0
2021,7_WC1N,Q1,500600.0,42.38,15
2021,7_WC1N,Q2,713833.33,67.66,6
2021,7_WC1N,Q3,1041666.67,84.67,3
2021,7_WC1N,Q4a,,,0
2021,7_WC1N,Q4b,1800000.0,153.0,1
2021,7_WC1R,Q1,,,0
2021,7_WC1R,Q2,817500.0,66.0,2
2021,7_WC1R,Q3,1000000.0,80.0,1
2021,7_WC1R,Q4a,,,0
2021,7_WC1R,Q4b,,,0
2021,7_WC1V,Q1,545000.0,39.67,3
2021,7_WC1V,Q2,915000.0,72.0,1
2021,7_WC1V,Q3,,,0
2021,7_WC1V,Q4a,1550000.0,117.0,1
2021,7_WC1V,Q4b,,,0
2021,7_WC1X,Q1,748450.0,47.41,19
2021,7_WC1X,Q2,1067314.77,68.45,22
2021,7_WC1X,Q3,1276152.43,92.58,30
2021,7_WC1X,Q4a,1655688.27,130.18,22
2021,7_WC1X,Q4b,1591666.67,156.0,3
2021,7_WC2A,Q1,,,0
2021,7_WC2A,Q2,,,0
2021,7_WC2A,Q3,,,0
2021,7_WC2A,Q4a,,,0
2021,7_WC2A,Q4b,,,0
2021,7_WC2B,Q1,1349640.0,49.0,5
2021,7_WC2B,Q2,1945000.0,75.0,2
2021,7_WC2B,Q3,2222750.0,93.5,2
2021,7_WC2B,Q4a,1800000.0,116.94,1
2021,7_WC2B,Q4b,2200000.0,153.0,1
2021,7_WC2H,Q1,875000.0,49.52,2
2021,7_WC2H,Q2,1035000.0,68.93,3
2021,7_WC2H,Q3,1093333.33,84.33,3
2021,7_WC2H,Q4a,1885000.0,149.0,1
2021,7_WC2H,Q4b,,,0
2021,8_E1,Q1,,,0
2021,8_E1,Q2,514333.33,67.33,3
2021,8_E1,Q3,,,0
2021,8_E1,Q4a,,,0
2021,8_E1,Q4b,,,0
2021,8_EC1A,Q1,658657.89,50.4,19
2021,8_EC1A,Q2,636666.67,64.33,6
2021,8_EC1A,Q3,1367554.55,83.91,11
2021,8_EC1A,Q4a,,,0
2021,8_EC1A,Q4b,,,0
2021,8_EC1M,Q1,,,0
2021,8_EC1M,Q2,,,0
2021,8_EC1M,Q3,,,0
2021,8_EC1M,Q4a,,,0
2021,8_EC1M,Q4b,,,0
2021,8_EC1N,Q1,,,0
2021,8_EC1N,Q2,,,0
2021,8_EC1N,Q3,,,0
2021,8_EC1N,Q4a,,,0
2021,8_EC1N,Q4b,,,0
2021,8_EC1Y,Q1,685545.0,53.58,8
2021,8_EC1Y,Q2,735660.0,68.6,5
2021,8_EC1Y,Q3,1148150.0,85.25,4
2021,8_EC1Y,Q4a,1384912.5,121.4,10
2021,8_EC1Y,Q4b,,,0
2021,8_EC2M,Q1,,,0
2021,8_EC2M,Q2,,,0
2021,8_EC2M,Q3,,,0
2021,8_EC2M,Q4a,,,0
2021,8_EC2M,Q4b,,,0
2021,8_EC2R,Q1,,,0
2021,8_EC2R,Q2,899000.0,75.0,1
2021,8_EC2R,Q3,,,0
2021,8_EC2R,Q4a,,,0
2021,8_EC2R,Q4b,,,0
2021,8_EC2V,Q1,,,0
2021,8_EC2V,Q2,,,0
2021,8_EC2V,Q3,,,0
2021,8_EC2V,Q4a,,,0
2021,8_EC2V,Q4b,,,0
2021,8_EC2Y,Q1,584055.56,41.62,18
2021,8_EC2Y,Q2,759210.53,68.94,19
2021,8_EC2Y,Q3,1405000.0,87.5,2
2021,8_EC2Y,Q4a,1673125.0,109.13,4
2021,8_EC2Y,Q4b,2833333.33,200.33,3
2021,8_EC3A,Q1,445000.0,42.0,1
2021,8_EC3A,Q2,720000.0,67.0,1
2021,8_EC3A,Q3,,,0
2021,8_EC3A,Q4a,,,0
2021,8_EC3A,Q4b,,,0
2021,8_EC3N,Q1,538166.67,49.67,3
2021,8_EC3N,Q2,732500.0,77.0,1
2021,8_EC3N,Q3,,,0
2021,8_EC3N,Q4a,,,0
2021,8_EC3N,Q4b,,,0
2021,8_EC3R,Q1,527500.0,50.0,2
2021,8_EC3R,Q2,,,0
2021,8_EC3R,Q3,820000.0,103.0,1
2021,8_EC3R,Q4a,,,0
2021,8_EC3R,Q4b,,,0
2021,8_EC3V,Q1,,,0
2021,8_EC3V,Q2,,,0
2021,8_EC3V,Q3,,,0
2021,8_EC3V,Q4a,,,0
2021,8_EC3V,Q4b,,,0
2021,8_EC4A,Q1,527500.0,40.0,2
2021,8_EC4A,Q2,800000.0,73.0,1
2021,8_EC4A,Q3,963333.33,86.67,3
2021,8_EC4A,Q4a,,,0
2021,8_EC4A,Q4b,,,0
2021,8_EC4M,Q1,495000.0,44.26,3
2021,8_EC4M,Q2,,,0
2021,8_EC4M,Q3,,,0
2021,8_EC4M,Q4a,,,0
2021,8_EC4M,Q4b,,,0
2021,8_EC4R,Q1,,,0
2021,8_EC4R,Q2,,,0
2021,8_EC4R,Q3,,,0
2021,8_EC4R,Q4a,,,0
2021,8_EC4R,Q4b,,,0
2021,8_EC4V,Q1,562500.0,48.3,2
2021,8_EC4V,Q2,645800.0,65.0,5
2021,8_EC4V,Q3,1000000.0,96.0,1
2021,8_EC4V,Q4a,870000.0,108.0,1
2021,8_EC4V,Q4b,2400000.0,173.0,1
2021,8_EC4Y,Q1,,,0
2021,8_EC4Y,Q2,763000.0,63.2,2
2021,8_EC4Y,Q3,915000.0,97.5,2
2021,8_EC4Y,Q4a,,,0
2021,8_EC4Y,Q4b,,,0
2021,8_WC2A,Q1,,,0
2021,8_WC2A,Q2,,,0
2021,8_WC2A,Q3,,,0
2021,8_WC2A,Q4a,,,0
2021,8_WC2A,Q4b,,,0
2021,9_CR0,Q1,248243.28,47.71,407
2021,9_CR0,Q2,341157.88,68.78,540
2021,9_CR0,Q3,414373.01,88.58,578
2021,9_CR0,Q4a,524742.44,119.21,334
2021,9_CR0,Q4b,894261.83,193.86,60
2021,9_CR2,Q1,268096.07,50.38,131
2021,9_CR2,Q2,347082.24,68.12,245
2021,9_CR2,Q3,467951.05,88.76,240
2021,9_CR2,Q4a,599466.66,122.79,192
2021,9_CR2,Q4b,853520.05,191.11,84
2021,9_CR3,Q1,,,0
2021,9_CR3,Q2,433333.33,69.0,3
2021,9_CR3,Q3,481777.78,90.15,9
2021,9_CR3,Q4a,551937.5,118.09,8
2021,9_CR3,Q4b,520000.0,153.6,1
2021,9_CR4,Q1,,,0
2021,9_CR4,Q2,,,0
2021,9_CR4,Q3,,,0
2021,9_CR4,Q4a,,,0
2021,9_CR4,Q4b,,,0
2021,9_CR5,Q1,246940.48,50.24,42
2021,9_CR5,Q2,389934.74,69.73,95
2021,9_CR5,Q3,485855.86,90.52,172
2021,9_CR5,Q4a,607412.03,124.79,145
2021,9_CR5,Q4b,777273.4,178.39,53
2021,9_CR6,Q1,,,0
2021,9_CR6,Q2,438222.22,69.92,9
2021,9_CR6,Q3,481666.67,88.67,3
2021,9_CR6,Q4a,621500.0,132.4,5
2021,9_CR6,Q4b,900000.0,203.0,1
2021,9_CR7,Q1,241970.15,46.95,67
2021,9_CR7,Q2,329001.35,69.04,78
2021,9_CR7,Q3,410632.68,90.27,149
2021,9_CR7,Q4a,467159.45,118.7,77
2021,9_CR7,Q4b,601166.67,180.08,12
2021,9_CR8,Q1,272370.06,48.88,81
2021,9_CR8,Q2,355506.14,69.05,171
2021,9_CR8,Q3,454022.76,88.55,191
2021,9_CR8,Q4a,627841.36,125.06,162
2021,9_CR8,Q4b,918831.89,203.5,112
2021,9_SE19,Q1,320237.28,48.32,105
2021,9_SE19,Q2,409080.46,68.55,87
2021,9_SE19,Q3,542765.98,89.18,95
2021,9_SE19,Q4a,651075.13,117.13,61
2021,9_SE19,Q4b,1099125.0,197.54,16
2021,9_SE25,Q1,266153.03,46.99,142
2021,9_SE25,Q2,344150.52,67.85,134
2021,9_SE25,Q3,441276.79,88.75,168
2021,9_SE25,Q4a,523310.54,118.7,81
2021,9_SE25,Q4b,572142.86,170.29,14
2021,9_SW16,Q1,348761.19,53.55,21
2021,9_SW16,Q2,364393.52,67.54,23
2021,9_SW16,Q3,503290.91,93.67,44
2021,9_SW16,Q4a,622664.15,121.53,53
2021,9_SW16,Q4b,809391.3,188.59,23
2022,10_HA0,Q1,297475.0,50.0,2
2022,10_HA0,Q2,,,0
2022,10_HA0,Q3,555050.0,91.0,1
2022,10_HA0,Q4a,635000.0,108.0,1
2022,10_HA0,Q4b,,,0
2022,10_NW10,Q1,327812.5,48.21,8
2022,10_NW10,Q2,486071.43,68.13,7
2022,10_NW10,Q3,554000.0,87.05,7
2022,10_NW10,Q4a,636666.67,117.0,3
2022,10_NW10,Q4b,,,0
2022,10_TW8,Q1,273500.0,39.6,1
2022,10_TW8,Q2,,,0
2022,10_TW8,Q3,,,0
2022,10_TW8,Q4a,,,0
2022,10_TW8,Q4b,,,0
2022,10_UB1,Q1,309751.83,44.88,48
2022,10_UB1,Q2,447314.13,69.49,60
2022,10_UB1,Q3,492428.95,87.66,38
2022,10_UB1,Q4a,573610.0,117.01,20
2022,10_UB1,Q4b,599987.5,182.25,4
2022,10_UB2,Q1,283303.64,48.22,55
2022,10_UB2,Q2,366620.94,70.35,35
2022,10_UB2,Q3,451579.05,89.08,44
2022,10_UB2,Q4a,442500.0,107.8,5
2022,10_UB2,Q4b,702083.33,180.93,9
2022,10_UB5,Q1,271711.16,48.17,70
2022,10_UB5,Q2,361197.02,67.5,84
2022,10_UB5,Q3,482951.6,89.84,94
2022,10_UB5,Q4a,539036.36,118.86,22
2022,10_UB5,Q4b,748750.0,170.6,4
2022,10_UB6,Q1,320152.31,48.33,85
2022,10_UB6,Q2,456026.45,68.6,83
2022,10_UB6,Q3,539877.34,88.39,155
2022,10_UB6,Q4a,576328.12,119.78,32
2022,10_UB6,Q4b,737500.0,166.37,8
2022,10_W12,Q1,535000.0,53.3,1
2022,10_W12,Q2,,,0
2022,10_W12,Q3,787500.0,93.5,2
2022,10_W12,Q4a,925000.0,117.0,1
2022,10_W12,Q4b,,,0
2022,10_W13,Q1,419768.11,48.52,91
2022,10_W13,Q2,562386.69,69.94,112
2022,10_W13,Q3,758696.67,90.89,105
2022,10_W13,Q4a,963148.52,123.33,103
2022,10_W13,Q4b,1578775.0,202.3,42
2022,10_W3,Q1,415565.98,49.47,326
2022,10_W3,Q2,562381.24,69.75,313
2022,10_W3,Q3,621917.72,87.15,114
2022,10_W3,Q4a,905646.14,124.02,78
2022,10_W3,Q4b,1369677.88,184.63,57
2022,10_W4,Q1,474711.84,48.38,38
2022,10_W4,Q2,638096.77,68.39,31
2022,10_W4,Q3,942535.9,90.11,39
2022,10_W4,Q4a,1238728.49,125.33,63
2022,10_W4,Q4b,2079043.06,193.58,36
2022,10_W5,Q1,395991.78,47.14,133
2022,10_W5,Q2,540388.77,67.35,147
2022,10_W5,Q3,737409.06,89.07,116
2022,10_W5,Q4a,956582.04,122.44,120
2022,10_W5,Q4b,1693236.73,212.05,83
2022,10_W7,Q1,363925.46,49.26,57
2022,10_W7,Q2,443529.94,69.77,95
2022,10_W7,Q3,639035.76,91.03,83
2022,10_W7,Q4a,809981.62,121.21,82
2022,10_W7,Q4b,1210211.67,179.42,18
2022,11_EN1,Q1,269045.74,46.51,95
2022,11_EN1,Q2,411431.6,68.63,106
2022,11_EN1,Q3,522318.12,88.2,176
2022,11_EN1,Q4a,633922.65,118.54,66
2022,11_EN1,Q4b,876106.67,185.13,15
2022,11_EN2,Q1,292898.21,48.02,100
2022,11_EN2,Q2,384107.12,67.75,86
2022,11_EN2,Q3,577981.38,90.34,116
2022,11_EN2,Q4a,723513.75,121.46,85
2022,11_EN2,Q4b,902106.82,174.09,33
2022,11_EN3,Q1,254270.31,49.38,91
2022,11_EN3,Q2,370861.06,70.27,90
2022,11_EN3,Q3,442358.22,88.5,123
2022,11_EN3,Q4a,506582.93,117.41,41
2022,11_EN3,Q4b,612500.0,160.0,1
2022,11_EN4,Q1,375950.0,54.54,10
2022,11_EN4,Q2,387500.0,70.35,7
2022,11_EN4,Q3,615738.64,92.45,11
2022,11_EN4,Q4a,997292.62,125.14,21
2022,11_EN4,Q4b,1865668.89,232.93,45
2022,11_EN8,Q1,200000.0,39.58,2
2022,11_EN8,Q2,272500.0,63.0,2
2022,11_EN8,Q3,408333.33,83.4,3
2022,11_EN8,Q4a,457500.0,112.0,2
2022,11_EN8,Q4b,,,0
2022,11_N11,Q1,334838.48,50.91,21
2022,11_N11,Q2,429998.86,68.32,22
2022,11_N11,Q3,626582.14,90.98,28
2022,11_N11,Q4a,755223.2,118.8,25
2022,11_N11,Q4b,904999.5,153.5,2
2022,11_N13,Q1,313261.6,46.68,55
2022,11_N13,Q2,434597.85,67.88,46
2022,11_N13,Q3,573068.09,91.6,76
2022,11_N13,Q4a,755220.06,127.53,85
2022,11_N13,Q4b,1060221.03,173.02,33
2022,11_N14,Q1,322318.09,50.42,35
2022,11_N14,Q2,399040.95,67.68,40
2022,11_N14,Q3,605368.75,88.55,40
2022,11_N14,Q4a,854483.77,124.92,75
2022,11_N14,Q4b,1148959.46,179.63,37
2022,11_N18,Q1,251645.83,47.88,24
2022,11_N18,Q2,383252.94,69.43,34
2022,11_N18,Q3,430270.16,86.44,62
2022,11_N18,Q4a,508500.0,110.56,10
2022,11_N18,Q4b,493000.0,154.0,1
2022,11_N21,Q1,371874.96,51.5,53
2022,11_N21,Q2,470367.92,69.08,53
2022,11_N21,Q3,646590.08,92.22,66
2022,11_N21,Q4a,887261.76,123.73,88
2022,11_N21,Q4b,1317173.47,201.6,49
2022,11_N22,Q1,378125.0,54.75,4
2022,11_N22,Q2,300000.0,66.0,1
2022,11_N22,Q3,547500.0,95.0,1
2022,11_N22,Q4a,880000.0,126.04,3
2022,11_N22,Q4b,900000.0,214.0,1
2022,11_N9,Q1,242759.98,45.61,50
2022,11_N9,Q2,371850.46,68.62,71
2022,11_N9,Q3,434726.77,87.73,99
2022,11_N9,Q4a,477679.8,121.24,25
2022,11_N9,Q4b,492500.0,162.0,2
2022,12_BR7,Q1,,,0
2022,12_BR7,Q2,480000.0,76.0,1
2022,12_BR7,Q3,,,0
2022,12_BR7,Q4a,,,0
2022,12_BR7,Q4b,,,0
2022,12_DA15,Q1,,,0
2022,12_DA15,Q2,387500.0,74.79,2
2022,12_DA15,Q3,488333.33,91.5,6
2022,12_DA15,Q4a,645000.0,131.0,1
2022,12_DA15,Q4b,,,0
2022,12_SE10,Q1,415942.54,50.84,205
2022,12_SE10,Q2,552622.42,69.71,206
2022,12_SE10,Q3,693912.28,88.63,229
2022,12_SE10,Q4a,928917.13,119.41,86
2022,12_SE10,Q4b,1577544.92,193.28,24
2022,12_SE12,Q1,260650.0,55.5,4
2022,12_SE12,Q2,385608.76,70.42,17
2022,12_SE12,Q3,525145.83,90.36,24
2022,12_SE12,Q4a,751875.0,122.97,8
2022,12_SE12,Q4b,1259000.0,171.0,2
2022,12_SE13,Q1,,,0
2022,12_SE13,Q2,359375.0,66.75,4
2022,12_SE13,Q3,469400.0,86.8,5
2022,12_SE13,Q4a,846000.0,126.8,5
2022,12_SE13,Q4b,,,0
2022,12_SE18,Q1,362746.91,49.69,293
2022,12_SE18,Q2,436466.63,70.34,281
2022,12_SE18,Q3,536512.28,87.41,257
2022,12_SE18,Q4a,558074.51,116.38,81
2022,12_SE18,Q4b,687833.33,173.89,9
2022,12_SE2,Q1,238906.25,45.88,8
2022,12_SE2,Q2,338645.16,71.04,31
2022,12_SE2,Q3,417756.2,87.83,87
2022,12_SE2,Q4a,458050.0,112.51,10
2022,12_SE2,Q4b,790000.0,153.5,2
2022,12_SE28,Q1,270399.39,51.58,41
2022,12_SE28,Q2,320902.48,68.43,33
2022,12_SE28,Q3,376631.58,89.4,19
2022,12_SE28,Q4a,448111.11,118.64,9
2022,12_SE28,Q4b,,,0
2022,12_SE3,Q1,346753.79,49.51,57
2022,12_SE3,Q2,466608.94,69.95,104
2022,12_SE3,Q3,587242.01,89.08,107
2022,12_SE3,Q4a,875889.23,122.15,65
2022,12_SE3,Q4b,1643296.98,207.91,43
2022,12_SE7,Q1,311915.48,49.41,42
2022,12_SE7,Q2,402148.98,68.14,49
2022,12_SE7,Q3,536740.72,89.55,54
2022,12_SE7,Q4a,694468.23,119.49,48
2022,12_SE7,Q4b,848750.0,178.75,4
2022,12_SE8,Q1,354125.0,46.59,16
2022,12_SE8,Q2,385050.0,68.7,10
2022,12_SE8,Q3,653625.17,90.0,6
2022,12_SE8,Q4a,400000.0,104.0,1
2022,12_SE8,Q4b,,,0
2022,12_SE9,Q1,283404.4,49.9,91
2022,12_SE9,Q2,380562.98,68.13,116
2022,12_SE9,Q3,495549.73,88.82,188
2022,12_SE9,Q4a,675963.59,122.23,116
2022,12_SE9,Q4b,1019972.37,191.16,38
2022,13_E1,Q1,600000.0,57.0,1
2022,13_E1,Q2,,,0
2022,13_E1,Q3,,,0
2022,13_E1,Q4a,,,0
2022,13_E1,Q4b,,,0
2022,13_E2,Q1,452709.52,49.13,31
2022,13_E2,Q2,584469.78,68.99,23
2022,13_E2,Q3,686450.0,87.8,10
2022,13_E2,Q4a,1134558.33,113.67,6
2022,13_E2,Q4b,2000000.0,162.0,2
2022,13_E20,Q1,,,0
2022,13_E20,Q2,156250.0,75.0,1
2022,13_E20,Q3,,,0
2022,13_E20,Q4a,930000.0,134.0,1
2022,13_E20,Q4b,,,0
2022,13_E5,Q1,401994.62,48.29,144
2022,13_E5,Q2,488280.12,68.37,83
2022,13_E5,Q3,714835.74,89.1,50
2022,13_E5,Q4a,995886.42,120.28,69
2022,13_E5,Q4b,1430613.43,186.43,28
2022,13_E8,Q1,434475.27,47.02,107
2022,13_E8,Q2,566841.09,68.76,87
2022,13_E8,Q3,786846.86,89.74,91
2022,13_E8,Q4a,1193336.96,120.35,46
2022,13_E8,Q4b,2472718.31,193.38,16
2022,13_E9,Q1,410459.36,48.22,84
2022,13_E9,Q2,536213.88,68.09,100
2022,13_E9,Q3,747116.21,88.58,75
2022,13_E9,Q4a,1055300.77,121.28,43
2022,13_E9,Q4b,1813125.0,191.83,8
2022,13_EC1V,Q1,600000.0,56.0,1
2022,13_EC1V,Q2,912500.0,70.0,2
2022,13_EC1V,Q3,,,0
2022,13_EC1V,Q4a,1691666.67,121.33,3
2022,13_EC1V,Q4b,,,0
2022,13_EC2A,Q1,614166.67,40.67,3
2022,13_EC2A,Q2,581250.0,61.5,2
2022,13_EC2A,Q3,1183714.44,86.89,9
2022,13_EC2A,Q4a,2316480.0,116.5,2
2022,13_EC2A,Q4b,3463750.0,179.0,2
2022,13_N1,Q1,456147.22,50.04,126
2022,13_N1,Q2,586965.65,70.03,107
2022,13_N1,Q3,816066.29,86.19,83
2022,13_N1,Q4a,1383760.12,122.46,40
2022,13_N1,Q4b,2245816.89,195.04,19
2022,13_N15,Q1,,,0
2022,13_N15,Q2,,,0
2022,13_N15,Q3,,,0
2022,13_N15,Q4a,,,0
2022,13_N15,Q4b,,,0
2022,13_N16,Q1,463415.73,48.53,138
2022,13_N16,Q2,563983.95,69.16,103
2022,13_N16,Q3,822537.94,89.43,88
2022,13_N16,Q4a,1208784.95,123.63,93
2022,13_N16,Q4b,1551008.66,188.18,50
2022,13_N4,Q1,393670.84,48.31,75
2022,13_N4,Q2,577030.53,69.27,87
2022,13_N4,Q3,740028.33,87.7,79
2022,13_N4,Q4a,1104748.1,118.19,21
2022,13_N4,Q4b,1833333.33,203.46,9
2022,13_N5,Q1,436666.67,44.7,3
2022,13_N5,Q2,470000.0,69.82,1
2022,13_N5,Q3,1010000.0,102.0,1
2022,13_N5,Q4a,1270000.0,119.0,1
2022,13_N5,Q4b,,,0
2022,14_NW10,Q1,,,0
2022,14_NW10,Q2,305750.0,71.0,5
2022,14_NW10,Q3,923116.67,92.0,3
2022,14_NW10,Q4a,860464.0,132.13,5
2022,14_NW10,Q4b,1489900.0,188.0,1
2022,14_SW10,Q1,990000.0,53.0,1
2022,14_SW10,Q2,200989.0,71.0,1
2022,14_SW10,Q3,970000.0,90.5,4
2022,14_SW10,Q4a,1718300.0,134.22,15
2022,14_SW10,Q4b,3892100.64,225.57,14
2022,14_SW6,Q1,514794.33,46.52,209
2022,14_SW6,Q2,705726.92,69.06,128
2022,14_SW6,Q3,1003393.99,90.34,158
2022,14_SW6,Q4a,1496938.28,124.92,179
2022,14_SW6,Q4b,2477154.58,207.8,185
2022,14_W10,Q1,,,0
2022,14_W10,Q2,,,0
2022,14_W10,Q3,,,0
2022,14_W10,Q4a,,,0
2022,14_W10,Q4b,,,0
2022,14_W11,Q1,292666.67,44.41,3
2022,14_W11,Q2,,,0
2022,14_W11,Q3,,,0
2022,14_W11,Q4a,,,0
2022,14_W11,Q4b,,,0
2022,14_W12,Q1,453481.7,47.82,104
2022,14_W12,Q2,654071.1,69.32,73
2022,14_W12,Q3,810357.75,87.37,80
2022,14_W12,Q4a,1127621.67,123.49,55
2022,14_W12,Q4b,1783753.55,188.78,44
2022,14_W14,Q1,480695.93,46.54,123
2022,14_W14,Q2,603724.54,69.83,54
2022,14_W14,Q3,802452.59,89.1,34
2022,14_W14,Q4a,1263954.44,130.74,18
2022,14_W14,Q4b,2192380.95,199.05,21
2022,14_W3,Q1,271416.67,40.3,6
2022,14_W3,Q2,446295.0,67.6,10
2022,14_W3,Q3,639750.0,87.82,4
2022,14_W3,Q4a,,,0
2022,14_W3,Q4b,,,0
2022,14_W4,Q1,415000.0,42.0,1
2022,14_W4,Q2,,,0
2022,14_W4,Q3,,,0
2022,14_W4,Q4a,,,0
2022,14_W4,Q4b,,,0
2022,14_W6,Q1,386137.23,46.08,144
2022,14_W6,Q2,557330.53,69.11,75
2022,14_W6,Q3,984471.75,89.95,89
2022,14_W6,Q4a,1341917.96,125.71,81
2022,14_W6,Q4b,2116289.61,204.6,38
2022,15_N10,Q1,401940.52,49.45,58
2022,15_N10,Q2,576243.59,67.27,39
2022,15_N10,Q3,707346.43,87.11,35
2022,15_N10,Q4a,1154275.0,124.42,42
2022,15_N10,Q4b,1977518.67,216.37,75
2022,15_N11,Q1,461250.0,43.5,4
2022,15_N11,Q2,390500.0,64.4,5
2022,15_N11,Q3,676501.25,92.07,8
2022,15_N11,Q4a,1045350.0,114.7,10
2022,15_N11,Q4b,1125000.0,193.33,3
2022,15_N13,Q1,,,0
2022,15_N13,Q2,515000.0,72.0,1
2022,15_N13,Q3,,,0
2022,15_N13,Q4a,,,0
2022,15_N13,Q4b,,,0
2022,15_N15,Q1,358737.53,50.54,70
2022,15_N15,Q2,513404.94,68.99,63
2022,15_N15,Q3,674416.68,87.77,57
2022,15_N15,Q4a,753030.3,119.56,33
2022,15_N15,Q4b,1131166.67,175.15,6
2022,15_N17,Q1,337536.83,48.92,90
2022,15_N17,Q2,460777.43,70.25,113
2022,15_N17,Q3,544313.26,89.13,109
2022,15_N17,Q4a,602752.33,118.05,43
2022,15_N17,Q4b,746511.11,163.34,9
2022,15_N18,Q1,,,0
2022,15_N18,Q2,,,0
2022,15_N18,Q3,,,0
2022,15_N18,Q4a,,,0
2022,15_N18,Q4b,,,0
2022,15_N2,Q1,410000.0,42.5,2
2022,15_N2,Q2,429250.0,66.01,8
2022,15_N2,Q3,654200.0,93.41,5
2022,15_N2,Q4a,1369004.55,123.91,11
2022,15_N2,Q4b,2420636.36,235.95,11
2022,15_N22,Q1,361559.23,51.05,65
2022,15_N22,Q2,503109.13,67.77,104
2022,15_N22,Q3,651910.72,90.23,89
2022,15_N22,Q4a,851103.2,123.07,59
2022,15_N22,Q4b,1328753.12,174.92,16
2022,15_N4,Q1,463815.87,48.79,63
2022,15_N4,Q2,529035.35,67.06,40
2022,15_N4,Q3,709260.31,91.53,35
2022,15_N4,Q4a,891582.85,123.19,27
2022,15_N4,Q4b,1548893.94,193.15,33
2022,15_N6,Q1,481756.1,50.0,41
2022,15_N6,Q2,611988.64,68.82,44
2022,15_N6,Q3,767465.12,87.51,43
2022,15_N6,Q4a,1386450.88,119.98,32
2022,15_N6,Q4b,2656785.71,232.53,49
2022,15_N8,Q1,421081.75,49.08,190
2022,15_N8,Q2,544897.43,68.69,167
2022,15_N8,Q3,786035.07,87.25,72
2022,15_N8,Q4a,1072340.78,125.77,97
2022,15_N8,Q4b,1708432.98,192.01,47
2022,16_HA1,Q1,312658.69,50.04,127
2022,16_HA1,Q2,415907.26,70.3,136
2022,16_HA1,Q3,487887.55,87.41,93
2022,16_HA1,Q4a,672883.33,125.04,60
2022,16_HA1,Q4b,967920.0,185.92,25
2022,16_HA2,Q1,294293.65,48.33,63
2022,16_HA2,Q2,397450.0,68.8,102
2022,16_HA2,Q3,549818.43,89.42,137
2022,16_HA2,Q4a,651309.87,120.61,68
2022,16_HA2,Q4b,848264.71,180.73,17
2022,16_HA3,Q1,303994.68,49.17,47
2022,16_HA3,Q2,449382.09,68.88,67
2022,16_HA3,Q3,550135.54,89.87,125
2022,16_HA3,Q4a,661391.96,123.46,74
2022,16_HA3,Q4b,962638.0,179.21,25
2022,16_HA4,Q1,,,0
2022,16_HA4,Q2,,,0
2022,16_HA4,Q3,540000.0,83.9,4
2022,16_HA4,Q4a,,,0
2022,16_HA4,Q4b,,,0
2022,16_HA5,Q1,337938.41,50.68,41
2022,16_HA5,Q2,456857.54,67.74,63
2022,16_HA5,Q3,638510.5,90.91,70
2022,16_HA5,Q4a,890929.68,123.06,108
2022,16_HA5,Q4b,1345106.93,203.1,74
2022,16_HA7,Q1,335538.89,51.08,45
2022,16_HA7,Q2,454528.43,68.4,51
2022,16_HA7,Q3,566468.5,88.58,100
2022,16_HA7,Q4a,752177.51,124.46,80
2022,16_HA7,Q4b,1304348.1,195.54,52
2022,16_HA8,Q1,300870.0,51.27,15
2022,16_HA8,Q2,402130.0,67.68,25
2022,16_HA8,Q3,529157.95,89.63,44
2022,16_HA8,Q4a,642788.27,121.27,26
2022,16_HA8,Q4b,1044090.91,182.47,11
2022,16_NW9,Q1,,,0
2022,16_NW9,Q2,,,0
2022,16_NW9,Q3,,,0
2022,16_NW9,Q4a,,,0
2022,16_NW9,Q4b,,,0
2022,16_UB5,Q1,336000.0,49.97,2
2022,16_UB5,Q2,,,0
2022,16_UB5,Q3,447500.0,87.95,2
2022,16_UB5,Q4a,,,0
2022,16_UB5,Q4b,,,0
2022,16_WD23,Q1,,,0
2022,16_WD23,Q2,,,0
2022,16_WD23,Q3,,,0
2022,16_WD23,Q4a,,,0
2022,16_WD23,Q4b,,,0
2022,17_RM1,Q1,219525.0,46.59,80
2022,17_RM1,Q2,335853.44,67.39,71
2022,17_RM1,Q3,485195.45,88.62,108
2022,17_RM1,Q4a,573513.26,118.65,66
2022,17_RM1,Q4b,835498.15,191.85,26
2022,17_RM11,Q1,292511.36,49.98,66
2022,17_RM11,Q2,385924.96,69.87,85
2022,17_RM11,Q3,496926.66,89.5,140
2022,17_RM11,Q4a,670568.81,126.66,109
2022,17_RM11,Q4b,1131052.63,206.81,38
2022,17_RM12,Q1,269375.0,46.45,58
2022,17_RM12,Q2,401696.88,69.77,103
2022,17_RM12,Q3,478191.64,88.74,204
2022,17_RM12,Q4a,570251.84,120.25,79
2022,17_RM12,Q4b,771428.57,172.86,7
2022,17_RM13,Q1,263580.88,48.31,68
2022,17_RM13,Q2,353946.11,67.27,202
2022,17_RM13,Q3,430000.0,87.52,155
2022,17_RM13,Q4a,491454.85,119.54,102
2022,17_RM13,Q4b,668909.09,201.76,11
2022,17_RM14,Q1,361363.41,50.82,22
2022,17_RM14,Q2,426477.94,70.32,68
2022,17_RM14,Q3,555605.6,90.08,133
2022,17_RM14,Q4a,696155.64,120.53,105
2022,17_RM14,Q4b,981925.0,186.6,40
2022,17_RM2,Q1,254208.77,47.96,57
2022,17_RM2,Q2,379056.21,70.03,56
2022,17_RM2,Q3,523452.22,89.12,88
2022,17_RM2,Q4a,700658.7,124.03,46
2022,17_RM2,Q4b,949090.91,170.11,22
2022,17_RM3,Q1,257521.34,47.43,82
2022,17_RM3,Q2,356579.55,69.21,132
2022,17_RM3,Q3,422332.22,87.34,194
2022,17_RM3,Q4a,524686.03,118.07,68
2022,17_RM3,Q4b,807055.56,188.01,18
2022,17_RM4,Q1,,,0
2022,17_RM4,Q2,440000.0,63.0,1
2022,17_RM4,Q3,478333.33,92.67,3
2022,17_RM4,Q4a,550000.0,118.0,1
2022,17_RM4,Q4b,,,0
2022,17_RM5,Q1,297500.0,50.45,11
2022,17_RM5,Q2,387067.46,71.47,63
2022,17_RM5,Q3,432023.2,86.42,102
2022,17_RM5,Q4a,516500.0,124.96,39
2022,17_RM5,Q4b,670000.0,154.0,1
2022,17_RM7,Q1,241002.08,45.51,48
2022,17_RM7,Q2,343913.16,68.23,106
2022,17_RM7,Q3,443414.96,88.74,117
2022,17_RM7,Q4a,491483.33,115.47,48
2022,17_RM7,Q4b,654000.0,177.36,14
2022,18_HA4,Q1,352179.07,48.8,135
2022,18_HA4,Q2,470450.54,68.42,224
2022,18_HA4,Q3,603298.19,89.85,196
2022,18_HA4,Q4a,746524.35,119.26,127
2022,18_HA4,Q4b,1054663.79,183.84,28
2022,18_HA5,Q1,364884.62,51.72,13
2022,18_HA5,Q2,444333.62,67.81,42
2022,18_HA5,Q3,643138.89,88.46,45
2022,18_HA5,Q4a,827498.48,122.89,33
2022,18_HA5,Q4b,1030181.82,171.27,11
2022,18_HA6,Q1,281314.81,49.64,27
2022,18_HA6,Q2,540362.5,69.41,24
2022,18_HA6,Q3,578500.0,89.35,47
2022,18_HA6,Q4a,838865.38,125.46,52
2022,18_HA6,Q4b,1362227.3,201.25,33
2022,18_TW19,Q1,,,0
2022,18_TW19,Q2,,,0
2022,18_TW19,Q3,,,0
2022,18_TW19,Q4a,,,0
2022,18_TW19,Q4b,,,0
2022,18_UB10,Q1,315859.14,48.86,35
2022,18_UB10,Q2,435718.33,68.13,117
2022,18_UB10,Q3,589371.14,88.37,110
2022,18_UB10,Q4a,773940.48,121.93,84
2022,18_UB10,Q4b,1163480.68,195.35,44
2022,18_UB3,Q1,306597.34,48.48,188
2022,18_UB3,Q2,412457.88,68.82,251
2022,18_UB3,Q3,472774.4,86.7,141
2022,18_UB3,Q4a,563052.7,117.46,37
2022,18_UB3,Q4b,671237.5,160.75,4
2022,18_UB4,Q1,286307.69,48.88,65
2022,18_UB4,Q2,406102.74,67.2,73
2022,18_UB4,Q3,493797.47,88.89,99
2022,18_UB4,Q4a,579075.79,124.2,19
2022,18_UB4,Q4b,735000.0,162.75,4
2022,18_UB5,Q1,253650.0,41.42,10
2022,18_UB5,Q2,475000.0,75.16,1
2022,18_UB5,Q3,,,0
2022,18_UB5,Q4a,,,0
2022,18_UB5,Q4b,,,0
2022,18_UB7,Q1,261812.64,45.45,87
2022,18_UB7,Q2,362463.59,69.02,92
2022,18_UB7,Q3,458915.98,87.32,97
2022,18_UB7,Q4a,569894.74,123.28,19
2022,18_UB7,Q4b,697500.0,156.04,4
2022,18_UB8,Q1,280142.89,47.8,114
2022,18_UB8,Q2,407822.01,68.39,97
2022,18_UB8,Q3,494422.41,87.2,116
2022,18_UB8,Q4a,590046.57,116.03,49
2022,18_UB8,Q4b,865088.24,177.2,17
2022,18_UB9,Q1,314321.0,49.01,19
2022,18_UB9,Q2,372388.89,67.41,27
2022,18_UB9,Q3,503781.25,88.44,32
2022,18_UB9,Q4a,615675.0,122.43,14
2022,18_UB9,Q4b,1029754.5,208.2,8
2022,18_WD3,Q1,,,0
2022,18_WD3,Q2,337000.0,72.0,1
2022,18_WD3,Q3,680000.0,102.0,1
2022,18_WD3,Q4a,,,0
2022,18_WD3,Q4b,,,0
2022,19_TW1,Q1,321370.83,50.92,12
2022,19_TW1,Q2,,,0
2022,19_TW1,Q3,,,0
2022,19_TW1,Q4a,,,0
2022,19_TW1,Q4b,,,0
2022,19_TW13,Q1,264729.94,47.44,69
2022,19_TW13,Q2,376926.74,67.64,88
2022,19_TW13,Q3,467508.52,89.14,88
2022,19_TW13,Q4a,553898.08,121.61,26
2022,19_TW13,Q4b,703000.0,172.6,5
2022,19_TW14,Q1,283316.04,50.31,53
2022,19_TW14,Q2,386213.62,67.66,56
2022,19_TW14,Q3,452528.15,89.96,71
2022,19_TW14,Q4a,496181.82,121.64,11
2022,19_TW14,Q4b,601666.67,158.67,3
2022,19_TW15,Q1,,,0
2022,19_TW15,Q2,,,0
2022,19_TW15,Q3,365000.0,83.0,1
2022,19_TW15,Q4a,,,0
2022,19_TW15,Q4b,,,0
2022,19_TW3,Q1,308121.8,48.47,122
2022,19_TW3,Q2,427766.68,72.03,90
2022,19_TW3,Q3,492474.77,89.88,57
2022,19_TW3,Q4a,573324.32,116.31,37
2022,19_TW3,Q4b,654864.2,165.48,5
2022,19_TW4,Q1,269889.13,52.04,23
2022,19_TW4,Q2,371191.67,69.62,18
2022,19_TW4,Q3,479809.52,92.29,21
2022,19_TW4,Q4a,517000.0,126.2,14
2022,19_TW4,Q4b,616666.67,173.0,3
2022,19_TW5,Q1,247252.45,45.01,11
2022,19_TW5,Q2,360116.67,69.42,30
2022,19_TW5,Q3,520440.48,91.01,42
2022,19_TW5,Q4a,639833.33,121.99,27
2022,19_TW5,Q4b,833333.33,196.0,6
2022,19_TW7,Q1,302079.73,49.1,74
2022,19_TW7,Q2,420072.43,68.06,107
2022,19_TW7,Q3,607351.29,89.75,93
2022,19_TW7,Q4a,745598.53,123.78,68
2022,19_TW7,Q4b,1209025.0,205.28,20
2022,19_TW8,Q1,403063.32,49.07,164
2022,19_TW8,Q2,533019.24,71.05,143
2022,19_TW8,Q3,641002.55,89.41,102
2022,19_TW8,Q4a,760074.19,121.35,31
2022,19_TW8,Q4b,1198642.86,200.43,7
2022,19_UB2,Q1,214500.0,42.5,4
2022,19_UB2,Q2,376125.0,70.38,8
2022,19_UB2,Q3,636388.89,88.27,9
2022,19_UB2,Q4a,644785.71,121.43,7
2022,19_UB2,Q4b,893000.0,151.0,1
2022,19_W3,Q1,425000.0,55.0,1
2022,19_W3,Q2,,,0
2022,19_W3,Q3,770091.11,91.94,9
2022,19_W3,Q4a,842500.0,128.75,4
2022,19_W3,Q4b,850000.0,163.0,1
2022,19_W4,Q1,420425.91,48.07,93
2022,19_W4,Q2,606529.09,68.05,69
2022,19_W4,Q3,847186.08,87.78,72
2022,19_W4,Q4a,1301612.66,125.26,104
2022,19_W4,Q4b,2186539.48,203.75,99
2022,19_W5,Q1,264000.0,53.0,1
2022,19_W5,Q2,351000.0,74.0,2
2022,19_W5,Q3,,,0
2022,19_W5,Q4a,832333.33,124.91,3
2022,19_W5,Q4b,1575000.0,189.0,1
2022,19_W6,Q1,434500.0,47.0,2
2022,19_W6,Q2,757000.0,70.04,4
2022,19_W6,Q3,798000.0,85.5,2
2022,19_W6,Q4a,,,0
2022,19_W6,Q4b,2381000.0,208.5,2
2022,1_IG11,Q1,257228.01,49.24,150
2022,1_IG11,Q2,354729.74,71.43,172
2022,1_IG11,Q3,427245.66,88.43,133
2022,1_IG11,Q4a,523892.2,122.2,41
2022,1_IG11,Q4b,717562.5,202.5,8
2022,1_RM10,Q1,233344.44,48.17,45
2022,1_RM10,Q2,345673.2,68.44,94
2022,1_RM10,Q3,401530.57,86.63,101
2022,1_RM10,Q4a,455631.58,119.47,19
2022,1_RM10,Q4b,578333.33,193.0,3
2022,1_RM5,Q1,,,0
2022,1_RM5,Q2,,,0
2022,1_RM5,Q3,,,0
2022,1_RM5,Q4a,,,0
2022,1_RM5,Q4b,,,0
2022,1_RM6,Q1,248434.9,51.34,21
2022,1_RM6,Q2,357383.33,67.67,30
2022,1_RM6,Q3,430745.3,87.77,77
2022,1_RM6,Q4a,497650.0,118.72,20
2022,1_RM6,Q4b,565000.0,159.0,1
2022,1_RM7,Q1,331000.0,56.91,7
2022,1_RM7,Q2,366388.89,68.9,18
2022,1_RM7,Q3,435312.5,88.75,24
2022,1_RM7,Q4a,556670.71,123.79,14
2022,1_RM7,Q4b,,,0
2022,1_RM8,Q1,254971.43,48.48,35
2022,1_RM8,Q2,356220.74,68.69,142
2022,1_RM8,Q3,392546.39,86.85,97
2022,1_RM8,Q4a,481050.0,114.55,20
2022,1_RM8,Q4b,,,0
2022,1_RM9,Q1,280041.67,53.3,24
2022,1_RM9,Q2,358892.06,67.77,126
2022,1_RM9,Q3,402716.42,87.24,67
2022,1_RM9,Q4a,475700.0,123.59,10
2022,1_RM9,Q4b,,,0
2022,20_EC1A,Q1,,,0
2022,20_EC1A,Q2,,,0
2022,20_EC1A,Q3,,,0
2022,20_EC1A,Q4a,,,0
2022,20_EC1A,Q4b,,,0
2022,20_EC1M,Q1,372714.29,30.06,7
2022,20_EC1M,Q2,841666.67,72.05,3
2022,20_EC1M,Q3,913500.0,88.33,3
2022,20_EC1M,Q4a,1223500.0,113.0,2
2022,20_EC1M,Q4b,3190000.0,214.0,1
2022,20_EC1R,Q1,549857.14,42.0,7
2022,20_EC1R,Q2,789000.0,68.87,17
2022,20_EC1R,Q3,1034484.62,86.62,13
2022,20_EC1R,Q4a,1435625.0,121.15,8
2022,20_EC1R,Q4b,3566666.67,242.0,3
2022,20_EC1V,Q1,510107.07,47.52,28
2022,20_EC1V,Q2,699205.4,67.58,47
2022,20_EC1V,Q3,844779.53,85.41,32
2022,20_EC1V,Q4a,1340246.88,122.19,16
2022,20_EC1V,Q4b,2083333.33,198.42,6
2022,20_EC1Y,Q1,467750.0,47.75,8
2022,20_EC1Y,Q2,698125.0,73.59,8
2022,20_EC1Y,Q3,846507.86,87.0,7
2022,20_EC1Y,Q4a,1350000.0,109.0,1
2022,20_EC1Y,Q4b,1750000.0,177.63,2
2022,20_EC2A,Q1,783000.0,45.58,1
2022,20_EC2A,Q2,751666.67,66.67,3
2022,20_EC2A,Q3,1220000.0,101.0,1
2022,20_EC2A,Q4a,1125000.0,108.0,1
2022,20_EC2A,Q4b,,,0
2022,20_N1,Q1,467573.36,46.02,194
2022,20_N1,Q2,691271.92,68.41,144
2022,20_N1,Q3,972181.82,88.44,106
2022,20_N1,Q4a,1448748.72,121.31,90
2022,20_N1,Q4b,2456917.91,189.96,65
2022,20_N16,Q1,471500.0,54.5,2
2022,20_N16,Q2,429175.0,67.5,4
2022,20_N16,Q3,568625.0,83.07,4
2022,20_N16,Q4a,985000.0,110.0,1
2022,20_N16,Q4b,2250000.0,161.0,1
2022,20_N19,Q1,410054.54,48.27,87
2022,20_N19,Q2,556033.02,67.55,58
2022,20_N19,Q3,702313.71,90.71,52
2022,20_N19,Q4a,1109564.49,127.53,41
2022,20_N19,Q4b,1583636.36,176.74,22
2022,20_N4,Q1,408227.34,46.89,47
2022,20_N4,Q2,597617.19,66.71,16
2022,20_N4,Q3,823777.07,88.61,45
2022,20_N4,Q4a,1017131.45,121.14,31
2022,20_N4,Q4b,1432625.0,170.12,8
2022,20_N5,Q1,473246.11,47.73,66
2022,20_N5,Q2,620659.41,68.45,68
2022,20_N5,Q3,889512.49,88.87,55
2022,20_N5,Q4a,1416897.0,127.86,43
2022,20_N5,Q4b,2089446.11,192.13,36
2022,20_N6,Q1,544333.33,56.98,3
2022,20_N6,Q2,573333.33,65.03,3
2022,20_N6,Q3,530000.0,94.33,3
2022,20_N6,Q4a,1350000.0,130.0,1
2022,20_N6,Q4b,2170000.0,237.0,2
2022,20_N7,Q1,443662.38,47.23,127
2022,20_N7,Q2,596681.97,69.36,124
2022,20_N7,Q3,689160.36,88.76,87
2022,20_N7,Q4a,921295.45,120.53,22
2022,20_N7,Q4b,1766987.33,192.38,21
2022,20_N8,Q1,390000.0,39.56,1
2022,20_N8,Q2,522500.0,71.5,2
2022,20_N8,Q3,,,0
2022,20_N8,Q4a,862500.0,111.5,2
2022,20_N8,Q4b,,,0
2022,20_NW5,Q1,,,0
2022,20_NW5,Q2,,,0
2022,20_NW5,Q3,,,0
2022,20_NW5,Q4a,,,0
2022,20_NW5,Q4b,,,0
2022,20_WC1X,Q1,489500.0,49.16,4
2022,20_WC1X,Q2,558250.0,68.5,4
2022,20_WC1X,Q3,918750.0,86.33,4
2022,20_WC1X,Q4a,1470000.0,129.0,3
2022,20_WC1X,Q4b,2876000.0,196.3,3
2022,21_SW10,Q1,600694.91,45.57,53
2022,21_SW10,Q2,902716.19,69.24,37
2022,21_SW10,Q3,1294806.94,90.91,36
2022,21_SW10,Q4a,1704691.18,117.71,34
2022,21_SW10,Q4b,4197921.51,215.9,53
2022,21_SW1W,Q1,655000.0,38.0,1
2022,21_SW1W,Q2,1245000.0,75.5,2
2022,21_SW1W,Q3,2063333.33,83.0,3
2022,21_SW1W,Q4a,1500000.0,141.0,1
2022,21_SW1W,Q4b,4983333.33,204.36,6
2022,21_SW1X,Q1,1037666.5,51.5,6
2022,21_SW1X,Q2,1384178.57,72.0,7
2022,21_SW1X,Q3,1559750.0,91.0,10
2022,21_SW1X,Q4a,3211434.27,126.33,15
2022,21_SW1X,Q4b,4452500.0,201.38,8
2022,21_SW3,Q1,672527.76,41.44,92
2022,21_SW3,Q2,1087014.19,69.12,43
2022,21_SW3,Q3,1787840.91,88.78,44
2022,21_SW3,Q4a,2554507.7,125.04,54
2022,21_SW3,Q4b,5385631.17,226.93,103
2022,21_SW5,Q1,628154.53,47.53,32
2022,21_SW5,Q2,925447.92,68.43,36
2022,21_SW5,Q3,1135951.61,90.49,31
2022,21_SW5,Q4a,1837363.64,121.25,22
2022,21_SW5,Q4b,3086666.67,201.13,15
2022,21_SW7,Q1,775282.77,48.61,31
2022,21_SW7,Q2,1167099.3,68.17,33
2022,21_SW7,Q3,1439543.48,90.3,23
2022,21_SW7,Q4a,2228495.89,126.13,44
2022,21_SW7,Q4b,4632879.24,226.22,34
2022,21_W10,Q1,505213.24,45.86,34
2022,21_W10,Q2,683821.74,69.58,27
2022,21_W10,Q3,1098625.0,91.72,16
2022,21_W10,Q4a,1689163.89,123.13,18
2022,21_W10,Q4b,3032000.0,201.27,14
2022,21_W11,Q1,744913.46,47.12,52
2022,21_W11,Q2,1183948.72,67.89,39
2022,21_W11,Q3,1496465.88,88.24,40
2022,21_W11,Q4a,2347406.25,127.03,32
2022,21_W11,Q4b,6619626.0,229.12,61
2022,21_W14,Q1,640416.67,50.0,12
2022,21_W14,Q2,901633.33,68.6,15
2022,21_W14,Q3,1192347.14,89.5,21
2022,21_W14,Q4a,1950964.29,122.1,14
2022,21_W14,Q4b,3635466.85,216.2,27
2022,21_W2,Q1,591386.33,42.18,6
2022,21_W2,Q2,1040819.5,71.38,8
2022,21_W2,Q3,1110000.0,80.28,2
2022,21_W2,Q4a,2637500.0,125.86,2
2022,21_W2,Q4b,1450000.0,159.0,2
2022,21_W8,Q1,662943.86,45.89,57
2022,21_W8,Q2,1056259.43,68.5,37
2022,21_W8,Q3,1454840.91,92.15,44
2022,21_W8,Q4a,2246822.92,126.45,48
2022,21_W8,Q4b,5730770.3,237.35,98
2022,22_KT1,Q1,358931.19,49.19,67
2022,22_KT1,Q2,525504.64,68.23,74
2022,22_KT1,Q3,736829.7,88.82,83
2022,22_KT1,Q4a,946369.4,118.46,42
2022,22_KT1,Q4b,1220200.0,167.8,10
2022,22_KT19,Q1,,,0
2022,22_KT19,Q2,315000.0,65.0,1
2022,22_KT19,Q3,510000.0,96.0,1
2022,22_KT19,Q4a,,,0
2022,22_KT19,Q4b,,,0
2022,22_KT2,Q1,363726.77,49.48,79
2022,22_KT2,Q2,532658.69,68.03,107
2022,22_KT2,Q3,776440.52,89.98,100
2022,22_KT2,Q4a,1082063.92,127.19,79
2022,22_KT2,Q4b,1851804.97,218.03,58
2022,22_KT22,Q1,,,0
2022,22_KT22,Q2,,,0
2022,22_KT22,Q3,,,0
2022,22_KT22,Q4a,,,0
2022,22_KT22,Q4b,,,0
2022,22_KT3,Q1,334443.69,47.71,111
2022,22_KT3,Q2,479963.75,68.02,144
2022,22_KT3,Q3,625465.38,87.98,133
2022,22_KT3,Q4a,903284.47,124.16,114
2022,22_KT3,Q4b,1312522.49,202.32,47
2022,22_KT4,Q1,242200.0,40.06,10
2022,22_KT4,Q2,497073.33,67.71,15
2022,22_KT4,Q3,617416.67,89.83,6
2022,22_KT4,Q4a,773958.33,119.2,24
2022,22_KT4,Q4b,960500.0,182.75,8
2022,22_KT5,Q1,314271.81,46.25,58
2022,22_KT5,Q2,477053.85,69.57,82
2022,22_KT5,Q3,668144.98,91.31,66
2022,22_KT5,Q4a,794443.44,120.02,61
2022,22_KT5,Q4b,1303862.35,196.37,17
2022,22_KT6,Q1,324789.14,47.72,107
2022,22_KT6,Q2,451877.4,67.8,163
2022,22_KT6,Q3,592594.34,89.09,128
2022,22_KT6,Q4a,823973.67,120.43,69
2022,22_KT6,Q4b,1517030.3,211.72,33
2022,22_KT9,Q1,329236.05,49.61,43
2022,22_KT9,Q2,417090.24,68.46,79
2022,22_KT9,Q3,511787.65,86.75,81
2022,22_KT9,Q4a,626762.79,121.06,39
2022,22_KT9,Q4b,758500.0,181.26,5
2022,22_SW15,Q1,349000.0,52.48,3
2022,22_SW15,Q2,426666.67,67.0,3
2022,22_SW15,Q3,927765.0,93.0,2
2022,22_SW15,Q4a,1000000.0,132.73,6
2022,22_SW15,Q4b,1251863.64,193.73,11
2022,22_SW20,Q1,,,0
2022,22_SW20,Q2,,,0
2022,22_SW20,Q3,,,0
2022,22_SW20,Q4a,880000.0,146.5,2
2022,22_SW20,Q4b,1060000.0,157.0,1
2022,22_TW10,Q1,,,0
2022,22_TW10,Q2,,,0
2022,22_TW10,Q3,,,0
2022,22_TW10,Q4a,850000.0,116.0,1
2022,22_TW10,Q4b,1250000.0,173.0,1
2022,23_SE1,Q1,527694.44,46.81,27
2022,23_SE1,Q2,752652.63,68.4,19
2022,23_SE1,Q3,1141486.23,91.86,22
2022,23_SE1,Q4a,1624687.5,123.5,8
2022,23_SE1,Q4b,3811133.33,182.33,3
2022,23_SE11,Q1,406534.15,47.74,54
2022,23_SE11,Q2,531482.7,68.78,53
2022,23_SE11,Q3,677592.11,90.35,38
2022,23_SE11,Q4a,1117000.0,115.82,13
2022,23_SE11,Q4b,1647575.73,181.69,11
2022,23_SE19,Q1,368696.83,50.73,30
2022,23_SE19,Q2,448491.04,67.56,24
2022,23_SE19,Q3,621876.5,88.32,10
2022,23_SE19,Q4a,687345.83,115.33,6
2022,23_SE19,Q4b,1051666.67,172.0,3
2022,23_SE21,Q1,387422.26,48.46,31
2022,23_SE21,Q2,520859.74,68.09,19
2022,23_SE21,Q3,713430.0,88.26,25
2022,23_SE21,Q4a,938320.0,124.15,17
2022,23_SE21,Q4b,1783962.18,208.44,17
2022,23_SE24,Q1,442267.17,49.5,35
2022,23_SE24,Q2,567488.57,68.29,35
2022,23_SE24,Q3,813149.68,87.26,31
2022,23_SE24,Q4a,1198821.06,126.4,32
2022,23_SE24,Q4b,1586266.67,196.97,18
2022,23_SE27,Q1,378506.39,48.5,61
2022,23_SE27,Q2,444174.91,67.37,70
2022,23_SE27,Q3,618993.53,88.84,68
2022,23_SE27,Q4a,834268.98,123.31,50
2022,23_SE27,Q4b,1205675.27,195.88,15
2022,23_SE5,Q1,387018.06,50.04,36
2022,23_SE5,Q2,491565.0,67.3,23
2022,23_SE5,Q3,678490.48,89.96,21
2022,23_SE5,Q4a,893095.83,120.05,12
2022,23_SE5,Q4b,1404771.43,189.43,7
2022,23_SW12,Q1,511871.32,52.33,19
2022,23_SW12,Q2,598479.19,67.83,43
2022,23_SW12,Q3,770126.17,88.55,46
2022,23_SW12,Q4a,1221198.49,127.01,35
2022,23_SW12,Q4b,1545818.82,179.6,11
2022,23_SW16,Q1,344461.11,48.19,142
2022,23_SW16,Q2,441064.95,68.22,172
2022,23_SW16,Q3,562338.96,88.24,136
2022,23_SW16,Q4a,760247.71,120.43,72
2022,23_SW16,Q4b,1165666.66,193.74,62
2022,23_SW2,Q1,391317.54,48.55,191
2022,23_SW2,Q2,488839.96,67.33,188
2022,23_SW2,Q3,674431.33,90.11,126
2022,23_SW2,Q4a,971644.13,124.26,100
2022,23_SW2,Q4b,1443234.38,210.75,32
2022,23_SW4,Q1,449350.89,49.12,120
2022,23_SW4,Q2,585052.21,67.65,139
2022,23_SW4,Q3,770383.14,87.31,77
2022,23_SW4,Q4a,1145089.67,124.76,46
2022,23_SW4,Q4b,1887791.94,203.3,80
2022,23_SW8,Q1,517389.8,49.27,115
2022,23_SW8,Q2,660736.46,68.07,102
2022,23_SW8,Q3,1168779.38,89.99,76
2022,23_SW8,Q4a,1431001.97,124.56,32
2022,23_SW8,Q4b,1657615.38,186.12,13
2022,23_SW9,Q1,410346.53,47.88,149
2022,23_SW9,Q2,514477.78,68.79,149
2022,23_SW9,Q3,647834.62,87.7,95
2022,23_SW9,Q4a,965145.81,123.14,48
2022,23_SW9,Q4b,1523329.55,179.03,22
2022,24_BR1,Q1,328136.36,50.29,11
2022,24_BR1,Q2,370466.67,68.84,102
2022,24_BR1,Q3,440572.0,86.52,45
2022,24_BR1,Q4a,576333.33,116.37,15
2022,24_BR1,Q4b,721666.67,209.0,3
2022,24_BR3,Q1,,,0
2022,24_BR3,Q2,,,0
2022,24_BR3,Q3,,,0
2022,24_BR3,Q4a,,,0
2022,24_BR3,Q4b,,,0
2022,24_SE10,Q1,457000.0,48.6,5
2022,24_SE10,Q2,477333.33,69.0,3
2022,24_SE10,Q3,498000.0,90.88,1
2022,24_SE10,Q4a,1128333.33,134.23,3
2022,24_SE10,Q4b,3950000.0,365.0,1
2022,24_SE12,Q1,292726.48,50.03,64
2022,24_SE12,Q2,372067.78,68.41,59
2022,24_SE12,Q3,579268.18,90.47,88
2022,24_SE12,Q4a,696668.3,122.24,46
2022,24_SE12,Q4b,1268500.0,195.1,10
2022,24_SE13,Q1,329393.2,48.06,157
2022,24_SE13,Q2,420059.82,67.57,138
2022,24_SE13,Q3,643516.23,89.2,114
2022,24_SE13,Q4a,851176.95,121.49,77
2022,24_SE13,Q4b,1319417.3,190.1,20
2022,24_SE14,Q1,328906.73,45.59,101
2022,24_SE14,Q2,504916.84,70.63,85
2022,24_SE14,Q3,608945.0,91.02,60
2022,24_SE14,Q4a,787308.75,117.51,40
2022,24_SE14,Q4b,1412166.67,215.98,18
2022,24_SE15,Q1,267500.0,48.0,2
2022,24_SE15,Q2,160000.0,75.0,1
2022,24_SE15,Q3,396500.0,81.33,3
2022,24_SE15,Q4a,,,0
2022,24_SE15,Q4b,,,0
2022,24_SE16,Q1,386333.33,49.5,6
2022,24_SE16,Q2,512363.64,68.91,11
2022,24_SE16,Q3,516812.5,89.25,8
2022,24_SE16,Q4a,791666.67,121.33,3
2022,24_SE16,Q4b,,,0
2022,24_SE23,Q1,346671.08,48.5,125
2022,24_SE23,Q2,476651.36,68.55,142
2022,24_SE23,Q3,657021.26,90.07,128
2022,24_SE23,Q4a,825910.0,122.58,96
2022,24_SE23,Q4b,1227196.9,186.34,50
2022,24_SE26,Q1,311181.51,49.26,73
2022,24_SE26,Q2,425729.21,69.8,89
2022,24_SE26,Q3,529569.03,86.9,103
2022,24_SE26,Q4a,781546.73,123.16,52
2022,24_SE26,Q4b,1189640.62,190.25,16
2022,24_SE3,Q1,373090.25,49.5,12
2022,24_SE3,Q2,499911.4,68.22,20
2022,24_SE3,Q3,725900.0,89.83,30
2022,24_SE3,Q4a,1026067.14,114.34,14
2022,24_SE3,Q4b,1980285.57,212.0,7
2022,24_SE4,Q1,391166.95,48.33,80
2022,24_SE4,Q2,476720.77,67.35,61
2022,24_SE4,Q3,649800.02,87.76,83
2022,24_SE4,Q4a,892894.12,120.56,68
2022,24_SE4,Q4b,1328525.0,188.31,16
2022,24_SE6,Q1,295852.93,48.88,152
2022,24_SE6,Q2,385433.57,68.09,114
2022,24_SE6,Q3,525954.12,89.26,150
2022,24_SE6,Q4a,648756.41,119.07,117
2022,24_SE6,Q4b,876711.54,179.74,26
2022,24_SE8,Q1,317140.52,44.93,87
2022,24_SE8,Q2,454013.88,69.14,58
2022,24_SE8,Q3,520599.0,86.9,36
2022,24_SE8,Q4a,823404.76,119.43,21
2022,24_SE8,Q4b,760000.0,153.0,1
2022,24_SE9,Q1,302000.0,49.38,4
2022,24_SE9,Q2,407933.33,66.65,15
2022,24_SE9,Q3,406671.25,85.23,16
2022,24_SE9,Q4a,528666.67,110.0,3
2022,24_SE9,Q4b,545000.0,151.0,1
2022,25_CR4,Q1,290184.05,47.1,111
2022,25_CR4,Q2,382184.91,68.53,106
2022,25_CR4,Q3,475683.26,88.92,151
2022,25_CR4,Q4a,569030.17,119.39,58
2022,25_CR4,Q4b,780000.0,166.6,1
2022,25_CR7,Q1,,,0
2022,25_CR7,Q2,390000.0,69.0,1
2022,25_CR7,Q3,435000.0,95.5,2
2022,25_CR7,Q4a,402023.0,107.0,2
2022,25_CR7,Q4b,,,0
2022,25_KT3,Q1,331111.11,45.51,9
2022,25_KT3,Q2,499502.5,72.21,14
2022,25_KT3,Q3,640655.0,89.85,20
2022,25_KT3,Q4a,767186.67,120.53,15
2022,25_KT3,Q4b,930000.0,220.0,1
2022,25_SM3,Q1,,,0
2022,25_SM3,Q2,445000.0,68.0,1
2022,25_SM3,Q3,435000.0,79.0,1
2022,25_SM3,Q4a,,,0
2022,25_SM3,Q4b,,,0
2022,25_SM4,Q1,285546.15,48.58,65
2022,25_SM4,Q2,444847.08,68.7,103
2022,25_SM4,Q3,579271.12,89.11,98
2022,25_SM4,Q4a,694620.74,121.97,35
2022,25_SM4,Q4b,760500.0,164.94,7
2022,25_SW16,Q1,319125.0,48.83,12
2022,25_SW16,Q2,385824.71,67.08,17
2022,25_SW16,Q3,520700.0,89.68,31
2022,25_SW16,Q4a,620928.57,121.5,14
2022,25_SW16,Q4b,,,0
2022,25_SW17,Q1,418255.1,51.26,49
2022,25_SW17,Q2,510068.18,69.86,22
2022,25_SW17,Q3,581808.7,87.78,46
2022,25_SW17,Q4a,780588.24,120.12,17
2022,25_SW17,Q4b,775000.0,164.0,1
2022,25_SW18,Q1,488600.0,52.0,15
2022,25_SW18,Q2,558437.78,66.02,18
2022,25_SW18,Q3,734665.0,87.16,30
2022,25_SW18,Q4a,990685.0,119.6,5
2022,25_SW18,Q4b,1526000.0,156.0,1
2022,25_SW19,Q1,417104.62,48.26,256
2022,25_SW19,Q2,558793.57,68.27,219
2022,25_SW19,Q3,837192.39,90.1,200
2022,25_SW19,Q4a,1118296.66,122.64,224
2022,25_SW19,Q4b,2385878.49,214.96,128
2022,25_SW20,Q1,368974.52,47.76,93
2022,25_SW20,Q2,552592.16,69.99,91
2022,25_SW20,Q3,740938.3,90.37,111
2022,25_SW20,Q4a,934471.27,122.55,114
2022,25_SW20,Q4b,1849195.54,200.21,56
2022,26_E12,Q1,267181.82,50.2,22
2022,26_E12,Q2,341661.65,66.58,31
2022,26_E12,Q3,466845.0,92.08,45
2022,26_E12,Q4a,515964.29,119.44,28
2022,26_E12,Q4b,1000000.0,167.0,1
2022,26_E13,Q1,304854.65,47.72,51
2022,26_E13,Q2,388728.18,69.27,73
2022,26_E13,Q3,475075.59,89.1,102
2022,26_E13,Q4a,495064.1,115.0,39
2022,26_E13,Q4b,465000.0,168.0,2
2022,26_E15,Q1,356823.4,50.4,103
2022,26_E15,Q2,432515.41,69.24,90
2022,26_E15,Q3,537880.34,88.85,122
2022,26_E15,Q4a,618346.77,114.04,62
2022,26_E15,Q4b,805500.0,158.78,4
2022,26_E16,Q1,348133.78,50.84,185
2022,26_E16,Q2,415229.8,69.02,153
2022,26_E16,Q3,522345.7,87.9,130
2022,26_E16,Q4a,632236.49,117.83,37
2022,26_E16,Q4b,950000.0,223.39,7
2022,26_E20,Q1,472929.49,51.9,39
2022,26_E20,Q2,596788.24,73.0,85
2022,26_E20,Q3,636576.92,90.38,26
2022,26_E20,Q4a,797666.39,123.28,18
2022,26_E20,Q4b,902500.0,160.0,2
2022,26_E3,Q1,,,0
2022,26_E3,Q2,,,0
2022,26_E3,Q3,,,0
2022,26_E3,Q4a,,,0
2022,26_E3,Q4b,,,0
2022,26_E6,Q1,301177.68,48.42,174
2022,26_E6,Q2,391765.53,70.64,167
2022,26_E6,Q3,445299.56,87.32,240
2022,26_E6,Q4a,509529.91,118.49,53
2022,26_E6,Q4b,330000.0,152.0,1
2022,26_E7,Q1,358356.52,49.74,42
2022,26_E7,Q2,448043.39,68.65,38
2022,26_E7,Q3,521940.22,90.98,67
2022,26_E7,Q4a,637834.78,117.87,58
2022,26_E7,Q4b,901873.0,173.71,17
2022,27_E11,Q1,334361.82,47.08,44
2022,27_E11,Q2,450503.24,67.15,55
2022,27_E11,Q3,788955.94,89.22,32
2022,27_E11,Q4a,1026216.53,125.5,59
2022,27_E11,Q4b,1326383.33,192.29,30
2022,27_E12,Q1,288000.0,51.33,3
2022,27_E12,Q2,393500.0,63.33,6
2022,27_E12,Q3,733714.29,92.29,7
2022,27_E12,Q4a,1003611.53,130.33,15
2022,27_E12,Q4b,1217712.4,178.4,5
2022,27_E18,Q1,312357.53,48.74,73
2022,27_E18,Q2,414346.94,67.71,49
2022,27_E18,Q3,554218.95,87.64,57
2022,27_E18,Q4a,843545.65,124.69,57
2022,27_E18,Q4b,1131871.43,199.43,35
2022,27_IG1,Q1,239348.12,48.51,56
2022,27_IG1,Q2,336703.49,68.42,43
2022,27_IG1,Q3,442448.84,89.75,81
2022,27_IG1,Q4a,546357.14,121.09,63
2022,27_IG1,Q4b,701173.91,183.22,23
2022,27_IG11,Q1,176555.56,48.0,9
2022,27_IG11,Q2,280000.0,65.0,1
2022,27_IG11,Q3,,,0
2022,27_IG11,Q4a,,,0
2022,27_IG11,Q4b,,,0
2022,27_IG2,Q1,239049.17,48.66,30
2022,27_IG2,Q2,384290.91,68.97,22
2022,27_IG2,Q3,526442.37,90.93,59
2022,27_IG2,Q4a,593499.89,121.82,44
2022,27_IG2,Q4b,681230.77,177.85,13
2022,27_IG3,Q1,224434.33,46.29,21
2022,27_IG3,Q2,346724.26,68.12,19
2022,27_IG3,Q3,476786.52,90.34,60
2022,27_IG3,Q4a,567916.67,122.05,60
2022,27_IG3,Q4b,726562.5,174.12,16
2022,27_IG4,Q1,195555.56,51.0,9
2022,27_IG4,Q2,365357.14,71.14,7
2022,27_IG4,Q3,555323.18,90.36,11
2022,27_IG4,Q4a,690193.18,126.5,22
2022,27_IG4,Q4b,668333.33,161.0,3
2022,27_IG5,Q1,345285.0,49.55,22
2022,27_IG5,Q2,389187.46,67.84,24
2022,27_IG5,Q3,544471.7,90.54,53
2022,27_IG5,Q4a,664333.33,124.83,21
2022,27_IG5,Q4b,791268.75,178.89,16
2022,27_IG6,Q1,313338.84,51.18,56
2022,27_IG6,Q2,392395.91,68.88,55
2022,27_IG6,Q3,495178.9,89.6,99
2022,27_IG6,Q4a,627180.85,121.7,47
2022,27_IG6,Q4b,762279.12,168.57,17
2022,27_IG7,Q1,290568.18,51.47,22
2022,27_IG7,Q2,370958.33,66.46,24
2022,27_IG7,Q3,450819.3,89.17,37
2022,27_IG7,Q4a,592666.67,125.54,3
2022,27_IG7,Q4b,882500.0,178.0,4
2022,27_IG8,Q1,309073.68,47.91,38
2022,27_IG8,Q2,416497.36,69.18,99
2022,27_IG8,Q3,583127.12,90.6,118
2022,27_IG8,Q4a,805187.52,128.77,97
2022,27_IG8,Q4b,1203271.88,198.81,48
2022,27_IG9,Q1,280000.0,46.25,4
2022,27_IG9,Q2,432833.33,66.58,6
2022,27_IG9,Q3,545333.33,87.63,9
2022,27_IG9,Q4a,737400.0,116.0,5
2022,27_IG9,Q4b,1206250.0,211.25,4
2022,27_RM6,Q1,224474.36,46.79,39
2022,27_RM6,Q2,368684.83,67.22,30
2022,27_RM6,Q3,480155.74,87.28,61
2022,27_RM6,Q4a,526456.52,119.48,23
2022,27_RM6,Q4b,680000.0,154.0,1
2022,27_RM8,Q1,294363.64,48.54,11
2022,27_RM8,Q2,355833.33,60.33,3
2022,27_RM8,Q3,422500.0,79.5,2
2022,27_RM8,Q4a,471000.0,110.0,2
2022,27_RM8,Q4b,,,0
2022,28_KT1,Q1,379892.86,48.49,28
2022,28_KT1,Q2,511355.56,68.48,18
2022,28_KT1,Q3,835915.79,90.02,19
2022,28_KT1,Q4a,999400.0,123.07,5
2022,28_KT1,Q4b,1784500.0,223.4,5
2022,28_KT2,Q1,307000.0,46.0,1
2022,28_KT2,Q2,,,0
2022,28_KT2,Q3,571000.0,83.0,2
2022,28_KT2,Q4a,746500.0,106.0,1
2022,28_KT2,Q4b,,,0
2022,28_KT8,Q1,,,0
2022,28_KT8,Q2,555000.0,73.0,1
2022,28_KT8,Q3,,,0
2022,28_KT8,Q4a,1015000.0,115.0,1
2022,28_KT8,Q4b,1737500.0,247.0,2
2022,28_SW13,Q1,480350.0,49.91,20
2022,28_SW13,Q2,739142.86,69.59,35
2022,28_SW13,Q3,1000703.06,89.58,49
2022,28_SW13,Q4a,1358348.71,123.32,72
2022,28_SW13,Q4b,2539944.58,218.82,78
2022,28_SW14,Q1,443250.0,49.54,32
2022,28_SW14,Q2,633431.03,67.81,58
2022,28_SW14,Q3,913120.42,89.41,53
2022,28_SW14,Q4a,1263536.93,127.97,68
2022,28_SW14,Q4b,2013126.8,192.03,49
2022,28_SW15,Q1,353333.33,48.5,3
2022,28_SW15,Q2,550000.0,66.0,1
2022,28_SW15,Q3,628333.33,84.5,3
2022,28_SW15,Q4a,,,0
2022,28_SW15,Q4b,,,0
2022,28_TW1,Q1,405667.03,46.66,91
2022,28_TW1,Q2,567000.27,68.55,93
2022,28_TW1,Q3,820448.99,88.24,74
2022,28_TW1,Q4a,1185099.15,120.81,59
2022,28_TW1,Q4b,2282090.29,217.39,63
2022,28_TW10,Q1,517243.59,46.78,39
2022,28_TW10,Q2,660129.98,69.13,53
2022,28_TW10,Q3,819143.84,88.43,69
2022,28_TW10,Q4a,1201988.34,122.91,56
2022,28_TW10,Q4b,2731543.68,225.98,57
2022,28_TW11,Q1,382319.23,48.18,78
2022,28_TW11,Q2,565987.22,69.14,93
2022,28_TW11,Q3,768936.03,88.37,86
2022,28_TW11,Q4a,1141926.21,123.19,102
2022,28_TW11,Q4b,1638346.6,191.51,67
2022,28_TW12,Q1,326918.12,47.27,64
2022,28_TW12,Q2,495458.66,68.2,98
2022,28_TW12,Q3,661155.49,88.95,82
2022,28_TW12,Q4a,945809.24,123.47,78
2022,28_TW12,Q4b,1508129.03,205.83,31
2022,28_TW13,Q1,455000.0,51.0,1
2022,28_TW13,Q2,287000.0,72.0,1
2022,28_TW13,Q3,695000.0,85.84,3
2022,28_TW13,Q4a,611325.0,138.0,1
2022,28_TW13,Q4b,,,0
2022,28_TW2,Q1,385946.74,48.42,85
2022,28_TW2,Q2,547486.13,68.81,123
2022,28_TW2,Q3,691852.11,88.53,106
2022,28_TW2,Q4a,857700.0,120.2,104
2022,28_TW2,Q4b,1286690.48,184.0,21
2022,28_TW3,Q1,343500.0,58.0,2
2022,28_TW3,Q2,455516.5,69.0,6
2022,28_TW3,Q3,552928.57,88.0,7
2022,28_TW3,Q4a,640625.0,115.0,4
2022,28_TW3,Q4b,746000.0,191.0,1
2022,28_TW4,Q1,386500.0,58.0,1
2022,28_TW4,Q2,293500.0,72.76,2
2022,28_TW4,Q3,459857.14,88.71,7
2022,28_TW4,Q4a,592333.33,113.67,3
2022,28_TW4,Q4b,,,0
2022,28_TW7,Q1,,,0
2022,28_TW7,Q2,,,0
2022,28_TW7,Q3,585000.0,82.0,1
2022,28_TW7,Q4a,669000.0,112.67,3
2022,28_TW7,Q4b,,,0
2022,28_TW9,Q1,442293.1,49.6,87
2022,28_TW9,Q2,612600.0,67.32,76
2022,28_TW9,Q3,900700.0,88.95,71
2022,28_TW9,Q4a,1174736.09,121.85,64
2022,28_TW9,Q4b,2025752.77,197.98,57
2022,29_SE1,Q1,462297.85,49.12,223
2022,29_SE1,Q2,594160.45,67.86,190
2022,29_SE1,Q3,871329.11,88.62,135
2022,29_SE1,Q4a,1190506.44,121.0,73
2022,29_SE1,Q4b,2256300.0,180.15,10
2022,29_SE11,Q1,414450.9,48.6,10
2022,29_SE11,Q2,525000.0,70.75,4
2022,29_SE11,Q3,825000.0,89.0,1
2022,29_SE11,Q4a,853333.33,111.67,3
2022,29_SE11,Q4b,2590000.0,193.0,1
2022,29_SE14,Q1,288000.0,46.0,2
2022,29_SE14,Q2,352500.0,64.0,2
2022,29_SE14,Q3,550000.0,79.0,1
2022,29_SE14,Q4a,,,0
2022,29_SE14,Q4b,,,0
2022,29_SE15,Q1,392936.74,48.85,173
2022,29_SE15,Q2,501180.87,67.99,151
2022,29_SE15,Q3,731250.74,89.96,164
2022,29_SE15,Q4a,997655.07,120.16,92
2022,29_SE15,Q4b,1446684.09,183.24,22
2022,29_SE16,Q1,391653.13,48.49,201
2022,29_SE16,Q2,508205.49,68.26,162
2022,29_SE16,Q3,614538.72,87.01,89
2022,29_SE16,Q4a,886172.95,118.88,44
2022,29_SE16,Q4b,975000.0,158.0,2
2022,29_SE17,Q1,406494.77,49.72,86
2022,29_SE17,Q2,527207.89,69.26,75
2022,29_SE17,Q3,659945.76,88.48,34
2022,29_SE17,Q4a,1040980.0,120.1,20
2022,29_SE17,Q4b,1223000.0,192.8,5
2022,29_SE19,Q1,271388.89,41.75,9
2022,29_SE19,Q2,462370.83,70.8,12
2022,29_SE19,Q3,517590.91,85.18,11
2022,29_SE19,Q4a,871000.0,123.33,6
2022,29_SE19,Q4b,1715000.0,212.5,2
2022,29_SE21,Q1,401466.67,49.33,3
2022,29_SE21,Q2,498944.44,70.32,9
2022,29_SE21,Q3,701937.5,87.75,8
2022,29_SE21,Q4a,1117583.33,127.37,15
2022,29_SE21,Q4b,2826936.64,220.33,22
2022,29_SE22,Q1,432539.3,49.77,128
2022,29_SE22,Q2,562511.87,67.11,126
2022,29_SE22,Q3,809356.01,89.77,105
2022,29_SE22,Q4a,1162638.01,126.33,97
2022,29_SE22,Q4b,1576757.71,186.77,45
2022,29_SE23,Q1,345277.78,49.67,9
2022,29_SE23,Q2,425625.0,63.75,8
2022,29_SE23,Q3,463500.0,88.0,2
2022,29_SE23,Q4a,765000.0,122.4,1
2022,29_SE23,Q4b,1797266.67,221.86,3
2022,29_SE24,Q1,420722.11,47.0,9
2022,29_SE24,Q2,603573.33,68.73,15
2022,29_SE24,Q3,982527.5,89.67,18
2022,29_SE24,Q4a,1388327.36,128.31,11
2022,29_SE24,Q4b,2086957.12,198.25,17
2022,29_SE26,Q1,283737.5,39.35,4
2022,29_SE26,Q2,415833.33,69.67,3
2022,29_SE26,Q3,500000.0,83.0,1
2022,29_SE26,Q4a,888250.0,110.0,4
2022,29_SE26,Q4b,1187116.75,159.0,4
2022,29_SE4,Q1,,,0
2022,29_SE4,Q2,430086.0,69.0,1
2022,29_SE4,Q3,,,0
2022,29_SE4,Q4a,1200000.0,140.18,1
2022,29_SE4,Q4b,1331000.0,164.0,1
2022,29_SE5,Q1,382871.46,49.23,127
2022,29_SE5,Q2,454919.38,68.54,94
2022,29_SE5,Q3,574996.58,86.55,64
2022,29_SE5,Q4a,951936.71,126.05,56
2022,29_SE5,Q4b,1716400.0,201.06,20
2022,29_SE8,Q1,367500.0,51.5,2
2022,29_SE8,Q2,358333.33,66.77,3
2022,29_SE8,Q3,,,0
2022,29_SE8,Q4a,,,0
2022,29_SE8,Q4b,,,0
2022,2_EN4,Q1,317185.8,44.82,64
2022,2_EN4,Q2,498090.79,69.2,38
2022,2_EN4,Q3,643526.15,90.0,65
2022,2_EN4,Q4a,739877.55,121.92,49
2022,2_EN4,Q4b,1026062.5,185.57,16
2022,2_EN5,Q1,321402.91,49.19,103
2022,2_EN5,Q2,449074.77,68.0,110
2022,2_EN5,Q3,614274.86,88.89,109
2022,2_EN5,Q4a,834689.67,125.07,108
2022,2_EN5,Q4b,1255775.23,197.57,75
2022,2_HA7,Q1,,,0
2022,2_HA7,Q2,,,0
2022,2_HA7,Q3,,,0
2022,2_HA7,Q4a,850000.0,139.0,1
2022,2_HA7,Q4b,1260000.0,166.0,1
2022,2_HA8,Q1,285414.81,46.38,54
2022,2_HA8,Q2,422547.16,69.55,88
2022,2_HA8,Q3,566150.79,90.76,127
2022,2_HA8,Q4a,742664.27,122.46,70
2022,2_HA8,Q4b,901112.9,170.18,31
2022,2_N10,Q1,326544.12,47.97,16
2022,2_N10,Q2,455625.0,65.24,12
2022,2_N10,Q3,670833.33,87.72,15
2022,2_N10,Q4a,1077400.0,133.03,5
2022,2_N10,Q4b,1274000.0,173.8,5
2022,2_N11,Q1,351348.04,50.94,28
2022,2_N11,Q2,432758.62,68.19,29
2022,2_N11,Q3,571935.17,90.44,30
2022,2_N11,Q4a,761953.7,124.03,27
2022,2_N11,Q4b,992650.0,184.4,12
2022,2_N12,Q1,319457.05,49.26,55
2022,2_N12,Q2,430308.3,67.76,54
2022,2_N12,Q3,664071.56,91.51,54
2022,2_N12,Q4a,857040.3,121.92,64
2022,2_N12,Q4b,1091244.44,185.32,27
2022,2_N14,Q1,205000.0,39.0,1
2022,2_N14,Q2,375000.0,70.0,1
2022,2_N14,Q3,690169.86,93.87,14
2022,2_N14,Q4a,830141.38,126.72,29
2022,2_N14,Q4b,943222.22,159.72,9
2022,2_N2,Q1,365209.52,49.34,42
2022,2_N2,Q2,487808.96,67.89,45
2022,2_N2,Q3,733803.75,90.28,52
2022,2_N2,Q4a,1230713.27,128.2,49
2022,2_N2,Q4b,2298562.5,203.78,32
2022,2_N20,Q1,375823.21,51.05,56
2022,2_N20,Q2,499023.44,69.0,64
2022,2_N20,Q3,694202.13,89.19,47
2022,2_N20,Q4a,932319.63,121.06,63
2022,2_N20,Q4b,1561140.12,213.27,67
2022,2_N3,Q1,395449.53,48.69,49
2022,2_N3,Q2,499141.32,67.67,75
2022,2_N3,Q3,661105.38,92.69,80
2022,2_N3,Q4a,922643.29,126.2,79
2022,2_N3,Q4b,1527494.3,207.18,67
2022,2_NW11,Q1,403732.14,48.64,28
2022,2_NW11,Q2,605463.24,68.37,34
2022,2_NW11,Q3,805266.67,90.71,33
2022,2_NW11,Q4a,1163346.44,130.68,59
2022,2_NW11,Q4b,1844657.53,208.3,73
2022,2_NW2,Q1,431868.42,49.07,38
2022,2_NW2,Q2,535882.76,68.1,29
2022,2_NW2,Q3,728567.57,87.29,37
2022,2_NW2,Q4a,899492.86,124.65,29
2022,2_NW2,Q4b,1934838.89,203.72,18
2022,2_NW3,Q1,440000.0,56.0,1
2022,2_NW3,Q2,428000.0,66.5,2
2022,2_NW3,Q3,810000.0,91.5,2
2022,2_NW3,Q4a,1040000.0,114.5,2
2022,2_NW3,Q4b,3477500.0,259.12,8
2022,2_NW4,Q1,357392.86,51.54,28
2022,2_NW4,Q2,384393.61,68.04,51
2022,2_NW4,Q3,608973.15,90.41,54
2022,2_NW4,Q4a,850458.93,124.13,56
2022,2_NW4,Q4b,1263501.1,205.63,62
2022,2_NW7,Q1,406898.84,52.37,122
2022,2_NW7,Q2,505452.89,70.66,152
2022,2_NW7,Q3,620774.6,87.54,130
2022,2_NW7,Q4a,842180.65,125.51,108
2022,2_NW7,Q4b,1563891.69,201.97,71
2022,2_NW9,Q1,358362.92,48.07,212
2022,2_NW9,Q2,500946.99,70.26,139
2022,2_NW9,Q3,571115.91,88.51,81
2022,2_NW9,Q4a,647063.46,116.42,26
2022,2_NW9,Q4b,842362.5,167.5,4
2022,2_WD6,Q1,,,0
2022,2_WD6,Q2,385000.0,72.0,1
2022,2_WD6,Q3,,,0
2022,2_WD6,Q4a,,,0
2022,2_WD6,Q4b,,,0
2022,30_CR0,Q1,301807.69,49.46,13
2022,30_CR0,Q2,392500.0,69.6,14
2022,30_CR0,Q3,504336.36,87.83,22
2022,30_CR0,Q4a,543000.0,125.2,5
2022,30_CR0,Q4b,,,0
2022,30_CR4,Q1,268961.54,48.08,13
2022,30_CR4,Q2,399875.0,69.5,8
2022,30_CR4,Q3,449250.0,86.25,4
2022,30_CR4,Q4a,520000.0,105.0,1
2022,30_CR4,Q4b,,,0
2022,30_CR5,Q1,,,0
2022,30_CR5,Q2,297333.33,61.6,3
2022,30_CR5,Q3,373750.0,90.0,2
2022,30_CR5,Q4a,646833.33,127.0,6
2022,30_CR5,Q4b,815000.0,182.0,1
2022,30_CR8,Q1,,,0
2022,30_CR8,Q2,345500.0,64.5,2
2022,30_CR8,Q3,465000.0,78.0,1
2022,30_CR8,Q4a,525000.0,112.0,1
2022,30_CR8,Q4b,939571.43,191.14,7
2022,30_KT17,Q1,,,0
2022,30_KT17,Q2,,,0
2022,30_KT17,Q3,673000.0,94.5,2
2022,30_KT17,Q4a,745000.0,134.05,3
2022,30_KT17,Q4b,1209000.0,170.0,1
2022,30_KT4,Q1,355633.7,50.44,46
2022,30_KT4,Q2,443880.47,67.94,87
2022,30_KT4,Q3,583355.22,88.58,69
2022,30_KT4,Q4a,681305.86,122.57,49
2022,30_KT4,Q4b,927198.21,183.46,14
2022,30_SM1,Q1,267753.46,48.92,166
2022,30_SM1,Q2,415081.18,68.22,189
2022,30_SM1,Q3,522063.58,88.01,151
2022,30_SM1,Q4a,639271.69,117.59,83
2022,30_SM1,Q4b,863382.41,166.75,17
2022,30_SM2,Q1,261684.75,47.45,120
2022,30_SM2,Q2,340476.0,68.17,125
2022,30_SM2,Q3,513928.57,88.79,63
2022,30_SM2,Q4a,793289.1,127.72,52
2022,30_SM2,Q4b,1242137.88,197.53,57
2022,30_SM3,Q1,310470.0,47.41,45
2022,30_SM3,Q2,435087.1,69.11,62
2022,30_SM3,Q3,551177.62,88.97,107
2022,30_SM3,Q4a,715000.0,120.24,49
2022,30_SM3,Q4b,725000.0,155.67,3
2022,30_SM4,Q1,,,0
2022,30_SM4,Q2,449285.71,68.0,7
2022,30_SM4,Q3,441416.67,83.17,6
2022,30_SM4,Q4a,465750.0,107.0,2
2022,30_SM4,Q4b,,,0
2022,30_SM5,Q1,300285.65,49.29,115
2022,30_SM5,Q2,406153.39,68.41,145
2022,30_SM5,Q3,520614.26,87.84,117
2022,30_SM5,Q4a,725341.36,122.45,81
2022,30_SM5,Q4b,928866.67,174.0,39
2022,30_SM6,Q1,266128.99,48.38,162
2022,30_SM6,Q2,372085.47,67.52,182
2022,30_SM6,Q3,487310.7,89.32,128
2022,30_SM6,Q4a,643128.9,123.74,92
2022,30_SM6,Q4b,866590.94,172.85,33
2022,30_SM7,Q1,,,0
2022,30_SM7,Q2,,,0
2022,30_SM7,Q3,,,0
2022,30_SM7,Q4a,1071875.0,128.5,4
2022,30_SM7,Q4b,1100000.0,199.33,3
2022,31_E1,Q1,433052.53,47.7,255
2022,31_E1,Q2,553387.35,68.89,170
2022,31_E1,Q3,653132.44,87.22,103
2022,31_E1,Q4a,898896.55,118.28,29
2022,31_E1,Q4b,1756000.0,171.51,10
2022,31_E14,Q1,423545.58,47.76,654
2022,31_E14,Q2,547732.26,69.22,416
2022,31_E14,Q3,711249.61,87.53,375
2022,31_E14,Q4a,995312.48,117.11,81
2022,31_E14,Q4b,1606153.12,191.68,32
2022,31_E1W,Q1,627346.9,48.42,89
2022,31_E1W,Q2,769972.85,70.29,96
2022,31_E1W,Q3,1138419.45,86.11,132
2022,31_E1W,Q4a,1641486.46,126.13,48
2022,31_E1W,Q4b,2456305.26,169.95,19
2022,31_E2,Q1,423896.15,48.89,91
2022,31_E2,Q2,548663.86,68.98,87
2022,31_E2,Q3,784987.69,88.56,65
2022,31_E2,Q4a,977142.86,119.0,21
2022,31_E2,Q4b,1408833.33,171.09,6
2022,31_E3,Q1,380258.01,47.7,327
2022,31_E3,Q2,469194.22,69.46,256
2022,31_E3,Q3,596094.9,87.89,154
2022,31_E3,Q4a,922162.76,118.37,41
2022,31_E3,Q4b,1421250.0,168.5,8
2022,31_E9,Q1,425166.67,49.67,6
2022,31_E9,Q2,609250.0,67.5,4
2022,31_E9,Q3,645000.0,84.33,3
2022,31_E9,Q4a,,,0
2022,31_E9,Q4b,,,0
2022,32_E10,Q1,365547.12,50.02,100
2022,32_E10,Q2,460266.2,67.58,97
2022,32_E10,Q3,631972.59,88.18,93
2022,32_E10,Q4a,724270.95,118.78,63
2022,32_E10,Q4b,767500.0,167.88,8
2022,32_E11,Q1,355197.17,47.93,106
2022,32_E11,Q2,477144.74,69.34,76
2022,32_E11,Q3,641652.84,89.19,110
2022,32_E11,Q4a,750325.9,120.53,63
2022,32_E11,Q4b,1071522.5,178.85,10
2022,32_E15,Q1,331666.67,54.57,3
2022,32_E15,Q2,491956.11,65.33,9
2022,32_E15,Q3,537230.77,89.46,13
2022,32_E15,Q4a,590000.0,103.44,1
2022,32_E15,Q4b,,,0
2022,32_E17,Q1,383991.96,48.25,406
2022,32_E17,Q2,527446.74,69.9,459
2022,32_E17,Q3,655106.9,88.28,326
2022,32_E17,Q4a,784603.26,117.29,150
2022,32_E17,Q4b,1045534.17,173.58,12
2022,32_E4,Q1,293111.98,49.05,108
2022,32_E4,Q2,407828.63,68.61,142
2022,32_E4,Q3,560962.34,90.24,239
2022,32_E4,Q4a,664536.83,120.63,153
2022,32_E4,Q4b,1023771.43,176.03,35
2022,32_E5,Q1,,,0
2022,32_E5,Q2,577666.67,72.33,3
2022,32_E5,Q3,,,0
2022,32_E5,Q4a,,,0
2022,32_E5,Q4b,,,0
2022,32_E7,Q1,471625.0,49.25,4
2022,32_E7,Q2,531265.88,69.5,16
2022,32_E7,Q3,625545.45,87.42,11
2022,32_E7,Q4a,584800.0,112.54,5
2022,32_E7,Q4b,,,0
2022,32_IG8,Q1,312954.55,53.04,11
2022,32_IG8,Q2,381967.33,64.61,6
2022,32_IG8,Q3,652927.27,91.43,22
2022,32_IG8,Q4a,833000.0,131.83,7
2022,32_IG8,Q4b,1020498.75,166.0,4
2022,33_SW11,Q1,509970.24,49.55,346
2022,33_SW11,Q2,691867.98,68.89,370
2022,33_SW11,Q3,922296.21,87.13,353
2022,33_SW11,Q4a,1415654.69,124.96,238
2022,33_SW11,Q4b,2139861.99,190.3,158
2022,33_SW12,Q1,421598.56,42.51,131
2022,33_SW12,Q2,643017.89,68.07,99
2022,33_SW12,Q3,892357.55,89.7,87
2022,33_SW12,Q4a,1294315.56,126.65,80
2022,33_SW12,Q4b,1905307.56,198.73,70
2022,33_SW15,Q1,396599.41,47.07,148
2022,33_SW15,Q2,531578.31,68.16,204
2022,33_SW15,Q3,730216.43,88.5,143
2022,33_SW15,Q4a,1149400.09,123.87,121
2022,33_SW15,Q4b,1967759.96,206.42,106
2022,33_SW16,Q1,354242.52,52.09,33
2022,33_SW16,Q2,460626.47,69.73,34
2022,33_SW16,Q3,696942.94,89.23,35
2022,33_SW16,Q4a,901005.72,126.81,29
2022,33_SW16,Q4b,1177100.0,180.1,10
2022,33_SW17,Q1,426879.58,47.74,271
2022,33_SW17,Q2,572708.76,68.11,265
2022,33_SW17,Q3,733863.98,88.47,186
2022,33_SW17,Q4a,958107.99,120.62,135
2022,33_SW17,Q4b,1745332.55,205.04,71
2022,33_SW18,Q1,441271.4,49.45,298
2022,33_SW18,Q2,562488.4,68.27,313
2022,33_SW18,Q3,806510.84,89.21,233
2022,33_SW18,Q4a,1137936.03,123.85,230
2022,33_SW18,Q4b,1778428.01,190.17,113
2022,33_SW19,Q1,336555.38,46.44,37
2022,33_SW19,Q2,419948.28,67.08,58
2022,33_SW19,Q3,606884.29,87.51,35
2022,33_SW19,Q4a,744375.0,123.58,8
2022,33_SW19,Q4b,1681357.14,198.85,21
2022,33_SW4,Q1,585000.0,48.0,1
2022,33_SW4,Q2,743316.67,63.22,9
2022,33_SW4,Q3,1044601.4,87.66,10
2022,33_SW4,Q4a,1286833.33,117.0,6
2022,33_SW4,Q4b,2993000.0,250.75,5
2022,33_SW8,Q1,464275.1,49.92,21
2022,33_SW8,Q2,683545.79,67.1,38
2022,33_SW8,Q3,1240770.05,87.24,66
2022,33_SW8,Q4a,1216936.36,123.87,11
2022,33_SW8,Q4b,2679628.0,196.0,5
2022,34_NW1,Q1,619420.0,46.73,25
2022,34_NW1,Q2,777250.0,68.2,10
2022,34_NW1,Q3,1105041.42,90.86,24
2022,34_NW1,Q4a,1377821.11,122.07,18
2022,34_NW1,Q4b,3781111.11,225.22,9
2022,34_NW6,Q1,493333.33,45.0,6
2022,34_NW6,Q2,640000.0,70.67,3
2022,34_NW6,Q3,734500.0,86.75,4
2022,34_NW6,Q4a,1243980.0,124.25,4
2022,34_NW6,Q4b,,,0
2022,34_NW8,Q1,620073.41,47.77,110
2022,34_NW8,Q2,978396.53,69.19,62
2022,34_NW8,Q3,1185828.05,87.39,66
2022,34_NW8,Q4a,2162697.68,124.07,53
2022,34_NW8,Q4b,4448451.11,227.69,79
2022,34_SW1A,Q1,,,0
2022,34_SW1A,Q2,,,0
2022,34_SW1A,Q3,1400000.0,103.0,1
2022,34_SW1A,Q4a,,,0
2022,34_SW1A,Q4b,,,0
2022,34_SW1E,Q1,700833.33,46.5,6
2022,34_SW1E,Q2,,,0
2022,34_SW1E,Q3,1100000.0,89.5,2
2022,34_SW1E,Q4a,2312142.86,132.57,7
2022,34_SW1E,Q4b,3400000.0,247.0,1
2022,34_SW1H,Q1,405000.0,39.33,3
2022,34_SW1H,Q2,1073904.0,64.83,6
2022,34_SW1H,Q3,2543804.44,94.78,9
2022,34_SW1H,Q4a,3129111.11,129.33,9
2022,34_SW1H,Q4b,5328000.0,215.8,5
2022,34_SW1P,Q1,690352.86,49.44,57
2022,34_SW1P,Q2,918837.21,67.79,43
2022,34_SW1P,Q3,1377339.8,89.85,49
2022,34_SW1P,Q4a,1958977.09,124.56,45
2022,34_SW1P,Q4b,2678965.42,171.93,19
2022,34_SW1V,Q1,609644.92,45.48,66
2022,34_SW1V,Q2,755065.71,67.84,35
2022,34_SW1V,Q3,1035721.17,87.33,35
2022,34_SW1V,Q4a,1710263.16,124.71,19
2022,34_SW1V,Q4b,2679231.04,212.7,26
2022,34_SW1W,Q1,822909.09,49.29,11
2022,34_SW1W,Q2,1114000.0,73.2,5
2022,34_SW1W,Q3,1623105.25,87.33,12
2022,34_SW1W,Q4a,2426000.0,119.5,13
2022,34_SW1W,Q4b,6207159.2,199.87,25
2022,34_SW1X,Q1,587500.0,52.45,2
2022,34_SW1X,Q2,1125000.0,66.0,1
2022,34_SW1X,Q3,1770000.0,85.0,5
2022,34_SW1X,Q4a,3072100.0,125.6,10
2022,34_SW1X,Q4b,4456388.89,236.07,18
2022,34_SW1Y,Q1,661000.0,39.4,5
2022,34_SW1Y,Q2,1335000.0,70.0,2
2022,34_SW1Y,Q3,,,0
2022,34_SW1Y,Q4a,1670000.0,116.0,1
2022,34_SW1Y,Q4b,,,0
2022,34_SW3,Q1,,,0
2022,34_SW3,Q2,,,0
2022,34_SW3,Q3,,,0
2022,34_SW3,Q4a,,,0
2022,34_SW3,Q4b,,,0
2022,34_SW7,Q1,516666.67,30.67,3
2022,34_SW7,Q2,1221000.0,73.5,2
2022,34_SW7,Q3,1626800.0,83.4,5
2022,34_SW7,Q4a,3488090.91,130.21,11
2022,34_SW7,Q4b,5990643.25,235.47,16
2022,34_W10,Q1,675716.67,56.0,6
2022,34_W10,Q2,780448.72,71.14,18
2022,34_W10,Q3,917130.39,86.17,23
2022,34_W10,Q4a,1000000.0,108.44,3
2022,34_W10,Q4b,1199153.0,161.8,20
2022,34_W11,Q1,871875.0,46.25,4
2022,34_W11,Q2,634000.0,62.75,4
2022,34_W11,Q3,1028333.33,82.17,3
2022,34_W11,Q4a,1795000.0,109.0,1
2022,34_W11,Q4b,5850000.0,238.0,2
2022,34_W1B,Q1,1288333.33,48.34,3
2022,34_W1B,Q2,1200000.0,66.0,1
2022,34_W1B,Q3,,,0
2022,34_W1B,Q4a,3668500.0,127.0,10
2022,34_W1B,Q4b,10734750.0,292.75,12
2022,34_W1D,Q1,560000.0,35.0,1
2022,34_W1D,Q2,,,0
2022,34_W1D,Q3,,,0
2022,34_W1D,Q4a,,,0
2022,34_W1D,Q4b,,,0
2022,34_W1F,Q1,493500.0,45.0,4
2022,34_W1F,Q2,1250000.0,65.0,1
2022,34_W1F,Q3,1250000.0,79.0,1
2022,34_W1F,Q4a,1644166.67,109.33,3
2022,34_W1F,Q4b,5325000.0,273.8,2
2022,34_W1G,Q1,772202.5,49.38,8
2022,34_W1G,Q2,1197988.42,69.78,12
2022,34_W1G,Q3,1465416.67,92.33,6
2022,34_W1G,Q4a,3735025.0,112.18,10
2022,34_W1G,Q4b,5628863.64,226.09,11
2022,34_W1H,Q1,493000.0,39.75,8
2022,34_W1H,Q2,967834.88,69.75,8
2022,34_W1H,Q3,1411461.54,90.03,13
2022,34_W1H,Q4a,2134559.0,125.03,20
2022,34_W1H,Q4b,3754583.33,203.83,12
2022,34_W1J,Q1,846666.67,39.5,6
2022,34_W1J,Q2,985000.0,70.0,1
2022,34_W1J,Q3,1765000.0,94.33,3
2022,34_W1J,Q4a,2873333.33,119.83,6
2022,34_W1J,Q4b,3733333.33,181.67,3
2022,34_W1K,Q1,1210000.0,54.0,6
2022,34_W1K,Q2,,,0
2022,34_W1K,Q3,2668285.71,92.78,7
2022,34_W1K,Q4a,5140000.0,132.8,5
2022,34_W1K,Q4b,14353431.5,270.7,20
2022,34_W1S,Q1,1100000.0,58.0,1
2022,34_W1S,Q2,1270000.0,63.0,1
2022,34_W1S,Q3,,,0
2022,34_W1S,Q4a,2900000.0,126.5,2
2022,34_W1S,Q4b,8140000.0,167.0,1
2022,34_W1T,Q1,583136.57,46.37,7
2022,34_W1T,Q2,1633969.09,68.39,11
2022,34_W1T,Q3,1861280.0,82.2,5
2022,34_W1T,Q4a,2863993.33,114.47,15
2022,34_W1T,Q4b,,,0
2022,34_W1U,Q1,815000.0,44.02,8
2022,34_W1U,Q2,1051181.82,69.83,11
2022,34_W1U,Q3,1374000.0,85.99,6
2022,34_W1U,Q4a,2560750.0,126.86,8
2022,34_W1U,Q4b,5031250.0,215.12,8
2022,34_W1W,Q1,981692.31,42.48,13
2022,34_W1W,Q2,998500.0,70.25,4
2022,34_W1W,Q3,1300250.0,88.54,6
2022,34_W1W,Q4a,2187071.43,126.34,7
2022,34_W1W,Q4b,2575000.0,151.0,1
2022,34_W2,Q1,624618.69,46.96,193
2022,34_W2,Q2,937516.92,69.58,118
2022,34_W2,Q3,1258363.7,90.64,100
2022,34_W2,Q4a,1829995.04,121.33,76
2022,34_W2,Q4b,3981798.3,208.89,54
2022,34_W9,Q1,506400.05,49.41,110
2022,34_W9,Q2,689812.39,67.29,74
2022,34_W9,Q3,982488.4,89.89,96
2022,34_W9,Q4a,1457828.57,125.02,49
2022,34_W9,Q4b,3645000.0,217.74,18
2022,34_WC2A,Q1,,,0
2022,34_WC2A,Q2,,,0
2022,34_WC2A,Q3,2070000.0,82.0,3
2022,34_WC2A,Q4a,2566625.0,114.75,4
2022,34_WC2A,Q4b,5758475.0,195.75,4
2022,34_WC2B,Q1,808333.33,53.33,3
2022,34_WC2B,Q2,1158583.33,69.5,6
2022,34_WC2B,Q3,,,0
2022,34_WC2B,Q4a,,,0
2022,34_WC2B,Q4b,,,0
2022,34_WC2E,Q1,701250.0,49.75,4
2022,34_WC2E,Q2,1210000.0,68.33,3
2022,34_WC2E,Q3,2307000.0,97.0,1
2022,34_WC2E,Q4a,,,0
2022,34_WC2E,Q4b,7112500.0,254.0,2
2022,34_WC2H,Q1,707250.0,42.5,2
2022,34_WC2H,Q2,600000.0,60.0,1
2022,34_WC2H,Q3,,,0
2022,34_WC2H,Q4a,,,0
2022,34_WC2H,Q4b,,,0
2022,34_WC2N,Q1,,,0
2022,34_WC2N,Q2,,,0
2022,34_WC2N,Q3,1500000.0,78.6,1
2022,34_WC2N,Q4a,,,0
2022,34_WC2N,Q4b,,,0
2022,34_WC2R,Q1,,,0
2022,34_WC2R,Q2,1440000.0,67.0,1
2022,34_WC2R,Q3,1725000.0,89.5,2
2022,34_WC2R,Q4a,3500000.0,149.0,1
2022,34_WC2R,Q4b,2380000.0,161.0,1
2022,3_DA1,Q1,250446.81,47.61,47
2022,3_DA1,Q2,330099.11,70.15,47
2022,3_DA1,Q3,427658.94,87.55,33
2022,3_DA1,Q4a,470031.25,112.7,16
2022,3_DA1,Q4b,577666.67,192.33,3
2022,3_DA14,Q1,270395.22,48.6,115
2022,3_DA14,Q2,360951.53,69.37,101
2022,3_DA14,Q3,475617.91,86.33,67
2022,3_DA14,Q4a,670130.23,124.27,43
2022,3_DA14,Q4b,1019928.57,201.79,14
2022,3_DA15,Q1,318916.15,50.28,65
2022,3_DA15,Q2,418799.97,68.55,151
2022,3_DA15,Q3,499126.39,88.46,114
2022,3_DA15,Q4a,667183.01,124.82,103
2022,3_DA15,Q4b,856108.33,174.55,18
2022,3_DA16,Q1,260230.39,51.35,51
2022,3_DA16,Q2,397531.55,69.12,120
2022,3_DA16,Q3,472524.53,89.08,171
2022,3_DA16,Q4a,552896.55,118.62,58
2022,3_DA16,Q4b,790000.0,177.71,7
2022,3_DA17,Q1,265505.0,48.73,50
2022,3_DA17,Q2,317197.08,67.77,71
2022,3_DA17,Q3,395992.44,88.14,79
2022,3_DA17,Q4a,457458.33,115.82,24
2022,3_DA17,Q4b,456000.0,179.0,1
2022,3_DA18,Q1,202500.0,46.66,4
2022,3_DA18,Q2,,,0
2022,3_DA18,Q3,264512.5,89.38,8
2022,3_DA18,Q4a,401875.0,107.6,4
2022,3_DA18,Q4b,,,0
2022,3_DA5,Q1,322252.82,52.9,34
2022,3_DA5,Q2,415292.45,68.04,53
2022,3_DA5,Q3,528890.96,89.82,78
2022,3_DA5,Q4a,660828.12,123.21,64
2022,3_DA5,Q4b,847187.5,181.41,16
2022,3_DA6,Q1,278933.21,50.9,53
2022,3_DA6,Q2,370302.84,69.27,67
2022,3_DA6,Q3,481300.0,90.46,40
2022,3_DA6,Q4a,625034.54,122.8,39
2022,3_DA6,Q4b,886291.67,177.36,12
2022,3_DA7,Q1,283221.93,49.72,69
2022,3_DA7,Q2,404743.01,67.67,108
2022,3_DA7,Q3,488478.38,88.6,176
2022,3_DA7,Q4a,582636.69,119.62,101
2022,3_DA7,Q4b,658071.5,160.34,14
2022,3_DA8,Q1,232561.38,50.11,65
2022,3_DA8,Q2,325778.69,69.02,122
2022,3_DA8,Q3,397178.59,87.7,145
2022,3_DA8,Q4a,495424.05,116.79,79
2022,3_DA8,Q4b,608458.33,164.34,6
2022,3_SE2,Q1,316890.34,52.58,73
2022,3_SE2,Q2,384360.95,70.19,63
2022,3_SE2,Q3,478761.06,89.43,34
2022,3_SE2,Q4a,522958.73,122.36,11
2022,3_SE2,Q4b,,,0
2022,3_SE28,Q1,242860.83,47.68,23
2022,3_SE28,Q2,341454.55,67.08,11
2022,3_SE28,Q3,383881.67,93.4,6
2022,3_SE28,Q4a,418750.0,112.92,4
2022,3_SE28,Q4b,,,0
2022,3_SE9,Q1,272500.0,50.18,2
2022,3_SE9,Q2,462500.0,74.0,3
2022,3_SE9,Q3,588842.33,96.16,12
2022,3_SE9,Q4a,668000.0,117.91,8
2022,3_SE9,Q4b,,,0
2022,4_HA0,Q1,343686.26,47.28,91
2022,4_HA0,Q2,451026.0,71.0,95
2022,4_HA0,Q3,537180.21,89.07,96
2022,4_HA0,Q4a,667056.08,119.03,51
2022,4_HA0,Q4b,783055.56,159.22,9
2022,4_HA1,Q1,,,0
2022,4_HA1,Q2,310000.0,62.0,1
2022,4_HA1,Q3,,,0
2022,4_HA1,Q4a,1200000.0,119.0,1
2022,4_HA1,Q4b,1200000.0,181.0,4
2022,4_HA3,Q1,276100.0,47.56,19
2022,4_HA3,Q2,380750.0,71.0,4
2022,4_HA3,Q3,619766.67,91.31,15
2022,4_HA3,Q4a,793022.73,128.73,22
2022,4_HA3,Q4b,1003933.33,175.05,15
2022,4_HA7,Q1,265000.0,53.0,1
2022,4_HA7,Q2,340000.0,60.0,1
2022,4_HA7,Q3,,,0
2022,4_HA7,Q4a,,,0
2022,4_HA7,Q4b,,,0
2022,4_HA8,Q1,290000.0,47.49,5
2022,4_HA8,Q2,175300.0,68.5,4
2022,4_HA8,Q3,687500.0,99.0,2
2022,4_HA8,Q4a,617857.14,123.54,7
2022,4_HA8,Q4b,,,0
2022,4_HA9,Q1,343101.74,44.4,183
2022,4_HA9,Q2,466689.18,68.81,102
2022,4_HA9,Q3,555355.68,90.71,90
2022,4_HA9,Q4a,691750.0,120.11,38
2022,4_HA9,Q4b,838409.09,187.33,22
2022,4_NW10,Q1,376889.75,50.11,122
2022,4_NW10,Q2,496093.9,70.6,203
2022,4_NW10,Q3,659353.85,91.97,122
2022,4_NW10,Q4a,1022864.16,124.29,147
2022,4_NW10,Q4b,1638858.28,186.55,69
2022,4_NW2,Q1,393906.96,50.08,46
2022,4_NW2,Q2,480234.81,68.21,57
2022,4_NW2,Q3,596869.89,88.94,45
2022,4_NW2,Q4a,829515.55,121.83,40
2022,4_NW2,Q4b,1665545.92,222.26,40
2022,4_NW6,Q1,482254.85,50.48,66
2022,4_NW6,Q2,621721.56,68.9,61
2022,4_NW6,Q3,776110.34,85.75,56
2022,4_NW6,Q4a,1356916.76,127.97,42
2022,4_NW6,Q4b,2473145.92,209.28,39
2022,4_NW9,Q1,326990.0,50.81,30
2022,4_NW9,Q2,415825.58,69.76,43
2022,4_NW9,Q3,572329.48,90.19,67
2022,4_NW9,Q4a,684475.81,120.62,31
2022,4_NW9,Q4b,834045.45,169.83,11
2022,4_W10,Q1,347191.67,42.67,3
2022,4_W10,Q2,576666.67,68.26,3
2022,4_W10,Q3,,,0
2022,4_W10,Q4a,,,0
2022,4_W10,Q4b,,,0
2022,4_W9,Q1,,,0
2022,4_W9,Q2,,,0
2022,4_W9,Q3,,,0
2022,4_W9,Q4a,,,0
2022,4_W9,Q4b,,,0
2022,5_CM12,Q1,,,0
2022,5_CM12,Q2,,,0
2022,5_CM12,Q3,,,0
2022,5_CM12,Q4a,,,0
2022,5_CM12,Q4b,,,0
2022,5_CM13,Q1,288314.64,50.96,70
2022,5_CM13,Q2,383655.53,69.7,131
2022,5_CM13,Q3,513821.16,88.18,125
2022,5_CM13,Q4a,712276.6,119.89,100
2022,5_CM13,Q4b,1116157.63,203.6,59
2022,5_CM14,Q1,269455.42,48.4,148
2022,5_CM14,Q2,372431.86,68.33,139
2022,5_CM14,Q3,475583.4,90.54,81
2022,5_CM14,Q4a,667631.43,122.61,70
2022,5_CM14,Q4b,978775.0,200.03,40
2022,5_CM15,Q1,305183.73,50.34,83
2022,5_CM15,Q2,405788.46,68.01,91
2022,5_CM15,Q3,527109.2,90.22,87
2022,5_CM15,Q4a,729093.72,122.64,117
2022,5_CM15,Q4b,1071511.1,196.56,67
2022,5_CM4,Q1,263142.86,54.58,7
2022,5_CM4,Q2,444750.0,68.2,10
2022,5_CM4,Q3,598653.85,90.6,26
2022,5_CM4,Q4a,739250.0,124.52,30
2022,5_CM4,Q4b,1175142.86,210.73,14
2022,5_RM4,Q1,,,0
2022,5_RM4,Q2,,,0
2022,5_RM4,Q3,,,0
2022,5_RM4,Q4a,,,0
2022,5_RM4,Q4b,,,0
2022,6_BR1,Q1,299677.82,50.44,114
2022,6_BR1,Q2,386799.54,68.83,150
2022,6_BR1,Q3,517931.38,89.47,142
2022,6_BR1,Q4a,706315.97,122.91,119
2022,6_BR1,Q4b,1323232.92,214.14,84
2022,6_BR2,Q1,288740.09,48.78,93
2022,6_BR2,Q2,419821.08,68.83,154
2022,6_BR2,Q3,535843.75,88.71,209
2022,6_BR2,Q4a,739361.71,122.24,175
2022,6_BR2,Q4b,1129043.73,184.37,74
2022,6_BR3,Q1,286391.86,48.39,172
2022,6_BR3,Q2,413220.95,68.56,185
2022,6_BR3,Q3,581303.91,89.51,199
2022,6_BR3,Q4a,772419.85,124.59,205
2022,6_BR3,Q4b,1214586.36,191.05,95
2022,6_BR4,Q1,216860.0,45.81,25
2022,6_BR4,Q2,445360.0,70.52,25
2022,6_BR4,Q3,618016.93,91.62,44
2022,6_BR4,Q4a,754609.92,121.97,111
2022,6_BR4,Q4b,899300.9,171.55,31
2022,6_BR5,Q1,302196.91,49.36,97
2022,6_BR5,Q2,390581.98,68.99,119
2022,6_BR5,Q3,518199.43,88.72,172
2022,6_BR5,Q4a,716174.54,121.39,97
2022,6_BR5,Q4b,1059351.85,189.54,27
2022,6_BR6,Q1,332352.03,49.33,96
2022,6_BR6,Q2,445973.2,69.45,153
2022,6_BR6,Q3,562159.99,90.64,236
2022,6_BR6,Q4a,731136.87,123.35,182
2022,6_BR6,Q4b,1162171.22,192.98,74
2022,6_BR7,Q1,297439.55,49.36,33
2022,6_BR7,Q2,467765.52,68.91,58
2022,6_BR7,Q3,597635.88,89.86,80
2022,6_BR7,Q4a,833920.29,125.89,75
2022,6_BR7,Q4b,1392228.94,216.02,65
2022,6_BR8,Q1,,,0
2022,6_BR8,Q2,,,0
2022,6_BR8,Q3,,,0
2022,6_BR8,Q4a,,,0
2022,6_BR8,Q4b,1000000.0,257.0,1
2022,6_DA14,Q1,,,0
2022,6_DA14,Q2,,,0
2022,6_DA14,Q3,,,0
2022,6_DA14,Q4a,310000.0,109.0,1
2022,6_DA14,Q4b,,,0
2022,6_SE19,Q1,365217.31,50.1,26
2022,6_SE19,Q2,489218.75,69.31,16
2022,6_SE19,Q3,679000.0,92.0,13
2022,6_SE19,Q4a,805000.0,117.74,7
2022,6_SE19,Q4b,1470625.0,227.75,4
2022,6_SE20,Q1,302679.54,47.78,133
2022,6_SE20,Q2,424399.63,67.77,82
2022,6_SE20,Q3,515126.33,88.84,84
2022,6_SE20,Q4a,681066.37,117.38,35
2022,6_SE20,Q4b,890000.0,186.86,7
2022,6_SE26,Q1,343409.57,50.71,69
2022,6_SE26,Q2,433190.68,69.16,59
2022,6_SE26,Q3,528060.0,87.69,25
2022,6_SE26,Q4a,717954.55,119.76,11
2022,6_SE26,Q4b,1207250.0,162.25,8
2022,6_SE9,Q1,235250.0,48.0,11
2022,6_SE9,Q2,380631.28,69.39,40
2022,6_SE9,Q3,413800.0,88.97,24
2022,6_SE9,Q4a,592000.0,115.32,9
2022,6_SE9,Q4b,865000.0,229.0,3
2022,6_TN14,Q1,435000.0,53.83,1
2022,6_TN14,Q2,,,0
2022,6_TN14,Q3,675000.0,89.5,2
2022,6_TN14,Q4a,839875.0,133.44,4
2022,6_TN14,Q4b,1207500.0,197.5,2
2022,6_TN16,Q1,255821.43,52.21,14
2022,6_TN16,Q2,353499.82,66.17,28
2022,6_TN16,Q3,440571.43,90.83,56
2022,6_TN16,Q4a,537383.33,122.44,60
2022,6_TN16,Q4b,727690.38,200.03,26
2022,7_EC1M,Q1,,,0
2022,7_EC1M,Q2,,,0
2022,7_EC1M,Q3,,,0
2022,7_EC1M,Q4a,,,0
2022,7_EC1M,Q4b,,,0
2022,7_EC1N,Q1,424833.33,50.5,6
2022,7_EC1N,Q2,,,0
2022,7_EC1N,Q3,865000.0,92.5,2
2022,7_EC1N,Q4a,810000.0,108.0,1
2022,7_EC1N,Q4b,,,0
2022,7_EC1R,Q1,408333.33,37.0,3
2022,7_EC1R,Q2,,,0
2022,7_EC1R,Q3,,,0
2022,7_EC1R,Q4a,,,0
2022,7_EC1R,Q4b,,,0
2022,7_N19,Q1,453500.0,51.0,10
2022,7_N19,Q2,,,0
2022,7_N19,Q3,821225.0,84.02,5
2022,7_N19,Q4a,941188.0,108.73,1
2022,7_N19,Q4b,,,0
2022,7_N1C,Q1,554998.33,47.33,3
2022,7_N1C,Q2,993400.0,68.2,5
2022,7_N1C,Q3,1186000.0,89.12,8
2022,7_N1C,Q4a,2775000.0,131.5,2
2022,7_N1C,Q4b,6910000.0,258.0,1
2022,7_N6,Q1,467654.0,45.11,9
2022,7_N6,Q2,720000.0,63.36,3
2022,7_N6,Q3,1175714.29,92.4,7
2022,7_N6,Q4a,1467250.0,117.0,4
2022,7_N6,Q4b,3155500.0,188.12,6
2022,7_N7,Q1,456666.67,50.17,6
2022,7_N7,Q2,701524.67,66.0,9
2022,7_N7,Q3,,,0
2022,7_N7,Q4a,,,0
2022,7_N7,Q4b,,,0
2022,7_NW1,Q1,474752.15,45.4,71
2022,7_NW1,Q2,664873.81,67.4,42
2022,7_NW1,Q3,905852.53,86.73,59
2022,7_NW1,Q4a,1471551.32,123.11,38
2022,7_NW1,Q4b,3930348.39,231.48,31
2022,7_NW2,Q1,386277.78,45.48,9
2022,7_NW2,Q2,525100.0,69.15,13
2022,7_NW2,Q3,615444.44,87.34,9
2022,7_NW2,Q4a,898246.0,126.67,5
2022,7_NW2,Q4b,1983750.0,239.0,6
2022,7_NW3,Q1,533734.3,44.71,115
2022,7_NW3,Q2,778767.2,67.23,75
2022,7_NW3,Q3,1124814.81,89.39,98
2022,7_NW3,Q4a,1686610.82,124.63,97
2022,7_NW3,Q4b,3241290.83,217.11,117
2022,7_NW5,Q1,441394.4,45.7,84
2022,7_NW5,Q2,651176.4,67.71,55
2022,7_NW5,Q3,853411.79,89.87,62
2022,7_NW5,Q4a,1394206.12,123.92,41
2022,7_NW5,Q4b,2319200.0,207.63,25
2022,7_NW6,Q1,461853.21,48.54,94
2022,7_NW6,Q2,650619.8,68.73,88
2022,7_NW6,Q3,806503.82,87.1,72
2022,7_NW6,Q4a,1215375.52,121.38,56
2022,7_NW6,Q4b,2267448.28,207.15,29
2022,7_NW8,Q1,405555.56,46.89,9
2022,7_NW8,Q2,687083.33,68.5,6
2022,7_NW8,Q3,800625.0,88.12,8
2022,7_NW8,Q4a,1448921.88,122.06,16
2022,7_NW8,Q4b,4950000.0,252.5,6
2022,7_W1T,Q1,601361.0,42.28,9
2022,7_W1T,Q2,901250.0,67.5,2
2022,7_W1T,Q3,1415000.0,95.75,2
2022,7_W1T,Q4a,,,0
2022,7_W1T,Q4b,3800000.0,205.0,1
2022,7_WC1A,Q1,586666.67,40.83,6
2022,7_WC1A,Q2,,,0
2022,7_WC1A,Q3,1205000.0,88.0,2
2022,7_WC1A,Q4a,1150000.0,111.0,1
2022,7_WC1A,Q4b,,,0
2022,7_WC1B,Q1,,,0
2022,7_WC1B,Q2,802500.0,66.14,2
2022,7_WC1B,Q3,,,0
2022,7_WC1B,Q4a,1993333.33,129.5,6
2022,7_WC1B,Q4b,,,0
2022,7_WC1E,Q1,643125.0,49.24,8
2022,7_WC1E,Q2,695500.0,67.62,5
2022,7_WC1E,Q3,,,0
2022,7_WC1E,Q4a,1417750.0,125.0,4
2022,7_WC1E,Q4b,,,0
2022,7_WC1H,Q1,399613.85,35.02,41
2022,7_WC1H,Q2,677045.45,63.36,11
2022,7_WC1H,Q3,,,0
2022,7_WC1H,Q4a,1937500.5,125.0,2
2022,7_WC1H,Q4b,2525000.0,196.69,1
2022,7_WC1N,Q1,587800.0,46.2,10
2022,7_WC1N,Q2,712611.11,65.25,9
2022,7_WC1N,Q3,964000.0,87.9,5
2022,7_WC1N,Q4a,1603200.0,114.0,5
2022,7_WC1N,Q4b,2875000.0,162.62,1
2022,7_WC1R,Q1,514600.0,42.61,5
2022,7_WC1R,Q2,,,0
2022,7_WC1R,Q3,925000.0,89.5,2
2022,7_WC1R,Q4a,1117500.0,116.5,2
2022,7_WC1R,Q4b,,,0
2022,7_WC1V,Q1,650000.0,46.0,1
2022,7_WC1V,Q2,,,0
2022,7_WC1V,Q3,,,0
2022,7_WC1V,Q4a,,,0
2022,7_WC1V,Q4b,,,0
2022,7_WC1X,Q1,741942.86,51.52,28
2022,7_WC1X,Q2,807500.0,68.0,2
2022,7_WC1X,Q3,1236052.42,86.29,31
2022,7_WC1X,Q4a,1253200.0,117.4,5
2022,7_WC1X,Q4b,1600100.0,154.0,1
2022,7_WC2A,Q1,,,0
2022,7_WC2A,Q2,,,0
2022,7_WC2A,Q3,,,0
2022,7_WC2A,Q4a,,,0
2022,7_WC2A,Q4b,,,0
2022,7_WC2B,Q1,540500.0,46.5,4
2022,7_WC2B,Q2,2256250.0,76.0,1
2022,7_WC2B,Q3,1286250.0,85.75,4
2022,7_WC2B,Q4a,2419166.67,122.67,3
2022,7_WC2B,Q4b,5495000.0,172.0,1
2022,7_WC2H,Q1,738500.0,47.75,4
2022,7_WC2H,Q2,1200000.0,73.0,1
2022,7_WC2H,Q3,,,0
2022,7_WC2H,Q4a,2729250.0,129.5,2
2022,7_WC2H,Q4b,,,0
2022,8_E1,Q1,480000.0,41.5,2
2022,8_E1,Q2,,,0
2022,8_E1,Q3,,,0
2022,8_E1,Q4a,,,0
2022,8_E1,Q4b,,,0
2022,8_EC1A,Q1,499583.33,43.5,6
2022,8_EC1A,Q2,755000.0,66.0,2
2022,8_EC1A,Q3,1394496.08,88.79,12
2022,8_EC1A,Q4a,1940500.0,130.0,3
2022,8_EC1A,Q4b,,,0
2022,8_EC1M,Q1,,,0
2022,8_EC1M,Q2,740000.0,66.0,1
2022,8_EC1M,Q3,,,0
2022,8_EC1M,Q4a,,,0
2022,8_EC1M,Q4b,,,0
2022,8_EC1N,Q1,,,0
2022,8_EC1N,Q2,,,0
2022,8_EC1N,Q3,1475000.0,85.0,1
2022,8_EC1N,Q4a,,,0
2022,8_EC1N,Q4b,,,0
2022,8_EC1Y,Q1,599000.0,49.2,5
2022,8_EC1Y,Q2,738000.0,67.0,2
2022,8_EC1Y,Q3,1145000.0,84.0,1
2022,8_EC1Y,Q4a,1300000.0,109.0,1
2022,8_EC1Y,Q4b,,,0
2022,8_EC2M,Q1,,,0
2022,8_EC2M,Q2,,,0
2022,8_EC2M,Q3,,,0
2022,8_EC2M,Q4a,1230000.0,135.0,1
2022,8_EC2M,Q4b,,,0
2022,8_EC2R,Q1,,,0
2022,8_EC2R,Q2,,,0
2022,8_EC2R,Q3,,,0
2022,8_EC2R,Q4a,,,0
2022,8_EC2R,Q4b,,,0
2022,8_EC2V,Q1,,,0
2022,8_EC2V,Q2,,,0
2022,8_EC2V,Q3,,,0
2022,8_EC2V,Q4a,,,0
2022,8_EC2V,Q4b,,,0
2022,8_EC2Y,Q1,556652.17,41.39,23
2022,8_EC2Y,Q2,809647.06,68.85,17
2022,8_EC2Y,Q3,1114375.0,90.0,4
2022,8_EC2Y,Q4a,1457500.0,114.32,4
2022,8_EC2Y,Q4b,2335000.0,176.0,1
2022,8_EC3A,Q1,525000.0,47.0,1
2022,8_EC3A,Q2,,,0
2022,8_EC3A,Q3,,,0
2022,8_EC3A,Q4a,,,0
2022,8_EC3A,Q4b,,,0
2022,8_EC3N,Q1,542500.0,50.5,2
2022,8_EC3N,Q2,731250.0,67.5,2
2022,8_EC3N,Q3,1035000.0,90.0,1
2022,8_EC3N,Q4a,,,0
2022,8_EC3N,Q4b,,,0
2022,8_EC3R,Q1,610000.0,57.0,1
2022,8_EC3R,Q2,,,0
2022,8_EC3R,Q3,,,0
2022,8_EC3R,Q4a,3145000.0,135.0,2
2022,8_EC3R,Q4b,4680000.0,169.0,1
2022,8_EC3V,Q1,,,0
2022,8_EC3V,Q2,,,0
2022,8_EC3V,Q3,,,0
2022,8_EC3V,Q4a,,,0
2022,8_EC3V,Q4b,,,0
2022,8_EC4A,Q1,517857.14,40.0,7
2022,8_EC4A,Q2,1085000.0,74.0,1
2022,8_EC4A,Q3,,,0
2022,8_EC4A,Q4a,,,0
2022,8_EC4A,Q4b,,,0
2022,8_EC4M,Q1,550000.0,48.0,1
2022,8_EC4M,Q2,870000.0,63.0,1
2022,8_EC4M,Q3,965000.0,90.0,2
2022,8_EC4M,Q4a,,,0
2022,8_EC4M,Q4b,,,0
2022,8_EC4R,Q1,,,0
2022,8_EC4R,Q2,,,0
2022,8_EC4R,Q3,775000.0,103.0,1
2022,8_EC4R,Q4a,,,0
2022,8_EC4R,Q4b,,,0
2022,8_EC4V,Q1,498420.0,49.4,5
2022,8_EC4V,Q2,925000.0,73.0,1
2022,8_EC4V,Q3,,,0
2022,8_EC4V,Q4a,,,0
2022,8_EC4V,Q4b,,,0
2022,8_EC4Y,Q1,,,0
2022,8_EC4Y,Q2,642000.0,71.0,1
2022,8_EC4Y,Q3,885000.0,81.0,1
2022,8_EC4Y,Q4a,,,0
2022,8_EC4Y,Q4b,,,0
2022,8_WC2A,Q1,,,0
2022,8_WC2A,Q2,,,0
2022,8_WC2A,Q3,,,0
2022,8_WC2A,Q4a,,,0
2022,8_WC2A,Q4b,,,0
2022,9_CR0,Q1,251059.58,47.56,350
2022,9_CR0,Q2,354945.97,68.94,404
2022,9_CR0,Q3,431095.83,88.48,464
2022,9_CR0,Q4a,567257.02,120.28,244
2022,9_CR0,Q4b,866031.25,191.22,64
2022,9_CR2,Q1,270704.55,49.28,146
2022,9_CR2,Q2,364021.79,67.62,168
2022,9_CR2,Q3,481980.79,89.65,203
2022,9_CR2,Q4a,666102.97,123.05,160
2022,9_CR2,Q4b,889498.03,183.77,76
2022,9_CR3,Q1,,,0
2022,9_CR3,Q2,,,0
2022,9_CR3,Q3,630166.67,99.06,3
2022,9_CR3,Q4a,594750.0,117.83,6
2022,9_CR3,Q4b,,,0
2022,9_CR4,Q1,,,0
2022,9_CR4,Q2,,,0
2022,9_CR4,Q3,,,0
2022,9_CR4,Q4a,,,0
2022,9_CR4,Q4b,,,0
2022,9_CR5,Q1,294500.0,50.44,29
2022,9_CR5,Q2,410627.87,69.57,69
2022,9_CR5,Q3,546318.82,89.68,137
2022,9_CR5,Q4a,657377.53,122.24,89
2022,9_CR5,Q4b,956167.57,191.96,37
2022,9_CR6,Q1,,,0
2022,9_CR6,Q2,590000.0,70.15,1
2022,9_CR6,Q3,,,0
2022,9_CR6,Q4a,583500.0,112.0,5
2022,9_CR6,Q4b,,,0
2022,9_CR7,Q1,244737.7,47.84,61
2022,9_CR7,Q2,353389.7,69.04,53
2022,9_CR7,Q3,443139.57,90.16,127
2022,9_CR7,Q4a,494308.47,120.19,59
2022,9_CR7,Q4b,668000.0,174.0,5
2022,9_CR8,Q1,292092.86,50.64,70
2022,9_CR8,Q2,359481.3,68.8,131
2022,9_CR8,Q3,487291.61,89.13,166
2022,9_CR8,Q4a,681319.04,122.84,114
2022,9_CR8,Q4b,975995.19,197.53,105
2022,9_SE19,Q1,315302.24,47.89,103
2022,9_SE19,Q2,377526.43,68.05,89
2022,9_SE19,Q3,536054.27,89.07,52
2022,9_SE19,Q4a,711572.94,116.72,31
2022,9_SE19,Q4b,959946.67,183.98,12
2022,9_SE25,Q1,274210.98,47.91,138
2022,9_SE25,Q2,371118.83,68.57,116
2022,9_SE25,Q3,472834.98,88.11,122
2022,9_SE25,Q4a,582351.36,119.93,66
2022,9_SE25,Q4b,756125.0,170.75,8
2022,9_SW16,Q1,314503.33,49.9,15
2022,9_SW16,Q2,333187.5,66.19,16
2022,9_SW16,Q3,496651.45,90.8,44
2022,9_SW16,Q4a,675115.96,124.45,47
2022,9_SW16,Q4b,931187.5,183.56,16
2023,10_HA0,Q1,,,0
2023,10_HA0,Q2,,,0
2023,10_HA0,Q3,,,0
2023,10_HA0,Q4a,182000.0,108.0,1
2023,10_HA0,Q4b,,,0
2023,10_NW10,Q1,285666.67,39.93,12
2023,10_NW10,Q2,516666.67,73.35,3
2023,10_NW10,Q3,547555.44,87.03,9
2023,10_NW10,Q4a,580000.0,110.0,1
2023,10_NW10,Q4b,,,0
2023,10_TW8,Q1,275000.0,42.0,1
2023,10_TW8,Q2,,,0
2023,10_TW8,Q3,,,0
2023,10_TW8,Q4a,,,0
2023,10_TW8,Q4b,,,0
2023,10_UB1,Q1,282892.79,49.79,14
2023,10_UB1,Q2,442854.17,69.36,30
2023,10_UB1,Q3,491719.51,89.99,41
2023,10_UB1,Q4a,556411.76,118.59,17
2023,10_UB1,Q4b,,,0
2023,10_UB2,Q1,274020.62,45.92,24
2023,10_UB2,Q2,375916.67,69.39,18
2023,10_UB2,Q3,449313.79,89.74,29
2023,10_UB2,Q4a,501045.36,116.27,11
2023,10_UB2,Q4b,992187.5,230.12,8
2023,10_UB5,Q1,261886.34,48.91,53
2023,10_UB5,Q2,373219.05,69.47,63
2023,10_UB5,Q3,483856.48,87.71,54
2023,10_UB5,Q4a,538906.25,114.93,16
2023,10_UB5,Q4b,671666.67,170.67,3
2023,10_UB6,Q1,295721.28,50.05,47
2023,10_UB6,Q2,462877.45,69.97,51
2023,10_UB6,Q3,528310.89,87.82,101
2023,10_UB6,Q4a,567134.7,119.51,37
2023,10_UB6,Q4b,767250.0,189.75,4
2023,10_W12,Q1,575000.0,58.0,1
2023,10_W12,Q2,,,0
2023,10_W12,Q3,765500.0,100.5,2
2023,10_W12,Q4a,,,0
2023,10_W12,Q4b,,,0
2023,10_W13,Q1,364501.87,46.39,54
2023,10_W13,Q2,535791.67,66.86,66
2023,10_W13,Q3,791281.55,91.26,84
2023,10_W13,Q4a,937838.63,123.1,92
2023,10_W13,Q4b,1525112.88,195.92,51
2023,10_W3,Q1,383839.31,48.4,160
2023,10_W3,Q2,523843.79,69.2,124
2023,10_W3,Q3,639754.76,88.11,62
2023,10_W3,Q4a,933358.23,123.31,79
2023,10_W3,Q4b,1299178.14,192.33,37
2023,10_W4,Q1,450656.37,46.55,38
2023,10_W4,Q2,642192.0,69.0,25
2023,10_W4,Q3,931677.12,90.51,26
2023,10_W4,Q4a,1267136.89,122.64,62
2023,10_W4,Q4b,2143103.61,199.94,28
2023,10_W5,Q1,417332.3,48.71,126
2023,10_W5,Q2,514811.53,67.32,116
2023,10_W5,Q3,713120.22,89.97,86
2023,10_W5,Q4a,951130.36,123.75,84
2023,10_W5,Q4b,1739940.48,205.67,42
2023,10_W7,Q1,362225.68,50.54,37
2023,10_W7,Q2,484848.15,67.45,54
2023,10_W7,Q3,647420.98,89.44,51
2023,10_W7,Q4a,808645.1,120.16,51
2023,10_W7,Q4b,1077916.67,179.35,6
2023,11_EN1,Q1,268859.01,47.84,71
2023,11_EN1,Q2,400458.25,69.31,60
2023,11_EN1,Q3,512378.02,89.72,130
2023,11_EN1,Q4a,617703.12,120.37,75
2023,11_EN1,Q4b,861875.0,182.1,8
2023,11_EN2,Q1,329632.5,50.34,60
2023,11_EN2,Q2,384732.62,68.29,55
2023,11_EN2,Q3,564480.45,88.96,97
2023,11_EN2,Q4a,722447.96,121.99,52
2023,11_EN2,Q4b,1032916.67,183.58,24
2023,11_EN3,Q1,252843.02,46.55,58
2023,11_EN3,Q2,360233.54,68.92,79
2023,11_EN3,Q3,421232.84,86.9,104
2023,11_EN3,Q4a,508935.0,122.35,30
2023,11_EN3,Q4b,561213.33,174.33,3
2023,11_EN4,Q1,366300.0,53.14,7
2023,11_EN4,Q2,529234.25,71.5,8
2023,11_EN4,Q3,800166.67,90.67,6
2023,11_EN4,Q4a,944486.11,119.92,18
2023,11_EN4,Q4b,1635105.36,220.51,28
2023,11_EN8,Q1,211665.0,47.64,3
2023,11_EN8,Q2,,,0
2023,11_EN8,Q3,402916.67,85.67,6
2023,11_EN8,Q4a,557500.0,118.0,2
2023,11_EN8,Q4b,,,0
2023,11_N11,Q1,364300.0,54.46,5
2023,11_N11,Q2,398666.67,68.33,6
2023,11_N11,Q3,560547.06,89.19,17
2023,11_N11,Q4a,755666.67,125.34,18
2023,11_N11,Q4b,723500.0,165.5,2
2023,11_N13,Q1,303264.85,46.04,33
2023,11_N13,Q2,417010.71,67.24,42
2023,11_N13,Q3,552299.11,91.82,56
2023,11_N13,Q4a,693904.55,121.65,60
2023,11_N13,Q4b,1044444.44,187.9,18
2023,11_N14,Q1,311951.92,48.15,26
2023,11_N14,Q2,449862.07,69.68,29
2023,11_N14,Q3,598141.58,89.09,43
2023,11_N14,Q4a,840258.9,123.74,58
2023,11_N14,Q4b,1114705.74,186.41,34
2023,11_N18,Q1,256500.0,46.5,12
2023,11_N18,Q2,389725.0,71.65,36
2023,11_N18,Q3,425963.54,88.26,48
2023,11_N18,Q4a,495250.0,116.31,16
2023,11_N18,Q4b,,,0
2023,11_N21,Q1,357679.84,50.21,32
2023,11_N21,Q2,422289.06,68.5,32
2023,11_N21,Q3,626901.98,92.4,43
2023,11_N21,Q4a,865663.04,124.42,46
2023,11_N21,Q4b,1318041.67,207.93,36
2023,11_N22,Q1,255000.0,36.0,1
2023,11_N22,Q2,387500.0,72.53,2
2023,11_N22,Q3,,,0
2023,11_N22,Q4a,,,0
2023,11_N22,Q4b,1100018.0,200.0,1
2023,11_N9,Q1,238190.48,44.82,42
2023,11_N9,Q2,376613.64,69.47,44
2023,11_N9,Q3,431177.86,88.32,77
2023,11_N9,Q4a,482749.75,115.78,20
2023,11_N9,Q4b,487465.0,185.0,1
2023,12_BR7,Q1,275000.0,47.0,1
2023,12_BR7,Q2,465000.0,68.0,2
2023,12_BR7,Q3,,,0
2023,12_BR7,Q4a,,,0
2023,12_BR7,Q4b,,,0
2023,12_DA15,Q1,,,0
2023,12_DA15,Q2,,,0
2023,12_DA15,Q3,494000.0,88.8,3
2023,12_DA15,Q4a,650000.0,140.0,1
2023,12_DA15,Q4b,,,0
2023,12_SE10,Q1,370503.56,50.56,81
2023,12_SE10,Q2,518014.07,69.02,129
2023,12_SE10,Q3,662104.99,88.07,114
2023,12_SE10,Q4a,956127.56,119.56,52
2023,12_SE10,Q4b,1620858.82,192.18,17
2023,12_SE12,Q1,375500.0,53.0,4
2023,12_SE12,Q2,400366.67,70.75,15
2023,12_SE12,Q3,427300.0,84.88,15
2023,12_SE12,Q4a,790333.33,117.14,6
2023,12_SE12,Q4b,1076666.67,220.0,3
2023,12_SE13,Q1,367000.0,47.0,1
2023,12_SE13,Q2,525000.0,64.0,1
2023,12_SE13,Q3,490000.0,94.0,1
2023,12_SE13,Q4a,,,0
2023,12_SE13,Q4b,,,0
2023,12_SE18,Q1,306218.82,48.37,114
2023,12_SE18,Q2,380780.73,69.0,193
2023,12_SE18,Q3,476776.54,88.79,171
2023,12_SE18,Q4a,570792.21,117.55,67
2023,12_SE18,Q4b,727889.0,173.64,14
2023,12_SE2,Q1,261500.0,47.08,13
2023,12_SE2,Q2,369555.56,71.24,36
2023,12_SE2,Q3,428669.76,88.41,42
2023,12_SE2,Q4a,542050.0,111.0,10
2023,12_SE2,Q4b,681666.67,195.67,3
2023,12_SE28,Q1,299737.5,52.38,40
2023,12_SE28,Q2,337516.51,68.54,53
2023,12_SE28,Q3,398428.57,85.17,21
2023,12_SE28,Q4a,459722.22,115.22,9
2023,12_SE28,Q4b,,,0
2023,12_SE3,Q1,339963.3,48.56,56
2023,12_SE3,Q2,458367.86,68.63,70
2023,12_SE3,Q3,585880.36,88.95,84
2023,12_SE3,Q4a,895176.8,121.7,41
2023,12_SE3,Q4b,1534394.78,187.2,32
2023,12_SE7,Q1,316852.78,50.42,36
2023,12_SE7,Q2,413600.0,68.79,35
2023,12_SE7,Q3,576037.0,87.17,27
2023,12_SE7,Q4a,688500.0,119.49,28
2023,12_SE7,Q4b,814375.0,168.5,4
2023,12_SE8,Q1,372533.33,49.67,3
2023,12_SE8,Q2,403786.57,65.5,7
2023,12_SE8,Q3,586500.0,82.52,5
2023,12_SE8,Q4a,950000.0,140.7,1
2023,12_SE8,Q4b,,,0
2023,12_SE9,Q1,280418.1,50.49,58
2023,12_SE9,Q2,385198.26,69.24,87
2023,12_SE9,Q3,499393.86,88.92,170
2023,12_SE9,Q4a,628911.8,118.73,97
2023,12_SE9,Q4b,941545.45,171.13,33
2023,13_E1,Q1,,,0
2023,13_E1,Q2,,,0
2023,13_E1,Q3,,,0
2023,13_E1,Q4a,,,0
2023,13_E1,Q4b,,,0
2023,13_E2,Q1,474111.11,50.0,18
2023,13_E2,Q2,579201.92,67.23,26
2023,13_E2,Q3,691329.17,86.8,12
2023,13_E2,Q4a,1106571.43,114.43,7
2023,13_E2,Q4b,,,0
2023,13_E20,Q1,,,0
2023,13_E20,Q2,,,0
2023,13_E20,Q3,,,0
2023,13_E20,Q4a,,,0
2023,13_E20,Q4b,,,0
2023,13_E5,Q1,391546.79,46.93,78
2023,13_E5,Q2,492984.81,67.74,67
2023,13_E5,Q3,719877.85,88.8,53
2023,13_E5,Q4a,1072258.94,118.37,54
2023,13_E5,Q4b,1386985.89,188.2,19
2023,13_E8,Q1,455023.24,48.73,86
2023,13_E8,Q2,552429.49,68.75,78
2023,13_E8,Q3,739454.89,89.97,71
2023,13_E8,Q4a,1133452.52,119.07,40
2023,13_E8,Q4b,1760038.46,175.38,13
2023,13_E9,Q1,404094.23,49.82,52
2023,13_E9,Q2,530510.4,68.16,52
2023,13_E9,Q3,745526.44,87.91,43
2023,13_E9,Q4a,1113733.75,125.22,28
2023,13_E9,Q4b,1876025.0,182.3,10
2023,13_EC1V,Q1,647700.0,44.6,5
2023,13_EC1V,Q2,864333.33,74.0,3
2023,13_EC1V,Q3,750000.0,88.0,1
2023,13_EC1V,Q4a,1350000.0,115.0,4
2023,13_EC1V,Q4b,,,0
2023,13_EC2A,Q1,726428.18,46.36,11
2023,13_EC2A,Q2,1272450.0,70.0,1
2023,13_EC2A,Q3,1352857.0,87.62,13
2023,13_EC2A,Q4a,2133704.29,129.71,7
2023,13_EC2A,Q4b,,,0
2023,13_N1,Q1,430233.33,48.6,84
2023,13_N1,Q2,584079.57,68.94,77
2023,13_N1,Q3,845173.64,86.27,66
2023,13_N1,Q4a,1192925.0,116.75,20
2023,13_N1,Q4b,2458750.0,181.97,8
2023,13_N15,Q1,292500.0,31.0,1
2023,13_N15,Q2,,,0
2023,13_N15,Q3,,,0
2023,13_N15,Q4a,,,0
2023,13_N15,Q4b,,,0
2023,13_N16,Q1,443493.93,47.94,112
2023,13_N16,Q2,556600.62,68.82,77
2023,13_N16,Q3,814211.76,88.05,51
2023,13_N16,Q4a,1195682.85,124.57,60
2023,13_N16,Q4b,1564022.27,181.24,30
2023,13_N4,Q1,413799.73,50.33,60
2023,13_N4,Q2,562938.54,67.81,48
2023,13_N4,Q3,713179.41,84.68,17
2023,13_N4,Q4a,1055785.71,122.13,7
2023,13_N4,Q4b,1496800.0,206.2,5
2023,13_N5,Q1,414777.78,39.16,9
2023,13_N5,Q2,583500.0,67.0,2
2023,13_N5,Q3,880000.0,92.0,1
2023,13_N5,Q4a,1100000.0,137.0,1
2023,13_N5,Q4b,,,0
2023,14_NW10,Q1,360000.0,51.0,1
2023,14_NW10,Q2,,,0
2023,14_NW10,Q3,1052500.0,93.5,2
2023,14_NW10,Q4a,,,0
2023,14_NW10,Q4b,1035000.0,156.5,2
2023,14_SW10,Q1,660281.0,54.5,2
2023,14_SW10,Q2,857500.0,69.0,2
2023,14_SW10,Q3,1363176.0,96.33,3
2023,14_SW10,Q4a,1906943.11,129.11,9
2023,14_SW10,Q4b,3373125.0,187.62,8
2023,14_SW6,Q1,591894.06,47.59,200
2023,14_SW6,Q2,847104.86,69.27,188
2023,14_SW6,Q3,1044591.2,88.96,158
2023,14_SW6,Q4a,1487894.87,126.05,166
2023,14_SW6,Q4b,2462757.55,204.04,149
2023,14_W10,Q1,340000.0,54.0,1
2023,14_W10,Q2,,,0
2023,14_W10,Q3,,,0
2023,14_W10,Q4a,,,0
2023,14_W10,Q4b,,,0
2023,14_W11,Q1,337650.0,48.51,5
2023,14_W11,Q2,475750.0,68.0,4
2023,14_W11,Q3,,,0
2023,14_W11,Q4a,,,0
2023,14_W11,Q4b,,,0
2023,14_W12,Q1,559161.69,48.32,134
2023,14_W12,Q2,749934.26,69.7,61
2023,14_W12,Q3,965455.69,84.82,80
2023,14_W12,Q4a,1325409.2,122.41,50
2023,14_W12,Q4b,1800716.67,197.36,30
2023,14_W14,Q1,462402.19,45.14,84
2023,14_W14,Q2,649508.06,67.14,31
2023,14_W14,Q3,893839.6,89.62,30
2023,14_W14,Q4a,1222166.67,124.5,21
2023,14_W14,Q4b,2202707.73,203.08,26
2023,14_W3,Q1,346857.14,49.31,7
2023,14_W3,Q2,510000.0,70.0,2
2023,14_W3,Q3,700000.0,97.0,1
2023,14_W3,Q4a,730000.0,106.7,2
2023,14_W3,Q4b,,,0
2023,14_W4,Q1,,,0
2023,14_W4,Q2,,,0
2023,14_W4,Q3,,,0
2023,14_W4,Q4a,,,0
2023,14_W4,Q4b,,,0
2023,14_W6,Q1,454052.98,44.61,123
2023,14_W6,Q2,720628.47,69.22,62
2023,14_W6,Q3,1036258.51,88.71,87
2023,14_W6,Q4a,1367907.73,123.41,67
2023,14_W6,Q4b,2234441.33,197.25,36
2023,15_N10,Q1,417477.91,49.92,34
2023,15_N10,Q2,574585.2,68.54,30
2023,15_N10,Q3,728512.46,87.09,24
2023,15_N10,Q4a,1219045.79,127.63,38
2023,15_N10,Q4b,1902666.67,205.64,63
2023,15_N11,Q1,259375.0,43.0,4
2023,15_N11,Q2,401368.75,66.38,8
2023,15_N11,Q3,847444.44,91.33,9
2023,15_N11,Q4a,877018.75,123.46,16
2023,15_N11,Q4b,1250966.67,158.0,3
2023,15_N13,Q1,,,0
2023,15_N13,Q2,,,0
2023,15_N13,Q3,480000.0,85.0,1
2023,15_N13,Q4a,580000.0,113.0,1
2023,15_N13,Q4b,,,0
2023,15_N15,Q1,357081.47,49.15,51
2023,15_N15,Q2,460337.5,69.24,60
2023,15_N15,Q3,633866.07,89.23,56
2023,15_N15,Q4a,785424.85,115.31,33
2023,15_N15,Q4b,897800.0,166.0,5
2023,15_N17,Q1,390616.96,51.48,127
2023,15_N17,Q2,460700.18,69.75,115
2023,15_N17,Q3,554871.95,87.96,100
2023,15_N17,Q4a,646190.45,119.31,42
2023,15_N17,Q4b,743750.0,178.0,4
2023,15_N18,Q1,,,0
2023,15_N18,Q2,389500.0,72.5,2
2023,15_N18,Q3,,,0
2023,15_N18,Q4a,,,0
2023,15_N18,Q4b,,,0
2023,15_N2,Q1,370000.0,51.5,2
2023,15_N2,Q2,585714.29,70.14,7
2023,15_N2,Q3,933333.33,87.33,3
2023,15_N2,Q4a,1358000.0,129.98,4
2023,15_N2,Q4b,2242845.71,201.23,14
2023,15_N22,Q1,376758.15,49.37,47
2023,15_N22,Q2,459141.79,68.45,67
2023,15_N22,Q3,597873.52,88.17,46
2023,15_N22,Q4a,824019.2,120.04,50
2023,15_N22,Q4b,1183843.75,169.69,16
2023,15_N4,Q1,442942.68,49.41,41
2023,15_N4,Q2,501100.93,66.34,27
2023,15_N4,Q3,750721.23,90.52,26
2023,15_N4,Q4a,917600.43,122.32,23
2023,15_N4,Q4b,1437407.41,182.63,27
2023,15_N6,Q1,450261.76,47.43,34
2023,15_N6,Q2,680015.15,69.64,33
2023,15_N6,Q3,788583.33,85.89,30
2023,15_N6,Q4a,1238742.5,120.4,20
2023,15_N6,Q4b,2480119.05,225.16,42
2023,15_N8,Q1,424884.68,47.69,88
2023,15_N8,Q2,579530.54,68.28,111
2023,15_N8,Q3,715193.09,86.79,75
2023,15_N8,Q4a,1042102.33,122.86,79
2023,15_N8,Q4b,1719564.1,190.55,39
2023,16_HA1,Q1,309456.82,44.14,161
2023,16_HA1,Q2,424631.0,67.53,93
2023,16_HA1,Q3,510377.65,88.41,52
2023,16_HA1,Q4a,674337.5,121.09,48
2023,16_HA1,Q4b,1118880.95,196.0,21
2023,16_HA2,Q1,276795.45,49.21,55
2023,16_HA2,Q2,420621.36,69.47,55
2023,16_HA2,Q3,541091.95,90.17,118
2023,16_HA2,Q4a,677530.89,119.61,79
2023,16_HA2,Q4b,757202.94,168.29,17
2023,16_HA3,Q1,280340.0,46.28,25
2023,16_HA3,Q2,418885.23,69.43,44
2023,16_HA3,Q3,518369.03,89.41,71
2023,16_HA3,Q4a,636845.92,120.19,49
2023,16_HA3,Q4b,917442.31,188.89,16
2023,16_HA4,Q1,,,0
2023,16_HA4,Q2,,,0
2023,16_HA4,Q3,,,0
2023,16_HA4,Q4a,,,0
2023,16_HA4,Q4b,,,0
2023,16_HA5,Q1,262803.91,49.91,32
2023,16_HA5,Q2,438649.78,67.84,49
2023,16_HA5,Q3,656333.64,90.96,81
2023,16_HA5,Q4a,914382.18,125.48,87
2023,16_HA5,Q4b,1260795.76,199.26,59
2023,16_HA7,Q1,333088.89,47.74,27
2023,16_HA7,Q2,426866.06,68.93,33
2023,16_HA7,Q3,562480.28,90.37,76
2023,16_HA7,Q4a,724948.98,123.3,49
2023,16_HA7,Q4b,1334901.52,205.89,33
2023,16_HA8,Q1,292518.75,49.11,16
2023,16_HA8,Q2,399221.52,67.92,23
2023,16_HA8,Q3,530867.65,89.7,34
2023,16_HA8,Q4a,667335.32,118.92,31
2023,16_HA8,Q4b,1448062.5,225.5,8
2023,16_NW9,Q1,,,0
2023,16_NW9,Q2,,,0
2023,16_NW9,Q3,,,0
2023,16_NW9,Q4a,,,0
2023,16_NW9,Q4b,,,0
2023,16_UB5,Q1,,,0
2023,16_UB5,Q2,501666.67,73.33,3
2023,16_UB5,Q3,560000.0,77.62,1
2023,16_UB5,Q4a,610000.0,122.0,2
2023,16_UB5,Q4b,,,0
2023,16_WD23,Q1,,,0
2023,16_WD23,Q2,,,0
2023,16_WD23,Q3,,,0
2023,16_WD23,Q4a,,,0
2023,16_WD23,Q4b,,,0
2023,17_RM1,Q1,216186.92,45.68,65
2023,17_RM1,Q2,342038.6,69.43,57
2023,17_RM1,Q3,478313.95,89.76,76
2023,17_RM1,Q4a,581558.41,119.01,58
2023,17_RM1,Q4b,821666.67,175.56,9
2023,17_RM11,Q1,272771.74,48.21,46
2023,17_RM11,Q2,380541.47,68.48,64
2023,17_RM11,Q3,502669.47,89.47,113
2023,17_RM11,Q4a,648669.44,123.53,90
2023,17_RM11,Q4b,1219407.92,217.16,38
2023,17_RM12,Q1,282135.61,48.67,49
2023,17_RM12,Q2,395373.38,69.72,108
2023,17_RM12,Q3,463891.09,88.45,133
2023,17_RM12,Q4a,559897.4,118.98,77
2023,17_RM12,Q4b,722285.86,170.13,7
2023,17_RM13,Q1,263507.69,48.91,26
2023,17_RM13,Q2,334824.49,67.09,108
2023,17_RM13,Q3,422509.16,88.39,131
2023,17_RM13,Q4a,500855.23,120.18,52
2023,17_RM13,Q4b,632750.0,184.0,4
2023,17_RM14,Q1,314257.0,51.65,26
2023,17_RM14,Q2,416211.33,68.96,60
2023,17_RM14,Q3,533276.65,89.43,88
2023,17_RM14,Q4a,704236.65,122.61,88
2023,17_RM14,Q4b,1165740.0,198.42,25
2023,17_RM2,Q1,255617.19,49.77,32
2023,17_RM2,Q2,363001.67,67.6,36
2023,17_RM2,Q3,513917.35,91.85,49
2023,17_RM2,Q4a,630585.0,120.18,40
2023,17_RM2,Q4b,981500.0,185.93,18
2023,17_RM3,Q1,249730.26,47.46,76
2023,17_RM3,Q2,358805.28,69.09,118
2023,17_RM3,Q3,424956.21,87.79,153
2023,17_RM3,Q4a,530268.75,119.28,48
2023,17_RM3,Q4b,677428.57,167.14,7
2023,17_RM4,Q1,132000.0,25.0,1
2023,17_RM4,Q2,330000.0,69.0,1
2023,17_RM4,Q3,568000.0,89.9,2
2023,17_RM4,Q4a,653666.67,140.0,3
2023,17_RM4,Q4b,774333.33,208.0,3
2023,17_RM5,Q1,297714.29,50.64,14
2023,17_RM5,Q2,370025.0,69.45,40
2023,17_RM5,Q3,434595.88,86.7,85
2023,17_RM5,Q4a,528267.86,122.44,28
2023,17_RM5,Q4b,543400.0,220.6,5
2023,17_RM7,Q1,237732.95,48.55,44
2023,17_RM7,Q2,351764.15,69.1,53
2023,17_RM7,Q3,435178.89,88.18,90
2023,17_RM7,Q4a,513090.91,116.03,33
2023,17_RM7,Q4b,651333.33,181.0,3
2023,18_HA4,Q1,321691.22,50.15,74
2023,18_HA4,Q2,454670.22,68.69,169
2023,18_HA4,Q3,593935.92,89.56,156
2023,18_HA4,Q4a,753068.76,122.67,123
2023,18_HA4,Q4b,1001250.0,187.41,22
2023,18_HA5,Q1,406333.33,55.47,15
2023,18_HA5,Q2,487846.35,69.16,26
2023,18_HA5,Q3,684222.09,89.83,34
2023,18_HA5,Q4a,737125.0,116.46,24
2023,18_HA5,Q4b,1091558.82,184.93,17
2023,18_HA6,Q1,253218.75,45.75,16
2023,18_HA6,Q2,484622.5,69.55,20
2023,18_HA6,Q3,592502.96,90.38,49
2023,18_HA6,Q4a,830948.28,123.47,29
2023,18_HA6,Q4b,1374097.56,199.92,41
2023,18_TW19,Q1,,,0
2023,18_TW19,Q2,,,0
2023,18_TW19,Q3,,,0
2023,18_TW19,Q4a,,,0
2023,18_TW19,Q4b,,,0
2023,18_UB10,Q1,298525.0,50.65,40
2023,18_UB10,Q2,421062.95,68.77,83
2023,18_UB10,Q3,571586.41,87.47,92
2023,18_UB10,Q4a,800575.0,122.03,80
2023,18_UB10,Q4b,1167307.69,210.0,13
2023,18_UB3,Q1,305089.68,47.98,156
2023,18_UB3,Q2,403464.6,69.35,137
2023,18_UB3,Q3,489317.48,87.84,103
2023,18_UB3,Q4a,536295.24,112.08,21
2023,18_UB3,Q4b,,,0
2023,18_UB4,Q1,278427.0,47.71,50
2023,18_UB4,Q2,406649.04,68.27,51
2023,18_UB4,Q3,502736.06,86.25,63
2023,18_UB4,Q4a,601175.0,117.05,20
2023,18_UB4,Q4b,654000.0,168.33,3
2023,18_UB5,Q1,244388.89,40.36,9
2023,18_UB5,Q2,,,0
2023,18_UB5,Q3,,,0
2023,18_UB5,Q4a,,,0
2023,18_UB5,Q4b,,,0
2023,18_UB7,Q1,244970.59,42.85,51
2023,18_UB7,Q2,348754.69,68.21,64
2023,18_UB7,Q3,449619.0,87.04,70
2023,18_UB7,Q4a,600868.7,120.48,23
2023,18_UB7,Q4b,785000.0,212.0,1
2023,18_UB8,Q1,259875.0,45.15,80
2023,18_UB8,Q2,388375.36,66.72,69
2023,18_UB8,Q3,506305.14,90.1,84
2023,18_UB8,Q4a,635050.0,123.17,39
2023,18_UB8,Q4b,865714.29,187.86,7
2023,18_UB9,Q1,284750.0,48.71,10
2023,18_UB9,Q2,397210.53,67.8,19
2023,18_UB9,Q3,523521.43,91.0,21
2023,18_UB9,Q4a,646666.67,122.11,9
2023,18_UB9,Q4b,977833.33,186.5,6
2023,18_WD3,Q1,,,0
2023,18_WD3,Q2,330000.0,74.0,1
2023,18_WD3,Q3,,,0
2023,18_WD3,Q4a,,,0
2023,18_WD3,Q4b,,,0
2023,19_TW1,Q1,342363.64,52.06,11
2023,19_TW1,Q2,,,0
2023,19_TW1,Q3,,,0
2023,19_TW1,Q4a,,,0
2023,19_TW1,Q4b,,,0
2023,19_TW13,Q1,274745.63,49.55,71
2023,19_TW13,Q2,388483.86,69.48,125
2023,19_TW13,Q3,456521.29,88.42,66
2023,19_TW13,Q4a,549913.89,120.96,18
2023,19_TW13,Q4b,646666.67,168.67,3
2023,19_TW14,Q1,306725.82,51.48,28
2023,19_TW14,Q2,398206.94,67.91,36
2023,19_TW14,Q3,462978.12,89.13,48
2023,19_TW14,Q4a,503431.82,117.58,22
2023,19_TW14,Q4b,605500.0,156.5,2
2023,19_TW15,Q1,,,0
2023,19_TW15,Q2,428500.0,69.0,2
2023,19_TW15,Q3,,,0
2023,19_TW15,Q4a,,,0
2023,19_TW15,Q4b,,,0
2023,19_TW3,Q1,311547.87,50.55,70
2023,19_TW3,Q2,380139.88,68.52,42
2023,19_TW3,Q3,500837.2,88.55,45
2023,19_TW3,Q4a,601530.3,119.45,33
2023,19_TW3,Q4b,577333.33,161.33,3
2023,19_TW4,Q1,277555.56,53.13,9
2023,19_TW4,Q2,385166.67,69.6,15
2023,19_TW4,Q3,505578.92,89.27,37
2023,19_TW4,Q4a,588230.77,124.67,13
2023,19_TW4,Q4b,590000.0,151.0,1
2023,19_TW5,Q1,259000.0,54.44,9
2023,19_TW5,Q2,416472.22,68.34,18
2023,19_TW5,Q3,493013.16,90.67,38
2023,19_TW5,Q4a,630100.0,121.47,25
2023,19_TW5,Q4b,865841.0,178.48,11
2023,19_TW7,Q1,304449.15,50.88,61
2023,19_TW7,Q2,414238.84,67.15,88
2023,19_TW7,Q3,623921.97,89.85,79
2023,19_TW7,Q4a,728701.79,122.38,56
2023,19_TW7,Q4b,1038464.31,195.54,13
2023,19_TW8,Q1,367960.38,49.29,65
2023,19_TW8,Q2,509987.5,70.47,48
2023,19_TW8,Q3,628579.37,88.41,86
2023,19_TW8,Q4a,747144.21,116.94,24
2023,19_TW8,Q4b,1294000.0,174.8,5
2023,19_UB2,Q1,197500.0,49.39,2
2023,19_UB2,Q2,387500.0,75.0,2
2023,19_UB2,Q3,535000.0,86.0,6
2023,19_UB2,Q4a,652500.0,119.5,2
2023,19_UB2,Q4b,800000.0,161.0,1
2023,19_W3,Q1,,,0
2023,19_W3,Q2,,,0
2023,19_W3,Q3,570000.0,85.0,2
2023,19_W3,Q4a,818400.0,121.4,5
2023,19_W3,Q4b,,,0
2023,19_W4,Q1,423273.01,47.61,76
2023,19_W4,Q2,554593.18,68.37,39
2023,19_W4,Q3,850334.37,90.07,51
2023,19_W4,Q4a,1241572.71,125.06,73
2023,19_W4,Q4b,2196000.9,210.79,77
2023,19_W5,Q1,235500.0,52.0,2
2023,19_W5,Q2,,,0
2023,19_W5,Q3,1017500.0,97.94,1
2023,19_W5,Q4a,898333.33,115.67,6
2023,19_W5,Q4b,1135000.0,175.0,1
2023,19_W6,Q1,462000.0,48.18,2
2023,19_W6,Q2,,,0
2023,19_W6,Q3,677000.0,84.0,3
2023,19_W6,Q4a,,,0
2023,19_W6,Q4b,2676500.0,176.0,2
2023,1_IG11,Q1,246832.72,50.23,68
2023,1_IG11,Q2,352152.21,69.75,104
2023,1_IG11,Q3,413350.74,88.04,95
2023,1_IG11,Q4a,517008.89,117.75,55
2023,1_IG11,Q4b,606916.15,188.23,13
2023,1_RM10,Q1,250208.57,49.77,35
2023,1_RM10,Q2,345598.77,68.77,81
2023,1_RM10,Q3,396549.45,86.91,91
2023,1_RM10,Q4a,462058.82,118.39,17
2023,1_RM10,Q4b,540000.0,151.0,1
2023,1_RM5,Q1,300000.0,52.0,1
2023,1_RM5,Q2,,,0
2023,1_RM5,Q3,,,0
2023,1_RM5,Q4a,,,0
2023,1_RM5,Q4b,,,0
2023,1_RM6,Q1,287450.0,51.42,10
2023,1_RM6,Q2,368444.44,68.14,18
2023,1_RM6,Q3,418382.98,87.13,47
2023,1_RM6,Q4a,449500.0,114.86,17
2023,1_RM6,Q4b,485000.0,155.0,1
2023,1_RM7,Q1,284428.57,52.77,7
2023,1_RM7,Q2,359444.44,69.42,9
2023,1_RM7,Q3,437895.83,90.12,24
2023,1_RM7,Q4a,557187.5,123.5,8
2023,1_RM7,Q4b,,,0
2023,1_RM8,Q1,201068.18,46.65,22
2023,1_RM8,Q2,352685.03,69.06,89
2023,1_RM8,Q3,397534.62,86.06,65
2023,1_RM8,Q4a,404102.94,116.55,17
2023,1_RM8,Q4b,500000.0,178.0,2
2023,1_RM9,Q1,255010.5,50.98,32
2023,1_RM9,Q2,355770.75,67.16,106
2023,1_RM9,Q3,412637.04,87.52,54
2023,1_RM9,Q4a,515750.0,122.4,8
2023,1_RM9,Q4b,,,0
2023,20_EC1A,Q1,,,0
2023,20_EC1A,Q2,,,0
2023,20_EC1A,Q3,,,0
2023,20_EC1A,Q4a,,,0
2023,20_EC1A,Q4b,,,0
2023,20_EC1M,Q1,394285.71,32.76,7
2023,20_EC1M,Q2,615000.0,66.0,2
2023,20_EC1M,Q3,948750.0,88.03,4
2023,20_EC1M,Q4a,1105000.0,104.0,1
2023,20_EC1M,Q4b,1350001.0,159.11,1
2023,20_EC1R,Q1,585375.0,49.06,4
2023,20_EC1R,Q2,777457.8,66.82,5
2023,20_EC1R,Q3,1118214.29,91.81,7
2023,20_EC1R,Q4a,1521928.57,127.29,7
2023,20_EC1R,Q4b,4800000.0,227.0,1
2023,20_EC1V,Q1,550922.96,49.07,53
2023,20_EC1V,Q2,804069.0,67.77,67
2023,20_EC1V,Q3,971525.69,85.56,36
2023,20_EC1V,Q4a,1325333.33,121.86,12
2023,20_EC1V,Q4b,1975000.0,166.25,4
2023,20_EC1Y,Q1,527500.0,58.0,1
2023,20_EC1Y,Q2,651075.0,69.17,6
2023,20_EC1Y,Q3,735000.0,81.27,2
2023,20_EC1Y,Q4a,,,0
2023,20_EC1Y,Q4b,,,0
2023,20_EC2A,Q1,248000.0,50.0,1
2023,20_EC2A,Q2,768333.33,65.33,3
2023,20_EC2A,Q3,1334000.0,97.0,1
2023,20_EC2A,Q4a,1500000.0,136.0,1
2023,20_EC2A,Q4b,,,0
2023,20_N1,Q1,498981.72,46.2,138
2023,20_N1,Q2,665855.98,69.01,92
2023,20_N1,Q3,919597.53,88.13,104
2023,20_N1,Q4a,1547390.21,124.32,86
2023,20_N1,Q4b,2723258.54,201.6,41
2023,20_N16,Q1,416800.0,48.29,5
2023,20_N16,Q2,,,0
2023,20_N16,Q3,837666.67,93.0,3
2023,20_N16,Q4a,1152750.0,116.0,2
2023,20_N16,Q4b,2075000.0,292.0,1
2023,20_N19,Q1,442463.33,47.81,70
2023,20_N19,Q2,555955.26,67.98,38
2023,20_N19,Q3,732857.14,88.42,35
2023,20_N19,Q4a,1100936.88,125.71,48
2023,20_N19,Q4b,1755829.19,200.2,27
2023,20_N4,Q1,439707.38,48.02,42
2023,20_N4,Q2,601646.32,67.32,19
2023,20_N4,Q3,760656.06,89.09,33
2023,20_N4,Q4a,1130598.0,124.1,25
2023,20_N4,Q4b,1344000.0,167.33,6
2023,20_N5,Q1,449225.0,45.42,52
2023,20_N5,Q2,607976.46,68.76,52
2023,20_N5,Q3,913895.2,89.22,44
2023,20_N5,Q4a,1330523.19,124.73,31
2023,20_N5,Q4b,2394743.49,201.47,45
2023,20_N6,Q1,315500.0,31.5,1
2023,20_N6,Q2,545000.0,64.33,3
2023,20_N6,Q3,599250.0,100.69,1
2023,20_N6,Q4a,,,0
2023,20_N6,Q4b,,,0
2023,20_N7,Q1,414273.97,47.5,107
2023,20_N7,Q2,545172.24,68.15,83
2023,20_N7,Q3,643819.4,86.63,62
2023,20_N7,Q4a,1141626.24,116.25,25
2023,20_N7,Q4b,1666004.76,187.24,21
2023,20_N8,Q1,,,0
2023,20_N8,Q2,489225.0,65.0,2
2023,20_N8,Q3,,,0
2023,20_N8,Q4a,,,0
2023,20_N8,Q4b,2150000.0,230.0,1
2023,20_NW5,Q1,,,0
2023,20_NW5,Q2,,,0
2023,20_NW5,Q3,,,0
2023,20_NW5,Q4a,,,0
2023,20_NW5,Q4b,,,0
2023,20_WC1X,Q1,488857.14,46.95,7
2023,20_WC1X,Q2,749428.57,66.74,7
2023,20_WC1X,Q3,1116666.67,90.87,3
2023,20_WC1X,Q4a,1717500.0,136.5,2
2023,20_WC1X,Q4b,1813333.33,177.67,3
2023,21_SW10,Q1,626188.03,47.65,39
2023,21_SW10,Q2,888449.7,68.7,33
2023,21_SW10,Q3,1072546.43,90.37,28
2023,21_SW10,Q4a,1806921.03,123.01,29
2023,21_SW10,Q4b,3977952.0,220.28,25
2023,21_SW1W,Q1,831000.0,43.0,1
2023,21_SW1W,Q2,985000.0,64.5,2
2023,21_SW1W,Q3,1430625.0,84.31,6
2023,21_SW1W,Q4a,,,0
2023,21_SW1W,Q4b,1250000.0,158.0,1
2023,21_SW1X,Q1,726250.0,41.5,4
2023,21_SW1X,Q2,1112500.0,66.5,4
2023,21_SW1X,Q3,2082142.86,89.22,7
2023,21_SW1X,Q4a,2720312.5,120.16,16
2023,21_SW1X,Q4b,6303437.5,205.38,8
2023,21_SW3,Q1,678006.43,43.15,70
2023,21_SW3,Q2,1187500.0,68.65,22
2023,21_SW3,Q3,1562199.25,90.18,55
2023,21_SW3,Q4a,2593619.78,128.06,32
2023,21_SW3,Q4b,5689284.85,223.95,66
2023,21_SW5,Q1,522846.15,45.57,39
2023,21_SW5,Q2,830771.43,67.93,35
2023,21_SW5,Q3,1144916.34,87.22,32
2023,21_SW5,Q4a,1777438.75,123.7,20
2023,21_SW5,Q4b,3375822.06,214.81,16
2023,21_SW7,Q1,832236.84,46.67,19
2023,21_SW7,Q2,1118544.23,68.55,39
2023,21_SW7,Q3,1258001.52,88.85,33
2023,21_SW7,Q4a,2313583.9,124.27,41
2023,21_SW7,Q4b,3979356.97,207.6,36
2023,21_W10,Q1,515742.74,48.86,23
2023,21_W10,Q2,699590.91,70.8,22
2023,21_W10,Q3,1102500.0,88.73,11
2023,21_W10,Q4a,1633818.18,125.09,11
2023,21_W10,Q4b,2950454.55,193.44,11
2023,21_W11,Q1,668321.21,46.08,34
2023,21_W11,Q2,1019772.91,68.24,34
2023,21_W11,Q3,1382384.26,92.34,27
2023,21_W11,Q4a,2304066.67,125.17,30
2023,21_W11,Q4b,5988444.44,229.34,36
2023,21_W14,Q1,614950.0,50.7,10
2023,21_W14,Q2,689642.86,71.26,14
2023,21_W14,Q3,1339857.14,90.14,14
2023,21_W14,Q4a,1691000.0,119.2,10
2023,21_W14,Q4b,3384105.26,201.77,19
2023,21_W2,Q1,606833.33,43.1,9
2023,21_W2,Q2,888000.0,66.0,6
2023,21_W2,Q3,1085000.0,83.0,1
2023,21_W2,Q4a,2789000.0,127.6,5
2023,21_W2,Q4b,4888333.33,224.33,3
2023,21_W8,Q1,683785.71,45.62,35
2023,21_W8,Q2,991666.67,66.45,27
2023,21_W8,Q3,1638696.97,89.38,33
2023,21_W8,Q4a,2280710.8,124.57,41
2023,21_W8,Q4b,5027872.43,229.37,65
2023,22_KT1,Q1,389951.38,50.29,58
2023,22_KT1,Q2,545537.12,69.66,49
2023,22_KT1,Q3,757783.3,88.28,107
2023,22_KT1,Q4a,960653.95,120.1,38
2023,22_KT1,Q4b,1215000.0,164.43,7
2023,22_KT19,Q1,,,0
2023,22_KT19,Q2,,,0
2023,22_KT19,Q3,,,0
2023,22_KT19,Q4a,,,0
2023,22_KT19,Q4b,,,0
2023,22_KT2,Q1,346864.94,48.63,67
2023,22_KT2,Q2,557306.56,69.16,61
2023,22_KT2,Q3,796986.3,90.21,70
2023,22_KT2,Q4a,1025198.05,124.27,77
2023,22_KT2,Q4b,1789048.08,216.32,52
2023,22_KT22,Q1,,,0
2023,22_KT22,Q2,,,0
2023,22_KT22,Q3,,,0
2023,22_KT22,Q4a,,,0
2023,22_KT22,Q4b,,,0
2023,22_KT3,Q1,285196.97,45.15,33
2023,22_KT3,Q2,480794.09,68.12,55
2023,22_KT3,Q3,634978.33,89.52,90
2023,22_KT3,Q4a,883706.99,126.09,73
2023,22_KT3,Q4b,1458777.78,204.65,36
2023,22_KT4,Q1,238995.0,40.6,10
2023,22_KT4,Q2,455571.43,68.66,14
2023,22_KT4,Q3,630250.0,94.28,15
2023,22_KT4,Q4a,786599.17,127.73,18
2023,22_KT4,Q4b,950000.0,181.0,5
2023,22_KT5,Q1,329895.59,49.77,34
2023,22_KT5,Q2,448294.2,68.3,56
2023,22_KT5,Q3,659852.72,90.74,46
2023,22_KT5,Q4a,870535.0,125.14,50
2023,22_KT5,Q4b,967692.31,171.34,13
2023,22_KT6,Q1,328555.68,48.99,72
2023,22_KT6,Q2,420379.97,68.65,113
2023,22_KT6,Q3,600362.37,88.35,93
2023,22_KT6,Q4a,808881.4,119.09,43
2023,22_KT6,Q4b,1634213.79,233.63,29
2023,22_KT9,Q1,301097.5,49.12,40
2023,22_KT9,Q2,428870.39,70.02,76
2023,22_KT9,Q3,497305.46,85.92,65
2023,22_KT9,Q4a,575189.66,116.88,29
2023,22_KT9,Q4b,811250.0,166.75,4
2023,22_SW15,Q1,341500.0,54.0,2
2023,22_SW15,Q2,445166.67,71.33,6
2023,22_SW15,Q3,802500.0,89.67,3
2023,22_SW15,Q4a,801428.57,124.51,7
2023,22_SW15,Q4b,2131126.86,244.0,7
2023,22_SW20,Q1,,,0
2023,22_SW20,Q2,515000.0,69.56,1
2023,22_SW20,Q3,646000.0,91.0,1
2023,22_SW20,Q4a,,,0
2023,22_SW20,Q4b,1425000.0,220.0,1
2023,22_TW10,Q1,,,0
2023,22_TW10,Q2,,,0
2023,22_TW10,Q3,,,0
2023,22_TW10,Q4a,,,0
2023,22_TW10,Q4b,1675000.0,209.0,1
2023,23_SE1,Q1,497291.67,46.59,24
2023,23_SE1,Q2,771058.82,67.76,17
2023,23_SE1,Q3,936789.47,89.64,19
2023,23_SE1,Q4a,1459272.73,118.36,11
2023,23_SE1,Q4b,2142500.0,176.56,3
2023,23_SE11,Q1,442745.36,47.59,74
2023,23_SE11,Q2,583188.58,68.8,43
2023,23_SE11,Q3,673040.0,86.15,30
2023,23_SE11,Q4a,1165579.05,125.01,20
2023,23_SE11,Q4b,1473333.33,173.33,3
2023,23_SE19,Q1,358502.14,47.93,21
2023,23_SE19,Q2,521846.67,70.03,15
2023,23_SE19,Q3,590350.12,87.02,16
2023,23_SE19,Q4a,546000.0,106.0,1
2023,23_SE19,Q4b,1433126.0,253.0,1
2023,23_SE21,Q1,309071.43,44.93,14
2023,23_SE21,Q2,507050.0,67.13,10
2023,23_SE21,Q3,662625.0,85.89,13
2023,23_SE21,Q4a,989552.78,124.58,18
2023,23_SE21,Q4b,1651312.5,204.91,8
2023,23_SE24,Q1,443793.24,49.65,29
2023,23_SE24,Q2,546100.04,66.93,26
2023,23_SE24,Q3,656410.71,87.84,14
2023,23_SE24,Q4a,1021966.6,121.07,15
2023,23_SE24,Q4b,1580259.05,191.64,22
2023,23_SE27,Q1,345961.54,48.79,52
2023,23_SE27,Q2,483016.77,68.73,31
2023,23_SE27,Q3,659413.04,88.77,46
2023,23_SE27,Q4a,826082.05,121.97,39
2023,23_SE27,Q4b,1209815.79,178.74,19
2023,23_SE5,Q1,359515.0,51.15,20
2023,23_SE5,Q2,495291.18,69.69,17
2023,23_SE5,Q3,623802.78,90.51,18
2023,23_SE5,Q4a,847714.29,124.47,7
2023,23_SE5,Q4b,1300583.33,194.73,6
2023,23_SW12,Q1,467843.75,47.29,16
2023,23_SW12,Q2,624750.0,67.07,28
2023,23_SW12,Q3,764335.94,88.74,32
2023,23_SW12,Q4a,1226974.07,125.35,27
2023,23_SW12,Q4b,1519750.0,185.82,12
2023,23_SW16,Q1,353481.28,49.92,121
2023,23_SW16,Q2,439946.55,67.74,121
2023,23_SW16,Q3,557388.51,88.03,106
2023,23_SW16,Q4a,774235.17,123.7,65
2023,23_SW16,Q4b,1379523.15,202.9,33
2023,23_SW2,Q1,385985.48,48.27,156
2023,23_SW2,Q2,517284.51,67.99,140
2023,23_SW2,Q3,648671.86,87.6,104
2023,23_SW2,Q4a,917164.38,125.04,69
2023,23_SW2,Q4b,1235513.24,176.94,34
2023,23_SW4,Q1,445379.12,47.98,74
2023,23_SW4,Q2,579184.45,67.45,99
2023,23_SW4,Q3,730385.58,87.72,85
2023,23_SW4,Q4a,1127808.82,127.08,34
2023,23_SW4,Q4b,2167501.2,207.29,49
2023,23_SW8,Q1,448604.22,48.69,65
2023,23_SW8,Q2,525398.23,67.51,65
2023,23_SW8,Q3,829159.82,88.76,40
2023,23_SW8,Q4a,1329580.0,123.0,15
2023,23_SW8,Q4b,1850468.84,190.44,19
2023,23_SW9,Q1,394296.94,48.47,111
2023,23_SW9,Q2,515853.26,70.1,96
2023,23_SW9,Q3,658112.05,88.4,58
2023,23_SW9,Q4a,907988.85,122.03,26
2023,23_SW9,Q4b,1442509.09,175.82,11
2023,24_BR1,Q1,293038.46,52.6,13
2023,24_BR1,Q2,382525.74,68.9,68
2023,24_BR1,Q3,447113.57,86.31,35
2023,24_BR1,Q4a,495833.33,115.83,6
2023,24_BR1,Q4b,892487.5,172.25,4
2023,24_BR3,Q1,,,0
2023,24_BR3,Q2,,,0
2023,24_BR3,Q3,295000.0,87.0,1
2023,24_BR3,Q4a,,,0
2023,24_BR3,Q4b,,,0
2023,24_SE10,Q1,411817.59,54.94,54
2023,24_SE10,Q2,518362.5,73.31,18
2023,24_SE10,Q3,530674.12,81.35,17
2023,24_SE10,Q4a,712500.0,121.0,3
2023,24_SE10,Q4b,,,0
2023,24_SE12,Q1,286213.48,51.38,42
2023,24_SE12,Q2,393962.96,69.46,27
2023,24_SE12,Q3,542481.65,89.09,60
2023,24_SE12,Q4a,745454.55,121.73,33
2023,24_SE12,Q4b,1329214.29,208.71,14
2023,24_SE13,Q1,321615.48,46.39,126
2023,24_SE13,Q2,411071.02,67.9,88
2023,24_SE13,Q3,624193.09,89.02,94
2023,24_SE13,Q4a,786316.4,120.3,67
2023,24_SE13,Q4b,1355373.0,198.7,21
2023,24_SE14,Q1,325169.93,46.35,83
2023,24_SE14,Q2,481205.88,68.19,34
2023,24_SE14,Q3,552068.71,86.82,31
2023,24_SE14,Q4a,840901.26,121.62,27
2023,24_SE14,Q4b,1315286.0,227.83,6
2023,24_SE15,Q1,346500.0,53.0,2
2023,24_SE15,Q2,328500.0,73.5,2
2023,24_SE15,Q3,,,0
2023,24_SE15,Q4a,,,0
2023,24_SE15,Q4b,,,0
2023,24_SE16,Q1,366666.67,50.83,6
2023,24_SE16,Q2,487200.0,69.6,5
2023,24_SE16,Q3,510100.0,85.4,5
2023,24_SE16,Q4a,,,0
2023,24_SE16,Q4b,,,0
2023,24_SE23,Q1,343963.57,50.13,77
2023,24_SE23,Q2,455298.85,67.81,85
2023,24_SE23,Q3,617402.44,90.22,78
2023,24_SE23,Q4a,868662.86,123.19,43
2023,24_SE23,Q4b,1174695.65,175.05,23
2023,24_SE26,Q1,319228.79,49.91,33
2023,24_SE26,Q2,379466.73,68.34,62
2023,24_SE26,Q3,577142.37,88.47,60
2023,24_SE26,Q4a,754593.94,120.79,33
2023,24_SE26,Q4b,1245988.46,192.92,13
2023,24_SE3,Q1,354000.0,49.88,8
2023,24_SE3,Q2,522038.46,66.08,13
2023,24_SE3,Q3,822887.5,91.45,12
2023,24_SE3,Q4a,1108428.57,120.71,7
2023,24_SE3,Q4b,3100000.0,297.5,4
2023,24_SE4,Q1,376329.18,48.58,72
2023,24_SE4,Q2,490034.54,68.14,70
2023,24_SE4,Q3,686620.4,89.68,72
2023,24_SE4,Q4a,898537.96,120.94,54
2023,24_SE4,Q4b,1339884.62,196.92,13
2023,24_SE6,Q1,281671.71,50.27,99
2023,24_SE6,Q2,376315.75,68.94,75
2023,24_SE6,Q3,527653.95,88.86,86
2023,24_SE6,Q4a,671561.59,120.3,64
2023,24_SE6,Q4b,827689.3,175.71,20
2023,24_SE8,Q1,332873.19,46.81,69
2023,24_SE8,Q2,451440.48,69.36,42
2023,24_SE8,Q3,514306.14,86.8,35
2023,24_SE8,Q4a,606511.11,115.46,9
2023,24_SE8,Q4b,1200000.0,189.0,1
2023,24_SE9,Q1,250500.0,45.95,4
2023,24_SE9,Q2,399571.43,69.89,7
2023,24_SE9,Q3,349400.0,87.4,5
2023,24_SE9,Q4a,425000.0,115.0,2
2023,24_SE9,Q4b,,,0
2023,25_CR4,Q1,281335.53,47.01,76
2023,25_CR4,Q2,379698.66,68.59,86
2023,25_CR4,Q3,481180.18,87.7,114
2023,25_CR4,Q4a,546500.0,120.31,35
2023,25_CR4,Q4b,710000.0,159.0,1
2023,25_CR7,Q1,,,0
2023,25_CR7,Q2,,,0
2023,25_CR7,Q3,446666.67,90.33,6
2023,25_CR7,Q4a,,,0
2023,25_CR7,Q4b,,,0
2023,25_KT3,Q1,354700.0,51.8,5
2023,25_KT3,Q2,480500.0,71.7,10
2023,25_KT3,Q3,665524.95,88.37,20
2023,25_KT3,Q4a,732888.79,122.54,14
2023,25_KT3,Q4b,991250.0,173.0,4
2023,25_SM3,Q1,,,0
2023,25_SM3,Q2,,,0
2023,25_SM3,Q3,,,0
2023,25_SM3,Q4a,,,0
2023,25_SM3,Q4b,,,0
2023,25_SM4,Q1,299969.61,47.24,51
2023,25_SM4,Q2,446710.29,68.66,107
2023,25_SM4,Q3,576062.65,88.82,91
2023,25_SM4,Q4a,642840.91,120.17,33
2023,25_SM4,Q4b,891666.67,205.0,3
2023,25_SW16,Q1,300305.56,48.18,18
2023,25_SW16,Q2,481357.14,70.79,7
2023,25_SW16,Q3,534096.15,91.69,26
2023,25_SW16,Q4a,595500.0,121.56,9
2023,25_SW16,Q4b,575000.0,165.0,1
2023,25_SW17,Q1,389000.08,49.07,13
2023,25_SW17,Q2,690500.6,74.03,5
2023,25_SW17,Q3,582900.0,89.46,15
2023,25_SW17,Q4a,718807.69,115.92,13
2023,25_SW17,Q4b,892500.0,154.0,2
2023,25_SW18,Q1,450000.0,56.0,2
2023,25_SW18,Q2,650000.0,76.0,1
2023,25_SW18,Q3,956250.0,87.25,4
2023,25_SW18,Q4a,1215500.0,114.52,2
2023,25_SW18,Q4b,,,0
2023,25_SW19,Q1,400135.26,48.53,183
2023,25_SW19,Q2,566009.67,68.31,145
2023,25_SW19,Q3,813806.62,89.65,157
2023,25_SW19,Q4a,1117000.63,124.48,160
2023,25_SW19,Q4b,2518725.0,221.54,80
2023,25_SW20,Q1,356090.91,47.57,66
2023,25_SW20,Q2,557372.12,69.19,85
2023,25_SW20,Q3,731994.21,90.44,85
2023,25_SW20,Q4a,944999.32,122.7,79
2023,25_SW20,Q4b,1899144.85,208.7,33
2023,26_E12,Q1,267044.55,51.45,22
2023,26_E12,Q2,334611.11,65.11,9
2023,26_E12,Q3,478364.36,91.56,25
2023,26_E12,Q4a,503218.85,121.73,26
2023,26_E12,Q4b,569400.0,170.0,5
2023,26_E13,Q1,327260.0,52.65,35
2023,26_E13,Q2,399249.84,70.84,45
2023,26_E13,Q3,445748.48,87.59,66
2023,26_E13,Q4a,542975.56,116.83,27
2023,26_E13,Q4b,565875.0,157.5,4
2023,26_E15,Q1,344183.09,49.74,102
2023,26_E15,Q2,453204.96,68.74,78
2023,26_E15,Q3,523960.0,89.75,77
2023,26_E15,Q4a,656220.0,118.4,25
2023,26_E15,Q4b,799000.0,179.22,8
2023,26_E16,Q1,352796.42,49.8,144
2023,26_E16,Q2,434249.38,69.03,114
2023,26_E16,Q3,502441.35,88.45,89
2023,26_E16,Q4a,644030.17,117.56,29
2023,26_E16,Q4b,877600.0,176.0,5
2023,26_E20,Q1,448613.64,51.09,22
2023,26_E20,Q2,533976.47,68.06,17
2023,26_E20,Q3,713555.56,89.11,9
2023,26_E20,Q4a,752500.0,113.0,2
2023,26_E20,Q4b,1200000.0,170.0,1
2023,26_E3,Q1,566000.0,58.0,1
2023,26_E3,Q2,,,0
2023,26_E3,Q3,,,0
2023,26_E3,Q4a,,,0
2023,26_E3,Q4b,,,0
2023,26_E6,Q1,284519.55,48.02,56
2023,26_E6,Q2,385265.14,71.1,74
2023,26_E6,Q3,442847.26,87.34,113
2023,26_E6,Q4a,491927.42,115.37,31
2023,26_E6,Q4b,580000.0,257.0,2
2023,26_E7,Q1,337134.0,51.48,27
2023,26_E7,Q2,413619.05,67.64,42
2023,26_E7,Q3,527415.09,89.88,53
2023,26_E7,Q4a,708560.64,119.88,47
2023,26_E7,Q4b,856727.27,185.36,11
2023,27_E11,Q1,298927.11,46.5,45
2023,27_E11,Q2,456377.52,68.45,33
2023,27_E11,Q3,726372.5,89.36,46
2023,27_E11,Q4a,1043398.75,127.42,36
2023,27_E11,Q4b,1353094.26,192.31,35
2023,27_E12,Q1,329333.33,46.25,3
2023,27_E12,Q2,624600.0,71.2,5
2023,27_E12,Q3,751137.5,89.0,4
2023,27_E12,Q4a,942844.44,131.3,9
2023,27_E12,Q4b,1096250.0,162.75,4
2023,27_E18,Q1,309731.33,49.57,45
2023,27_E18,Q2,419863.88,67.69,43
2023,27_E18,Q3,610123.64,91.01,66
2023,27_E18,Q4a,869993.54,125.34,37
2023,27_E18,Q4b,1204300.0,186.56,16
2023,27_IG1,Q1,215583.33,49.21,42
2023,27_IG1,Q2,362427.94,69.87,34
2023,27_IG1,Q3,439739.39,89.13,62
2023,27_IG1,Q4a,567776.14,121.59,65
2023,27_IG1,Q4b,742200.0,184.26,23
2023,27_IG11,Q1,158857.14,43.97,7
2023,27_IG11,Q2,275333.33,64.47,3
2023,27_IG11,Q3,,,0
2023,27_IG11,Q4a,635000.0,113.0,1
2023,27_IG11,Q4b,,,0
2023,27_IG2,Q1,244803.04,48.11,23
2023,27_IG2,Q2,365023.81,68.17,21
2023,27_IG2,Q3,538684.78,91.41,46
2023,27_IG2,Q4a,571803.03,118.74,32
2023,27_IG2,Q4b,716600.0,165.6,5
2023,27_IG3,Q1,255714.85,49.06,20
2023,27_IG3,Q2,363636.4,68.73,15
2023,27_IG3,Q3,488541.3,91.97,46
2023,27_IG3,Q4a,548785.02,122.13,42
2023,27_IG3,Q4b,768500.0,181.5,10
2023,27_IG4,Q1,155400.0,49.4,10
2023,27_IG4,Q2,283000.0,66.0,3
2023,27_IG4,Q3,590416.67,92.0,6
2023,27_IG4,Q4a,625444.44,119.44,27
2023,27_IG4,Q4b,728611.11,173.11,9
2023,27_IG5,Q1,195083.33,46.64,18
2023,27_IG5,Q2,451045.45,69.7,11
2023,27_IG5,Q3,496066.67,90.1,30
2023,27_IG5,Q4a,653836.96,123.51,23
2023,27_IG5,Q4b,744285.71,173.43,7
2023,27_IG6,Q1,263190.0,46.24,20
2023,27_IG6,Q2,396843.04,69.83,51
2023,27_IG6,Q3,484337.08,89.14,60
2023,27_IG6,Q4a,581346.43,118.56,35
2023,27_IG6,Q4b,727499.75,231.5,4
2023,27_IG7,Q1,267000.0,51.46,17
2023,27_IG7,Q2,373227.27,67.21,22
2023,27_IG7,Q3,437083.96,87.95,25
2023,27_IG7,Q4a,544583.33,117.44,6
2023,27_IG7,Q4b,703750.0,157.5,2
2023,27_IG8,Q1,308272.73,49.1,22
2023,27_IG8,Q2,432738.92,69.33,63
2023,27_IG8,Q3,579721.68,89.01,73
2023,27_IG8,Q4a,754561.81,121.01,54
2023,27_IG8,Q4b,1380056.24,198.95,46
2023,27_IG9,Q1,275000.0,43.0,1
2023,27_IG9,Q2,428250.0,68.75,4
2023,27_IG9,Q3,707666.67,90.5,3
2023,27_IG9,Q4a,780000.0,127.85,2
2023,27_IG9,Q4b,1218333.33,198.67,3
2023,27_RM6,Q1,213694.44,47.45,18
2023,27_RM6,Q2,354188.89,67.59,18
2023,27_RM6,Q3,498046.51,90.16,43
2023,27_RM6,Q4a,533269.23,115.72,13
2023,27_RM6,Q4b,494900.0,168.0,5
2023,27_RM8,Q1,293062.5,48.45,8
2023,27_RM8,Q2,390100.0,64.32,5
2023,27_RM8,Q3,391000.0,79.0,1
2023,27_RM8,Q4a,,,0
2023,27_RM8,Q4b,,,0
2023,28_KT1,Q1,384773.08,48.08,13
2023,28_KT1,Q2,505425.27,69.68,11
2023,28_KT1,Q3,748778.57,90.81,7
2023,28_KT1,Q4a,1097500.0,128.0,2
2023,28_KT1,Q4b,1288516.67,167.0,3
2023,28_KT2,Q1,,,0
2023,28_KT2,Q2,671000.0,61.0,1
2023,28_KT2,Q3,502500.0,82.4,2
2023,28_KT2,Q4a,,,0
2023,28_KT2,Q4b,,,0
2023,28_KT8,Q1,338000.0,42.0,1
2023,28_KT8,Q2,,,0
2023,28_KT8,Q3,770000.0,89.5,2
2023,28_KT8,Q4a,,,0
2023,28_KT8,Q4b,,,0
2023,28_SW13,Q1,1068233.33,44.42,15
2023,28_SW13,Q2,733391.89,70.3,37
2023,28_SW13,Q3,1062268.24,89.59,42
2023,28_SW13,Q4a,1366225.44,122.82,45
2023,28_SW13,Q4b,2541163.27,193.54,49
2023,28_SW14,Q1,418932.89,49.26,19
2023,28_SW14,Q2,662174.39,68.31,41
2023,28_SW14,Q3,878243.24,91.58,37
2023,28_SW14,Q4a,1246848.18,123.99,55
2023,28_SW14,Q4b,1909387.73,198.55,37
2023,28_SW15,Q1,,,0
2023,28_SW15,Q2,515500.0,66.0,1
2023,28_SW15,Q3,608000.0,90.0,1
2023,28_SW15,Q4a,670000.0,118.02,2
2023,28_SW15,Q4b,,,0
2023,28_TW1,Q1,426131.44,48.87,97
2023,28_TW1,Q2,548463.95,65.98,87
2023,28_TW1,Q3,864990.87,89.02,52
2023,28_TW1,Q4a,1194706.19,124.3,67
2023,28_TW1,Q4b,1830209.62,195.87,52
2023,28_TW10,Q1,546437.5,50.91,24
2023,28_TW10,Q2,617203.38,68.33,42
2023,28_TW10,Q3,798289.2,87.13,44
2023,28_TW10,Q4a,1134769.23,120.19,39
2023,28_TW10,Q4b,2889481.48,218.53,54
2023,28_TW11,Q1,392916.98,48.0,53
2023,28_TW11,Q2,624874.33,69.65,63
2023,28_TW11,Q3,727907.66,88.21,59
2023,28_TW11,Q4a,1049794.49,121.81,79
2023,28_TW11,Q4b,1757253.18,196.28,49
2023,28_TW12,Q1,339589.05,48.98,41
2023,28_TW12,Q2,494350.93,68.87,54
2023,28_TW12,Q3,652404.85,87.75,65
2023,28_TW12,Q4a,932333.61,124.43,49
2023,28_TW12,Q4b,1369642.86,191.07,28
2023,28_TW13,Q1,,,0
2023,28_TW13,Q2,322500.0,70.0,2
2023,28_TW13,Q3,492333.33,82.0,3
2023,28_TW13,Q4a,,,0
2023,28_TW13,Q4b,,,0
2023,28_TW2,Q1,395298.15,47.65,47
2023,28_TW2,Q2,562345.96,68.14,103
2023,28_TW2,Q3,702145.37,89.9,81
2023,28_TW2,Q4a,848665.75,121.67,87
2023,28_TW2,Q4b,1325133.33,181.85,15
2023,28_TW3,Q1,273500.0,47.0,1
2023,28_TW3,Q2,505500.0,71.04,5
2023,28_TW3,Q3,551392.86,89.43,7
2023,28_TW3,Q4a,653150.0,128.5,2
2023,28_TW3,Q4b,,,0
2023,28_TW4,Q1,351250.0,47.76,4
2023,28_TW4,Q2,401500.0,69.76,5
2023,28_TW4,Q3,478333.33,89.17,6
2023,28_TW4,Q4a,615000.0,123.0,3
2023,28_TW4,Q4b,730000.0,159.0,1
2023,28_TW7,Q1,650000.0,56.0,1
2023,28_TW7,Q2,,,0
2023,28_TW7,Q3,689666.67,91.33,3
2023,28_TW7,Q4a,647500.0,105.0,1
2023,28_TW7,Q4b,855000.0,152.0,1
2023,28_TW9,Q1,438016.36,47.91,55
2023,28_TW9,Q2,578284.21,68.64,57
2023,28_TW9,Q3,865848.8,89.69,50
2023,28_TW9,Q4a,1224245.39,126.83,54
2023,28_TW9,Q4b,2025496.23,203.09,53
2023,29_SE1,Q1,517374.41,48.28,202
2023,29_SE1,Q2,646927.82,69.05,174
2023,29_SE1,Q3,955237.71,88.86,144
2023,29_SE1,Q4a,1539922.08,123.43,65
2023,29_SE1,Q4b,2373541.67,190.07,12
2023,29_SE11,Q1,435942.86,49.74,14
2023,29_SE11,Q2,569687.5,70.5,4
2023,29_SE11,Q3,724900.0,88.33,3
2023,29_SE11,Q4a,,,0
2023,29_SE11,Q4b,1905000.0,161.0,2
2023,29_SE14,Q1,290000.0,43.5,2
2023,29_SE14,Q2,,,0
2023,29_SE14,Q3,615500.0,84.0,1
2023,29_SE14,Q4a,,,0
2023,29_SE14,Q4b,,,0
2023,29_SE15,Q1,391310.88,49.34,145
2023,29_SE15,Q2,481993.64,67.3,125
2023,29_SE15,Q3,685618.38,89.64,86
2023,29_SE15,Q4a,955833.77,123.44,52
2023,29_SE15,Q4b,1352784.75,187.67,12
2023,29_SE16,Q1,363749.42,47.39,147
2023,29_SE16,Q2,513118.5,68.35,170
2023,29_SE16,Q3,660689.88,90.09,85
2023,29_SE16,Q4a,872937.52,121.01,31
2023,29_SE16,Q4b,1121428.57,172.58,7
2023,29_SE17,Q1,353852.87,49.54,82
2023,29_SE17,Q2,490910.82,69.2,50
2023,29_SE17,Q3,554925.0,88.93,33
2023,29_SE17,Q4a,935473.33,116.33,15
2023,29_SE17,Q4b,1105990.0,161.8,5
2023,29_SE19,Q1,308861.54,49.44,13
2023,29_SE19,Q2,446114.29,68.71,7
2023,29_SE19,Q3,453764.44,83.11,9
2023,29_SE19,Q4a,844400.0,125.6,5
2023,29_SE19,Q4b,1800000.0,230.84,3
2023,29_SE21,Q1,360000.0,47.17,6
2023,29_SE21,Q2,432437.5,71.73,8
2023,29_SE21,Q3,544807.69,85.77,13
2023,29_SE21,Q4a,1397062.5,127.08,16
2023,29_SE21,Q4b,2634852.0,214.98,29
2023,29_SE22,Q1,443440.34,50.24,87
2023,29_SE22,Q2,538796.44,67.26,73
2023,29_SE22,Q3,791432.19,88.54,59
2023,29_SE22,Q4a,1144860.17,124.02,71
2023,29_SE22,Q4b,1540861.4,177.83,30
2023,29_SE23,Q1,378111.11,48.89,9
2023,29_SE23,Q2,419375.0,64.25,8
2023,29_SE23,Q3,511666.67,81.0,3
2023,29_SE23,Q4a,513150.0,118.0,1
2023,29_SE23,Q4b,1350000.0,170.0,1
2023,29_SE24,Q1,437428.57,45.95,7
2023,29_SE24,Q2,432500.0,66.0,2
2023,29_SE24,Q3,965093.75,90.64,8
2023,29_SE24,Q4a,1340000.0,124.83,8
2023,29_SE24,Q4b,2075547.62,208.99,21
2023,29_SE26,Q1,275000.0,31.0,1
2023,29_SE26,Q2,,,0
2023,29_SE26,Q3,566666.67,84.67,3
2023,29_SE26,Q4a,708393.75,122.5,4
2023,29_SE26,Q4b,1010000.0,157.0,1
2023,29_SE4,Q1,,,0
2023,29_SE4,Q2,,,0
2023,29_SE4,Q3,,,0
2023,29_SE4,Q4a,,,0
2023,29_SE4,Q4b,,,0
2023,29_SE5,Q1,374364.98,47.8,87
2023,29_SE5,Q2,452335.85,68.73,53
2023,29_SE5,Q3,597990.41,88.08,49
2023,29_SE5,Q4a,977118.35,124.13,31
2023,29_SE5,Q4b,1620650.0,178.74,10
2023,29_SE8,Q1,,,0
2023,29_SE8,Q2,422500.0,62.0,2
2023,29_SE8,Q3,,,0
2023,29_SE8,Q4a,,,0
2023,29_SE8,Q4b,,,0
2023,2_EN4,Q1,323595.96,47.1,26
2023,2_EN4,Q2,459821.89,68.45,28
2023,2_EN4,Q3,624531.25,90.31,32
2023,2_EN4,Q4a,745940.48,121.85,42
2023,2_EN4,Q4b,1154200.0,196.04,5
2023,2_EN5,Q1,298909.84,48.08,61
2023,2_EN5,Q2,455728.81,68.64,59
2023,2_EN5,Q3,633407.92,90.44,101
2023,2_EN5,Q4a,781454.55,122.69,66
2023,2_EN5,Q4b,1210121.94,203.91,35
2023,2_HA7,Q1,,,0
2023,2_HA7,Q2,,,0
2023,2_HA7,Q3,,,0
2023,2_HA7,Q4a,,,0
2023,2_HA7,Q4b,,,0
2023,2_HA8,Q1,301288.46,49.7,39
2023,2_HA8,Q2,427068.12,68.75,69
2023,2_HA8,Q3,520330.72,87.72,57
2023,2_HA8,Q4a,700295.45,126.75,44
2023,2_HA8,Q4b,1030230.77,203.13,26
2023,2_N10,Q1,378500.0,44.98,7
2023,2_N10,Q2,496792.86,70.1,7
2023,2_N10,Q3,691421.43,90.24,7
2023,2_N10,Q4a,929166.67,126.33,6
2023,2_N10,Q4b,1338000.0,190.0,5
2023,2_N11,Q1,325368.42,47.99,19
2023,2_N11,Q2,457802.08,69.5,24
2023,2_N11,Q3,577180.3,88.1,33
2023,2_N11,Q4a,700600.0,119.85,15
2023,2_N11,Q4b,942562.5,180.1,8
2023,2_N12,Q1,293500.12,48.78,50
2023,2_N12,Q2,394999.23,65.91,52
2023,2_N12,Q3,616847.21,88.71,43
2023,2_N12,Q4a,912042.37,127.2,59
2023,2_N12,Q4b,1254937.5,191.56,24
2023,2_N14,Q1,,,0
2023,2_N14,Q2,571666.67,73.0,3
2023,2_N14,Q3,715400.0,90.62,10
2023,2_N14,Q4a,792843.75,124.76,16
2023,2_N14,Q4b,1065142.86,165.57,7
2023,2_N2,Q1,350339.87,48.09,38
2023,2_N2,Q2,469932.0,68.73,25
2023,2_N2,Q3,753666.67,91.47,39
2023,2_N2,Q4a,1157757.14,125.37,35
2023,2_N2,Q4b,2037206.9,201.2,29
2023,2_N20,Q1,366229.17,50.51,60
2023,2_N20,Q2,488139.56,69.65,55
2023,2_N20,Q3,598935.9,89.81,39
2023,2_N20,Q4a,921973.03,124.29,61
2023,2_N20,Q4b,1424956.69,199.18,42
2023,2_N3,Q1,392378.38,50.85,37
2023,2_N3,Q2,448771.21,70.2,33
2023,2_N3,Q3,661067.57,94.95,37
2023,2_N3,Q4a,881830.56,124.56,54
2023,2_N3,Q4b,1502151.16,215.41,43
2023,2_NW11,Q1,368781.25,45.97,16
2023,2_NW11,Q2,615525.0,68.7,20
2023,2_NW11,Q3,673000.0,89.38,28
2023,2_NW11,Q4a,1196246.0,127.92,40
2023,2_NW11,Q4b,1952226.52,208.92,83
2023,2_NW2,Q1,332733.33,46.49,15
2023,2_NW2,Q2,507771.15,69.86,26
2023,2_NW2,Q3,592306.45,87.55,31
2023,2_NW2,Q4a,833285.71,121.93,14
2023,2_NW2,Q4b,1860000.0,194.5,4
2023,2_NW3,Q1,427000.0,30.0,1
2023,2_NW3,Q2,,,0
2023,2_NW3,Q3,,,0
2023,2_NW3,Q4a,,,0
2023,2_NW3,Q4b,4316071.43,229.46,7
2023,2_NW4,Q1,308418.48,48.4,23
2023,2_NW4,Q2,386537.04,69.7,27
2023,2_NW4,Q3,571607.66,88.93,38
2023,2_NW4,Q4a,882416.67,125.41,42
2023,2_NW4,Q4b,1289770.27,198.7,37
2023,2_NW7,Q1,342750.56,51.51,36
2023,2_NW7,Q2,476878.65,69.76,72
2023,2_NW7,Q3,646733.22,86.62,45
2023,2_NW7,Q4a,840234.97,126.55,61
2023,2_NW7,Q4b,1525927.78,210.84,54
2023,2_NW9,Q1,352280.27,48.76,123
2023,2_NW9,Q2,484681.01,70.66,109
2023,2_NW9,Q3,538006.45,86.66,77
2023,2_NW9,Q4a,641671.05,122.63,19
2023,2_NW9,Q4b,1120000.0,170.5,2
2023,2_WD6,Q1,,,0
2023,2_WD6,Q2,,,0
2023,2_WD6,Q3,430000.0,86.0,1
2023,2_WD6,Q4a,,,0
2023,2_WD6,Q4b,,,0
2023,30_CR0,Q1,271850.0,47.0,7
2023,30_CR0,Q2,389125.0,66.47,8
2023,30_CR0,Q3,476352.94,85.5,17
2023,30_CR0,Q4a,615750.0,117.33,6
2023,30_CR0,Q4b,,,0
2023,30_CR4,Q1,261800.0,46.8,15
2023,30_CR4,Q2,325636.36,66.07,11
2023,30_CR4,Q3,456902.5,88.8,8
2023,30_CR4,Q4a,465000.0,111.0,1
2023,30_CR4,Q4b,,,0
2023,30_CR5,Q1,,,0
2023,30_CR5,Q2,305000.0,59.5,1
2023,30_CR5,Q3,493500.0,96.0,2
2023,30_CR5,Q4a,537500.0,109.53,3
2023,30_CR5,Q4b,773750.0,171.0,2
2023,30_CR8,Q1,269500.0,47.0,1
2023,30_CR8,Q2,,,0
2023,30_CR8,Q3,545000.0,81.0,1
2023,30_CR8,Q4a,940000.0,124.51,3
2023,30_CR8,Q4b,1144000.0,204.0,4
2023,30_KT17,Q1,,,0
2023,30_KT17,Q2,,,0
2023,30_KT17,Q3,609196.67,86.67,3
2023,30_KT17,Q4a,,,0
2023,30_KT17,Q4b,,,0
2023,30_KT4,Q1,336166.67,49.88,33
2023,30_KT4,Q2,448128.68,68.58,68
2023,30_KT4,Q3,555870.0,88.66,50
2023,30_KT4,Q4a,690853.51,123.34,41
2023,30_KT4,Q4b,838800.0,180.32,15
2023,30_SM1,Q1,269906.66,49.39,116
2023,30_SM1,Q2,393460.77,68.16,150
2023,30_SM1,Q3,523935.1,87.96,141
2023,30_SM1,Q4a,663901.23,118.8,64
2023,30_SM1,Q4b,824411.76,176.28,17
2023,30_SM2,Q1,247934.66,47.51,88
2023,30_SM2,Q2,336909.3,67.67,86
2023,30_SM2,Q3,536855.56,90.14,45
2023,30_SM2,Q4a,801576.42,129.76,48
2023,30_SM2,Q4b,1320579.89,215.8,44
2023,30_SM3,Q1,308637.93,46.97,29
2023,30_SM3,Q2,450720.32,69.13,50
2023,30_SM3,Q3,555196.43,89.97,84
2023,30_SM3,Q4a,685540.68,122.91,59
2023,30_SM3,Q4b,883833.33,169.11,9
2023,30_SM4,Q1,178500.0,51.5,2
2023,30_SM4,Q2,445000.0,66.83,6
2023,30_SM4,Q3,463150.0,89.0,7
2023,30_SM4,Q4a,640000.0,134.0,1
2023,30_SM4,Q4b,,,0
2023,30_SM5,Q1,285339.83,48.6,59
2023,30_SM5,Q2,405601.33,68.3,113
2023,30_SM5,Q3,507849.52,88.61,84
2023,30_SM5,Q4a,704512.9,123.99,62
2023,30_SM5,Q4b,1004347.78,191.29,23
2023,30_SM6,Q1,251071.55,47.81,104
2023,30_SM6,Q2,347099.44,68.06,117
2023,30_SM6,Q3,484852.72,88.95,85
2023,30_SM6,Q4a,654509.9,121.09,92
2023,30_SM6,Q4b,890382.35,188.76,17
2023,30_SM7,Q1,,,0
2023,30_SM7,Q2,,,0
2023,30_SM7,Q3,730000.0,95.0,1
2023,30_SM7,Q4a,971000.0,128.67,3
2023,30_SM7,Q4b,1331000.0,237.8,10
2023,31_E1,Q1,427191.06,49.08,199
2023,31_E1,Q2,539470.84,69.16,116
2023,31_E1,Q3,682435.85,87.91,65
2023,31_E1,Q4a,815000.0,120.54,13
2023,31_E1,Q4b,1891250.0,195.1,8
2023,31_E14,Q1,403940.71,48.88,337
2023,31_E14,Q2,535806.71,69.98,275
2023,31_E14,Q3,657538.05,87.28,191
2023,31_E14,Q4a,878106.24,118.88,54
2023,31_E14,Q4b,1194346.67,177.47,15
2023,31_E1W,Q1,438797.46,48.66,46
2023,31_E1W,Q2,596497.82,69.27,34
2023,31_E1W,Q3,840145.16,90.67,31
2023,31_E1W,Q4a,1276401.2,127.19,15
2023,31_E1W,Q4b,2154445.0,223.5,10
2023,31_E2,Q1,377764.99,44.06,70
2023,31_E2,Q2,539043.69,68.69,80
2023,31_E2,Q3,771393.62,89.44,55
2023,31_E2,Q4a,943571.43,114.56,14
2023,31_E2,Q4b,1732500.0,170.97,2
2023,31_E3,Q1,348553.95,48.0,152
2023,31_E3,Q2,434759.71,69.07,150
2023,31_E3,Q3,630357.22,89.03,106
2023,31_E3,Q4a,936491.94,116.27,31
2023,31_E3,Q4b,1719166.67,183.7,3
2023,31_E9,Q1,415000.0,52.5,4
2023,31_E9,Q2,495000.0,62.0,1
2023,31_E9,Q3,675000.0,85.6,5
2023,31_E9,Q4a,738000.0,124.67,3
2023,31_E9,Q4b,,,0
2023,32_E10,Q1,359869.78,49.15,96
2023,32_E10,Q2,463143.37,67.28,91
2023,32_E10,Q3,624070.79,90.86,63
2023,32_E10,Q4a,700520.65,115.03,46
2023,32_E10,Q4b,679857.14,165.41,7
2023,32_E11,Q1,355080.15,48.7,65
2023,32_E11,Q2,494876.42,67.51,55
2023,32_E11,Q3,640769.68,89.33,78
2023,32_E11,Q4a,762423.48,116.46,44
2023,32_E11,Q4b,987644.44,179.64,18
2023,32_E15,Q1,311666.67,47.1,3
2023,32_E15,Q2,579428.57,69.0,7
2023,32_E15,Q3,580500.0,88.42,6
2023,32_E15,Q4a,660000.0,130.0,2
2023,32_E15,Q4b,650000.0,162.0,1
2023,32_E17,Q1,378266.2,47.55,284
2023,32_E17,Q2,526606.04,69.04,319
2023,32_E17,Q3,644422.56,87.08,285
2023,32_E17,Q4a,796318.31,120.17,107
2023,32_E17,Q4b,1145555.56,196.44,9
2023,32_E4,Q1,312458.3,50.04,98
2023,32_E4,Q2,399945.71,68.22,109
2023,32_E4,Q3,554718.34,89.53,193
2023,32_E4,Q4a,689373.99,120.1,125
2023,32_E4,Q4b,1058413.79,188.79,29
2023,32_E5,Q1,375000.0,51.0,1
2023,32_E5,Q2,569208.33,73.0,6
2023,32_E5,Q3,,,0
2023,32_E5,Q4a,,,0
2023,32_E5,Q4b,,,0
2023,32_E7,Q1,495000.0,56.0,1
2023,32_E7,Q2,573136.36,66.45,11
2023,32_E7,Q3,637972.22,87.51,9
2023,32_E7,Q4a,637000.0,112.6,5
2023,32_E7,Q4b,1400000.0,191.0,1
2023,32_IG8,Q1,277272.73,49.25,11
2023,32_IG8,Q2,328004.25,69.1,8
2023,32_IG8,Q3,598933.33,91.08,15
2023,32_IG8,Q4a,852750.0,123.3,14
2023,32_IG8,Q4b,956500.0,192.5,4
2023,33_SW11,Q1,489065.85,48.95,211
2023,33_SW11,Q2,630160.72,68.52,193
2023,33_SW11,Q3,876472.86,87.51,250
2023,33_SW11,Q4a,1427745.23,127.24,180
2023,33_SW11,Q4b,2186739.3,194.24,122
2023,33_SW12,Q1,426690.43,47.31,67
2023,33_SW12,Q2,632934.94,68.89,62
2023,33_SW12,Q3,793009.94,87.79,50
2023,33_SW12,Q4a,1249247.48,125.87,56
2023,33_SW12,Q4b,1964025.73,205.95,52
2023,33_SW15,Q1,379101.6,46.12,125
2023,33_SW15,Q2,520331.21,68.24,157
2023,33_SW15,Q3,690839.65,88.7,115
2023,33_SW15,Q4a,1098527.11,121.21,98
2023,33_SW15,Q4b,1952201.72,208.7,87
2023,33_SW16,Q1,337065.71,47.06,21
2023,33_SW16,Q2,470997.92,65.18,24
2023,33_SW16,Q3,625426.93,91.48,30
2023,33_SW16,Q4a,923262.5,127.18,20
2023,33_SW16,Q4b,1172811.36,199.82,11
2023,33_SW17,Q1,418328.35,47.31,187
2023,33_SW17,Q2,547524.81,67.69,181
2023,33_SW17,Q3,730293.2,88.67,138
2023,33_SW17,Q4a,949947.03,120.75,94
2023,33_SW17,Q4b,1763285.47,198.87,43
2023,33_SW18,Q1,432166.9,49.49,237
2023,33_SW18,Q2,550249.43,68.9,229
2023,33_SW18,Q3,811592.71,89.49,184
2023,33_SW18,Q4a,1180307.72,124.42,161
2023,33_SW18,Q4b,1855705.66,195.99,95
2023,33_SW19,Q1,376105.18,49.51,28
2023,33_SW19,Q2,437113.17,66.86,46
2023,33_SW19,Q3,575232.14,88.06,28
2023,33_SW19,Q4a,785400.0,120.4,5
2023,33_SW19,Q4b,2017272.73,230.34,11
2023,33_SW4,Q1,590000.0,47.0,1
2023,33_SW4,Q2,650000.0,62.0,1
2023,33_SW4,Q3,1530000.0,90.0,2
2023,33_SW4,Q4a,1360750.0,132.42,4
2023,33_SW4,Q4b,2660000.0,257.4,5
2023,33_SW8,Q1,348802.1,49.81,40
2023,33_SW8,Q2,556291.37,67.5,43
2023,33_SW8,Q3,1149676.04,87.72,97
2023,33_SW8,Q4a,1340633.33,121.13,9
2023,33_SW8,Q4b,6284028.89,251.33,9
2023,34_NW1,Q1,618181.82,47.93,11
2023,34_NW1,Q2,683426.2,68.27,15
2023,34_NW1,Q3,1175937.5,90.06,16
2023,34_NW1,Q4a,1382450.0,119.76,10
2023,34_NW1,Q4b,3535000.0,216.17,5
2023,34_NW6,Q1,503000.0,58.0,1
2023,34_NW6,Q2,670000.0,70.67,2
2023,34_NW6,Q3,702850.0,79.0,2
2023,34_NW6,Q4a,1030000.0,111.76,2
2023,34_NW6,Q4b,5500000.0,394.0,2
2023,34_NW8,Q1,546923.79,44.35,71
2023,34_NW8,Q2,782772.06,69.32,34
2023,34_NW8,Q3,1059910.19,88.9,54
2023,34_NW8,Q4a,1666240.47,125.11,30
2023,34_NW8,Q4b,4701000.0,227.94,40
2023,34_SW1A,Q1,1450000.0,53.0,2
2023,34_SW1A,Q2,1236666.67,62.0,3
2023,34_SW1A,Q3,3471535.71,91.57,7
2023,34_SW1A,Q4a,5940000.0,126.0,4
2023,34_SW1A,Q4b,10746751.08,248.42,12
2023,34_SW1E,Q1,762825.0,53.5,2
2023,34_SW1E,Q2,1354200.0,63.5,2
2023,34_SW1E,Q3,1494628.57,90.14,7
2023,34_SW1E,Q4a,1537833.33,131.0,6
2023,34_SW1E,Q4b,5698451.11,184.89,9
2023,34_SW1H,Q1,1060602.5,51.3,10
2023,34_SW1H,Q2,1235464.29,65.57,7
2023,34_SW1H,Q3,2038590.86,96.57,7
2023,34_SW1H,Q4a,2845128.57,115.71,7
2023,34_SW1H,Q4b,6340508.17,214.33,6
2023,34_SW1P,Q1,661978.29,46.51,49
2023,34_SW1P,Q2,789698.6,68.63,35
2023,34_SW1P,Q3,1453742.08,88.35,60
2023,34_SW1P,Q4a,2180097.51,124.47,47
2023,34_SW1P,Q4b,3604959.71,191.5,28
2023,34_SW1V,Q1,536168.12,42.94,67
2023,34_SW1V,Q2,729398.44,68.03,32
2023,34_SW1V,Q3,998698.43,86.15,21
2023,34_SW1V,Q4a,1605307.69,128.68,13
2023,34_SW1V,Q4b,2477083.33,187.93,12
2023,34_SW1W,Q1,603111.11,47.22,9
2023,34_SW1W,Q2,994333.33,69.18,15
2023,34_SW1W,Q3,3040615.38,89.92,13
2023,34_SW1W,Q4a,2727901.47,128.3,19
2023,34_SW1W,Q4b,5660024.96,235.79,28
2023,34_SW1X,Q1,1367000.0,55.0,1
2023,34_SW1X,Q2,951666.67,66.55,3
2023,34_SW1X,Q3,2063111.11,88.36,9
2023,34_SW1X,Q4a,2670000.0,116.48,5
2023,34_SW1X,Q4b,5585333.33,232.73,15
2023,34_SW1Y,Q1,376333.33,35.0,3
2023,34_SW1Y,Q2,1419333.33,65.0,3
2023,34_SW1Y,Q3,1950000.0,85.0,1
2023,34_SW1Y,Q4a,,,0
2023,34_SW1Y,Q4b,3500000.0,168.0,1
2023,34_SW3,Q1,,,0
2023,34_SW3,Q2,,,0
2023,34_SW3,Q3,,,0
2023,34_SW3,Q4a,,,0
2023,34_SW3,Q4b,,,0
2023,34_SW7,Q1,760000.0,29.0,1
2023,34_SW7,Q2,1098333.33,66.33,3
2023,34_SW7,Q3,1810714.29,88.45,7
2023,34_SW7,Q4a,2735937.5,126.37,8
2023,34_SW7,Q4b,5123986.11,212.72,18
2023,34_W10,Q1,607625.0,50.26,4
2023,34_W10,Q2,755714.29,68.65,7
2023,34_W10,Q3,873115.38,91.6,13
2023,34_W10,Q4a,1046250.0,111.5,2
2023,34_W10,Q4b,,,0
2023,34_W11,Q1,556916.67,44.54,6
2023,34_W11,Q2,756250.0,66.5,4
2023,34_W11,Q3,1306666.67,95.0,3
2023,34_W11,Q4a,2600000.0,146.5,2
2023,34_W11,Q4b,3100000.0,152.0,1
2023,34_W1B,Q1,500000.0,33.0,1
2023,34_W1B,Q2,1161650.0,66.67,3
2023,34_W1B,Q3,,,0
2023,34_W1B,Q4a,2450000.0,141.0,1
2023,34_W1B,Q4b,5300000.0,178.0,1
2023,34_W1D,Q1,491175.0,42.0,3
2023,34_W1D,Q2,1198392.0,73.0,1
2023,34_W1D,Q3,1700000.0,103.0,1
2023,34_W1D,Q4a,,,0
2023,34_W1D,Q4b,,,0
2023,34_W1F,Q1,722187.5,48.75,8
2023,34_W1F,Q2,1440450.0,74.5,2
2023,34_W1F,Q3,2050185.71,92.14,7
2023,34_W1F,Q4a,,,0
2023,34_W1F,Q4b,,,0
2023,34_W1G,Q1,822357.14,49.69,7
2023,34_W1G,Q2,1966000.0,70.2,5
2023,34_W1G,Q3,1680805.56,89.78,9
2023,34_W1G,Q4a,2895000.0,117.0,6
2023,34_W1G,Q4b,3397142.86,179.15,7
2023,34_W1H,Q1,654545.45,43.69,22
2023,34_W1H,Q2,1199000.0,69.2,10
2023,34_W1H,Q3,1399547.76,91.4,17
2023,34_W1H,Q4a,2296538.46,124.99,13
2023,34_W1H,Q4b,3660250.0,195.67,6
2023,34_W1J,Q1,1071250.0,45.75,4
2023,34_W1J,Q2,1717333.33,64.0,3
2023,34_W1J,Q3,2275000.0,94.0,1
2023,34_W1J,Q4a,2866000.0,122.07,5
2023,34_W1J,Q4b,4852500.0,207.67,6
2023,34_W1K,Q1,1008600.0,51.4,5
2023,34_W1K,Q2,3335750.0,71.0,2
2023,34_W1K,Q3,2681250.0,95.75,4
2023,34_W1K,Q4a,4475000.0,128.5,6
2023,34_W1K,Q4b,8910760.0,212.17,11
2023,34_W1S,Q1,810000.0,36.29,1
2023,34_W1S,Q2,1750000.0,75.01,1
2023,34_W1S,Q3,3180000.0,89.0,2
2023,34_W1S,Q4a,4850000.0,121.0,1
2023,34_W1S,Q4b,10540000.0,210.0,2
2023,34_W1T,Q1,811500.0,46.62,8
2023,34_W1T,Q2,1331000.0,74.0,3
2023,34_W1T,Q3,1796666.67,92.33,3
2023,34_W1T,Q4a,2499857.14,119.64,7
2023,34_W1T,Q4b,7500000.0,230.0,1
2023,34_W1U,Q1,693230.77,47.02,13
2023,34_W1U,Q2,979583.33,68.02,12
2023,34_W1U,Q3,1542229.62,82.82,13
2023,34_W1U,Q4a,3921968.68,125.96,22
2023,34_W1U,Q4b,6941776.88,181.01,8
2023,34_W1W,Q1,549678.57,38.71,14
2023,34_W1W,Q2,830666.67,63.75,3
2023,34_W1W,Q3,1219000.0,91.25,4
2023,34_W1W,Q4a,1743750.0,114.75,4
2023,34_W1W,Q4b,4327500.0,202.0,2
2023,34_W2,Q1,550275.0,44.26,116
2023,34_W2,Q2,867573.74,67.68,62
2023,34_W2,Q3,1190708.34,88.69,71
2023,34_W2,Q4a,1970686.19,122.35,54
2023,34_W2,Q4b,3926205.61,207.04,49
2023,34_W9,Q1,492943.33,48.7,75
2023,34_W9,Q2,747551.22,67.46,64
2023,34_W9,Q3,938961.06,88.77,71
2023,34_W9,Q4a,1387085.37,122.5,41
2023,34_W9,Q4b,2270400.0,195.64,15
2023,34_WC2A,Q1,,,0
2023,34_WC2A,Q2,1468200.0,69.5,2
2023,34_WC2A,Q3,,,0
2023,34_WC2A,Q4a,2331666.67,116.0,3
2023,34_WC2A,Q4b,,,0
2023,34_WC2B,Q1,750000.0,55.0,1
2023,34_WC2B,Q2,,,0
2023,34_WC2B,Q3,,,0
2023,34_WC2B,Q4a,1525000.0,110.0,1
2023,34_WC2B,Q4b,,,0
2023,34_WC2E,Q1,726666.67,44.67,3
2023,34_WC2E,Q2,,,0
2023,34_WC2E,Q3,1125000.0,85.5,2
2023,34_WC2E,Q4a,,,0
2023,34_WC2E,Q4b,2640000.0,184.0,1
2023,34_WC2H,Q1,655000.0,54.0,1
2023,34_WC2H,Q2,,,0
2023,34_WC2H,Q3,,,0
2023,34_WC2H,Q4a,,,0
2023,34_WC2H,Q4b,,,0
2023,34_WC2N,Q1,742500.0,48.0,1
2023,34_WC2N,Q2,1000888.0,60.0,1
2023,34_WC2N,Q3,,,0
2023,34_WC2N,Q4a,,,0
2023,34_WC2N,Q4b,,,0
2023,34_WC2R,Q1,747500.0,44.0,2
2023,34_WC2R,Q2,,,0
2023,34_WC2R,Q3,1476666.67,95.67,3
2023,34_WC2R,Q4a,2368750.0,122.25,4
2023,34_WC2R,Q4b,3900000.0,188.0,1
2023,3_DA1,Q1,241131.58,46.41,38
2023,3_DA1,Q2,352226.22,69.41,41
2023,3_DA1,Q3,404270.95,85.7,37
2023,3_DA1,Q4a,475125.0,117.08,12
2023,3_DA1,Q4b,,,0
2023,3_DA14,Q1,260343.09,50.67,66
2023,3_DA14,Q2,363950.2,68.09,79
2023,3_DA14,Q3,434256.67,87.65,75
2023,3_DA14,Q4a,659074.16,120.02,37
2023,3_DA14,Q4b,941769.23,190.08,13
2023,3_DA15,Q1,321948.33,50.27,63
2023,3_DA15,Q2,410536.46,67.91,96
2023,3_DA15,Q3,491481.51,88.75,74
2023,3_DA15,Q4a,638026.79,124.86,56
2023,3_DA15,Q4b,930316.23,192.54,13
2023,3_DA16,Q1,251362.12,50.96,33
2023,3_DA16,Q2,406613.37,69.72,101
2023,3_DA16,Q3,467458.58,88.88,131
2023,3_DA16,Q4a,553326.09,122.28,46
2023,3_DA16,Q4b,666280.0,168.5,10
2023,3_DA17,Q1,247635.42,49.78,48
2023,3_DA17,Q2,303755.56,66.54,45
2023,3_DA17,Q3,384750.0,89.39,67
2023,3_DA17,Q4a,493613.64,116.02,22
2023,3_DA17,Q4b,747500.0,177.18,2
2023,3_DA18,Q1,180000.0,47.14,3
2023,3_DA18,Q2,230000.0,60.0,1
2023,3_DA18,Q3,346250.0,85.33,6
2023,3_DA18,Q4a,329400.0,109.72,5
2023,3_DA18,Q4b,,,0
2023,3_DA5,Q1,295543.18,51.78,22
2023,3_DA5,Q2,429800.0,67.49,35
2023,3_DA5,Q3,532908.92,91.24,60
2023,3_DA5,Q4a,690440.28,120.27,36
2023,3_DA5,Q4b,835638.46,193.87,13
2023,3_DA6,Q1,262936.61,51.53,59
2023,3_DA6,Q2,372481.48,69.03,54
2023,3_DA6,Q3,456438.64,87.54,44
2023,3_DA6,Q4a,619204.55,123.91,22
2023,3_DA6,Q4b,805944.44,190.15,9
2023,3_DA7,Q1,293490.29,50.08,52
2023,3_DA7,Q2,393121.0,68.19,86
2023,3_DA7,Q3,480017.3,89.92,131
2023,3_DA7,Q4a,581488.75,121.22,80
2023,3_DA7,Q4b,703142.86,169.57,7
2023,3_DA8,Q1,245102.44,50.59,39
2023,3_DA8,Q2,310224.81,68.04,64
2023,3_DA8,Q3,378782.16,87.89,104
2023,3_DA8,Q4a,493342.86,118.82,35
2023,3_DA8,Q4b,670000.0,187.8,5
2023,3_SE2,Q1,318561.11,53.3,18
2023,3_SE2,Q2,350025.0,69.09,18
2023,3_SE2,Q3,468540.91,84.73,22
2023,3_SE2,Q4a,576875.0,125.75,8
2023,3_SE2,Q4b,744000.0,154.0,1
2023,3_SE28,Q1,244545.45,45.71,11
2023,3_SE28,Q2,363291.67,68.38,12
2023,3_SE28,Q3,404125.0,86.5,8
2023,3_SE28,Q4a,448000.0,123.8,5
2023,3_SE28,Q4b,,,0
2023,3_SE9,Q1,250000.0,51.0,1
2023,3_SE9,Q2,520000.0,62.0,1
2023,3_SE9,Q3,582857.14,94.26,7
2023,3_SE9,Q4a,638333.33,127.0,3
2023,3_SE9,Q4b,,,0
2023,4_HA0,Q1,340071.57,48.75,93
2023,4_HA0,Q2,478649.54,69.94,81
2023,4_HA0,Q3,553957.2,88.87,59
2023,4_HA0,Q4a,697902.97,113.16,62
2023,4_HA0,Q4b,798590.91,175.96,11
2023,4_HA1,Q1,,,0
2023,4_HA1,Q2,,,0
2023,4_HA1,Q3,1520000.0,95.0,1
2023,4_HA1,Q4a,1033750.0,140.75,4
2023,4_HA1,Q4b,1342000.0,216.0,5
2023,4_HA3,Q1,198615.38,47.53,13
2023,4_HA3,Q2,295027.78,68.22,9
2023,4_HA3,Q3,640600.0,92.73,20
2023,4_HA3,Q4a,782105.26,128.71,19
2023,4_HA3,Q4b,918863.64,163.17,11
2023,4_HA7,Q1,,,0
2023,4_HA7,Q2,,,0
2023,4_HA7,Q3,,,0
2023,4_HA7,Q4a,,,0
2023,4_HA7,Q4b,,,0
2023,4_HA8,Q1,315000.0,58.5,2
2023,4_HA8,Q2,180000.0,68.0,1
2023,4_HA8,Q3,575000.0,90.33,3
2023,4_HA8,Q4a,765000.0,143.0,1
2023,4_HA8,Q4b,850000.0,239.0,1
2023,4_HA9,Q1,285631.97,44.16,61
2023,4_HA9,Q2,368380.3,69.18,37
2023,4_HA9,Q3,552032.61,89.77,46
2023,4_HA9,Q4a,686014.89,120.59,36
2023,4_HA9,Q4b,973558.82,175.01,17
2023,4_NW10,Q1,383616.07,49.7,56
2023,4_NW10,Q2,463426.86,68.8,70
2023,4_NW10,Q3,649753.17,91.54,63
2023,4_NW10,Q4a,1086123.51,126.57,81
2023,4_NW10,Q4b,1465645.24,182.01,42
2023,4_NW2,Q1,322769.57,48.83,46
2023,4_NW2,Q2,436896.11,68.26,47
2023,4_NW2,Q3,555194.51,86.22,37
2023,4_NW2,Q4a,804145.16,122.7,31
2023,4_NW2,Q4b,1623351.9,213.16,31
2023,4_NW6,Q1,425647.06,50.05,51
2023,4_NW6,Q2,603125.0,68.71,20
2023,4_NW6,Q3,735208.33,90.81,24
2023,4_NW6,Q4a,1313720.95,128.4,39
2023,4_NW6,Q4b,2433941.14,197.54,36
2023,4_NW9,Q1,323379.31,49.97,29
2023,4_NW9,Q2,447304.69,70.35,32
2023,4_NW9,Q3,588373.15,90.26,46
2023,4_NW9,Q4a,693817.52,120.24,33
2023,4_NW9,Q4b,870000.0,178.0,4
2023,4_W10,Q1,442500.0,53.0,4
2023,4_W10,Q2,579999.8,67.0,5
2023,4_W10,Q3,,,0
2023,4_W10,Q4a,,,0
2023,4_W10,Q4b,,,0
2023,4_W9,Q1,,,0
2023,4_W9,Q2,,,0
2023,4_W9,Q3,,,0
2023,4_W9,Q4a,,,0
2023,4_W9,Q4b,,,0
2023,5_CM12,Q1,,,0
2023,5_CM12,Q2,,,0
2023,5_CM12,Q3,,,0
2023,5_CM12,Q4a,817500.0,121.0,1
2023,5_CM12,Q4b,,,0
2023,5_CM13,Q1,286427.68,50.16,28
2023,5_CM13,Q2,377318.75,70.05,72
2023,5_CM13,Q3,505142.86,88.6,98
2023,5_CM13,Q4a,685967.11,119.74,76
2023,5_CM13,Q4b,1431969.39,211.46,49
2023,5_CM14,Q1,249401.08,47.63,91
2023,5_CM14,Q2,372616.98,68.49,86
2023,5_CM14,Q3,515679.03,90.01,67
2023,5_CM14,Q4a,632600.0,119.58,48
2023,5_CM14,Q4b,998804.35,192.76,23
2023,5_CM15,Q1,299608.49,49.86,53
2023,5_CM15,Q2,407151.79,68.09,56
2023,5_CM15,Q3,505612.0,89.94,75
2023,5_CM15,Q4a,659344.01,121.74,69
2023,5_CM15,Q4b,1148346.97,201.07,38
2023,5_CM4,Q1,252600.0,49.81,10
2023,5_CM4,Q2,416388.89,67.27,9
2023,5_CM4,Q3,542666.67,94.83,15
2023,5_CM4,Q4a,715820.0,128.32,25
2023,5_CM4,Q4b,1178366.67,180.4,15
2023,5_RM4,Q1,,,0
2023,5_RM4,Q2,,,0
2023,5_RM4,Q3,,,0
2023,5_RM4,Q4a,613000.0,117.0,2
2023,5_RM4,Q4b,920000.0,205.0,1
2023,6_BR1,Q1,278325.71,49.63,70
2023,6_BR1,Q2,377920.98,67.92,87
2023,6_BR1,Q3,516171.72,88.83,89
2023,6_BR1,Q4a,685603.94,121.44,72
2023,6_BR1,Q4b,1169633.11,207.45,47
2023,6_BR2,Q1,292858.52,49.37,63
2023,6_BR2,Q2,422280.93,68.75,95
2023,6_BR2,Q3,551853.29,90.15,152
2023,6_BR2,Q4a,710262.37,120.03,97
2023,6_BR2,Q4b,1178758.04,197.71,56
2023,6_BR3,Q1,286351.0,48.14,145
2023,6_BR3,Q2,414903.6,69.25,131
2023,6_BR3,Q3,560310.0,89.62,150
2023,6_BR3,Q4a,777006.85,123.74,139
2023,6_BR3,Q4b,1226208.33,195.71,84
2023,6_BR4,Q1,222866.67,46.09,15
2023,6_BR4,Q2,392800.0,67.91,15
2023,6_BR4,Q3,595660.71,91.53,42
2023,6_BR4,Q4a,729410.08,120.51,65
2023,6_BR4,Q4b,875986.08,167.17,24
2023,6_BR5,Q1,299007.27,50.43,75
2023,6_BR5,Q2,405460.87,69.82,115
2023,6_BR5,Q3,484247.64,89.34,148
2023,6_BR5,Q4a,670093.82,116.92,80
2023,6_BR5,Q4b,1150694.44,195.08,18
2023,6_BR6,Q1,319224.05,49.59,58
2023,6_BR6,Q2,421559.78,68.96,92
2023,6_BR6,Q3,546288.52,89.8,149
2023,6_BR6,Q4a,740184.01,121.58,150
2023,6_BR6,Q4b,1088823.47,196.66,59
2023,6_BR7,Q1,298105.56,47.67,18
2023,6_BR7,Q2,434553.19,69.03,47
2023,6_BR7,Q3,566247.77,89.21,74
2023,6_BR7,Q4a,804455.56,124.63,45
2023,6_BR7,Q4b,1372868.42,223.1,38
2023,6_BR8,Q1,,,0
2023,6_BR8,Q2,310000.0,75.0,1
2023,6_BR8,Q3,,,0
2023,6_BR8,Q4a,457000.0,119.67,3
2023,6_BR8,Q4b,,,0
2023,6_DA14,Q1,,,0
2023,6_DA14,Q2,,,0
2023,6_DA14,Q3,319000.0,79.0,1
2023,6_DA14,Q4a,,,0
2023,6_DA14,Q4b,927500.0,161.0,2
2023,6_SE19,Q1,323575.0,43.4,20
2023,6_SE19,Q2,452192.31,66.24,13
2023,6_SE19,Q3,691818.18,91.8,11
2023,6_SE19,Q4a,730833.33,132.33,3
2023,6_SE19,Q4b,946333.33,191.33,3
2023,6_SE20,Q1,301863.27,48.01,98
2023,6_SE20,Q2,399985.47,67.74,59
2023,6_SE20,Q3,475630.54,87.94,46
2023,6_SE20,Q4a,723282.61,121.81,23
2023,6_SE20,Q4b,1037500.0,160.98,2
2023,6_SE26,Q1,338195.65,50.61,23
2023,6_SE26,Q2,416826.67,70.07,15
2023,6_SE26,Q3,459851.62,87.34,13
2023,6_SE26,Q4a,840083.33,125.17,12
2023,6_SE26,Q4b,1004000.0,152.55,2
2023,6_SE9,Q1,268325.75,47.12,8
2023,6_SE9,Q2,369720.0,68.24,30
2023,6_SE9,Q3,404000.0,86.71,10
2023,6_SE9,Q4a,638666.67,123.83,6
2023,6_SE9,Q4b,1094333.33,223.0,3
2023,6_TN14,Q1,385000.0,46.0,1
2023,6_TN14,Q2,,,0
2023,6_TN14,Q3,,,0
2023,6_TN14,Q4a,605285.0,119.25,4
2023,6_TN14,Q4b,,,0
2023,6_TN16,Q1,288541.67,52.15,12
2023,6_TN16,Q2,364362.5,68.9,20
2023,6_TN16,Q3,467837.5,89.64,40
2023,6_TN16,Q4a,566037.18,122.51,39
2023,6_TN16,Q4b,871900.0,214.69,10
2023,7_EC1M,Q1,,,0
2023,7_EC1M,Q2,,,0
2023,7_EC1M,Q3,,,0
2023,7_EC1M,Q4a,,,0
2023,7_EC1M,Q4b,,,0
2023,7_EC1N,Q1,429500.0,48.67,3
2023,7_EC1N,Q2,576250.0,67.5,4
2023,7_EC1N,Q3,1007600.0,95.6,5
2023,7_EC1N,Q4a,1150000.0,123.0,1
2023,7_EC1N,Q4b,,,0
2023,7_EC1R,Q1,488750.0,45.0,2
2023,7_EC1R,Q2,630000.0,70.0,1
2023,7_EC1R,Q3,,,0
2023,7_EC1R,Q4a,,,0
2023,7_EC1R,Q4b,,,0
2023,7_N19,Q1,479750.0,49.75,4
2023,7_N19,Q2,659000.0,73.73,3
2023,7_N19,Q3,,,0
2023,7_N19,Q4a,1200000.0,130.0,1
2023,7_N19,Q4b,,,0
2023,7_N1C,Q1,714200.0,48.0,5
2023,7_N1C,Q2,646000.0,71.33,3
2023,7_N1C,Q3,1092000.0,87.8,5
2023,7_N1C,Q4a,1623333.33,111.0,3
2023,7_N1C,Q4b,2242499.5,166.0,2
2023,7_N6,Q1,466944.44,44.24,9
2023,7_N6,Q2,610000.0,62.0,1
2023,7_N6,Q3,1998333.33,89.0,3
2023,7_N6,Q4a,1647142.86,129.29,7
2023,7_N6,Q4b,3327461.54,221.14,13
2023,7_N7,Q1,536428.57,53.43,7
2023,7_N7,Q2,,,0
2023,7_N7,Q3,810000.0,89.0,1
2023,7_N7,Q4a,815000.0,124.0,2
2023,7_N7,Q4b,1200000.0,172.0,1
2023,7_NW1,Q1,465836.27,45.33,70
2023,7_NW1,Q2,683413.04,68.21,46
2023,7_NW1,Q3,1030363.12,88.8,41
2023,7_NW1,Q4a,1400570.36,123.5,33
2023,7_NW1,Q4b,3306607.14,227.33,28
2023,7_NW2,Q1,400714.29,45.55,14
2023,7_NW2,Q2,573428.57,66.73,7
2023,7_NW2,Q3,630796.62,85.25,8
2023,7_NW2,Q4a,811666.67,120.67,3
2023,7_NW2,Q4b,2297000.0,207.57,5
2023,7_NW3,Q1,529448.31,48.22,87
2023,7_NW3,Q2,741344.15,68.58,82
2023,7_NW3,Q3,1153862.47,91.38,77
2023,7_NW3,Q4a,1664289.29,124.2,77
2023,7_NW3,Q4b,3456895.4,225.86,87
2023,7_NW5,Q1,435913.81,46.77,77
2023,7_NW5,Q2,640139.47,69.32,57
2023,7_NW5,Q3,870972.06,90.55,34
2023,7_NW5,Q4a,1326220.0,121.07,25
2023,7_NW5,Q4b,2402859.38,207.2,32
2023,7_NW6,Q1,472269.9,48.06,79
2023,7_NW6,Q2,620328.1,68.36,63
2023,7_NW6,Q3,790587.48,88.74,48
2023,7_NW6,Q4a,1233905.41,123.19,37
2023,7_NW6,Q4b,1767932.55,188.28,31
2023,7_NW8,Q1,409512.3,43.2,10
2023,7_NW8,Q2,617500.0,68.75,4
2023,7_NW8,Q3,1011875.0,90.25,4
2023,7_NW8,Q4a,1537840.71,116.57,7
2023,7_NW8,Q4b,5074166.67,259.33,3
2023,7_W1T,Q1,605428.57,42.44,7
2023,7_W1T,Q2,,,0
2023,7_W1T,Q3,1008333.33,88.0,3
2023,7_W1T,Q4a,1900000.0,137.0,1
2023,7_W1T,Q4b,3350000.0,278.0,1
2023,7_WC1A,Q1,624500.0,45.5,4
2023,7_WC1A,Q2,911250.0,65.75,4
2023,7_WC1A,Q3,1150000.0,84.9,2
2023,7_WC1A,Q4a,1410000.0,113.0,1
2023,7_WC1A,Q4b,,,0
2023,7_WC1B,Q1,775000.0,54.0,1
2023,7_WC1B,Q2,750000.0,64.5,4
2023,7_WC1B,Q3,1128750.0,88.75,4
2023,7_WC1B,Q4a,1312500.0,126.0,2
2023,7_WC1B,Q4b,,,0
2023,7_WC1E,Q1,610000.0,45.77,3
2023,7_WC1E,Q2,1012500.0,71.0,2
2023,7_WC1E,Q3,1130000.0,89.5,1
2023,7_WC1E,Q4a,,,0
2023,7_WC1E,Q4b,2300000.0,156.0,1
2023,7_WC1H,Q1,410798.33,33.2,45
2023,7_WC1H,Q2,843783.33,66.0,3
2023,7_WC1H,Q3,796666.67,83.67,3
2023,7_WC1H,Q4a,,,0
2023,7_WC1H,Q4b,,,0
2023,7_WC1N,Q1,560575.0,44.48,10
2023,7_WC1N,Q2,764611.11,67.89,9
2023,7_WC1N,Q3,954166.67,86.33,3
2023,7_WC1N,Q4a,1828333.33,130.1,3
2023,7_WC1N,Q4b,2000000.0,151.22,1
2023,7_WC1R,Q1,500000.0,50.0,1
2023,7_WC1R,Q2,550000.0,66.0,1
2023,7_WC1R,Q3,,,0
2023,7_WC1R,Q4a,,,0
2023,7_WC1R,Q4b,,,0
2023,7_WC1V,Q1,,,0
2023,7_WC1V,Q2,,,0
2023,7_WC1V,Q3,,,0
2023,7_WC1V,Q4a,,,0
2023,7_WC1V,Q4b,,,0
2023,7_WC1X,Q1,691643.18,50.07,22
2023,7_WC1X,Q2,682500.0,68.0,2
2023,7_WC1X,Q3,1303642.86,87.9,21
2023,7_WC1X,Q4a,1545150.0,107.33,3
2023,7_WC1X,Q4b,,,0
2023,7_WC2A,Q1,,,0
2023,7_WC2A,Q2,,,0
2023,7_WC2A,Q3,,,0
2023,7_WC2A,Q4a,,,0
2023,7_WC2A,Q4b,,,0
2023,7_WC2B,Q1,1015000.0,48.5,4
2023,7_WC2B,Q2,,,0
2023,7_WC2B,Q3,1847476.0,88.0,2
2023,7_WC2B,Q4a,2199000.0,138.0,2
2023,7_WC2B,Q4b,,,0
2023,7_WC2H,Q1,735805.56,45.86,9
2023,7_WC2H,Q2,829166.67,63.33,3
2023,7_WC2H,Q3,,,0
2023,7_WC2H,Q4a,2013333.33,129.67,3
2023,7_WC2H,Q4b,,,0
2023,8_E1,Q1,575000.0,47.0,1
2023,8_E1,Q2,504000.0,62.5,2
2023,8_E1,Q3,,,0
2023,8_E1,Q4a,,,0
2023,8_E1,Q4b,,,0
2023,8_EC1A,Q1,652944.44,49.78,9
2023,8_EC1A,Q2,791600.0,69.8,5
2023,8_EC1A,Q3,1323721.88,89.88,8
2023,8_EC1A,Q4a,,,0
2023,8_EC1A,Q4b,3271250.0,219.0,2
2023,8_EC1M,Q1,,,0
2023,8_EC1M,Q2,750000.0,76.0,1
2023,8_EC1M,Q3,,,0
2023,8_EC1M,Q4a,,,0
2023,8_EC1M,Q4b,,,0
2023,8_EC1N,Q1,,,0
2023,8_EC1N,Q2,,,0
2023,8_EC1N,Q3,1465000.0,100.5,2
2023,8_EC1N,Q4a,1360000.0,119.0,1
2023,8_EC1N,Q4b,,,0
2023,8_EC1Y,Q1,525000.0,48.56,2
2023,8_EC1Y,Q2,800000.0,75.0,1
2023,8_EC1Y,Q3,,,0
2023,8_EC1Y,Q4a,,,0
2023,8_EC1Y,Q4b,,,0
2023,8_EC2M,Q1,,,0
2023,8_EC2M,Q2,720000.0,70.0,1
2023,8_EC2M,Q3,,,0
2023,8_EC2M,Q4a,,,0
2023,8_EC2M,Q4b,,,0
2023,8_EC2R,Q1,,,0
2023,8_EC2R,Q2,,,0
2023,8_EC2R,Q3,,,0
2023,8_EC2R,Q4a,,,0
2023,8_EC2R,Q4b,,,0
2023,8_EC2V,Q1,,,0
2023,8_EC2V,Q2,,,0
2023,8_EC2V,Q3,,,0
2023,8_EC2V,Q4a,,,0
2023,8_EC2V,Q4b,,,0
2023,8_EC2Y,Q1,631714.29,43.85,14
2023,8_EC2Y,Q2,872943.5,69.86,18
2023,8_EC2Y,Q3,1251681.78,92.16,9
2023,8_EC2Y,Q4a,1674000.0,114.61,5
2023,8_EC2Y,Q4b,2590000.0,190.25,2
2023,8_EC3A,Q1,,,0
2023,8_EC3A,Q2,,,0
2023,8_EC3A,Q3,,,0
2023,8_EC3A,Q4a,,,0
2023,8_EC3A,Q4b,,,0
2023,8_EC3N,Q1,,,0
2023,8_EC3N,Q2,,,0
2023,8_EC3N,Q3,720000.0,80.3,1
2023,8_EC3N,Q4a,,,0
2023,8_EC3N,Q4b,,,0
2023,8_EC3R,Q1,590833.33,52.0,3
2023,8_EC3R,Q2,,,0
2023,8_EC3R,Q3,,,0
2023,8_EC3R,Q4a,,,0
2023,8_EC3R,Q4b,,,0
2023,8_EC3V,Q1,,,0
2023,8_EC3V,Q2,,,0
2023,8_EC3V,Q3,,,0
2023,8_EC3V,Q4a,,,0
2023,8_EC3V,Q4b,,,0
2023,8_EC4A,Q1,555500.0,43.0,4
2023,8_EC4A,Q2,,,0
2023,8_EC4A,Q3,930000.0,92.0,1
2023,8_EC4A,Q4a,1347500.0,127.0,1
2023,8_EC4A,Q4b,,,0
2023,8_EC4M,Q1,,,0
2023,8_EC4M,Q2,750000.0,60.0,1
2023,8_EC4M,Q3,,,0
2023,8_EC4M,Q4a,,,0
2023,8_EC4M,Q4b,,,0
2023,8_EC4R,Q1,,,0
2023,8_EC4R,Q2,,,0
2023,8_EC4R,Q3,625000.0,78.0,1
2023,8_EC4R,Q4a,,,0
2023,8_EC4R,Q4b,,,0
2023,8_EC4V,Q1,655000.0,42.0,1
2023,8_EC4V,Q2,703600.0,66.0,5
2023,8_EC4V,Q3,1200000.0,95.0,1
2023,8_EC4V,Q4a,965000.0,105.0,1
2023,8_EC4V,Q4b,2450000.0,152.0,1
2023,8_EC4Y,Q1,,,0
2023,8_EC4Y,Q2,,,0
2023,8_EC4Y,Q3,1060000.0,90.25,4
2023,8_EC4Y,Q4a,,,0
2023,8_EC4Y,Q4b,,,0
2023,8_WC2A,Q1,,,0
2023,8_WC2A,Q2,,,0
2023,8_WC2A,Q3,,,0
2023,8_WC2A,Q4a,,,0
2023,8_WC2A,Q4b,,,0
2023,9_CR0,Q1,246251.1,47.85,251
2023,9_CR0,Q2,341700.77,68.77,325
2023,9_CR0,Q3,428883.44,88.78,308
2023,9_CR0,Q4a,538490.46,118.45,166
2023,9_CR0,Q4b,816795.79,191.62,42
2023,9_CR2,Q1,265350.17,49.88,89
2023,9_CR2,Q2,353474.49,67.61,122
2023,9_CR2,Q3,493298.86,88.64,132
2023,9_CR2,Q4a,631066.67,124.62,100
2023,9_CR2,Q4b,905544.25,191.95,53
2023,9_CR3,Q1,,,0
2023,9_CR3,Q2,,,0
2023,9_CR3,Q3,491100.0,91.8,5
2023,9_CR3,Q4a,586166.67,113.5,3
2023,9_CR3,Q4b,550000.0,155.0,1
2023,9_CR4,Q1,,,0
2023,9_CR4,Q2,,,0
2023,9_CR4,Q3,,,0
2023,9_CR4,Q4a,,,0
2023,9_CR4,Q4b,,,0
2023,9_CR5,Q1,234638.89,48.57,18
2023,9_CR5,Q2,417407.61,69.8,46
2023,9_CR5,Q3,484445.71,91.24,68
2023,9_CR5,Q4a,646299.35,121.53,77
2023,9_CR5,Q4b,850580.65,176.99,31
2023,9_CR6,Q1,,,0
2023,9_CR6,Q2,,,0
2023,9_CR6,Q3,526000.0,93.5,2
2023,9_CR6,Q4a,600000.0,113.33,3
2023,9_CR6,Q4b,,,0
2023,9_CR7,Q1,229792.95,47.0,39
2023,9_CR7,Q2,343028.12,68.5,60
2023,9_CR7,Q3,421337.7,90.04,98
2023,9_CR7,Q4a,470381.25,117.23,48
2023,9_CR7,Q4b,569400.0,202.44,10
2023,9_CR8,Q1,272848.96,48.87,48
2023,9_CR8,Q2,352066.13,68.35,71
2023,9_CR8,Q3,487855.2,88.31,89
2023,9_CR8,Q4a,633767.65,125.85,68
2023,9_CR8,Q4b,969787.2,199.5,93
2023,9_SE19,Q1,299279.58,47.28,69
2023,9_SE19,Q2,393525.0,67.74,36
2023,9_SE19,Q3,553422.29,88.04,52
2023,9_SE19,Q4a,751233.33,122.48,27
2023,9_SE19,Q4b,1271250.0,224.62,8
2023,9_SE25,Q1,268186.57,47.14,89
2023,9_SE25,Q2,373734.8,68.74,99
2023,9_SE25,Q3,473132.14,88.53,112
2023,9_SE25,Q4a,571731.06,119.69,36
2023,9_SE25,Q4b,642000.0,181.8,5
2023,9_SW16,Q1,325272.73,53.27,11
2023,9_SW16,Q2,368922.5,65.49,20
2023,9_SW16,Q3,541573.53,93.13,34
2023,9_SW16,Q4a,647166.67,122.51,27
2023,9_SW16,Q4b,780562.4,175.25,15
2024,10_HA0,Q1,,,0
2024,10_HA0,Q2,,,0
2024,10_HA0,Q3,555000.0,86.5,2
2024,10_HA0,Q4a,610000.0,110.0,1
2024,10_HA0,Q4b,,,0
2024,10_NW10,Q1,312750.0,51.25,4
2024,10_NW10,Q2,340000.0,66.46,4
2024,10_NW10,Q3,613333.33,88.0,3
2024,10_NW10,Q4a,636666.67,141.67,3
2024,10_NW10,Q4b,,,0
2024,10_TW8,Q1,290000.0,42.0,1
2024,10_TW8,Q2,,,0
2024,10_TW8,Q3,,,0
2024,10_TW8,Q4a,,,0
2024,10_TW8,Q4b,,,0
2024,10_UB1,Q1,288208.33,49.67,12
2024,10_UB1,Q2,348688.64,68.27,11
2024,10_UB1,Q3,474525.0,89.0,20
2024,10_UB1,Q4a,583214.29,124.5,14
2024,10_UB1,Q4b,811000.0,204.0,1
2024,10_UB2,Q1,302892.86,50.43,7
2024,10_UB2,Q2,347970.59,69.72,17
2024,10_UB2,Q3,457461.54,91.47,13
2024,10_UB2,Q4a,537000.0,122.2,5
2024,10_UB2,Q4b,,,0
2024,10_UB5,Q1,269058.82,49.29,34
2024,10_UB5,Q2,375684.78,70.1,46
2024,10_UB5,Q3,488426.47,86.27,34
2024,10_UB5,Q4a,547500.0,113.0,12
2024,10_UB5,Q4b,,,0
2024,10_UB6,Q1,318118.0,50.72,25
2024,10_UB6,Q2,448844.23,69.63,26
2024,10_UB6,Q3,527040.0,88.38,65
2024,10_UB6,Q4a,603809.52,118.76,21
2024,10_UB6,Q4b,735000.0,157.0,1
2024,10_W12,Q1,,,0
2024,10_W12,Q2,642499.5,67.5,2
2024,10_W12,Q3,,,0
2024,10_W12,Q4a,,,0
2024,10_W12,Q4b,,,0
2024,10_W13,Q1,355080.86,47.93,35
2024,10_W13,Q2,489256.71,68.75,34
2024,10_W13,Q3,777286.11,91.06,36
2024,10_W13,Q4a,984745.92,119.64,49
2024,10_W13,Q4b,1461391.3,194.12,23
2024,10_W3,Q1,330638.16,45.31,76
2024,10_W3,Q2,479052.46,68.59,61
2024,10_W3,Q3,561085.98,87.59,49
2024,10_W3,Q4a,965989.86,122.17,44
2024,10_W3,Q4b,1491631.04,195.07,27
2024,10_W4,Q1,432750.0,46.85,20
2024,10_W4,Q2,654655.14,68.47,22
2024,10_W4,Q3,891593.64,89.93,14
2024,10_W4,Q4a,1427546.3,124.0,27
2024,10_W4,Q4b,1851950.0,194.3,10
2024,10_W5,Q1,413490.83,49.37,60
2024,10_W5,Q2,531522.97,67.96,74
2024,10_W5,Q3,729878.85,90.63,52
2024,10_W5,Q4a,1055257.26,125.99,62
2024,10_W5,Q4b,1883293.73,215.03,52
2024,10_W7,Q1,362595.24,49.62,21
2024,10_W7,Q2,458617.68,68.28,34
2024,10_W7,Q3,608919.12,86.84,33
2024,10_W7,Q4a,811220.0,118.33,25
2024,10_W7,Q4b,1158250.0,182.5,4
2024,11_EN1,Q1,267256.41,46.59,39
2024,11_EN1,Q2,405448.11,68.19,53
2024,11_EN1,Q3,497286.84,88.37,90
2024,11_EN1,Q4a,598036.96,117.21,46
2024,11_EN1,Q4b,808166.67,173.67,3
2024,11_EN2,Q1,287388.89,48.21,27
2024,11_EN2,Q2,446590.7,68.49,37
2024,11_EN2,Q3,564270.49,89.12,61
2024,11_EN2,Q4a,696973.33,118.6,48
2024,11_EN2,Q4b,975892.86,191.33,14
2024,11_EN3,Q1,228774.41,47.75,37
2024,11_EN3,Q2,363261.79,69.53,42
2024,11_EN3,Q3,418498.94,87.28,84
2024,11_EN3,Q4a,471618.16,117.79,19
2024,11_EN3,Q4b,,,0
2024,11_EN4,Q1,311416.67,49.0,6
2024,11_EN4,Q2,417125.0,70.0,2
2024,11_EN4,Q3,586300.0,90.75,8
2024,11_EN4,Q4a,795750.0,119.5,6
2024,11_EN4,Q4b,1402900.0,224.24,10
2024,11_EN8,Q1,,,0
2024,11_EN8,Q2,,,0
2024,11_EN8,Q3,497624.0,87.0,1
2024,11_EN8,Q4a,,,0
2024,11_EN8,Q4b,560000.0,175.9,2
2024,11_N11,Q1,392500.0,52.5,2
2024,11_N11,Q2,595000.0,73.17,4
2024,11_N11,Q3,657766.67,90.05,15
2024,11_N11,Q4a,777074.71,120.94,17
2024,11_N11,Q4b,1020000.0,170.5,2
2024,11_N13,Q1,311892.86,47.43,14
2024,11_N13,Q2,366545.0,66.13,30
2024,11_N13,Q3,537636.08,90.47,38
2024,11_N13,Q4a,735086.24,122.54,29
2024,11_N13,Q4b,924257.14,178.67,14
2024,11_N14,Q1,277288.46,50.93,13
2024,11_N14,Q2,399562.5,67.51,24
2024,11_N14,Q3,601735.29,88.74,17
2024,11_N14,Q4a,878140.0,123.9,25
2024,11_N14,Q4b,1014458.33,171.67,12
2024,11_N18,Q1,252062.5,43.62,8
2024,11_N18,Q2,367750.0,71.53,16
2024,11_N18,Q3,417294.12,85.54,34
2024,11_N18,Q4a,503750.0,111.25,8
2024,11_N18,Q4b,,,0
2024,11_N21,Q1,311313.24,52.06,17
2024,11_N21,Q2,418682.19,68.16,27
2024,11_N21,Q3,580684.78,89.95,23
2024,11_N21,Q4a,855411.41,127.97,44
2024,11_N21,Q4b,1331726.96,198.12,28
2024,11_N22,Q1,,,0
2024,11_N22,Q2,,,0
2024,11_N22,Q3,,,0
2024,11_N22,Q4a,643750.0,125.0,2
2024,11_N22,Q4b,,,0
2024,11_N9,Q1,244854.17,46.94,24
2024,11_N9,Q2,371063.97,69.62,39
2024,11_N9,Q3,425799.97,87.93,58
2024,11_N9,Q4a,461843.75,120.4,16
2024,11_N9,Q4b,,,0
2024,12_BR7,Q1,,,0
2024,12_BR7,Q2,476666.67,67.0,3
2024,12_BR7,Q3,655000.0,92.0,1
2024,12_BR7,Q4a,,,0
2024,12_BR7,Q4b,,,0
2024,12_DA15,Q1,,,0
2024,12_DA15,Q2,,,0
2024,12_DA15,Q3,476500.0,99.0,2
2024,12_DA15,Q4a,520000.0,104.0,1
2024,12_DA15,Q4b,,,0
2024,12_SE10,Q1,367790.2,49.74,82
2024,12_SE10,Q2,517367.01,68.61,84
2024,12_SE10,Q3,678294.86,89.09,95
2024,12_SE10,Q4a,916565.79,123.18,38
2024,12_SE10,Q4b,1535312.5,213.34,8
2024,12_SE12,Q1,235000.0,46.0,2
2024,12_SE12,Q2,353625.0,69.15,4
2024,12_SE12,Q3,477991.67,83.72,6
2024,12_SE12,Q4a,685863.64,122.54,11
2024,12_SE12,Q4b,,,0
2024,12_SE13,Q1,,,0
2024,12_SE13,Q2,361625.0,71.0,2
2024,12_SE13,Q3,690000.0,94.24,3
2024,12_SE13,Q4a,,,0
2024,12_SE13,Q4b,,,0
2024,12_SE18,Q1,295141.46,49.13,82
2024,12_SE18,Q2,393068.25,69.14,87
2024,12_SE18,Q3,461138.33,89.27,99
2024,12_SE18,Q4a,548642.42,119.93,33
2024,12_SE18,Q4b,645000.0,163.5,2
2024,12_SE2,Q1,255833.33,51.33,6
2024,12_SE2,Q2,351339.78,70.79,23
2024,12_SE2,Q3,433081.08,87.3,37
2024,12_SE2,Q4a,534700.0,115.56,10
2024,12_SE2,Q4b,550000.0,170.0,1
2024,12_SE28,Q1,301760.0,51.97,25
2024,12_SE28,Q2,346491.88,70.41,16
2024,12_SE28,Q3,411458.33,85.44,12
2024,12_SE28,Q4a,396666.67,109.0,3
2024,12_SE28,Q4b,,,0
2024,12_SE3,Q1,330803.45,48.68,42
2024,12_SE3,Q2,471170.18,69.8,57
2024,12_SE3,Q3,591993.3,88.19,54
2024,12_SE3,Q4a,852311.74,126.21,35
2024,12_SE3,Q4b,1855000.0,224.5,16
2024,12_SE7,Q1,292673.91,47.29,23
2024,12_SE7,Q2,405927.27,67.88,22
2024,12_SE7,Q3,581527.78,89.09,18
2024,12_SE7,Q4a,716666.67,116.08,24
2024,12_SE7,Q4b,866666.67,181.17,6
2024,12_SE8,Q1,394166.67,36.67,3
2024,12_SE8,Q2,454500.0,65.57,7
2024,12_SE8,Q3,525500.0,86.2,5
2024,12_SE8,Q4a,,,0
2024,12_SE8,Q4b,942500.0,155.11,2
2024,12_SE9,Q1,275243.24,51.02,37
2024,12_SE9,Q2,375181.82,67.01,44
2024,12_SE9,Q3,503075.46,89.03,106
2024,12_SE9,Q4a,675992.53,119.71,75
2024,12_SE9,Q4b,877750.0,168.5,16
2024,13_E1,Q1,,,0
2024,13_E1,Q2,,,0
2024,13_E1,Q3,,,0
2024,13_E1,Q4a,,,0
2024,13_E1,Q4b,,,0
2024,13_E2,Q1,435264.71,48.3,17
2024,13_E2,Q2,514437.5,67.88,16
2024,13_E2,Q3,664153.85,87.5,13
2024,13_E2,Q4a,873000.0,117.0,1
2024,13_E2,Q4b,,,0
2024,13_E20,Q1,,,0
2024,13_E20,Q2,,,0
2024,13_E20,Q3,,,0
2024,13_E20,Q4a,,,0
2024,13_E20,Q4b,,,0
2024,13_E5,Q1,409363.14,48.85,64
2024,13_E5,Q2,555679.76,69.39,25
2024,13_E5,Q3,761854.17,88.62,24
2024,13_E5,Q4a,1085831.0,119.37,29
2024,13_E5,Q4b,1495666.67,178.66,9
2024,13_E8,Q1,468511.65,49.11,51
2024,13_E8,Q2,565053.85,68.08,52
2024,13_E8,Q3,780649.44,88.54,41
2024,13_E8,Q4a,1083051.72,121.53,29
2024,13_E8,Q4b,2071388.89,181.96,9
2024,13_E9,Q1,397150.0,48.4,47
2024,13_E9,Q2,551063.02,68.67,43
2024,13_E9,Q3,705697.73,89.19,22
2024,13_E9,Q4a,1137187.5,119.19,16
2024,13_E9,Q4b,2031428.57,183.71,7
2024,13_EC1V,Q1,520000.0,36.0,1
2024,13_EC1V,Q2,846000.0,76.0,2
2024,13_EC1V,Q3,,,0
2024,13_EC1V,Q4a,1300000.0,104.0,1
2024,13_EC1V,Q4b,,,0
2024,13_EC2A,Q1,615538.89,43.56,9
2024,13_EC2A,Q2,757500.0,72.5,2
2024,13_EC2A,Q3,1287486.67,86.67,6
2024,13_EC2A,Q4a,2600000.0,134.0,1
2024,13_EC2A,Q4b,,,0
2024,13_N1,Q1,418075.47,49.46,53
2024,13_N1,Q2,608350.48,68.16,52
2024,13_N1,Q3,758980.77,86.3,13
2024,13_N1,Q4a,1557187.5,128.1,16
2024,13_N1,Q4b,2291000.0,194.42,10
2024,13_N15,Q1,,,0
2024,13_N15,Q2,,,0
2024,13_N15,Q3,,,0
2024,13_N15,Q4a,,,0
2024,13_N15,Q4b,,,0
2024,13_N16,Q1,438012.5,49.29,68
2024,13_N16,Q2,543525.18,68.57,49
2024,13_N16,Q3,853816.79,89.62,48
2024,13_N16,Q4a,1267154.37,129.02,30
2024,13_N16,Q4b,1627508.46,204.46,24
2024,13_N4,Q1,451652.49,50.81,43
2024,13_N4,Q2,576808.33,68.17,30
2024,13_N4,Q3,749810.81,86.81,37
2024,13_N4,Q4a,982000.0,121.38,8
2024,13_N4,Q4b,1310000.0,183.0,1
2024,13_N5,Q1,557500.0,54.0,2
2024,13_N5,Q2,550000.0,67.0,1
2024,13_N5,Q3,,,0
2024,13_N5,Q4a,,,0
2024,13_N5,Q4b,,,0
2024,14_NW10,Q1,325000.0,46.41,2
2024,14_NW10,Q2,367500.0,75.0,1
2024,14_NW10,Q3,809333.33,86.0,3
2024,14_NW10,Q4a,755000.0,117.5,2
2024,14_NW10,Q4b,,,0
2024,14_SW10,Q1,189606.0,50.0,2
2024,14_SW10,Q2,,,0
2024,14_SW10,Q3,,,0
2024,14_SW10,Q4a,,,0
2024,14_SW10,Q4b,,,0
2024,14_SW6,Q1,499928.83,48.49,92
2024,14_SW6,Q2,681355.03,67.93,75
2024,14_SW6,Q3,937716.64,89.14,91
2024,14_SW6,Q4a,1471428.47,128.45,95
2024,14_SW6,Q4b,2577997.53,207.17,99
2024,14_W10,Q1,,,0
2024,14_W10,Q2,,,0
2024,14_W10,Q3,,,0
2024,14_W10,Q4a,,,0
2024,14_W10,Q4b,,,0
2024,14_W11,Q1,,,0
2024,14_W11,Q2,354000.0,70.0,1
2024,14_W11,Q3,,,0
2024,14_W11,Q4a,,,0
2024,14_W11,Q4b,,,0
2024,14_W12,Q1,410855.78,48.0,59
2024,14_W12,Q2,586167.67,67.26,30
2024,14_W12,Q3,761562.07,88.2,29
2024,14_W12,Q4a,1285778.9,126.52,21
2024,14_W12,Q4b,1644751.5,178.7,20
2024,14_W14,Q1,443718.75,47.1,48
2024,14_W14,Q2,624500.0,66.36,29
2024,14_W14,Q3,870584.35,89.08,23
2024,14_W14,Q4a,1217772.85,124.06,20
2024,14_W14,Q4b,2187496.15,209.32,13
2024,14_W3,Q1,350000.0,51.33,3
2024,14_W3,Q2,440700.0,65.4,5
2024,14_W3,Q3,650250.0,91.0,2
2024,14_W3,Q4a,950000.0,122.0,2
2024,14_W3,Q4b,,,0
2024,14_W4,Q1,,,0
2024,14_W4,Q2,,,0
2024,14_W4,Q3,,,0
2024,14_W4,Q4a,,,0
2024,14_W4,Q4b,,,0
2024,14_W6,Q1,451352.5,43.8,62
2024,14_W6,Q2,593650.0,68.39,30
2024,14_W6,Q3,1011971.63,92.79,38
2024,14_W6,Q4a,1315160.0,123.82,25
2024,14_W6,Q4b,2490211.54,209.95,26
2024,15_N10,Q1,429523.91,48.53,23
2024,15_N10,Q2,554300.0,70.86,15
2024,15_N10,Q3,756571.43,92.52,14
2024,15_N10,Q4a,1242111.92,131.26,13
2024,15_N10,Q4b,1866528.0,197.91,35
2024,15_N11,Q1,290000.0,54.0,1
2024,15_N11,Q2,427571.43,67.87,7
2024,15_N11,Q3,607500.0,81.17,2
2024,15_N11,Q4a,1127111.11,125.67,9
2024,15_N11,Q4b,1250000.0,197.0,1
2024,15_N13,Q1,,,0
2024,15_N13,Q2,,,0
2024,15_N13,Q3,525000.0,96.0,3
2024,15_N13,Q4a,,,0
2024,15_N13,Q4b,,,0
2024,15_N15,Q1,335250.0,49.55,20
2024,15_N15,Q2,481481.25,69.03,40
2024,15_N15,Q3,642939.5,89.7,32
2024,15_N15,Q4a,749194.44,117.44,18
2024,15_N15,Q4b,787500.0,194.0,2
2024,15_N17,Q1,323938.64,46.18,44
2024,15_N17,Q2,408373.16,69.12,38
2024,15_N17,Q3,547065.44,91.61,50
2024,15_N17,Q4a,673278.57,119.24,28
2024,15_N17,Q4b,555000.0,159.0,1
2024,15_N18,Q1,,,0
2024,15_N18,Q2,,,0
2024,15_N18,Q3,,,0
2024,15_N18,Q4a,,,0
2024,15_N18,Q4b,,,0
2024,15_N2,Q1,392375.0,46.84,4
2024,15_N2,Q2,448428.57,68.14,7
2024,15_N2,Q3,649375.0,84.75,4
2024,15_N2,Q4a,1480666.67,134.33,3
2024,15_N2,Q4b,2372857.14,227.81,7
2024,15_N22,Q1,353732.53,47.67,38
2024,15_N22,Q2,438000.0,66.97,33
2024,15_N22,Q3,644631.23,89.22,39
2024,15_N22,Q4a,749796.3,118.49,27
2024,15_N22,Q4b,1683333.33,220.84,6
2024,15_N4,Q1,473053.57,48.03,28
2024,15_N4,Q2,541795.45,66.23,22
2024,15_N4,Q3,806531.25,95.17,16
2024,15_N4,Q4a,998882.14,129.43,14
2024,15_N4,Q4b,1511700.0,185.93,17
2024,15_N6,Q1,436663.67,47.44,24
2024,15_N6,Q2,671307.69,70.85,26
2024,15_N6,Q3,885784.09,89.82,22
2024,15_N6,Q4a,1424062.5,124.89,16
2024,15_N6,Q4b,2394109.38,221.9,16
2024,15_N8,Q1,422646.32,49.58,68
2024,15_N8,Q2,527607.39,66.61,61
2024,15_N8,Q3,697242.5,91.53,24
2024,15_N8,Q4a,1068978.51,123.94,45
2024,15_N8,Q4b,1509331.77,179.45,26
2024,16_HA1,Q1,289105.65,49.61,37
2024,16_HA1,Q2,395411.71,68.28,35
2024,16_HA1,Q3,559293.25,91.36,36
2024,16_HA1,Q4a,667815.38,125.8,26
2024,16_HA1,Q4b,993666.67,188.0,12
2024,16_HA2,Q1,281380.0,48.29,25
2024,16_HA2,Q2,427563.67,70.31,33
2024,16_HA2,Q3,569785.71,90.03,56
2024,16_HA2,Q4a,675731.8,123.22,50
2024,16_HA2,Q4b,820904.55,171.91,11
2024,16_HA3,Q1,280700.0,48.02,10
2024,16_HA3,Q2,453543.1,69.43,29
2024,16_HA3,Q3,519841.4,90.19,55
2024,16_HA3,Q4a,649592.59,123.6,27
2024,16_HA3,Q4b,891000.0,185.14,7
2024,16_HA4,Q1,,,0
2024,16_HA4,Q2,,,0
2024,16_HA4,Q3,,,0
2024,16_HA4,Q4a,,,0
2024,16_HA4,Q4b,,,0
2024,16_HA5,Q1,333272.73,50.72,11
2024,16_HA5,Q2,448933.33,68.18,27
2024,16_HA5,Q3,694083.33,90.63,36
2024,16_HA5,Q4a,837168.65,124.27,83
2024,16_HA5,Q4b,1339716.67,202.68,42
2024,16_HA7,Q1,317941.18,49.08,17
2024,16_HA7,Q2,467581.67,70.29,30
2024,16_HA7,Q3,554833.33,88.85,39
2024,16_HA7,Q4a,750557.73,122.33,26
2024,16_HA7,Q4b,1251775.86,196.28,29
2024,16_HA8,Q1,317250.0,49.22,8
2024,16_HA8,Q2,415111.11,67.83,9
2024,16_HA8,Q3,523859.09,88.64,22
2024,16_HA8,Q4a,622454.55,121.19,11
2024,16_HA8,Q4b,1047125.0,192.39,8
2024,16_NW9,Q1,,,0
2024,16_NW9,Q2,,,0
2024,16_NW9,Q3,,,0
2024,16_NW9,Q4a,,,0
2024,16_NW9,Q4b,,,0
2024,16_UB5,Q1,250000.0,54.0,1
2024,16_UB5,Q2,445000.0,73.5,2
2024,16_UB5,Q3,475000.0,78.0,1
2024,16_UB5,Q4a,410000.0,103.86,1
2024,16_UB5,Q4b,,,0
2024,16_WD23,Q1,,,0
2024,16_WD23,Q2,,,0
2024,16_WD23,Q3,,,0
2024,16_WD23,Q4a,,,0
2024,16_WD23,Q4b,,,0
2024,17_RM1,Q1,222210.53,45.88,38
2024,17_RM1,Q2,330153.54,70.18,41
2024,17_RM1,Q3,496640.54,89.3,37
2024,17_RM1,Q4a,559187.5,121.48,40
2024,17_RM1,Q4b,685366.67,174.3,6
2024,17_RM11,Q1,281900.0,49.85,25
2024,17_RM11,Q2,400479.63,69.2,54
2024,17_RM11,Q3,497084.46,89.63,74
2024,17_RM11,Q4a,635957.76,122.57,58
2024,17_RM11,Q4b,1072388.89,217.77,18
2024,17_RM12,Q1,272925.68,47.68,22
2024,17_RM12,Q2,395342.11,68.74,57
2024,17_RM12,Q3,459927.97,91.55,106
2024,17_RM12,Q4a,561791.67,121.16,42
2024,17_RM12,Q4b,762875.0,167.25,8
2024,17_RM13,Q1,248975.0,52.56,20
2024,17_RM13,Q2,347516.48,70.92,81
2024,17_RM13,Q3,424165.75,87.02,95
2024,17_RM13,Q4a,497250.0,120.48,26
2024,17_RM13,Q4b,660000.0,164.0,1
2024,17_RM14,Q1,349882.35,50.27,17
2024,17_RM14,Q2,458093.75,69.61,48
2024,17_RM14,Q3,544947.5,88.58,68
2024,17_RM14,Q4a,707000.0,123.54,54
2024,17_RM14,Q4b,1013588.24,195.71,17
2024,17_RM2,Q1,266414.71,50.85,17
2024,17_RM2,Q2,392111.11,68.15,27
2024,17_RM2,Q3,516000.0,89.24,30
2024,17_RM2,Q4a,653946.43,123.85,28
2024,17_RM2,Q4b,1016643.75,201.86,16
2024,17_RM3,Q1,242458.33,48.51,36
2024,17_RM3,Q2,367425.68,69.97,74
2024,17_RM3,Q3,409598.96,87.34,96
2024,17_RM3,Q4a,554651.52,122.74,33
2024,17_RM3,Q4b,790625.0,191.79,8
2024,17_RM4,Q1,,,0
2024,17_RM4,Q2,,,0
2024,17_RM4,Q3,700000.0,94.0,1
2024,17_RM4,Q4a,,,0
2024,17_RM4,Q4b,1200000.0,308.0,1
2024,17_RM5,Q1,290500.0,47.66,6
2024,17_RM5,Q2,384333.33,71.38,21
2024,17_RM5,Q3,437216.38,87.39,56
2024,17_RM5,Q4a,512320.75,124.27,16
2024,17_RM5,Q4b,590000.0,189.5,2
2024,17_RM7,Q1,258388.89,46.86,18
2024,17_RM7,Q2,364035.71,68.9,42
2024,17_RM7,Q3,432681.45,88.14,62
2024,17_RM7,Q4a,483872.22,113.74,18
2024,17_RM7,Q4b,577500.0,158.5,4
2024,18_HA4,Q1,366177.42,51.31,31
2024,18_HA4,Q2,480077.0,68.59,95
2024,18_HA4,Q3,590553.47,89.41,101
2024,18_HA4,Q4a,724611.84,119.31,76
2024,18_HA4,Q4b,997580.0,177.64,20
2024,18_HA5,Q1,388428.57,53.14,7
2024,18_HA5,Q2,526107.14,69.29,14
2024,18_HA5,Q3,659628.0,91.75,25
2024,18_HA5,Q4a,769026.32,121.41,19
2024,18_HA5,Q4b,1015757.14,180.14,7
2024,18_HA6,Q1,332441.86,52.73,14
2024,18_HA6,Q2,442600.0,68.9,10
2024,18_HA6,Q3,540870.97,87.33,31
2024,18_HA6,Q4a,816538.46,122.38,26
2024,18_HA6,Q4b,1654687.5,221.12,16
2024,18_TW19,Q1,,,0
2024,18_TW19,Q2,,,0
2024,18_TW19,Q3,,,0
2024,18_TW19,Q4a,,,0
2024,18_TW19,Q4b,,,0
2024,18_UB10,Q1,317531.25,50.31,32
2024,18_UB10,Q2,405332.25,67.27,51
2024,18_UB10,Q3,576104.48,89.78,67
2024,18_UB10,Q4a,696434.14,120.37,35
2024,18_UB10,Q4b,1044526.32,194.26,19
2024,18_UB3,Q1,273222.5,46.92,44
2024,18_UB3,Q2,409885.0,69.66,40
2024,18_UB3,Q3,460804.17,85.96,36
2024,18_UB3,Q4a,479187.5,127.6,10
2024,18_UB3,Q4b,680000.0,154.0,1
2024,18_UB4,Q1,275621.74,47.59,34
2024,18_UB4,Q2,401303.85,66.71,39
2024,18_UB4,Q3,523776.74,87.37,43
2024,18_UB4,Q4a,553357.14,122.34,14
2024,18_UB4,Q4b,,,0
2024,18_UB5,Q1,319500.0,42.84,4
2024,18_UB5,Q2,453166.67,74.39,3
2024,18_UB5,Q3,,,0
2024,18_UB5,Q4a,530000.0,114.0,1
2024,18_UB5,Q4b,,,0
2024,18_UB7,Q1,288541.38,46.45,29
2024,18_UB7,Q2,379079.56,69.46,50
2024,18_UB7,Q3,459964.77,88.08,44
2024,18_UB7,Q4a,538266.67,113.48,15
2024,18_UB7,Q4b,561625.0,169.0,4
2024,18_UB8,Q1,269145.12,44.99,41
2024,18_UB8,Q2,411987.5,68.93,40
2024,18_UB8,Q3,498148.15,89.76,54
2024,18_UB8,Q4a,637824.91,118.79,35
2024,18_UB8,Q4b,734166.67,188.0,3
2024,18_UB9,Q1,308227.27,44.44,11
2024,18_UB9,Q2,361166.67,68.79,15
2024,18_UB9,Q3,515692.31,87.0,13
2024,18_UB9,Q4a,725000.0,128.6,3
2024,18_UB9,Q4b,740250.0,173.5,4
2024,18_WD3,Q1,,,0
2024,18_WD3,Q2,284166.67,66.29,3
2024,18_WD3,Q3,,,0
2024,18_WD3,Q4a,,,0
2024,18_WD3,Q4b,,,0
2024,19_TW1,Q1,314900.0,47.14,5
2024,19_TW1,Q2,,,0
2024,19_TW1,Q3,,,0
2024,19_TW1,Q4a,,,0
2024,19_TW1,Q4b,,,0
2024,19_TW13,Q1,282280.51,49.02,47
2024,19_TW13,Q2,374894.64,68.2,56
2024,19_TW13,Q3,453486.25,87.68,40
2024,19_TW13,Q4a,538466.67,121.47,15
2024,19_TW13,Q4b,,,0
2024,19_TW14,Q1,276158.81,51.14,21
2024,19_TW14,Q2,376894.83,68.93,29
2024,19_TW14,Q3,453128.26,88.49,46
2024,19_TW14,Q4a,517000.0,118.8,5
2024,19_TW14,Q4b,,,0
2024,19_TW15,Q1,,,0
2024,19_TW15,Q2,,,0
2024,19_TW15,Q3,,,0
2024,19_TW15,Q4a,,,0
2024,19_TW15,Q4b,,,0
2024,19_TW3,Q1,281600.0,50.52,15
2024,19_TW3,Q2,338354.17,67.98,24
2024,19_TW3,Q3,512303.57,90.54,28
2024,19_TW3,Q4a,623384.62,122.54,13
2024,19_TW3,Q4b,705000.0,158.0,2
2024,19_TW4,Q1,233000.0,45.0,5
2024,19_TW4,Q2,350479.17,67.32,12
2024,19_TW4,Q3,491191.18,87.62,34
2024,19_TW4,Q4a,604375.0,127.0,4
2024,19_TW4,Q4b,,,0
2024,19_TW5,Q1,445000.0,58.6,1
2024,19_TW5,Q2,297390.0,68.8,5
2024,19_TW5,Q3,521598.0,90.56,25
2024,19_TW5,Q4a,614214.29,116.5,14
2024,19_TW5,Q4b,843666.67,170.67,6
2024,19_TW7,Q1,278104.88,47.72,41
2024,19_TW7,Q2,415631.63,67.91,49
2024,19_TW7,Q3,624994.92,88.53,61
2024,19_TW7,Q4a,726587.5,125.52,40
2024,19_TW7,Q4b,1032000.0,195.57,7
2024,19_TW8,Q1,350750.48,50.26,27
2024,19_TW8,Q2,453841.46,69.13,41
2024,19_TW8,Q3,612988.37,89.48,43
2024,19_TW8,Q4a,706941.18,122.25,17
2024,19_TW8,Q4b,1000000.0,184.0,3
2024,19_UB2,Q1,231666.67,43.67,3
2024,19_UB2,Q2,200000.0,74.0,1
2024,19_UB2,Q3,514000.0,85.2,5
2024,19_UB2,Q4a,780000.0,128.0,1
2024,19_UB2,Q4b,802500.0,163.5,2
2024,19_W3,Q1,350000.0,48.0,1
2024,19_W3,Q2,,,0
2024,19_W3,Q3,725000.0,96.5,2
2024,19_W3,Q4a,790375.0,121.0,4
2024,19_W3,Q4b,,,0
2024,19_W4,Q1,406723.59,48.96,51
2024,19_W4,Q2,592623.08,68.83,39
2024,19_W4,Q3,828334.15,87.39,41
2024,19_W4,Q4a,1233720.0,124.93,35
2024,19_W4,Q4b,2091547.44,199.95,48
2024,19_W5,Q1,,,0
2024,19_W5,Q2,310000.0,74.39,1
2024,19_W5,Q3,,,0
2024,19_W5,Q4a,975000.0,143.0,1
2024,19_W5,Q4b,,,0
2024,19_W6,Q1,,,0
2024,19_W6,Q2,719000.0,70.0,2
2024,19_W6,Q3,,,0
2024,19_W6,Q4a,,,0
2024,19_W6,Q4b,,,0
2024,1_IG11,Q1,231348.84,50.73,43
2024,1_IG11,Q2,302692.18,66.79,39
2024,1_IG11,Q3,384533.36,88.82,45
2024,1_IG11,Q4a,523131.58,120.14,19
2024,1_IG11,Q4b,648200.0,183.8,5
2024,1_RM10,Q1,234611.94,49.49,31
2024,1_RM10,Q2,352900.0,68.0,65
2024,1_RM10,Q3,392486.11,87.61,36
2024,1_RM10,Q4a,468714.29,114.08,7
2024,1_RM10,Q4b,,,0
2024,1_RM5,Q1,,,0
2024,1_RM5,Q2,,,0
2024,1_RM5,Q3,,,0
2024,1_RM5,Q4a,,,0
2024,1_RM5,Q4b,,,0
2024,1_RM6,Q1,201576.92,50.7,13
2024,1_RM6,Q2,321538.46,68.32,13
2024,1_RM6,Q3,418360.0,88.55,25
2024,1_RM6,Q4a,513200.0,120.04,5
2024,1_RM6,Q4b,735000.0,214.0,1
2024,1_RM7,Q1,293583.33,54.5,6
2024,1_RM7,Q2,366500.0,69.12,8
2024,1_RM7,Q3,445766.67,86.47,12
2024,1_RM7,Q4a,493333.33,115.0,6
2024,1_RM7,Q4b,,,0
2024,1_RM8,Q1,239395.83,47.73,24
2024,1_RM8,Q2,356543.48,70.08,46
2024,1_RM8,Q3,385833.33,87.78,51
2024,1_RM8,Q4a,418636.36,112.64,11
2024,1_RM8,Q4b,,,0
2024,1_RM9,Q1,251538.89,50.89,18
2024,1_RM9,Q2,360691.53,69.84,59
2024,1_RM9,Q3,384456.52,86.82,23
2024,1_RM9,Q4a,438750.0,116.75,4
2024,1_RM9,Q4b,,,0
2024,20_EC1A,Q1,,,0
2024,20_EC1A,Q2,625000.0,69.0,1
2024,20_EC1A,Q3,,,0
2024,20_EC1A,Q4a,,,0
2024,20_EC1A,Q4b,,,0
2024,20_EC1M,Q1,510000.0,44.0,1
2024,20_EC1M,Q2,758500.0,69.56,9
2024,20_EC1M,Q3,1087500.0,89.83,8
2024,20_EC1M,Q4a,1165000.0,118.0,1
2024,20_EC1M,Q4b,2100000.0,219.1,2
2024,20_EC1R,Q1,586400.0,48.54,10
2024,20_EC1R,Q2,728164.29,67.43,7
2024,20_EC1R,Q3,916750.0,88.15,8
2024,20_EC1R,Q4a,1350683.5,111.5,2
2024,20_EC1R,Q4b,4300000.0,290.79,1
2024,20_EC1V,Q1,551353.54,51.1,13
2024,20_EC1V,Q2,674607.69,69.25,26
2024,20_EC1V,Q3,927931.82,88.91,11
2024,20_EC1V,Q4a,1583333.33,129.16,6
2024,20_EC1V,Q4b,3400000.0,205.0,3
2024,20_EC1Y,Q1,505000.0,53.5,2
2024,20_EC1Y,Q2,680439.0,70.6,5
2024,20_EC1Y,Q3,697333.33,83.0,3
2024,20_EC1Y,Q4a,,,0
2024,20_EC1Y,Q4b,2450000.0,228.0,1
2024,20_EC2A,Q1,470000.0,44.67,3
2024,20_EC2A,Q2,,,0
2024,20_EC2A,Q3,940000.0,93.48,1
2024,20_EC2A,Q4a,,,0
2024,20_EC2A,Q4b,,,0
2024,20_N1,Q1,482880.18,47.02,109
2024,20_N1,Q2,682238.07,68.71,69
2024,20_N1,Q3,903664.92,87.59,60
2024,20_N1,Q4a,1523849.44,124.35,45
2024,20_N1,Q4b,2427475.0,184.5,36
2024,20_N16,Q1,433000.0,56.5,2
2024,20_N16,Q2,495000.0,64.0,4
2024,20_N16,Q3,712315.0,86.32,2
2024,20_N16,Q4a,,,0
2024,20_N16,Q4b,,,0
2024,20_N19,Q1,436337.5,46.88,52
2024,20_N19,Q2,601375.86,67.17,29
2024,20_N19,Q3,705950.0,83.19,10
2024,20_N19,Q4a,1186666.67,127.96,18
2024,20_N19,Q4b,1802750.0,190.71,14
2024,20_N4,Q1,430583.74,47.66,27
2024,20_N4,Q2,559790.91,67.49,11
2024,20_N4,Q3,881250.0,91.79,14
2024,20_N4,Q4a,1267400.0,126.43,5
2024,20_N4,Q4b,1900000.0,173.0,1
2024,20_N5,Q1,499170.83,48.43,48
2024,20_N5,Q2,660610.29,67.35,34
2024,20_N5,Q3,905808.91,90.14,32
2024,20_N5,Q4a,1362555.56,123.87,18
2024,20_N5,Q4b,2007500.0,187.6,10
2024,20_N6,Q1,295000.0,56.0,1
2024,20_N6,Q2,342500.0,66.0,1
2024,20_N6,Q3,750000.0,80.0,1
2024,20_N6,Q4a,,,0
2024,20_N6,Q4b,1625000.0,166.0,1
2024,20_N7,Q1,426111.6,45.65,62
2024,20_N7,Q2,566567.48,68.96,40
2024,20_N7,Q3,679110.29,88.17,45
2024,20_N7,Q4a,1099666.67,125.56,15
2024,20_N7,Q4b,1619461.54,189.46,13
2024,20_N8,Q1,395000.0,48.0,1
2024,20_N8,Q2,477000.0,62.5,2
2024,20_N8,Q3,,,0
2024,20_N8,Q4a,,,0
2024,20_N8,Q4b,2275000.0,201.0,1
2024,20_NW5,Q1,,,0
2024,20_NW5,Q2,,,0
2024,20_NW5,Q3,,,0
2024,20_NW5,Q4a,,,0
2024,20_NW5,Q4b,,,0
2024,20_WC1X,Q1,410000.0,46.0,1
2024,20_WC1X,Q2,441000.0,65.0,3
2024,20_WC1X,Q3,930833.33,80.14,3
2024,20_WC1X,Q4a,1395000.0,124.83,1
2024,20_WC1X,Q4b,1750000.0,209.0,1
2024,21_SW10,Q1,617275.65,50.55,31
2024,21_SW10,Q2,717361.11,67.5,18
2024,21_SW10,Q3,1174615.0,89.08,25
2024,21_SW10,Q4a,1508988.07,117.57,14
2024,21_SW10,Q4b,5132332.08,222.58,12
2024,21_SW1W,Q1,,,0
2024,21_SW1W,Q2,880000.0,63.25,3
2024,21_SW1W,Q3,1350000.0,79.0,1
2024,21_SW1W,Q4a,,,0
2024,21_SW1W,Q4b,5175000.0,210.0,2
2024,21_SW1X,Q1,487500.0,38.65,3
2024,21_SW1X,Q2,1387375.0,70.72,4
2024,21_SW1X,Q3,2002500.0,91.5,2
2024,21_SW1X,Q4a,3320000.0,123.5,4
2024,21_SW1X,Q4b,4657617.78,206.11,9
2024,21_SW3,Q1,668360.64,44.13,47
2024,21_SW3,Q2,1010642.86,70.05,21
2024,21_SW3,Q3,1582353.57,90.3,28
2024,21_SW3,Q4a,2589746.65,127.24,34
2024,21_SW3,Q4b,5702680.5,244.02,30
2024,21_SW5,Q1,573006.68,47.26,25
2024,21_SW5,Q2,780725.0,66.18,20
2024,21_SW5,Q3,1251567.69,88.46,16
2024,21_SW5,Q4a,1769100.0,133.12,10
2024,21_SW5,Q4b,2734375.0,210.25,8
2024,21_SW7,Q1,637433.33,46.17,12
2024,21_SW7,Q2,1127647.06,68.48,17
2024,21_SW7,Q3,1452386.36,92.03,22
2024,21_SW7,Q4a,2295789.47,125.6,19
2024,21_SW7,Q4b,4533416.67,230.91,12
2024,21_W10,Q1,535707.14,45.61,21
2024,21_W10,Q2,838333.33,67.83,6
2024,21_W10,Q3,855000.0,82.24,9
2024,21_W10,Q4a,1433333.33,121.0,3
2024,21_W10,Q4b,2929166.67,238.17,6
2024,21_W11,Q1,768016.67,46.07,30
2024,21_W11,Q2,892764.71,67.12,17
2024,21_W11,Q3,1400041.58,88.75,12
2024,21_W11,Q4a,2287437.5,122.47,8
2024,21_W11,Q4b,5954676.47,236.21,17
2024,21_W14,Q1,551592.56,42.98,9
2024,21_W14,Q2,721743.75,67.55,8
2024,21_W14,Q3,1199333.33,92.25,15
2024,21_W14,Q4a,1635618.75,126.25,8
2024,21_W14,Q4b,3458000.0,211.4,5
2024,21_W2,Q1,482833.33,36.66,6
2024,21_W2,Q2,780000.0,71.4,3
2024,21_W2,Q3,2095000.0,91.0,1
2024,21_W2,Q4a,1451500.0,106.88,2
2024,21_W2,Q4b,,,0
2024,21_W8,Q1,604895.83,45.59,24
2024,21_W8,Q2,976050.0,66.16,10
2024,21_W8,Q3,1405065.22,87.49,23
2024,21_W8,Q4a,2096490.48,123.3,21
2024,21_W8,Q4b,5044807.69,224.73,39
2024,22_KT1,Q1,332382.38,46.83,24
2024,22_KT1,Q2,519754.08,70.01,49
2024,22_KT1,Q3,633086.96,88.05,23
2024,22_KT1,Q4a,880208.28,121.44,18
2024,22_KT1,Q4b,1300350.0,187.14,5
2024,22_KT19,Q1,,,0
2024,22_KT19,Q2,320000.0,60.7,1
2024,22_KT19,Q3,513000.0,94.0,1
2024,22_KT19,Q4a,,,0
2024,22_KT19,Q4b,,,0
2024,22_KT2,Q1,335371.62,49.44,37
2024,22_KT2,Q2,521891.03,67.68,39
2024,22_KT2,Q3,761632.45,89.79,49
2024,22_KT2,Q4a,953284.17,127.42,30
2024,22_KT2,Q4b,1601095.0,225.99,21
2024,22_KT22,Q1,,,0
2024,22_KT22,Q2,,,0
2024,22_KT22,Q3,,,0
2024,22_KT22,Q4a,,,0
2024,22_KT22,Q4b,,,0
2024,22_KT3,Q1,317963.11,49.99,18
2024,22_KT3,Q2,436409.09,69.97,22
2024,22_KT3,Q3,675184.4,90.05,55
2024,22_KT3,Q4a,806805.1,120.76,49
2024,22_KT3,Q4b,1347159.09,206.23,22
2024,22_KT4,Q1,278000.0,42.99,2
2024,22_KT4,Q2,469875.0,66.5,4
2024,22_KT4,Q3,617242.0,89.6,5
2024,22_KT4,Q4a,773178.57,121.97,14
2024,22_KT4,Q4b,685500.0,159.0,1
2024,22_KT5,Q1,310148.15,44.76,27
2024,22_KT5,Q2,484591.15,68.41,34
2024,22_KT5,Q3,663515.0,88.15,35
2024,22_KT5,Q4a,805690.38,118.51,26
2024,22_KT5,Q4b,1034636.36,177.55,11
2024,22_KT6,Q1,333853.64,47.27,77
2024,22_KT6,Q2,464686.43,68.55,70
2024,22_KT6,Q3,628928.57,89.08,49
2024,22_KT6,Q4a,795858.93,122.38,28
2024,22_KT6,Q4b,1325928.57,200.93,7
2024,22_KT9,Q1,366823.91,52.96,23
2024,22_KT9,Q2,436255.32,69.22,47
2024,22_KT9,Q3,523250.0,88.26,55
2024,22_KT9,Q4a,582868.42,118.23,19
2024,22_KT9,Q4b,835000.0,178.0,2
2024,22_SW15,Q1,302500.0,52.0,2
2024,22_SW15,Q2,510000.0,69.0,2
2024,22_SW15,Q3,625000.0,101.0,1
2024,22_SW15,Q4a,825000.0,134.5,2
2024,22_SW15,Q4b,1211666.67,227.13,3
2024,22_SW20,Q1,,,0
2024,22_SW20,Q2,,,0
2024,22_SW20,Q3,732500.0,95.86,1
2024,22_SW20,Q4a,670000.0,114.0,1
2024,22_SW20,Q4b,,,0
2024,22_TW10,Q1,,,0
2024,22_TW10,Q2,,,0
2024,22_TW10,Q3,,,0
2024,22_TW10,Q4a,,,0
2024,22_TW10,Q4b,1700000.0,277.0,1
2024,23_SE1,Q1,474347.83,47.3,23
2024,23_SE1,Q2,606759.08,67.88,13
2024,23_SE1,Q3,875000.0,85.33,3
2024,23_SE1,Q4a,1834666.67,133.67,3
2024,23_SE1,Q4b,2523333.33,185.0,3
2024,23_SE11,Q1,383412.58,49.31,36
2024,23_SE11,Q2,554705.4,68.98,25
2024,23_SE11,Q3,631625.0,87.31,16
2024,23_SE11,Q4a,872875.43,114.05,7
2024,23_SE11,Q4b,1695000.0,176.16,3
2024,23_SE19,Q1,353357.14,49.08,14
2024,23_SE19,Q2,441659.09,67.59,11
2024,23_SE19,Q3,561428.57,88.76,7
2024,23_SE19,Q4a,849000.0,127.8,5
2024,23_SE19,Q4b,1750000.0,249.0,1
2024,23_SE21,Q1,342267.86,49.07,14
2024,23_SE21,Q2,500500.0,63.79,11
2024,23_SE21,Q3,626932.14,85.49,14
2024,23_SE21,Q4a,1015942.31,123.88,13
2024,23_SE21,Q4b,1554090.91,198.82,11
2024,23_SE24,Q1,454908.3,48.89,20
2024,23_SE24,Q2,601220.77,68.78,13
2024,23_SE24,Q3,684498.1,86.96,10
2024,23_SE24,Q4a,1127507.25,129.43,12
2024,23_SE24,Q4b,1742777.89,171.25,9
2024,23_SE27,Q1,339607.72,47.82,29
2024,23_SE27,Q2,441056.94,68.09,36
2024,23_SE27,Q3,619415.65,87.25,20
2024,23_SE27,Q4a,795304.35,120.09,23
2024,23_SE27,Q4b,923062.5,172.38,8
2024,23_SE5,Q1,346480.77,43.82,13
2024,23_SE5,Q2,510970.92,72.44,12
2024,23_SE5,Q3,615250.25,89.88,8
2024,23_SE5,Q4a,1047857.14,121.54,7
2024,23_SE5,Q4b,1204166.67,171.33,6
2024,23_SW12,Q1,487653.92,49.05,13
2024,23_SW12,Q2,584441.09,68.24,11
2024,23_SW12,Q3,749441.68,87.75,19
2024,23_SW12,Q4a,1206375.0,121.25,14
2024,23_SW12,Q4b,1351666.67,164.0,3
2024,23_SW16,Q1,341219.51,48.49,82
2024,23_SW16,Q2,434787.68,68.37,59
2024,23_SW16,Q3,567371.02,87.51,59
2024,23_SW16,Q4a,834739.06,124.86,54
2024,23_SW16,Q4b,1354618.75,203.53,32
2024,23_SW2,Q1,389955.09,46.78,113
2024,23_SW2,Q2,476617.31,67.58,91
2024,23_SW2,Q3,610758.77,87.66,57
2024,23_SW2,Q4a,923373.37,125.98,41
2024,23_SW2,Q4b,1355641.19,184.93,16
2024,23_SW4,Q1,453935.34,48.07,58
2024,23_SW4,Q2,580622.9,67.35,60
2024,23_SW4,Q3,781257.15,88.98,40
2024,23_SW4,Q4a,1304677.9,126.95,29
2024,23_SW4,Q4b,1860853.78,186.36,32
2024,23_SW8,Q1,425103.88,50.69,43
2024,23_SW8,Q2,551100.0,68.77,40
2024,23_SW8,Q3,710461.33,86.47,24
2024,23_SW8,Q4a,1135625.0,122.18,16
2024,23_SW8,Q4b,2440833.33,196.95,6
2024,23_SW9,Q1,437836.56,49.11,70
2024,23_SW9,Q2,524744.34,68.18,53
2024,23_SW9,Q3,656259.42,88.62,31
2024,23_SW9,Q4a,948906.25,116.19,16
2024,23_SW9,Q4b,1388333.33,193.67,3
2024,24_BR1,Q1,283250.0,56.28,4
2024,24_BR1,Q2,400551.72,70.31,29
2024,24_BR1,Q3,422638.89,85.99,18
2024,24_BR1,Q4a,582250.0,128.25,4
2024,24_BR1,Q4b,667000.0,169.0,1
2024,24_BR3,Q1,,,0
2024,24_BR3,Q2,,,0
2024,24_BR3,Q3,,,0
2024,24_BR3,Q4a,,,0
2024,24_BR3,Q4b,,,0
2024,24_SE10,Q1,428000.0,56.8,5
2024,24_SE10,Q2,441666.67,64.0,3
2024,24_SE10,Q3,645250.0,87.75,4
2024,24_SE10,Q4a,,,0
2024,24_SE10,Q4b,,,0
2024,24_SE12,Q1,273195.45,51.97,22
2024,24_SE12,Q2,375276.92,67.84,26
2024,24_SE12,Q3,526795.45,89.19,44
2024,24_SE12,Q4a,738162.96,118.43,27
2024,24_SE12,Q4b,1294200.0,181.6,5
2024,24_SE13,Q1,318995.0,47.59,70
2024,24_SE13,Q2,419710.19,67.86,54
2024,24_SE13,Q3,598299.44,86.62,36
2024,24_SE13,Q4a,776304.29,118.29,42
2024,24_SE13,Q4b,1244375.0,173.9,8
2024,24_SE14,Q1,344458.7,44.98,46
2024,24_SE14,Q2,424260.87,68.74,23
2024,24_SE14,Q3,666843.75,88.49,16
2024,24_SE14,Q4a,839517.86,117.64,14
2024,24_SE14,Q4b,1313500.0,194.95,10
2024,24_SE15,Q1,235390.0,48.8,5
2024,24_SE15,Q2,432500.0,75.0,2
2024,24_SE15,Q3,370000.0,85.0,1
2024,24_SE15,Q4a,,,0
2024,24_SE15,Q4b,,,0
2024,24_SE16,Q1,413600.0,49.6,5
2024,24_SE16,Q2,469000.0,66.0,3
2024,24_SE16,Q3,560000.0,91.0,2
2024,24_SE16,Q4a,540000.0,109.0,1
2024,24_SE16,Q4b,,,0
2024,24_SE23,Q1,341712.21,50.01,63
2024,24_SE23,Q2,436818.75,67.68,56
2024,24_SE23,Q3,675309.18,91.03,49
2024,24_SE23,Q4a,918351.14,125.82,35
2024,24_SE23,Q4b,1521545.45,217.27,11
2024,24_SE26,Q1,277625.0,48.81,24
2024,24_SE26,Q2,428705.65,69.55,31
2024,24_SE26,Q3,557022.22,88.77,45
2024,24_SE26,Q4a,842721.73,126.05,26
2024,24_SE26,Q4b,1093750.0,176.75,4
2024,24_SE3,Q1,347062.5,46.35,8
2024,24_SE3,Q2,510000.0,68.9,9
2024,24_SE3,Q3,756307.69,91.08,13
2024,24_SE3,Q4a,913958.33,116.0,6
2024,24_SE3,Q4b,1698750.25,206.25,4
2024,24_SE4,Q1,408992.5,49.08,40
2024,24_SE4,Q2,486976.74,68.29,43
2024,24_SE4,Q3,677877.27,88.63,44
2024,24_SE4,Q4a,806177.42,119.87,31
2024,24_SE4,Q4b,1197230.77,181.85,13
2024,24_SE6,Q1,293584.09,47.48,44
2024,24_SE6,Q2,397062.04,68.61,54
2024,24_SE6,Q3,524571.64,88.88,70
2024,24_SE6,Q4a,640030.48,118.81,42
2024,24_SE6,Q4b,979125.0,188.18,12
2024,24_SE8,Q1,336446.34,47.55,41
2024,24_SE8,Q2,429034.72,69.46,36
2024,24_SE8,Q3,601476.19,86.14,21
2024,24_SE8,Q4a,818000.0,114.64,10
2024,24_SE8,Q4b,,,0
2024,24_SE9,Q1,,,0
2024,24_SE9,Q2,240000.0,62.0,1
2024,24_SE9,Q3,391285.71,84.95,7
2024,24_SE9,Q4a,535000.0,121.0,1
2024,24_SE9,Q4b,,,0
2024,25_CR4,Q1,294563.21,46.76,53
2024,25_CR4,Q2,386360.47,69.2,43
2024,25_CR4,Q3,483847.42,87.34,66
2024,25_CR4,Q4a,532310.34,118.3,29
2024,25_CR4,Q4b,720000.0,156.88,1
2024,25_CR7,Q1,,,0
2024,25_CR7,Q2,,,0
2024,25_CR7,Q3,420000.0,82.0,1
2024,25_CR7,Q4a,,,0
2024,25_CR7,Q4b,,,0
2024,25_KT3,Q1,287318.18,41.82,11
2024,25_KT3,Q2,420400.0,70.82,10
2024,25_KT3,Q3,660526.32,89.94,19
2024,25_KT3,Q4a,835500.0,120.0,6
2024,25_KT3,Q4b,807500.0,165.5,2
2024,25_SM3,Q1,,,0
2024,25_SM3,Q2,,,0
2024,25_SM3,Q3,,,0
2024,25_SM3,Q4a,,,0
2024,25_SM3,Q4b,,,0
2024,25_SM4,Q1,318546.55,51.27,29
2024,25_SM4,Q2,444065.55,67.48,56
2024,25_SM4,Q3,544840.52,88.33,58
2024,25_SM4,Q4a,662620.69,119.5,29
2024,25_SM4,Q4b,845000.0,186.0,2
2024,25_SW16,Q1,430000.0,44.8,2
2024,25_SW16,Q2,384365.62,68.3,8
2024,25_SW16,Q3,502856.11,89.96,9
2024,25_SW16,Q4a,596500.0,109.4,5
2024,25_SW16,Q4b,,,0
2024,25_SW17,Q1,371136.36,50.64,11
2024,25_SW17,Q2,641991.67,70.83,6
2024,25_SW17,Q3,643166.89,85.95,9
2024,25_SW17,Q4a,715300.0,112.6,5
2024,25_SW17,Q4b,1040000.0,230.0,2
2024,25_SW18,Q1,399075.0,45.5,4
2024,25_SW18,Q2,,,0
2024,25_SW18,Q3,957750.0,99.9,4
2024,25_SW18,Q4a,1208010.0,133.2,5
2024,25_SW18,Q4b,,,0
2024,25_SW19,Q1,410003.07,47.4,136
2024,25_SW19,Q2,573929.1,68.21,116
2024,25_SW19,Q3,845455.51,89.26,93
2024,25_SW19,Q4a,1080589.11,123.3,108
2024,25_SW19,Q4b,2427991.84,207.95,49
2024,25_SW20,Q1,338267.05,45.87,39
2024,25_SW20,Q2,547317.9,66.61,51
2024,25_SW20,Q3,751178.72,91.08,47
2024,25_SW20,Q4a,965959.0,123.93,52
2024,25_SW20,Q4b,1694424.9,203.14,21
2024,26_E12,Q1,306225.6,48.8,10
2024,26_E12,Q2,328683.5,67.83,6
2024,26_E12,Q3,460153.85,90.26,26
2024,26_E12,Q4a,471539.57,119.43,14
2024,26_E12,Q4b,560000.0,169.0,2
2024,26_E13,Q1,325464.29,47.84,14
2024,26_E13,Q2,371471.07,68.74,30
2024,26_E13,Q3,426578.95,87.3,19
2024,26_E13,Q4a,518933.33,114.91,15
2024,26_E13,Q4b,,,0
2024,26_E15,Q1,349816.07,49.82,56
2024,26_E15,Q2,426602.5,67.02,50
2024,26_E15,Q3,526031.25,88.97,64
2024,26_E15,Q4a,617562.5,112.56,16
2024,26_E15,Q4b,650000.0,178.0,4
2024,26_E16,Q1,337903.58,50.47,91
2024,26_E16,Q2,420226.57,70.14,88
2024,26_E16,Q3,478769.84,87.74,63
2024,26_E16,Q4a,580527.78,117.7,18
2024,26_E16,Q4b,987500.0,200.75,4
2024,26_E20,Q1,433857.14,52.0,7
2024,26_E20,Q2,575343.75,72.38,8
2024,26_E20,Q3,682333.33,88.0,3
2024,26_E20,Q4a,1058333.33,123.67,3
2024,26_E20,Q4b,943000.0,153.0,1
2024,26_E3,Q1,,,0
2024,26_E3,Q2,510000.0,76.0,1
2024,26_E3,Q3,,,0
2024,26_E3,Q4a,,,0
2024,26_E3,Q4b,,,0
2024,26_E6,Q1,276518.41,46.7,27
2024,26_E6,Q2,385994.57,69.99,37
2024,26_E6,Q3,442545.19,87.92,59
2024,26_E6,Q4a,489166.67,116.0,18
2024,26_E6,Q4b,,,0
2024,26_E7,Q1,317505.33,50.8,15
2024,26_E7,Q2,418285.71,67.07,28
2024,26_E7,Q3,556765.59,90.69,32
2024,26_E7,Q4a,750428.33,124.05,21
2024,26_E7,Q4b,1033055.56,172.22,9
2024,27_E11,Q1,320640.0,47.79,25
2024,27_E11,Q2,462040.0,67.55,25
2024,27_E11,Q3,724000.0,89.64,28
2024,27_E11,Q4a,1001104.17,127.33,12
2024,27_E11,Q4b,1525300.07,185.36,15
2024,27_E12,Q1,472700.0,52.65,1
2024,27_E12,Q2,334166.67,68.0,3
2024,27_E12,Q3,902500.0,92.0,2
2024,27_E12,Q4a,1081583.33,139.14,6
2024,27_E12,Q4b,1243333.33,173.67,3
2024,27_E18,Q1,347250.0,49.25,28
2024,27_E18,Q2,386054.6,67.83,30
2024,27_E18,Q3,608883.59,90.0,32
2024,27_E18,Q4a,839231.61,120.6,28
2024,27_E18,Q4b,1159766.67,175.47,21
2024,27_IG1,Q1,216208.33,46.36,24
2024,27_IG1,Q2,322625.0,70.11,18
2024,27_IG1,Q3,455940.0,90.03,25
2024,27_IG1,Q4a,544288.46,124.19,26
2024,27_IG1,Q4b,661333.33,178.0,9
2024,27_IG11,Q1,217500.0,47.0,2
2024,27_IG11,Q2,206500.0,62.5,2
2024,27_IG11,Q3,,,0
2024,27_IG11,Q4a,625000.0,118.0,1
2024,27_IG11,Q4b,,,0
2024,27_IG2,Q1,213090.91,42.21,11
2024,27_IG2,Q2,380312.5,68.07,12
2024,27_IG2,Q3,534066.67,92.47,15
2024,27_IG2,Q4a,573792.31,121.38,26
2024,27_IG2,Q4b,707500.0,170.25,4
2024,27_IG3,Q1,210642.86,45.11,14
2024,27_IG3,Q2,312548.12,70.92,8
2024,27_IG3,Q3,481909.09,90.92,22
2024,27_IG3,Q4a,551926.47,120.76,34
2024,27_IG3,Q4b,831794.44,192.11,9
2024,27_IG4,Q1,112000.0,38.0,1
2024,27_IG4,Q2,,,0
2024,27_IG4,Q3,530333.33,94.01,9
2024,27_IG4,Q4a,654166.67,120.0,12
2024,27_IG4,Q4b,695000.0,152.5,2
2024,27_IG5,Q1,242111.11,48.05,9
2024,27_IG5,Q2,358778.57,68.98,14
2024,27_IG5,Q3,523366.67,91.56,15
2024,27_IG5,Q4a,634780.0,121.53,25
2024,27_IG5,Q4b,887250.0,169.9,6
2024,27_IG6,Q1,331562.08,54.08,12
2024,27_IG6,Q2,380400.0,67.91,20
2024,27_IG6,Q3,486759.38,90.41,40
2024,27_IG6,Q4a,590732.14,120.29,28
2024,27_IG6,Q4b,582974.75,164.0,4
2024,27_IG7,Q1,319363.64,54.73,11
2024,27_IG7,Q2,401700.0,69.6,10
2024,27_IG7,Q3,451928.57,89.12,21
2024,27_IG7,Q4a,553100.0,108.5,2
2024,27_IG7,Q4b,,,0
2024,27_IG8,Q1,325138.46,51.27,13
2024,27_IG8,Q2,421123.06,69.81,49
2024,27_IG8,Q3,551020.2,90.0,50
2024,27_IG8,Q4a,783393.53,124.36,58
2024,27_IG8,Q4b,1221827.83,192.4,23
2024,27_IG9,Q1,,,0
2024,27_IG9,Q2,292500.0,69.0,2
2024,27_IG9,Q3,695916.67,100.0,3
2024,27_IG9,Q4a,773500.0,135.5,2
2024,27_IG9,Q4b,955000.0,164.5,2
2024,27_RM6,Q1,256208.33,50.15,12
2024,27_RM6,Q2,352423.08,67.04,13
2024,27_RM6,Q3,478564.52,90.32,31
2024,27_RM6,Q4a,492988.89,117.39,9
2024,27_RM6,Q4b,665000.0,157.5,2
2024,27_RM8,Q1,274250.0,41.5,4
2024,27_RM8,Q2,392500.0,67.0,2
2024,27_RM8,Q3,505000.0,101.0,1
2024,27_RM8,Q4a,515000.0,105.0,1
2024,27_RM8,Q4b,,,0
2024,28_KT1,Q1,356750.0,48.06,9
2024,28_KT1,Q2,485500.0,69.17,6
2024,28_KT1,Q3,746459.8,91.2,5
2024,28_KT1,Q4a,825000.0,122.0,2
2024,28_KT1,Q4b,1461666.67,205.0,3
2024,28_KT2,Q1,297500.0,52.0,2
2024,28_KT2,Q2,350000.0,75.0,1
2024,28_KT2,Q3,868000.0,88.5,2
2024,28_KT2,Q4a,,,0
2024,28_KT2,Q4b,,,0
2024,28_KT8,Q1,,,0
2024,28_KT8,Q2,395000.0,68.0,1
2024,28_KT8,Q3,,,0
2024,28_KT8,Q4a,,,0
2024,28_KT8,Q4b,1400000.0,241.0,1
2024,28_SW13,Q1,481552.58,51.53,19
2024,28_SW13,Q2,657319.71,68.3,21
2024,28_SW13,Q3,848025.0,90.43,23
2024,28_SW13,Q4a,1480757.58,122.96,33
2024,28_SW13,Q4b,2542220.59,215.06,34
2024,28_SW14,Q1,433138.89,50.03,18
2024,28_SW14,Q2,700716.67,68.6,30
2024,28_SW14,Q3,927920.63,91.36,27
2024,28_SW14,Q4a,1275315.39,128.67,31
2024,28_SW14,Q4b,1795870.97,182.35,31
2024,28_SW15,Q1,318000.0,45.0,1
2024,28_SW15,Q2,,,0
2024,28_SW15,Q3,675000.0,97.33,3
2024,28_SW15,Q4a,,,0
2024,28_SW15,Q4b,,,0
2024,28_TW1,Q1,395857.95,47.69,44
2024,28_TW1,Q2,593097.5,68.19,40
2024,28_TW1,Q3,802441.39,91.08,36
2024,28_TW1,Q4a,1169185.6,124.72,45
2024,28_TW1,Q4b,2041150.07,209.7,27
2024,28_TW10,Q1,545749.81,47.59,26
2024,28_TW10,Q2,693300.0,69.4,35
2024,28_TW10,Q3,820733.53,90.01,34
2024,28_TW10,Q4a,1099791.67,120.23,24
2024,28_TW10,Q4b,2627105.26,225.44,19
2024,28_TW11,Q1,373452.38,45.4,42
2024,28_TW11,Q2,577666.67,69.07,39
2024,28_TW11,Q3,827021.71,90.23,41
2024,28_TW11,Q4a,1031600.15,118.33,34
2024,28_TW11,Q4b,1837108.7,215.43,23
2024,28_TW12,Q1,322928.12,46.24,32
2024,28_TW12,Q2,524552.21,67.52,43
2024,28_TW12,Q3,631489.22,90.11,51
2024,28_TW12,Q4a,871151.92,122.08,26
2024,28_TW12,Q4b,1613205.88,211.18,17
2024,28_TW13,Q1,,,0
2024,28_TW13,Q2,,,0
2024,28_TW13,Q3,390000.0,82.0,1
2024,28_TW13,Q4a,,,0
2024,28_TW13,Q4b,,,0
2024,28_TW2,Q1,400131.25,50.18,40
2024,28_TW2,Q2,600986.96,68.81,69
2024,28_TW2,Q3,672114.11,89.57,64
2024,28_TW2,Q4a,850958.11,124.32,37
2024,28_TW2,Q4b,1241500.0,180.03,10
2024,28_TW3,Q1,417500.0,56.0,2
2024,28_TW3,Q2,341000.0,61.0,1
2024,28_TW3,Q3,576333.33,90.0,3
2024,28_TW3,Q4a,642500.0,117.5,2
2024,28_TW3,Q4b,,,0
2024,28_TW4,Q1,343000.0,45.0,1
2024,28_TW4,Q2,485833.33,76.0,3
2024,28_TW4,Q3,502000.0,86.04,5
2024,28_TW4,Q4a,,,0
2024,28_TW4,Q4b,700000.0,161.0,1
2024,28_TW7,Q1,450000.0,54.0,1
2024,28_TW7,Q2,,,0
2024,28_TW7,Q3,,,0
2024,28_TW7,Q4a,,,0
2024,28_TW7,Q4b,,,0
2024,28_TW9,Q1,425682.58,49.35,48
2024,28_TW9,Q2,652502.27,69.37,45
2024,28_TW9,Q3,828921.58,89.38,24
2024,28_TW9,Q4a,1159991.31,125.91,36
2024,28_TW9,Q4b,1981814.81,207.98,27
2024,29_SE1,Q1,439877.72,48.74,120
2024,29_SE1,Q2,563421.24,68.41,90
2024,29_SE1,Q3,808101.45,87.9,69
2024,29_SE1,Q4a,1153648.0,118.56,25
2024,29_SE1,Q4b,1913666.67,220.81,3
2024,29_SE11,Q1,440000.0,47.67,6
2024,29_SE11,Q2,556071.43,69.43,7
2024,29_SE11,Q3,1030000.0,93.5,2
2024,29_SE11,Q4a,,,0
2024,29_SE11,Q4b,1450000.0,185.0,1
2024,29_SE14,Q1,234000.0,49.0,1
2024,29_SE14,Q2,415000.0,73.0,1
2024,29_SE14,Q3,,,0
2024,29_SE14,Q4a,,,0
2024,29_SE14,Q4b,,,0
2024,29_SE15,Q1,412336.19,49.58,107
2024,29_SE15,Q2,521336.64,68.58,73
2024,29_SE15,Q3,721453.75,88.79,60
2024,29_SE15,Q4a,1039043.07,123.06,46
2024,29_SE15,Q4b,1158433.4,174.57,15
2024,29_SE16,Q1,357541.67,47.71,90
2024,29_SE16,Q2,508753.05,68.29,82
2024,29_SE16,Q3,634990.91,89.28,55
2024,29_SE16,Q4a,898395.83,120.66,24
2024,29_SE16,Q4b,750000.0,152.1,2
2024,29_SE17,Q1,403175.0,49.03,44
2024,29_SE17,Q2,505760.0,68.72,40
2024,29_SE17,Q3,612847.5,87.22,20
2024,29_SE17,Q4a,968714.64,119.07,14
2024,29_SE17,Q4b,1141000.0,165.5,2
2024,29_SE19,Q1,274000.0,48.0,2
2024,29_SE19,Q2,445832.78,72.44,9
2024,29_SE19,Q3,615750.0,88.9,4
2024,29_SE19,Q4a,964400.0,127.0,5
2024,29_SE19,Q4b,,,0
2024,29_SE21,Q1,290000.0,43.0,1
2024,29_SE21,Q2,910000.0,72.0,1
2024,29_SE21,Q3,566573.08,87.13,13
2024,29_SE21,Q4a,1339166.67,125.38,6
2024,29_SE21,Q4b,2567590.91,230.77,11
2024,29_SE22,Q1,413884.54,49.82,63
2024,29_SE22,Q2,548944.02,67.19,50
2024,29_SE22,Q3,841305.78,89.8,36
2024,29_SE22,Q4a,1179305.2,128.34,41
2024,29_SE22,Q4b,1790730.4,187.84,25
2024,29_SE23,Q1,343750.0,50.56,2
2024,29_SE23,Q2,396500.0,73.41,4
2024,29_SE23,Q3,780000.0,97.0,1
2024,29_SE23,Q4a,,,0
2024,29_SE23,Q4b,3100000.0,263.0,1
2024,29_SE24,Q1,423000.0,47.0,9
2024,29_SE24,Q2,744500.0,70.74,4
2024,29_SE24,Q3,836611.11,93.83,9
2024,29_SE24,Q4a,1449544.1,129.67,10
2024,29_SE24,Q4b,1842750.0,186.75,4
2024,29_SE26,Q1,286666.67,50.62,3
2024,29_SE26,Q2,262000.0,60.0,1
2024,29_SE26,Q3,600000.0,79.0,1
2024,29_SE26,Q4a,876000.0,134.33,3
2024,29_SE26,Q4b,1440000.0,235.0,2
2024,29_SE4,Q1,,,0
2024,29_SE4,Q2,,,0
2024,29_SE4,Q3,,,0
2024,29_SE4,Q4a,,,0
2024,29_SE4,Q4b,,,0
2024,29_SE5,Q1,378103.03,48.76,66
2024,29_SE5,Q2,466384.44,67.72,45
2024,29_SE5,Q3,644491.07,88.47,28
2024,29_SE5,Q4a,1013345.24,123.24,21
2024,29_SE5,Q4b,1464722.22,186.67,9
2024,29_SE8,Q1,,,0
2024,29_SE8,Q2,425750.0,65.75,4
2024,29_SE8,Q3,800000.0,88.0,1
2024,29_SE8,Q4a,,,0
2024,29_SE8,Q4b,,,0
2024,2_EN4,Q1,340295.45,47.07,22
2024,2_EN4,Q2,515783.33,69.25,30
2024,2_EN4,Q3,628378.51,88.47,43
2024,2_EN4,Q4a,778991.43,122.57,35
2024,2_EN4,Q4b,1043333.33,165.67,3
2024,2_EN5,Q1,295317.02,48.49,47
2024,2_EN5,Q2,465774.43,69.19,53
2024,2_EN5,Q3,600653.04,90.11,49
2024,2_EN5,Q4a,781750.0,121.71,47
2024,2_EN5,Q4b,1202212.12,199.58,33
2024,2_HA7,Q1,,,0
2024,2_HA7,Q2,,,0
2024,2_HA7,Q3,,,0
2024,2_HA7,Q4a,,,0
2024,2_HA7,Q4b,,,0
2024,2_HA8,Q1,329345.83,49.75,12
2024,2_HA8,Q2,400603.06,69.15,35
2024,2_HA8,Q3,553146.03,88.39,38
2024,2_HA8,Q4a,745968.18,126.83,33
2024,2_HA8,Q4b,846823.53,177.58,17
2024,2_N10,Q1,320500.0,46.61,10
2024,2_N10,Q2,435750.0,68.33,8
2024,2_N10,Q3,789061.08,87.7,13
2024,2_N10,Q4a,784285.71,117.3,7
2024,2_N10,Q4b,,,0
2024,2_N11,Q1,295230.77,47.52,13
2024,2_N11,Q2,465172.22,68.22,18
2024,2_N11,Q3,642718.75,90.92,16
2024,2_N11,Q4a,615385.5,120.76,12
2024,2_N11,Q4b,862500.0,186.0,4
2024,2_N12,Q1,293852.94,47.61,34
2024,2_N12,Q2,413750.0,67.84,32
2024,2_N12,Q3,691528.97,90.71,31
2024,2_N12,Q4a,830394.74,125.07,38
2024,2_N12,Q4b,1247812.5,189.91,16
2024,2_N14,Q1,,,0
2024,2_N14,Q2,360000.0,73.0,1
2024,2_N14,Q3,654750.0,92.7,10
2024,2_N14,Q4a,762050.0,116.37,10
2024,2_N14,Q4b,858541.67,166.0,3
2024,2_N2,Q1,371909.09,47.91,11
2024,2_N2,Q2,541576.92,67.79,26
2024,2_N2,Q3,796476.14,88.42,22
2024,2_N2,Q4a,1069075.0,119.79,23
2024,2_N2,Q4b,2735125.0,234.19,16
2024,2_N20,Q1,333192.86,51.95,21
2024,2_N20,Q2,460875.0,68.76,24
2024,2_N20,Q3,695182.38,91.84,21
2024,2_N20,Q4a,890737.5,119.9,36
2024,2_N20,Q4b,1393796.3,194.53,27
2024,2_N3,Q1,381833.33,54.09,12
2024,2_N3,Q2,447000.0,69.98,21
2024,2_N3,Q3,604339.29,92.09,28
2024,2_N3,Q4a,884502.06,120.05,32
2024,2_N3,Q4b,1419209.6,209.4,25
2024,2_NW11,Q1,351000.0,43.35,10
2024,2_NW11,Q2,560611.9,68.42,21
2024,2_NW11,Q3,702578.95,90.19,38
2024,2_NW11,Q4a,1043956.05,124.62,38
2024,2_NW11,Q4b,1810035.89,199.23,44
2024,2_NW2,Q1,376333.33,51.83,9
2024,2_NW2,Q2,575666.67,72.22,9
2024,2_NW2,Q3,634497.5,88.55,20
2024,2_NW2,Q4a,815625.0,125.62,8
2024,2_NW2,Q4b,1731666.67,208.98,3
2024,2_NW3,Q1,,,0
2024,2_NW3,Q2,,,0
2024,2_NW3,Q3,650000.0,102.0,1
2024,2_NW3,Q4a,,,0
2024,2_NW3,Q4b,5247500.0,358.0,2
2024,2_NW4,Q1,331333.33,50.21,15
2024,2_NW4,Q2,398700.95,69.14,21
2024,2_NW4,Q3,599912.47,91.21,32
2024,2_NW4,Q4a,790053.12,126.54,32
2024,2_NW4,Q4b,1173133.53,200.25,17
2024,2_NW7,Q1,341952.38,51.52,21
2024,2_NW7,Q2,444955.88,67.71,34
2024,2_NW7,Q3,676567.41,90.4,37
2024,2_NW7,Q4a,857520.9,123.99,39
2024,2_NW7,Q4b,1448693.06,211.59,36
2024,2_NW9,Q1,307691.89,44.1,37
2024,2_NW9,Q2,434217.39,68.76,46
2024,2_NW9,Q3,497060.0,86.26,35
2024,2_NW9,Q4a,626958.33,114.67,12
2024,2_NW9,Q4b,,,0
2024,2_WD6,Q1,,,0
2024,2_WD6,Q2,,,0
2024,2_WD6,Q3,,,0
2024,2_WD6,Q4a,,,0
2024,2_WD6,Q4b,,,0
2024,30_CR0,Q1,250166.67,42.83,6
2024,30_CR0,Q2,398999.88,66.04,8
2024,30_CR0,Q3,473312.5,85.88,8
2024,30_CR0,Q4a,581250.0,120.75,4
2024,30_CR0,Q4b,654500.0,192.5,2
2024,30_CR4,Q1,253041.67,47.42,12
2024,30_CR4,Q2,398166.67,69.4,6
2024,30_CR4,Q3,451166.67,89.5,6
2024,30_CR4,Q4a,620000.0,141.0,1
2024,30_CR4,Q4b,,,0
2024,30_CR5,Q1,,,0
2024,30_CR5,Q2,285000.0,66.0,1
2024,30_CR5,Q3,519375.0,101.0,4
2024,30_CR5,Q4a,515166.67,115.67,3
2024,30_CR5,Q4b,,,0
2024,30_CR8,Q1,,,0
2024,30_CR8,Q2,,,0
2024,30_CR8,Q3,606500.0,82.5,2
2024,30_CR8,Q4a,,,0
2024,30_CR8,Q4b,1063150.0,232.33,3
2024,30_KT17,Q1,,,0
2024,30_KT17,Q2,,,0
2024,30_KT17,Q3,565000.0,84.5,1
2024,30_KT17,Q4a,,,0
2024,30_KT17,Q4b,,,0
2024,30_KT4,Q1,328704.55,49.35,22
2024,30_KT4,Q2,443860.83,67.08,36
2024,30_KT4,Q3,578880.0,89.59,25
2024,30_KT4,Q4a,694400.0,120.78,22
2024,30_KT4,Q4b,857333.33,175.98,12
2024,30_SM1,Q1,279210.64,50.81,56
2024,30_SM1,Q2,400514.35,68.99,88
2024,30_SM1,Q3,503630.62,88.63,81
2024,30_SM1,Q4a,650320.51,117.32,39
2024,30_SM1,Q4b,912272.73,176.82,11
2024,30_SM2,Q1,277682.69,48.65,52
2024,30_SM2,Q2,366865.56,66.84,61
2024,30_SM2,Q3,471875.0,87.63,28
2024,30_SM2,Q4a,738172.38,123.58,29
2024,30_SM2,Q4b,1215324.97,202.51,36
2024,30_SM3,Q1,265700.0,50.7,15
2024,30_SM3,Q2,465842.86,70.91,35
2024,30_SM3,Q3,537002.22,89.72,45
2024,30_SM3,Q4a,663534.48,120.17,29
2024,30_SM3,Q4b,800000.0,156.0,2
2024,30_SM4,Q1,,,0
2024,30_SM4,Q2,440150.0,69.28,10
2024,30_SM4,Q3,,,0
2024,30_SM4,Q4a,495000.0,119.0,1
2024,30_SM4,Q4b,,,0
2024,30_SM5,Q1,298463.1,49.32,42
2024,30_SM5,Q2,405880.92,68.32,76
2024,30_SM5,Q3,511486.61,87.54,56
2024,30_SM5,Q4a,675698.77,123.38,43
2024,30_SM5,Q4b,852000.0,186.89,17
2024,30_SM6,Q1,240099.02,49.46,51
2024,30_SM6,Q2,318505.77,68.48,52
2024,30_SM6,Q3,493475.81,90.19,62
2024,30_SM6,Q4a,657746.6,124.96,42
2024,30_SM6,Q4b,903821.43,178.64,14
2024,30_SM7,Q1,,,0
2024,30_SM7,Q2,,,0
2024,30_SM7,Q3,,,0
2024,30_SM7,Q4a,,,0
2024,30_SM7,Q4b,1680833.33,249.67,3
2024,31_E1,Q1,399235.11,48.83,94
2024,31_E1,Q2,497350.0,67.73,73
2024,31_E1,Q3,635428.95,88.3,38
2024,31_E1,Q4a,1006692.31,125.96,13
2024,31_E1,Q4b,3537500.0,215.0,2
2024,31_E14,Q1,456847.97,49.87,219
2024,31_E14,Q2,489322.48,69.47,124
2024,31_E14,Q3,676771.52,86.7,133
2024,31_E14,Q4a,836716.89,119.7,28
2024,31_E14,Q4b,1388937.5,179.37,8
2024,31_E1W,Q1,408696.6,47.73,25
2024,31_E1W,Q2,548733.33,69.13,15
2024,31_E1W,Q3,720850.0,87.13,20
2024,31_E1W,Q4a,1133125.0,123.38,8
2024,31_E1W,Q4b,1500000.0,161.0,1
2024,31_E2,Q1,404202.13,47.72,47
2024,31_E2,Q2,492335.62,68.82,73
2024,31_E2,Q3,701968.06,86.65,36
2024,31_E2,Q4a,1012500.0,115.5,9
2024,31_E2,Q4b,445000.0,152.0,1
2024,31_E3,Q1,347658.28,48.5,123
2024,31_E3,Q2,452656.4,68.51,112
2024,31_E3,Q3,574110.84,86.85,64
2024,31_E3,Q4a,914166.67,122.25,27
2024,31_E3,Q4b,1205000.0,155.5,2
2024,31_E9,Q1,421500.0,47.25,4
2024,31_E9,Q2,523333.33,71.33,3
2024,31_E9,Q3,629666.67,87.67,3
2024,31_E9,Q4a,1204500.0,130.5,4
2024,31_E9,Q4b,,,0
2024,32_E10,Q1,407457.39,50.75,49
2024,32_E10,Q2,447278.75,67.73,57
2024,32_E10,Q3,606535.67,89.15,51
2024,32_E10,Q4a,732967.74,121.07,31
2024,32_E10,Q4b,738800.0,165.8,5
2024,32_E11,Q1,371943.71,47.17,41
2024,32_E11,Q2,505577.54,69.35,41
2024,32_E11,Q3,648830.67,90.14,61
2024,32_E11,Q4a,830437.1,124.1,31
2024,32_E11,Q4b,918833.33,161.09,6
2024,32_E15,Q1,291812.5,47.5,2
2024,32_E15,Q2,604687.5,70.67,4
2024,32_E15,Q3,633625.0,91.76,8
2024,32_E15,Q4a,572500.0,107.0,2
2024,32_E15,Q4b,,,0
2024,32_E17,Q1,375861.91,48.63,139
2024,32_E17,Q2,534472.51,69.6,201
2024,32_E17,Q3,669800.31,88.12,178
2024,32_E17,Q4a,827999.93,118.92,73
2024,32_E17,Q4b,1016428.57,187.71,7
2024,32_E4,Q1,272897.96,48.55,49
2024,32_E4,Q2,414515.0,69.0,70
2024,32_E4,Q3,571730.29,91.04,139
2024,32_E4,Q4a,688273.19,122.6,78
2024,32_E4,Q4b,949265.37,178.25,19
2024,32_E5,Q1,,,0
2024,32_E5,Q2,527500.0,70.5,2
2024,32_E5,Q3,,,0
2024,32_E5,Q4a,,,0
2024,32_E5,Q4b,,,0
2024,32_E7,Q1,,,0
2024,32_E7,Q2,562142.86,67.5,14
2024,32_E7,Q3,617750.0,89.0,5
2024,32_E7,Q4a,589666.67,118.03,3
2024,32_E7,Q4b,,,0
2024,32_IG8,Q1,310305.0,48.0,2
2024,32_IG8,Q2,287500.0,69.5,2
2024,32_IG8,Q3,491458.25,92.0,4
2024,32_IG8,Q4a,796227.27,119.36,11
2024,32_IG8,Q4b,877500.0,187.0,1
2024,33_SW11,Q1,445059.76,47.56,127
2024,33_SW11,Q2,658924.03,68.55,113
2024,33_SW11,Q3,920267.51,88.84,146
2024,33_SW11,Q4a,1371533.99,126.9,86
2024,33_SW11,Q4b,1989693.32,188.5,62
2024,33_SW12,Q1,494524.22,49.47,68
2024,33_SW12,Q2,649358.76,69.64,46
2024,33_SW12,Q3,767451.61,87.36,31
2024,33_SW12,Q4a,1214058.58,126.18,24
2024,33_SW12,Q4b,2036796.78,201.52,27
2024,33_SW15,Q1,384056.16,47.95,77
2024,33_SW15,Q2,514377.14,68.32,113
2024,33_SW15,Q3,732421.56,88.59,93
2024,33_SW15,Q4a,1083868.85,126.14,52
2024,33_SW15,Q4b,1985220.82,212.93,39
2024,33_SW16,Q1,351227.27,50.45,11
2024,33_SW16,Q2,446675.5,66.96,16
2024,33_SW16,Q3,533073.08,88.9,13
2024,33_SW16,Q4a,869347.35,124.82,17
2024,33_SW16,Q4b,1356700.0,200.46,5
2024,33_SW17,Q1,430954.3,48.65,110
2024,33_SW17,Q2,556754.44,67.27,103
2024,33_SW17,Q3,750737.66,88.39,91
2024,33_SW17,Q4a,962792.25,120.51,64
2024,33_SW17,Q4b,1956906.05,216.52,20
2024,33_SW18,Q1,450123.43,49.02,143
2024,33_SW18,Q2,546772.96,67.52,127
2024,33_SW18,Q3,775170.08,88.36,101
2024,33_SW18,Q4a,1204502.3,124.57,101
2024,33_SW18,Q4b,1907549.3,191.98,57
2024,33_SW19,Q1,344977.78,46.79,18
2024,33_SW19,Q2,409327.59,67.85,29
2024,33_SW19,Q3,586883.41,88.06,22
2024,33_SW19,Q4a,625000.0,113.0,1
2024,33_SW19,Q4b,1717600.0,183.8,5
2024,33_SW4,Q1,558000.0,46.0,2
2024,33_SW4,Q2,,,0
2024,33_SW4,Q3,737500.0,88.72,2
2024,33_SW4,Q4a,1170000.0,129.0,3
2024,33_SW4,Q4b,3950000.0,228.5,2
2024,33_SW8,Q1,502885.29,51.82,17
2024,33_SW8,Q2,585690.06,64.83,16
2024,33_SW8,Q3,738518.18,84.8,11
2024,33_SW8,Q4a,986500.0,113.0,3
2024,33_SW8,Q4b,1800000.0,164.0,1
2024,34_NW1,Q1,526245.29,43.23,21
2024,34_NW1,Q2,695666.67,67.83,6
2024,34_NW1,Q3,1138749.92,90.5,12
2024,34_NW1,Q4a,1459285.71,131.43,7
2024,34_NW1,Q4b,4267800.0,213.0,3
2024,34_NW6,Q1,448750.0,52.5,2
2024,34_NW6,Q2,700000.0,74.5,2
2024,34_NW6,Q3,643500.0,100.0,1
2024,34_NW6,Q4a,945000.0,114.0,2
2024,34_NW6,Q4b,,,0
2024,34_NW8,Q1,447887.84,43.7,37
2024,34_NW8,Q2,668229.17,66.79,24
2024,34_NW8,Q3,1073095.24,87.5,21
2024,34_NW8,Q4a,2178676.47,127.85,17
2024,34_NW8,Q4b,4329066.11,228.21,27
2024,34_SW1A,Q1,,,0
2024,34_SW1A,Q2,1274800.0,70.0,1
2024,34_SW1A,Q3,1302500.0,91.5,2
2024,34_SW1A,Q4a,,,0
2024,34_SW1A,Q4b,2480000.0,189.0,1
2024,34_SW1E,Q1,,,0
2024,34_SW1E,Q2,,,0
2024,34_SW1E,Q3,1440000.0,85.0,2
2024,34_SW1E,Q4a,2473333.33,125.33,3
2024,34_SW1E,Q4b,3806666.67,281.67,3
2024,34_SW1H,Q1,437000.0,34.5,2
2024,34_SW1H,Q2,1750000.0,69.0,1
2024,34_SW1H,Q3,920000.0,87.0,2
2024,34_SW1H,Q4a,2700000.0,148.0,1
2024,34_SW1H,Q4b,4503750.0,221.5,4
2024,34_SW1P,Q1,550019.23,49.41,26
2024,34_SW1P,Q2,795454.55,68.64,11
2024,34_SW1P,Q3,1170084.22,95.28,9
2024,34_SW1P,Q4a,1457500.0,115.17,16
2024,34_SW1P,Q4b,1907500.0,184.0,2
2024,34_SW1V,Q1,519208.49,44.11,53
2024,34_SW1V,Q2,667531.25,69.4,16
2024,34_SW1V,Q3,959602.0,89.85,10
2024,34_SW1V,Q4a,1830820.0,128.78,5
2024,34_SW1V,Q4b,2434318.18,197.09,11
2024,34_SW1W,Q1,632795.43,44.54,7
2024,34_SW1W,Q2,867000.0,72.89,9
2024,34_SW1W,Q3,1096250.0,88.75,4
2024,34_SW1W,Q4a,2294487.2,119.08,10
2024,34_SW1W,Q4b,4997916.67,217.71,12
2024,34_SW1X,Q1,,,0
2024,34_SW1X,Q2,2375000.0,77.0,1
2024,34_SW1X,Q3,1550000.0,94.0,6
2024,34_SW1X,Q4a,3016666.67,137.67,3
2024,34_SW1X,Q4b,7131857.14,277.09,7
2024,34_SW1Y,Q1,562500.0,33.0,1
2024,34_SW1Y,Q2,,,0
2024,34_SW1Y,Q3,2180000.0,95.0,2
2024,34_SW1Y,Q4a,,,0
2024,34_SW1Y,Q4b,,,0
2024,34_SW3,Q1,,,0
2024,34_SW3,Q2,,,0
2024,34_SW3,Q3,,,0
2024,34_SW3,Q4a,,,0
2024,34_SW3,Q4b,,,0
2024,34_SW7,Q1,,,0
2024,34_SW7,Q2,,,0
2024,34_SW7,Q3,1661666.67,90.0,3
2024,34_SW7,Q4a,2550125.0,123.0,2
2024,34_SW7,Q4b,3288428.57,203.43,7
2024,34_W10,Q1,498899.29,52.76,7
2024,34_W10,Q2,773562.62,70.33,8
2024,34_W10,Q3,919357.14,88.48,14
2024,34_W10,Q4a,970000.0,121.0,2
2024,34_W10,Q4b,,,0
2024,34_W11,Q1,662000.0,49.0,4
2024,34_W11,Q2,,,0
2024,34_W11,Q3,912500.0,95.5,2
2024,34_W11,Q4a,,,0
2024,34_W11,Q4b,7300000.0,246.0,1
2024,34_W1B,Q1,1450000.0,45.0,1
2024,34_W1B,Q2,,,0
2024,34_W1B,Q3,1100000.0,82.0,1
2024,34_W1B,Q4a,,,0
2024,34_W1B,Q4b,10166666.67,272.67,3
2024,34_W1D,Q1,,,0
2024,34_W1D,Q2,,,0
2024,34_W1D,Q3,,,0
2024,34_W1D,Q4a,,,0
2024,34_W1D,Q4b,,,0
2024,34_W1F,Q1,675000.0,43.0,2
2024,34_W1F,Q2,,,0
2024,34_W1F,Q3,,,0
2024,34_W1F,Q4a,3650000.0,133.0,1
2024,34_W1F,Q4b,,,0
2024,34_W1G,Q1,615000.0,43.0,1
2024,34_W1G,Q2,,,0
2024,34_W1G,Q3,1405000.0,93.0,3
2024,34_W1G,Q4a,2362500.0,127.0,4
2024,34_W1G,Q4b,3720000.0,185.0,5
2024,34_W1H,Q1,550000.0,42.2,7
2024,34_W1H,Q2,620000.0,68.0,2
2024,34_W1H,Q3,1155714.29,90.0,7
2024,34_W1H,Q4a,1942391.0,120.41,10
2024,34_W1H,Q4b,3094375.0,189.16,8
2024,34_W1J,Q1,,,0
2024,34_W1J,Q2,1390750.0,67.0,4
2024,34_W1J,Q3,1775000.0,87.56,2
2024,34_W1J,Q4a,2575000.0,112.0,1
2024,34_W1J,Q4b,7031757.67,246.74,3
2024,34_W1K,Q1,1235400.0,50.0,2
2024,34_W1K,Q2,2512500.0,65.46,2
2024,34_W1K,Q3,,,0
2024,34_W1K,Q4a,2950000.0,113.0,1
2024,34_W1K,Q4b,7516666.67,252.5,6
2024,34_W1S,Q1,,,0
2024,34_W1S,Q2,,,0
2024,34_W1S,Q3,,,0
2024,34_W1S,Q4a,,,0
2024,34_W1S,Q4b,,,0
2024,34_W1T,Q1,624999.0,40.0,1
2024,34_W1T,Q2,,,0
2024,34_W1T,Q3,2053333.33,96.67,3
2024,34_W1T,Q4a,2900000.0,132.0,1
2024,34_W1T,Q4b,,,0
2024,34_W1U,Q1,666388.64,42.7,11
2024,34_W1U,Q2,1109231.82,67.0,11
2024,34_W1U,Q3,1694666.67,92.67,3
2024,34_W1U,Q4a,2161875.0,123.22,8
2024,34_W1U,Q4b,7172781.2,186.9,10
2024,34_W1W,Q1,510000.0,29.0,2
2024,34_W1W,Q2,1173333.33,72.67,3
2024,34_W1W,Q3,837500.0,80.0,2
2024,34_W1W,Q4a,1477500.0,131.5,2
2024,34_W1W,Q4b,4011765.4,195.8,5
2024,34_W2,Q1,553763.64,44.69,55
2024,34_W2,Q2,868950.0,68.25,40
2024,34_W2,Q3,1107713.82,91.16,38
2024,34_W2,Q4a,1642187.47,122.52,32
2024,34_W2,Q4b,3629000.0,220.63,15
2024,34_W9,Q1,463156.36,46.65,55
2024,34_W9,Q2,639534.09,68.43,44
2024,34_W9,Q3,913185.35,88.14,37
2024,34_W9,Q4a,1238650.0,113.45,20
2024,34_W9,Q4b,4668437.5,247.2,8
2024,34_WC2A,Q1,950000.0,59.0,1
2024,34_WC2A,Q2,,,0
2024,34_WC2A,Q3,,,0
2024,34_WC2A,Q4a,,,0
2024,34_WC2A,Q4b,,,0
2024,34_WC2B,Q1,635000.0,39.5,2
2024,34_WC2B,Q2,,,0
2024,34_WC2B,Q3,,,0
2024,34_WC2B,Q4a,,,0
2024,34_WC2B,Q4b,,,0
2024,34_WC2E,Q1,512466.5,47.5,2
2024,34_WC2E,Q2,,,0
2024,34_WC2E,Q3,,,0
2024,34_WC2E,Q4a,,,0
2024,34_WC2E,Q4b,2310000.0,171.0,1
2024,34_WC2H,Q1,553333.33,40.33,3
2024,34_WC2H,Q2,,,0
2024,34_WC2H,Q3,,,0
2024,34_WC2H,Q4a,,,0
2024,34_WC2H,Q4b,,,0
2024,34_WC2N,Q1,877500.0,46.0,1
2024,34_WC2N,Q2,930000.0,72.0,1
2024,34_WC2N,Q3,152500.0,80.0,1
2024,34_WC2N,Q4a,1850000.0,122.0,2
2024,34_WC2N,Q4b,2290000.0,168.0,1
2024,34_WC2R,Q1,,,0
2024,34_WC2R,Q2,,,0
2024,34_WC2R,Q3,,,0
2024,34_WC2R,Q4a,,,0
2024,34_WC2R,Q4b,,,0
2024,3_DA1,Q1,253055.56,51.7,27
2024,3_DA1,Q2,337706.15,68.65,26
2024,3_DA1,Q3,393590.38,87.28,26
2024,3_DA1,Q4a,547400.0,125.8,5
2024,3_DA1,Q4b,500000.0,151.5,2
2024,3_DA14,Q1,251632.11,48.84,45
2024,3_DA14,Q2,359090.91,68.28,44
2024,3_DA14,Q3,454258.89,86.75,54
2024,3_DA14,Q4a,643606.06,125.22,33
2024,3_DA14,Q4b,963142.86,192.43,7
2024,3_DA15,Q1,297402.78,48.96,36
2024,3_DA15,Q2,412950.0,68.12,85
2024,3_DA15,Q3,516446.08,88.28,51
2024,3_DA15,Q4a,643544.23,124.09,30
2024,3_DA15,Q4b,1021280.0,204.7,10
2024,3_DA16,Q1,236985.0,50.52,20
2024,3_DA16,Q2,411761.97,69.37,71
2024,3_DA16,Q3,455863.72,88.33,93
2024,3_DA16,Q4a,558288.89,122.77,45
2024,3_DA16,Q4b,641500.0,163.63,4
2024,3_DA17,Q1,237458.33,51.0,24
2024,3_DA17,Q2,312952.58,66.34,36
2024,3_DA17,Q3,418027.78,88.54,36
2024,3_DA17,Q4a,491300.0,119.71,15
2024,3_DA17,Q4b,840000.0,206.0,1
2024,3_DA18,Q1,185000.0,47.0,1
2024,3_DA18,Q2,,,0
2024,3_DA18,Q3,,,0
2024,3_DA18,Q4a,247000.0,104.0,1
2024,3_DA18,Q4b,,,0
2024,3_DA5,Q1,362916.67,54.42,12
2024,3_DA5,Q2,434071.43,69.11,21
2024,3_DA5,Q3,507107.84,88.94,51
2024,3_DA5,Q4a,647988.89,122.74,45
2024,3_DA5,Q4b,934950.0,195.35,10
2024,3_DA6,Q1,287607.14,54.21,14
2024,3_DA6,Q2,385916.67,69.5,6
2024,3_DA6,Q3,479154.55,89.74,22
2024,3_DA6,Q4a,570190.56,119.91,16
2024,3_DA6,Q4b,820000.0,176.5,4
2024,3_DA7,Q1,290191.71,50.4,38
2024,3_DA7,Q2,399972.22,68.58,63
2024,3_DA7,Q3,477030.09,88.68,81
2024,3_DA7,Q4a,547748.73,117.38,48
2024,3_DA7,Q4b,654937.5,160.99,8
2024,3_DA8,Q1,259242.19,52.32,32
2024,3_DA8,Q2,318106.73,69.33,52
2024,3_DA8,Q3,361174.31,86.21,51
2024,3_DA8,Q4a,422187.5,119.08,12
2024,3_DA8,Q4b,,,0
2024,3_SE2,Q1,275900.0,51.79,5
2024,3_SE2,Q2,401437.5,71.0,4
2024,3_SE2,Q3,491285.71,89.71,7
2024,3_SE2,Q4a,485000.0,112.67,3
2024,3_SE2,Q4b,,,0
2024,3_SE28,Q1,247500.0,48.43,9
2024,3_SE28,Q2,359100.0,67.44,5
2024,3_SE28,Q3,415000.0,90.5,4
2024,3_SE28,Q4a,,,0
2024,3_SE28,Q4b,,,0
2024,3_SE9,Q1,263000.0,43.0,1
2024,3_SE9,Q2,450000.0,69.67,3
2024,3_SE9,Q3,615000.0,98.0,1
2024,3_SE9,Q4a,605000.0,132.5,2
2024,3_SE9,Q4b,,,0
2024,4_HA0,Q1,318048.39,51.69,31
2024,4_HA0,Q2,411375.0,68.42,24
2024,4_HA0,Q3,530980.77,89.23,26
2024,4_HA0,Q4a,674676.47,119.76,17
2024,4_HA0,Q4b,925000.0,167.81,2
2024,4_HA1,Q1,,,0
2024,4_HA1,Q2,,,0
2024,4_HA1,Q3,790000.0,91.0,1
2024,4_HA1,Q4a,833333.33,127.33,3
2024,4_HA1,Q4b,1196200.0,218.2,5
2024,4_HA3,Q1,195333.33,47.67,6
2024,4_HA3,Q2,224198.67,71.82,3
2024,4_HA3,Q3,590392.86,90.57,14
2024,4_HA3,Q4a,763884.52,126.29,21
2024,4_HA3,Q4b,862727.1,177.7,10
2024,4_HA7,Q1,,,0
2024,4_HA7,Q2,,,0
2024,4_HA7,Q3,,,0
2024,4_HA7,Q4a,,,0
2024,4_HA7,Q4b,,,0
2024,4_HA8,Q1,230000.0,42.0,1
2024,4_HA8,Q2,250000.0,62.67,1
2024,4_HA8,Q3,586250.0,89.04,4
2024,4_HA8,Q4a,620000.0,110.0,1
2024,4_HA8,Q4b,890000.0,163.0,1
2024,4_HA9,Q1,300222.22,49.65,27
2024,4_HA9,Q2,395826.92,68.91,26
2024,4_HA9,Q3,533031.61,90.42,38
2024,4_HA9,Q4a,638406.25,114.25,16
2024,4_HA9,Q4b,829785.71,184.76,7
2024,4_NW10,Q1,389462.46,50.1,28
2024,4_NW10,Q2,467554.86,69.17,35
2024,4_NW10,Q3,695136.36,91.3,44
2024,4_NW10,Q4a,1040081.4,124.92,43
2024,4_NW10,Q4b,1676044.09,183.35,34
2024,4_NW2,Q1,327076.09,49.86,23
2024,4_NW2,Q2,469418.52,68.54,27
2024,4_NW2,Q3,583280.0,88.29,25
2024,4_NW2,Q4a,813639.2,124.3,25
2024,4_NW2,Q4b,1699359.38,224.69,16
2024,4_NW6,Q1,456329.08,50.25,24
2024,4_NW6,Q2,603992.34,68.95,32
2024,4_NW6,Q3,810825.0,88.97,20
2024,4_NW6,Q4a,1519611.11,129.94,27
2024,4_NW6,Q4b,2300417.2,205.32,25
2024,4_NW9,Q1,327218.55,51.74,22
2024,4_NW9,Q2,459239.8,70.06,25
2024,4_NW9,Q3,550024.19,88.65,31
2024,4_NW9,Q4a,594200.0,120.0,15
2024,4_NW9,Q4b,877500.0,193.5,2
2024,4_W10,Q1,,,0
2024,4_W10,Q2,455000.0,66.5,4
2024,4_W10,Q3,585000.0,83.0,2
2024,4_W10,Q4a,,,0
2024,4_W10,Q4b,,,0
2024,4_W9,Q1,400000.0,45.0,1
2024,4_W9,Q2,450000.0,60.0,1
2024,4_W9,Q3,,,0
2024,4_W9,Q4a,,,0
2024,4_W9,Q4b,,,0
2024,5_CM12,Q1,,,0
2024,5_CM12,Q2,,,0
2024,5_CM12,Q3,,,0
2024,5_CM12,Q4a,,,0
2024,5_CM12,Q4b,,,0
2024,5_CM13,Q1,292950.0,49.86,20
2024,5_CM13,Q2,381579.73,69.29,37
2024,5_CM13,Q3,499302.31,89.08,52
2024,5_CM13,Q4a,697263.16,121.72,38
2024,5_CM13,Q4b,1566710.53,235.62,19
2024,5_CM14,Q1,241595.0,48.29,40
2024,5_CM14,Q2,360271.09,68.77,64
2024,5_CM14,Q3,483150.57,89.52,37
2024,5_CM14,Q4a,717228.42,119.1,19
2024,5_CM14,Q4b,1020250.0,205.75,12
2024,5_CM15,Q1,256142.86,47.94,21
2024,5_CM15,Q2,406366.67,69.68,30
2024,5_CM15,Q3,486788.89,88.27,45
2024,5_CM15,Q4a,696628.21,124.85,39
2024,5_CM15,Q4b,1070321.25,194.23,28
2024,5_CM4,Q1,284250.0,52.0,4
2024,5_CM4,Q2,400450.0,70.3,10
2024,5_CM4,Q3,532031.25,88.48,16
2024,5_CM4,Q4a,680980.87,120.62,23
2024,5_CM4,Q4b,1228277.78,224.11,9
2024,5_RM4,Q1,,,0
2024,5_RM4,Q2,,,0
2024,5_RM4,Q3,,,0
2024,5_RM4,Q4a,,,0
2024,5_RM4,Q4b,,,0
2024,6_BR1,Q1,289276.41,48.12,39
2024,6_BR1,Q2,387934.36,67.68,70
2024,6_BR1,Q3,522562.65,87.95,74
2024,6_BR1,Q4a,733046.15,124.93,65
2024,6_BR1,Q4b,1038087.5,191.21,40
2024,6_BR2,Q1,294534.52,49.46,42
2024,6_BR2,Q2,411731.53,67.68,79
2024,6_BR2,Q3,543708.5,90.04,117
2024,6_BR2,Q4a,760115.8,123.76,95
2024,6_BR2,Q4b,1208789.47,210.49,38
2024,6_BR3,Q1,265074.72,48.75,89
2024,6_BR3,Q2,401347.1,68.35,68
2024,6_BR3,Q3,571988.32,90.1,94
2024,6_BR3,Q4a,757916.58,122.32,97
2024,6_BR3,Q4b,1247995.65,204.95,46
2024,6_BR4,Q1,175000.0,45.22,9
2024,6_BR4,Q2,410353.57,68.24,14
2024,6_BR4,Q3,604436.67,93.15,30
2024,6_BR4,Q4a,697901.96,123.63,51
2024,6_BR4,Q4b,907142.86,175.79,21
2024,6_BR5,Q1,308250.0,50.25,54
2024,6_BR5,Q2,375430.11,69.44,88
2024,6_BR5,Q3,464503.79,89.81,87
2024,6_BR5,Q4a,671923.91,123.29,46
2024,6_BR5,Q4b,932111.22,174.63,9
2024,6_BR6,Q1,286736.29,48.43,35
2024,6_BR6,Q2,420899.61,70.01,76
2024,6_BR6,Q3,550193.31,90.13,118
2024,6_BR6,Q4a,710769.8,121.84,101
2024,6_BR6,Q4b,1195568.97,194.65,29
2024,6_BR7,Q1,347531.25,53.05,16
2024,6_BR7,Q2,453491.38,68.46,29
2024,6_BR7,Q3,583075.89,89.41,56
2024,6_BR7,Q4a,852574.07,126.96,27
2024,6_BR7,Q4b,1374233.33,259.39,15
2024,6_BR8,Q1,,,0
2024,6_BR8,Q2,,,0
2024,6_BR8,Q3,,,0
2024,6_BR8,Q4a,595000.0,126.5,2
2024,6_BR8,Q4b,,,0
2024,6_DA14,Q1,,,0
2024,6_DA14,Q2,,,0
2024,6_DA14,Q3,,,0
2024,6_DA14,Q4a,526000.0,113.0,1
2024,6_DA14,Q4b,,,0
2024,6_SE19,Q1,356753.33,47.51,15
2024,6_SE19,Q2,475750.0,64.9,6
2024,6_SE19,Q3,577500.0,88.5,4
2024,6_SE19,Q4a,935000.0,138.0,1
2024,6_SE19,Q4b,1567500.0,238.0,2
2024,6_SE20,Q1,297917.71,48.86,48
2024,6_SE20,Q2,421877.82,67.94,55
2024,6_SE20,Q3,552103.94,88.93,33
2024,6_SE20,Q4a,613889.17,119.25,12
2024,6_SE20,Q4b,892500.0,184.75,4
2024,6_SE26,Q1,330583.33,52.48,12
2024,6_SE26,Q2,423250.0,68.56,19
2024,6_SE26,Q3,461666.67,86.33,3
2024,6_SE26,Q4a,781000.0,125.8,5
2024,6_SE26,Q4b,1008500.0,200.0,6
2024,6_SE9,Q1,292937.5,50.31,8
2024,6_SE9,Q2,376531.25,68.04,16
2024,6_SE9,Q3,415714.29,86.27,14
2024,6_SE9,Q4a,686356.0,123.0,5
2024,6_SE9,Q4b,,,0
2024,6_TN14,Q1,,,0
2024,6_TN14,Q2,,,0
2024,6_TN14,Q3,562000.0,101.0,1
2024,6_TN14,Q4a,692500.0,115.0,2
2024,6_TN14,Q4b,702500.0,227.0,1
2024,6_TN16,Q1,246583.33,50.43,6
2024,6_TN16,Q2,342000.0,68.13,20
2024,6_TN16,Q3,425600.0,89.74,20
2024,6_TN16,Q4a,527187.5,123.47,32
2024,6_TN16,Q4b,808500.0,199.0,6
2024,7_EC1M,Q1,,,0
2024,7_EC1M,Q2,,,0
2024,7_EC1M,Q3,,,0
2024,7_EC1M,Q4a,,,0
2024,7_EC1M,Q4b,,,0
2024,7_EC1N,Q1,535000.0,45.33,3
2024,7_EC1N,Q2,610714.29,65.57,7
2024,7_EC1N,Q3,920000.0,87.0,1
2024,7_EC1N,Q4a,960000.0,113.0,1
2024,7_EC1N,Q4b,,,0
2024,7_EC1R,Q1,,,0
2024,7_EC1R,Q2,,,0
2024,7_EC1R,Q3,897500.0,90.0,1
2024,7_EC1R,Q4a,,,0
2024,7_EC1R,Q4b,,,0
2024,7_N19,Q1,450000.0,48.0,1
2024,7_N19,Q2,740000.0,74.0,1
2024,7_N19,Q3,670000.0,81.0,1
2024,7_N19,Q4a,1217500.0,131.84,2
2024,7_N19,Q4b,1872470.0,162.0,1
2024,7_N1C,Q1,1125000.0,51.0,2
2024,7_N1C,Q2,786666.33,71.0,3
2024,7_N1C,Q3,1792500.0,98.0,2
2024,7_N1C,Q4a,1460000.0,107.0,1
2024,7_N1C,Q4b,2650000.0,192.0,1
2024,7_N6,Q1,377916.67,40.0,6
2024,7_N6,Q2,618750.0,67.75,4
2024,7_N6,Q3,1049000.0,87.4,5
2024,7_N6,Q4a,1850000.0,131.77,1
2024,7_N6,Q4b,2920833.33,209.0,6
2024,7_N7,Q1,496833.33,54.33,3
2024,7_N7,Q2,755000.0,75.0,1
2024,7_N7,Q3,,,0
2024,7_N7,Q4a,,,0
2024,7_N7,Q4b,,,0
2024,7_NW1,Q1,458081.63,45.05,49
2024,7_NW1,Q2,659717.74,69.1,31
2024,7_NW1,Q3,856500.0,88.45,15
2024,7_NW1,Q4a,1188372.73,128.78,11
2024,7_NW1,Q4b,4048342.29,238.43,14
2024,7_NW2,Q1,353137.5,45.5,8
2024,7_NW2,Q2,562112.0,66.9,5
2024,7_NW2,Q3,830000.0,89.0,2
2024,7_NW2,Q4a,851700.0,118.0,3
2024,7_NW2,Q4b,,,0
2024,7_NW3,Q1,515867.92,46.16,53
2024,7_NW3,Q2,786907.92,68.92,50
2024,7_NW3,Q3,945233.33,88.79,51
2024,7_NW3,Q4a,1553545.74,123.41,61
2024,7_NW3,Q4b,2957061.22,205.42,49
2024,7_NW5,Q1,474763.16,49.27,38
2024,7_NW5,Q2,602519.23,68.96,26
2024,7_NW5,Q3,884687.04,88.31,27
2024,7_NW5,Q4a,1417246.62,121.64,13
2024,7_NW5,Q4b,1926437.5,186.46,16
2024,7_NW6,Q1,492852.28,48.52,43
2024,7_NW6,Q2,638875.76,67.71,33
2024,7_NW6,Q3,783057.14,89.43,35
2024,7_NW6,Q4a,1238615.38,124.89,26
2024,7_NW6,Q4b,2717666.67,228.67,15
2024,7_NW8,Q1,530000.0,51.5,2
2024,7_NW8,Q2,610000.0,67.59,3
2024,7_NW8,Q3,1067142.86,89.0,7
2024,7_NW8,Q4a,1527000.0,120.6,5
2024,7_NW8,Q4b,4390808.33,264.67,3
2024,7_W1T,Q1,649285.71,46.57,7
2024,7_W1T,Q2,930000.0,72.5,2
2024,7_W1T,Q3,1060000.0,82.0,1
2024,7_W1T,Q4a,1550000.0,105.0,1
2024,7_W1T,Q4b,,,0
2024,7_WC1A,Q1,,,0
2024,7_WC1A,Q2,888000.0,63.0,1
2024,7_WC1A,Q3,,,0
2024,7_WC1A,Q4a,,,0
2024,7_WC1A,Q4b,,,0
2024,7_WC1B,Q1,460000.0,54.36,1
2024,7_WC1B,Q2,1250000.0,68.0,1
2024,7_WC1B,Q3,1262500.0,88.5,2
2024,7_WC1B,Q4a,1722500.0,131.5,2
2024,7_WC1B,Q4b,,,0
2024,7_WC1E,Q1,608850.0,46.6,5
2024,7_WC1E,Q2,915000.0,69.0,1
2024,7_WC1E,Q3,,,0
2024,7_WC1E,Q4a,1572800.0,124.06,3
2024,7_WC1E,Q4b,,,0
2024,7_WC1H,Q1,352578.95,32.65,38
2024,7_WC1H,Q2,611600.0,64.6,5
2024,7_WC1H,Q3,,,0
2024,7_WC1H,Q4a,1343333.33,110.67,3
2024,7_WC1H,Q4b,,,0
2024,7_WC1N,Q1,463050.0,41.4,10
2024,7_WC1N,Q2,852857.14,66.43,7
2024,7_WC1N,Q3,745500.0,83.5,2
2024,7_WC1N,Q4a,1922500.0,129.0,2
2024,7_WC1N,Q4b,2950000.0,250.5,2
2024,7_WC1R,Q1,507000.0,47.0,1
2024,7_WC1R,Q2,950000.0,72.0,1
2024,7_WC1R,Q3,,,0
2024,7_WC1R,Q4a,,,0
2024,7_WC1R,Q4b,,,0
2024,7_WC1V,Q1,,,0
2024,7_WC1V,Q2,,,0
2024,7_WC1V,Q3,,,0
2024,7_WC1V,Q4a,,,0
2024,7_WC1V,Q4b,,,0
2024,7_WC1X,Q1,543576.5,49.3,4
2024,7_WC1X,Q2,972500.0,67.03,2
2024,7_WC1X,Q3,804416.67,86.67,3
2024,7_WC1X,Q4a,,,0
2024,7_WC1X,Q4b,,,0
2024,7_WC2A,Q1,,,0
2024,7_WC2A,Q2,,,0
2024,7_WC2A,Q3,,,0
2024,7_WC2A,Q4a,,,0
2024,7_WC2A,Q4b,,,0
2024,7_WC2B,Q1,550000.0,38.0,2
2024,7_WC2B,Q2,,,0
2024,7_WC2B,Q3,,,0
2024,7_WC2B,Q4a,1440000.0,120.0,2
2024,7_WC2B,Q4b,2687500.0,178.5,2
2024,7_WC2H,Q1,680000.0,50.0,1
2024,7_WC2H,Q2,912333.33,71.4,3
2024,7_WC2H,Q3,1160000.0,86.31,3
2024,7_WC2H,Q4a,,,0
2024,7_WC2H,Q4b,,,0
2024,8_E1,Q1,,,0
2024,8_E1,Q2,,,0
2024,8_E1,Q3,,,0
2024,8_E1,Q4a,,,0
2024,8_E1,Q4b,,,0
2024,8_EC1A,Q1,551250.0,45.0,8
2024,8_EC1A,Q2,722312.5,63.55,4
2024,8_EC1A,Q3,1575000.0,92.0,1
2024,8_EC1A,Q4a,,,0
2024,8_EC1A,Q4b,,,0
2024,8_EC1M,Q1,485000.0,39.0,1
2024,8_EC1M,Q2,,,0
2024,8_EC1M,Q3,,,0
2024,8_EC1M,Q4a,,,0
2024,8_EC1M,Q4b,,,0
2024,8_EC1N,Q1,,,0
2024,8_EC1N,Q2,,,0
2024,8_EC1N,Q3,,,0
2024,8_EC1N,Q4a,,,0
2024,8_EC1N,Q4b,,,0
2024,8_EC1Y,Q1,688000.0,51.0,1
2024,8_EC1Y,Q2,,,0
2024,8_EC1Y,Q3,,,0
2024,8_EC1Y,Q4a,,,0
2024,8_EC1Y,Q4b,,,0
2024,8_EC2M,Q1,,,0
2024,8_EC2M,Q2,,,0
2024,8_EC2M,Q3,,,0
2024,8_EC2M,Q4a,,,0
2024,8_EC2M,Q4b,2200000.0,221.0,1
2024,8_EC2R,Q1,,,0
2024,8_EC2R,Q2,,,0
2024,8_EC2R,Q3,1030000.0,97.0,1
2024,8_EC2R,Q4a,,,0
2024,8_EC2R,Q4b,,,0
2024,8_EC2V,Q1,,,0
2024,8_EC2V,Q2,,,0
2024,8_EC2V,Q3,,,0
2024,8_EC2V,Q4a,,,0
2024,8_EC2V,Q4b,,,0
2024,8_EC2Y,Q1,571050.0,38.74,10
2024,8_EC2Y,Q2,827454.55,70.91,11
2024,8_EC2Y,Q3,1129833.33,86.58,6
2024,8_EC2Y,Q4a,1325000.0,108.5,2
2024,8_EC2Y,Q4b,,,0
2024,8_EC3A,Q1,,,0
2024,8_EC3A,Q2,,,0
2024,8_EC3A,Q3,,,0
2024,8_EC3A,Q4a,,,0
2024,8_EC3A,Q4b,,,0
2024,8_EC3N,Q1,407500.0,53.0,1
2024,8_EC3N,Q2,,,0
2024,8_EC3N,Q3,,,0
2024,8_EC3N,Q4a,,,0
2024,8_EC3N,Q4b,,,0
2024,8_EC3R,Q1,578000.0,48.0,1
2024,8_EC3R,Q2,1075000.0,77.0,1
2024,8_EC3R,Q3,,,0
2024,8_EC3R,Q4a,1250000.0,107.0,1
2024,8_EC3R,Q4b,,,0
2024,8_EC3V,Q1,,,0
2024,8_EC3V,Q2,,,0
2024,8_EC3V,Q3,,,0
2024,8_EC3V,Q4a,,,0
2024,8_EC3V,Q4b,,,0
2024,8_EC4A,Q1,580300.0,45.17,6
2024,8_EC4A,Q2,565000.0,65.0,1
2024,8_EC4A,Q3,,,0
2024,8_EC4A,Q4a,,,0
2024,8_EC4A,Q4b,,,0
2024,8_EC4M,Q1,700000.0,59.0,1
2024,8_EC4M,Q2,,,0
2024,8_EC4M,Q3,900000.0,80.0,1
2024,8_EC4M,Q4a,,,0
2024,8_EC4M,Q4b,,,0
2024,8_EC4R,Q1,,,0
2024,8_EC4R,Q2,,,0
2024,8_EC4R,Q3,,,0
2024,8_EC4R,Q4a,,,0
2024,8_EC4R,Q4b,,,0
2024,8_EC4V,Q1,508644.75,38.75,4
2024,8_EC4V,Q2,725000.0,70.0,1
2024,8_EC4V,Q3,,,0
2024,8_EC4V,Q4a,1820000.0,146.0,1
2024,8_EC4V,Q4b,,,0
2024,8_EC4Y,Q1,,,0
2024,8_EC4Y,Q2,845000.0,76.0,1
2024,8_EC4Y,Q3,975000.0,92.0,1
2024,8_EC4Y,Q4a,,,0
2024,8_EC4Y,Q4b,,,0
2024,8_WC2A,Q1,525000.0,51.0,1
2024,8_WC2A,Q2,,,0
2024,8_WC2A,Q3,,,0
2024,8_WC2A,Q4a,,,0
2024,8_WC2A,Q4b,,,0
2024,9_CR0,Q1,252121.02,48.02,152
2024,9_CR0,Q2,332723.57,68.82,195
2024,9_CR0,Q3,417386.99,88.42,209
2024,9_CR0,Q4a,522357.5,120.12,100
2024,9_CR0,Q4b,802285.71,173.79,14
2024,9_CR2,Q1,241235.18,48.56,65
2024,9_CR2,Q2,344720.44,69.56,73
2024,9_CR2,Q3,491006.94,88.64,72
2024,9_CR2,Q4a,639962.5,125.17,88
2024,9_CR2,Q4b,906875.03,195.74,34
2024,9_CR3,Q1,,,0
2024,9_CR3,Q2,,,0
2024,9_CR3,Q3,501200.0,86.96,5
2024,9_CR3,Q4a,565500.0,116.59,5
2024,9_CR3,Q4b,,,0
2024,9_CR4,Q1,,,0
2024,9_CR4,Q2,,,0
2024,9_CR4,Q3,,,0
2024,9_CR4,Q4a,,,0
2024,9_CR4,Q4b,,,0
2024,9_CR5,Q1,218500.0,49.27,10
2024,9_CR5,Q2,390940.0,69.32,25
2024,9_CR5,Q3,521086.96,89.46,46
2024,9_CR5,Q4a,649988.89,121.75,56
2024,9_CR5,Q4b,818542.68,181.73,25
2024,9_CR6,Q1,,,0
2024,9_CR6,Q2,,,0
2024,9_CR6,Q3,,,0
2024,9_CR6,Q4a,582500.0,110.0,2
2024,9_CR6,Q4b,,,0
2024,9_CR7,Q1,255475.0,48.08,20
2024,9_CR7,Q2,342492.11,70.99,38
2024,9_CR7,Q3,437575.5,89.65,60
2024,9_CR7,Q4a,513179.31,116.5,29
2024,9_CR7,Q4b,614000.0,179.0,1
2024,9_CR8,Q1,243855.88,50.25,17
2024,9_CR8,Q2,325339.29,69.6,28
2024,9_CR8,Q3,463981.76,89.2,51
2024,9_CR8,Q4a,651349.11,124.8,66
2024,9_CR8,Q4b,896470.24,200.58,42
2024,9_SE19,Q1,312314.29,49.46,35
2024,9_SE19,Q2,373851.56,68.22,32
2024,9_SE19,Q3,587218.07,90.04,28
2024,9_SE19,Q4a,685388.89,122.56,9
2024,9_SE19,Q4b,1002828.57,210.43,7
2024,9_SE25,Q1,252212.96,46.47,54
2024,9_SE25,Q2,365831.42,67.87,43
2024,9_SE25,Q3,462324.21,89.11,57
2024,9_SE25,Q4a,571589.29,116.61,28
2024,9_SE25,Q4b,692500.0,159.84,2
2024,9_SW16,Q1,291777.78,47.64,9
2024,9_SW16,Q2,390354.17,68.94,12
2024,9_SW16,Q3,528666.67,90.43,27
2024,9_SW16,Q4a,643630.22,126.02,23
2024,9_SW16,Q4b,898240.0,171.3,10
