lsoa,mean_ptal_score,ptal_rating,sample_postcode,borough_outbound
E01000001,69.8233,6b,EC1A 4AA,8_EC1A
E01000002,83.782,6b,EC1Y 4AG,8_EC2Y
E01000003,41.7417,6b,EC1M 7AA,8_EC1Y
E01000005,85.8893,6b,E1 7AA,8_E1
E01000006,22.4558,5,IG11 9SU,1_IG11
E01000007,33.3023,6a,IG11 8AH,1_IG11
E01000008,7.39059,2,IG11 8AD,1_IG11
E01000009,38.3641,6a,IG11 8EA,1_IG11
E01000010,32.286,6a,IG11 7AR,1_IG11
E01000011,31.9167,6a,IG11 8QE,1_IG11
E01000012,16.2314,4,IG11 8FL,1_IG11
E01000013,13.1449,3,RM10 8DP,1_RM10
E01000014,7.46001,2,RM10 8NJ,1_RM10
E01000015,8.29508,2,RM10 8AW,1_RM10
E01000016,5.11561,2,RM10 7AN,1_RM10
E01000017,8.20281,2,RM10 7ST,1_RM10
E01000018,7.37822,2,RM10 8BN,1_RM10
E01000019,4.58686,1b,RM8 2BA,1_RM8
E01000020,6.75302,2,RM8 2JS,1_RM8
E01000021,4.86539,1b,IG11 8PD,1_RM8
E01000022,6.39859,2,RM8 2AU,1_RM8
E01000023,7.01491,2,IG11 9BY,1_IG11
E01000024,7.43551,2,RM8 2AA,1_RM8
E01000025,5.751210000000001,2,RM8 2AH,1_RM8
E01000027,3.85844,1b,RM5 2BG,1_RM5
E01000028,3.01489,1b,RM6 5EH,1_RM6
E01000029,2.5171,1b,RM6 5AE,1_RM6
E01000030,4.82101,1b,RM6 5AG,1_RM6
E01000031,4.07693,1b,RM6 5QX,1_RM6
E01000032,6.6856,2,RM6 4BF,1_RM6
E01000033,3.9150399999999994,1b,RM10 7AS,1_RM10
E01000034,3.51145,1b,RM10 7AA,1_RM10
E01000035,6.7778,2,RM10 7EA,1_RM10
E01000036,7.34586,2,RM10 7FQ,1_RM10
E01000037,2.32273,1a,RM7 0PH,1_RM7
E01000038,8.36135,2,RM7 0AS,1_RM7
E01000039,1.99736,1a,RM12 4PD,1_RM7
E01000040,9.00812,2,IG11 7RB,1_IG11
E01000041,5.72093,2,RM9 4DB,1_RM9
E01000042,8.48745,2,IG11 9FB,1_IG11
E01000043,7.26782,2,IG11 0TJ,1_IG11
E01000044,8.7118,2,IG11 7QL,1_IG11
E01000045,7.08704,2,IG11 0TS,1_IG11
E01000046,6.09177,2,RM9 4AG,1_RM9
E01000048,8.13742,2,IG11 7DU,1_IG11
E01000049,7.73561,2,IG11 0AT,1_IG11
E01000050,23.446000000000005,5,IG11 7AS,1_IG11
E01000051,13.4392,3,IG11 7AD,1_IG11
E01000052,7.91239,2,IG11 0AL,1_IG11
E01000053,5.84284,2,RM9 6AY,1_RM9
E01000054,6.31438,2,RM9 6AD,1_RM9
E01000055,7.7862,2,RM9 4EX,1_RM9
E01000056,1.6277100000000002,1a,RM9 6AR,1_RM9
E01000057,9.98087,2,RM9 4EU,1_RM9
E01000058,7.25869,2,RM9 6BX,1_RM9
E01000059,5.43468,2,RM9 6BN,1_RM9
E01000060,4.75043,1b,RM10 7DS,1_RM10
E01000061,7.36381,2,RM10 7AE,1_RM10
E01000062,4.4875,1b,RM10 7FR,1_RM10
E01000063,7.42822,2,RM10 7LJ,1_RM10
E01000064,4.11487,1b,RM10 7BG,1_RM10
E01000065,5.82993,2,RM10 7DE,1_RM10
E01000066,3.48363,1b,IG11 9AG,1_IG11
E01000067,5.81071,2,IG11 8UG,1_IG11
E01000068,16.9529,4,IG11 8SL,1_IG11
E01000069,8.91029,2,IG11 9AA,1_IG11
E01000070,9.08794,2,IG11 8FF,1_IG11
E01000071,8.50495,2,IG11 9BD,1_IG11
E01000072,3.4708,1b,RM8 2BJ,1_RM8
E01000073,3.68102,1b,RM8 2BL,1_RM8
E01000074,5.22423,2,RM8 2AW,1_RM8
E01000075,9.06998,2,RM9 4AA,1_RM9
E01000076,5.922669999999999,2,RM9 4AP,1_RM9
E01000077,7.48654,2,RM8 2AE,1_RM8
E01000078,6.90947,2,RM8 3BP,1_RM8
E01000079,5.87476,2,RM9 5AR,1_RM9
E01000080,5.88791,2,RM9 4AE,1_RM9
E01000081,4.9585,1b,RM9 5AJ,1_RM9
E01000082,4.94285,1b,RM8 3AA,1_RM8
E01000083,7.386190000000001,2,RM8 3AT,1_RM8
E01000084,13.9159,3,RM10 8QX,1_RM9
E01000085,13.5581,3,RM10 8QT,1_RM10
E01000086,11.3246,3,RM10 9NX,1_RM10
E01000087,7.1013,2,RM10 9DG,1_RM10
E01000088,4.09005,1b,RM10 9AB,1_RM10
E01000089,3.14651,1b,RM10 9BA,1_RM10
E01000090,2.62035,1b,RM10 9AR,1_RM10
E01000091,4.69844,1b,IG11 0AH,1_IG11
E01000092,1.89438,1a,IG11 0AB,1_IG11
E01000093,4.76951,1b,IG11 0AG,1_IG11
E01000094,3.08911,1b,IG11 0BF,1_IG11
E01000095,3.4989099999999995,1b,IG11 0RH,1_IG11
E01000096,3.51993,1b,IG11 0AE,1_IG11
E01000097,14.5706,3,RM8 1DB,1_RM8
E01000098,11.0563,3,RM8 1BL,1_RM8
E01000099,9.59104,2,RM8 1BF,1_RM8
E01000100,4.91511,1b,RM8 1BT,1_RM8
E01000101,8.70126,2,RM8 1BD,1_RM8
E01000102,5.78336,2,RM8 3AG,1_RM8
E01000103,3.04832,1b,RM10 8AG,1_RM10
E01000104,8.24809,2,RM10 8AE,1_RM10
E01000105,8.9166,2,RM10 8PE,1_RM10
E01000106,4.76699,1b,RM10 8AD,1_RM10
E01000107,2.67607,1b,RM10 8AT,1_RM10
E01000108,9.5896,2,RM10 7BZ,1_RM10
E01000109,4.30923,1b,RM8 1AE,1_RM8
E01000110,5.204680000000001,2,RM6 5BU,1_RM6
E01000111,5.31493,2,RM6 6AL,1_RM6
E01000112,9.71421,2,RM1 1HA,1_RM6
E01000113,14.5377,3,RM6 4BE,1_RM6
E01000114,5.97464,2,RM8 1AA,1_RM8
E01000115,7.010250000000001,2,EN4 8LH,2_EN4
E01000116,5.3088,2,EN4 8FT,2_EN4
E01000117,5.74797,2,EN4 8ER,2_EN4
E01000118,5.74361,2,EN4 8JN,2_EN4
E01000119,8.40527,2,N14 5AE,2_N14
E01000120,7.207479999999999,2,N14 5DG,2_N14
E01000121,3.31441,1b,N11 1DS,2_N11
E01000122,3.91162,1b,N11 1DD,2_N11
E01000123,5.58762,2,N11 1AZ,2_N11
E01000124,12.909899999999999,3,N11 1AW,2_N11
E01000125,12.3823,3,HA8 0AA,2_HA8
E01000126,4.62348,1b,NW9 5AN,2_NW9
E01000127,14.665600000000001,3,HA8 0EQ,2_HA8
E01000128,14.6214,3,HA8 0AZ,2_HA8
E01000129,20.5564,5,HA8 0AX,2_HA8
E01000130,9.84947,2,HA8 0DZ,2_HA8
E01000131,8.7169,2,HA8 0DP,2_NW9
E01000132,10.0333,3,HA8 0ND,2_HA8
E01000133,11.5425,3,HA8 0JD,2_HA8
E01000134,11.0418,3,HA8 0QP,2_HA8
E01000135,14.616,3,NW11 7RY,2_NW11
E01000136,11.6318,3,NW11 7HU,2_NW11
E01000137,11.4895,3,NW2 2AB,2_NW2
E01000138,10.2718,3,NW11 8SL,2_NW11
E01000139,10.1868,3,NW2 1HR,2_NW2
E01000140,14.5111,3,NW11 8AT,2_NW11
E01000141,17.3824,4,NW2 1BP,2_NW2
E01000142,12.9837,3,NW11 8HZ,2_NW11
E01000143,13.9178,3,NW2 2DL,2_NW2
E01000144,24.4656,5,NW11 0NX,2_NW11
E01000145,12.0305,3,NW11 8BN,2_NW11
E01000146,30.033499999999997,6a,NW11 7PA,2_NW11
E01000147,4.9307,1b,NW9 6DP,2_NW9
E01000148,11.2697,3,NW9 4BD,2_NW9
E01000150,5.09996,2,NW9 6AN,2_NW9
E01000151,4.13997,1b,NW9 5DZ,2_NW9
E01000152,3.94988,1b,NW7 2LA,2_NW7
E01000153,5.49369,2,NW7 2LE,2_NW7
E01000154,9.27649,2,NW9 1ZU,2_NW9
E01000155,12.0205,3,NW9 4AW,2_NW9
E01000156,8.16457,2,N10 1AB,2_N10
E01000157,4.75052,1b,N10 2ER,2_N10
E01000158,6.74756,2,N11 3AD,2_N11
E01000159,4.51445,1b,N11 3AR,2_N11
E01000160,7.35754,2,N11 1PX,2_N11
E01000161,9.4314,2,N11 3BN,2_N11
E01000162,10.2149,3,N11 3BH,2_N11
E01000163,3.79625,1b,N10 2EP,2_N10
E01000164,7.30712,2,N10 1AA,2_N10
E01000165,8.8973,2,N11 3AQ,2_N11
E01000166,5.24531,2,EN4 9AB,2_EN4
E01000167,1.79421,1a,EN4 9AG,2_EN4
E01000168,6.79275,2,EN4 9DY,2_EN4
E01000169,6.72274,2,EN4 9AA,2_EN4
E01000170,8.01471,2,EN4 8AG,2_EN4
E01000171,11.3282,3,EN4 8AA,2_EN4
E01000172,3.48235,1b,EN4 8HR,2_EN4
E01000173,3.15452,1b,EN4 8DT,2_EN4
E01000174,9.69772,2,EN4 8AE,2_EN4
E01000175,5.88037,2,EN4 8DA,2_EN4
E01000176,3.71903,1b,N2 0FD,2_N2
E01000177,5.02878,2,N2 0LT,2_N2
E01000178,4.0344,1b,N2 8AJ,2_N2
E01000179,3.10387,1b,N2 0SH,2_N2
E01000180,8.57823,2,N2 0AU,2_N2
E01000181,14.1528,3,N2 8AD,2_N2
E01000182,14.5049,3,N2 0NW,2_N2
E01000183,2.92704,1b,N2 0DB,2_N2
E01000184,1.93827,1a,N10 1JW,2_N2
E01000185,2.90637,1b,N2 8BZ,2_N2
E01000186,7.95126,2,HA8 8DJ,2_HA8
E01000187,4.09808,1b,HA8 8AR,2_HA8
E01000188,0.980628,1a,HA7 4LS,2_HA7
E01000189,1.9185599999999998,1a,HA8 8AA,2_HA8
E01000190,4.04547,1b,HA8 7QA,2_HA8
E01000191,10.5428,3,HA8 8BF,2_HA8
E01000192,21.4253,5,HA8 7AR,2_HA8
E01000193,20.0665,5,HA8 0BD,2_HA8
E01000194,16.0119,4,HA8 5AA,2_HA8
E01000195,1.50344,1a,HA8 8EW,2_HA8
E01000196,15.3315,4,N3 1BF,2_N3
E01000197,9.2003,2,N3 2FD,2_N3
E01000198,3.23133,1b,N3 3EF,2_N3
E01000199,4.50414,1b,N3 1DA,2_N3
E01000200,6.86817,2,N3 1FB,2_N3
E01000201,6.115429999999999,2,N3 3AU,2_N3
E01000202,7.46676,2,N3 3AJ,2_N3
E01000203,5.04058,2,N3 2SX,2_N3
E01000204,11.4422,3,N3 1AY,2_N3
E01000205,4.21301,1b,NW11 6BG,2_NW11
E01000206,2.80062,1b,N2 0AZ,2_N2
E01000207,3.8972800000000003,1b,N2 0DL,2_N2
E01000208,10.277599999999998,3,N2 0AA,2_N2
E01000209,5.37832,2,NW11 6AT,2_NW11
E01000210,3.9213899999999997,1b,N2 0DG,2_N2
E01000211,8.35726,2,N3 3JR,2_NW11
E01000212,7.74902,2,NW11 6TU,2_NW11
E01000213,3.3815199999999996,1b,N2 0EJ,2_N2
E01000214,16.6422,4,NW11 7BS,2_NW11
E01000215,12.709099999999998,3,NW11 0JN,2_NW11
E01000216,8.80247,2,NW11 0DA,2_NW11
E01000217,6.08947,2,NW11 0BG,2_NW11
E01000218,14.0212,3,NW11 8AU,2_NW11
E01000219,18.7051,4,NW11 9DT,2_NW11
E01000220,13.651,3,NW11 9AF,2_NW11
E01000221,13.3496,3,NW11 9EH,2_NW11
E01000222,6.68951,2,NW2 1AE,2_NW2
E01000223,8.4522,2,NW2 1AB,2_NW2
E01000224,9.28636,2,NW2 1BL,2_NW2
E01000225,5.41549,2,NW11 0AG,2_NW11
E01000226,6.72681,2,HA8 9BJ,2_HA8
E01000227,5.5744,2,HA8 9AS,2_HA8
E01000228,0.813966,1a,NW7 3AA,2_NW7
E01000229,2.50364,1b,HA8 8XE,2_HA8
E01000230,5.12524,2,HA8 8SU,2_HA8
E01000231,2.99059,1b,HA8 9SX,2_HA8
E01000232,7.25079,2,HA8 8BY,2_HA8
E01000233,7.01215,2,HA8 9GR,2_HA8
E01000234,11.8742,3,HA8 9NU,2_HA8
E01000235,12.1799,3,HA8 9BT,2_HA8
E01000236,6.55226,2,NW11 9JU,2_NW11
E01000237,14.3658,3,NW4 2AD,2_NW4
E01000238,4.37487,1b,NW11 9JY,2_NW11
E01000239,5.80517,2,NW4 4BF,2_NW4
E01000240,2.37931,1a,NW4 1HE,2_NW4
E01000241,2.21401,1a,NW4 1AA,2_NW4
E01000242,4.83334,1b,NW4 1AN,2_NW4
E01000243,7.486249999999999,2,NW4 1AB,2_NW4
E01000244,8.20936,2,NW4 1QF,2_NW4
E01000245,10.4143,3,NW4 1EQ,2_NW4
E01000246,2.34873,1a,EN4 0LY,2_EN5
E01000247,4.86619,1b,EN5 5BU,2_EN5
E01000248,10.5315,3,EN5 3DL,2_EN5
E01000249,2.11587,1a,EN5 3DG,2_EN5
E01000250,8.55294,2,EN5 4AY,2_EN5
E01000251,11.9501,3,EN4 8RR,2_EN4
E01000252,8.40912,2,EN5 1EQ,2_EN5
E01000253,1.16655,1a,EN5 2AA,2_EN5
E01000254,0.536905,1a,EN4 0NH,2_EN5
E01000255,1.77553,1a,NW7 1AY,2_NW7
E01000256,3.63009,1b,NW7 2AW,2_NW7
E01000257,7.101159999999999,2,N3 1RE,2_N3
E01000258,6.77941,2,NW7 0AA,2_NW7
E01000259,1.74679,1a,NW4 1PX,2_NW7
E01000260,2.56492,1b,NW4 1PS,2_NW4
E01000261,2.93094,1b,NW7 1AQ,2_NW7
E01000262,1.96018,1a,N12 7BN,2_NW7
E01000263,5.37449,2,NW7 3JD,2_NW7
E01000264,10.9522,3,NW7 2JU,2_NW7
E01000265,5.79479,2,N20 0BJ,2_N20
E01000266,4.41078,1b,N20 0BG,2_N20
E01000267,7.58199,2,EN4 0AD,2_EN5
E01000268,13.782999999999998,3,EN4 8RP,2_EN5
E01000269,10.0329,3,EN5 1AF,2_EN5
E01000270,10.4929,3,EN5 1AG,2_EN5
E01000271,9.08156,2,EN5 1BJ,2_EN5
E01000272,7.15502,2,EN5 1BX,2_EN5
E01000273,12.1505,3,N20 0HP,2_N20
E01000274,6.76218,2,N20 0AA,2_N20
E01000275,7.429120000000001,2,N12 7AG,2_N12
E01000276,2.91234,1b,N12 7AA,2_N12
E01000277,10.138,3,N12 0DX,2_N12
E01000278,5.12517,2,N12 7AP,2_N12
E01000279,1.48978,1a,N20 8AA,2_N20
E01000280,4.76207,1b,N20 8DL,2_N20
E01000281,10.1968,3,N20 0AW,2_N20
E01000282,9.58732,2,N20 0EZ,2_N20
E01000283,4.22068,1b,N12 7ET,2_N12
E01000284,7.858110000000001,2,N12 7EA,2_N12
E01000285,3.18573,1b,EN5 2DE,2_EN5
E01000286,4.57522,1b,EN5 2RT,2_EN5
E01000287,4.13223,1b,EN5 2AL,2_EN5
E01000288,8.34093,2,EN5 2BA,2_EN5
E01000289,6.94427,2,EN5 2DJ,2_EN5
E01000290,1.48016,1a,EN5 2AB,2_EN5
E01000291,3.04293,1b,EN5 2FA,2_EN5
E01000292,8.10976,2,EN5 2AF,2_EN5
E01000293,16.1789,4,EN5 2EA,2_EN5
E01000294,6.761240000000001,2,EN5 2NF,2_EN5
E01000295,14.5725,3,N3 2BB,2_N3
E01000296,16.7983,4,N3 1AA,2_N3
E01000297,5.7428,2,N3 2AA,2_N3
E01000298,12.4266,3,N3 1DY,2_N3
E01000299,12.996,3,N12 0BH,2_N12
E01000300,11.1317,3,N12 7DH,2_N12
E01000301,11.159,3,N12 7HP,2_N12
E01000302,14.058200000000001,3,N12 0ES,2_N12
E01000303,7.75464,2,N3 1AB,2_N3
E01000304,8.91359,2,N3 1AQ,2_N3
E01000305,4.53612,1b,NW2 1LY,2_NW9
E01000306,10.6458,3,NW4 3BE,2_NW4
E01000307,13.583199999999998,3,NW2 1JS,2_NW4
E01000308,3.59251,1b,NW9 0BL,2_NW9
E01000309,13.4253,3,NW4 3AF,2_NW4
E01000310,16.9418,4,NW4 3AA,2_NW4
E01000311,11.2528,3,NW11 9JQ,2_NW11
E01000312,7.463759999999999,2,NW9 6AS,2_NW9
E01000313,12.4284,3,NW4 3ED,2_NW4
E01000314,17.8886,4,NW4 3AQ,2_NW4
E01000315,4.27959,1b,N12 0AG,2_N12
E01000316,5.17573,2,N12 0AE,2_N12
E01000317,13.0089,3,N12 0BE,2_N12
E01000318,7.65489,2,N12 0AA,2_N12
E01000319,5.79505,2,N12 0HZ,2_N3
E01000320,4.41757,1b,N12 8FA,2_N12
E01000321,8.3204,2,N12 8FB,2_N12
E01000322,5.7123,2,N12 9BB,2_N12
E01000323,12.3449,3,N12 0DS,2_N12
E01000324,6.64776,2,N12 0LA,2_N12
E01000325,8.32679,2,DA7 6BE,3_DA7
E01000326,3.41403,1b,DA1 4RA,3_DA7
E01000327,13.200300000000002,3,DA7 4LU,3_DA7
E01000328,2.8506499999999995,1b,DA1 4DL,3_DA1
E01000329,8.2841,2,DA6 7AT,3_DA6
E01000330,17.4417,4,DA7 4HL,3_DA7
E01000331,3.10323,1b,DA5 1PF,3_DA5
E01000332,7.260139999999999,2,DA17 5BW,3_DA17
E01000333,4.65451,1b,DA17 5ED,3_DA17
E01000334,3.74277,1b,DA17 5DZ,3_DA17
E01000335,3.6927,1b,DA17 6AG,3_DA17
E01000336,8.93537,2,DA17 5AA,3_DA17
E01000337,4.86354,1b,DA17 5AF,3_DA17
E01000338,7.48566,2,DA17 5AE,3_DA17
E01000339,4.67548,1b,DA15 8AA,3_DA15
E01000340,2.61588,1b,DA15 8PX,3_DA15
E01000341,3.27627,1b,DA15 8AZ,3_DA15
E01000342,2.81472,1b,DA15 8HL,3_DA15
E01000343,4.57313,1b,DA15 8JU,3_DA15
E01000344,4.49253,1b,DA15 8AT,3_DA15
E01000345,4.67157,1b,DA15 8EL,3_DA15
E01000346,3.83546,1b,DA15 9BB,3_DA15
E01000347,4.94347,1b,DA15 8NU,3_DA15
E01000348,3.23538,1b,DA5 1BN,3_DA5
E01000349,4.25791,1b,DA5 1BW,3_DA5
E01000350,3.73397,1b,DA15 8LN,3_DA15
E01000351,3.14063,1b,DA15 9LD,3_DA15
E01000352,4.45,1b,DA15 9BE,3_DA15
E01000353,3.8967,1b,DA7 4PB,3_DA7
E01000354,6.9721400000000004,2,DA7 4ES,3_DA7
E01000355,7.68435,2,DA7 5AJ,3_DA7
E01000356,12.1571,3,DA7 4AB,3_DA7
E01000357,6.53809,2,DA7 4TG,3_DA7
E01000358,8.54207,2,DA7 4DS,3_DA7
E01000359,4.70258,1b,DA7 4SS,3_DA7
E01000360,16.1787,4,DA6 7AE,3_DA6
E01000361,5.08739,2,DA6 8DP,3_DA6
E01000362,15.0623,4,DA6 7AD,3_DA6
E01000363,5.38097,2,DA5 1HD,3_DA5
E01000364,3.823,1b,DA5 1PU,3_DA5
E01000365,10.9912,3,DA6 7DA,3_DA6
E01000366,15.4365,4,DA16 1AN,3_DA6
E01000367,3.20996,1b,DA8 3BB,3_DA8
E01000368,2.41844,1a,DA7 6RN,3_DA7
E01000369,4.21462,1b,DA7 6QL,3_DA7
E01000370,10.7576,3,DA7 6HD,3_DA7
E01000371,4.976890000000001,1b,DA7 6PH,3_DA7
E01000372,3.50441,1b,DA8 3AT,3_DA8
E01000373,3.1140700000000003,1b,DA8 3AQ,3_DA8
E01000374,2.26362,1a,DA1 4GA,3_DA1
E01000375,6.52067,2,DA1 3NP,3_DA1
E01000376,2.19275,1a,DA1 4HT,3_DA1
E01000377,1.62648,1a,DA1 4DY,3_DA1
E01000378,4.31319,1b,DA1 3PN,3_DA1
E01000379,7.0541100000000005,2,DA1 3LD,3_DA1
E01000380,5.18912,2,DA1 4FB,3_DA1
E01000381,1.4313500000000001,1a,DA14 4PH,3_DA14
E01000382,3.01202,1b,DA14 4JH,3_DA14
E01000383,0.677378,1a,DA14 5AN,3_DA14
E01000384,7.69227,2,DA14 4QG,3_DA14
E01000385,3.61829,1b,DA14 5AE,3_DA14
E01000386,6.65619,2,DA14 5AB,3_DA14
E01000387,7.4484,2,DA14 4BF,3_DA14
E01000388,4.35928,1b,DA16 1SY,3_DA16
E01000389,8.03609,2,DA16 1SW,3_DA6
E01000390,2.8985599999999994,1b,DA5 1DB,3_DA5
E01000391,1.68107,1a,DA15 9PN,3_DA15
E01000392,11.2378,3,DA16 1AA,3_DA16
E01000393,8.81402,2,DA16 1HP,3_DA16
E01000394,15.4882,4,DA6 8BJ,3_DA6
E01000395,4.94627,1b,DA16 2RU,3_DA16
E01000396,4.80394,1b,DA16 2QP,3_DA16
E01000398,3.35725,1b,DA16 3BJ,3_DA16
E01000399,8.83361,2,DA16 2QR,3_DA16
E01000400,10.4133,3,DA16 3AH,3_DA16
E01000401,11.8369,3,DA16 3AS,3_DA16
E01000402,3.55182,1b,DA17 6EW,3_DA17
E01000403,9.61681,2,DA8 1AB,3_DA8
E01000404,7.16235,2,DA8 1AD,3_DA8
E01000405,2.40968,1a,DA17 6FJ,3_DA17
E01000406,2.82144,1b,DA17 6FA,3_DA17
E01000407,5.89327,2,DA8 1DP,3_DA8
E01000408,2.32499,1a,DA17 6AA,3_DA17
E01000409,6.05412,2,DA16 2BN,3_DA16
E01000410,3.39149,1b,DA16 2LX,3_DA16
E01000411,3.93518,1b,DA15 8PF,3_DA15
E01000412,6.77975,2,DA15 8PD,3_DA15
E01000413,3.13988,1b,DA15 8FA,3_DA15
E01000414,15.578,4,DA16 2AA,3_DA16
E01000415,10.0208,3,DA16 2ED,3_DA16
E01000416,14.2417,3,SE2 9QG,3_SE2
E01000417,6.474680000000001,2,SE2 0AA,3_SE2
E01000418,8.33427,2,DA17 5DH,3_DA17
E01000419,3.82175,1b,DA7 5RA,3_DA7
E01000420,4.24964,1b,DA17 5NR,3_DA17
E01000421,3.69421,1b,DA7 5LG,3_DA7
E01000422,9.60783,2,DA18 4BP,3_SE2
E01000423,5.6252,2,DA14 6QG,3_DA14
E01000424,12.0637,3,DA14 6PA,3_DA15
E01000425,2.02419,1a,DA15 7LH,3_DA15
E01000426,4.01798,1b,DA14 6PR,3_DA14
E01000427,3.50594,1b,DA14 6AY,3_DA14
E01000428,8.34943,2,DA14 6AG,3_DA14
E01000429,1.88013,1a,DA8 2AB,3_DA8
E01000430,0.738143,1a,DA18 4AD,3_DA8
E01000431,3.88447,1b,DA8 2AF,3_DA8
E01000432,6.72977,2,DA8 2BN,3_DA8
E01000433,9.43322,2,DA8 2BS,3_DA8
E01000434,3.06227,1b,DA1 5QJ,3_DA8
E01000435,6.34223,2,DA7 6SN,3_DA7
E01000436,5.0137,2,DA7 5ES,3_DA7
E01000437,2.76876,1b,DA17 6LN,3_DA17
E01000438,3.6600300000000003,1b,DA8 1DZ,3_DA8
E01000439,4.73103,1b,DA8 1HJ,3_DA8
E01000440,2.87468,1b,DA7 5BN,3_DA7
E01000441,3.73763,1b,DA7 5ED,3_DA7
E01000442,4.71723,1b,DA17 6LL,3_DA17
E01000443,9.31065,2,DA14 4NP,3_DA14
E01000444,1.7354599999999998,1a,DA5 2AP,3_DA5
E01000445,5.529859999999999,2,DA5 1GL,3_DA5
E01000446,5.51408,2,DA5 3AD,3_DA5
E01000447,7.2866599999999995,2,DA5 1AA,3_DA5
E01000448,6.52184,2,DA5 1AE,3_DA5
E01000449,7.69075,2,DA5 1AL,3_DA5
E01000450,3.65512,1b,DA16 1AR,3_DA16
E01000451,4.68981,1b,DA16 1BP,3_DA16
E01000452,3.5692900000000005,1b,DA16 1DB,3_DA16
E01000453,3.33074,1b,DA16 1ER,3_DA16
E01000454,5.201120000000001,2,DA16 1DE,3_DA16
E01000455,6.20344,2,DA16 1JZ,3_DA16
E01000456,3.1968,1b,DA16 1HS,3_DA16
E01000457,14.9432,3,DA14 4AJ,3_DA14
E01000458,6.246320000000001,2,DA14 4DG,3_DA14
E01000459,8.92433,2,DA14 4AA,3_DA14
E01000460,2.84096,1b,DA15 8HD,3_DA15
E01000461,7.333429999999999,2,DA14 4JB,3_DA14
E01000462,13.3928,3,DA14 4AG,3_DA14
E01000463,4.46658,1b,DA15 8AH,3_DA15
E01000464,7.316050000000001,2,DA18 4AQ,3_DA18
E01000465,5.52304,2,DA18 4AE,3_DA18
E01000466,1.54537,1a,DA18 4AA,3_DA18
E01000467,5.69731,2,SE28 8ES,3_SE28
E01000468,1.13976,1a,SE28 8HQ,3_SE28
E01000469,6.274239999999999,2,SE28 8HA,3_SE28
E01000470,6.999259999999999,2,SE2 9AB,3_SE2
E01000471,2.37083,1a,HA0 1HY,4_HA0
E01000472,10.2867,3,HA0 1BH,4_HA0
E01000473,13.5286,3,HA0 1TS,4_HA0
E01000474,6.01557,2,HA0 4DF,4_HA0
E01000475,11.3146,3,HA0 1AA,4_HA0
E01000476,4.26955,1b,HA0 1GA,4_HA0
E01000477,4.59434,1b,HA0 1FR,4_HA0
E01000478,10.8191,3,HA0 1DA,4_HA0
E01000479,8.773,2,HA9 9DZ,4_HA9
E01000480,8.53172,2,HA9 9FU,4_HA9
E01000481,10.7994,3,HA9 1AJ,4_HA9
E01000482,13.8398,3,HA9 9AB,4_HA9
E01000483,4.48723,1b,HA9 9BP,4_HA9
E01000484,4.3358,1b,HA3 9DR,4_HA3
E01000485,6.62453,2,HA3 9DG,4_HA3
E01000486,1.89211,1a,HA9 9PJ,4_HA9
E01000487,9.2071,2,HA3 0PS,4_HA3
E01000488,11.5861,3,NW10 2AD,4_NW10
E01000489,9.81995,2,NW10 2AA,4_NW10
E01000490,18.8376,4,NW2 4BD,4_NW6
E01000491,8.22267,2,NW6 7AA,4_NW6
E01000492,10.2217,3,NW10 3AD,4_NW10
E01000493,12.1156,3,NW10 3AA,4_NW10
E01000494,12.7655,3,NW2 4BH,4_NW2
E01000495,16.5721,4,NW2 4BE,4_NW2
E01000497,9.96727,2,NW2 6BA,4_NW2
E01000498,2.96036,1b,NW2 7AG,4_NW2
E01000499,8.17823,2,NW2 6FA,4_NW2
E01000501,7.46656,2,NW2 6DY,4_NW2
E01000502,5.22546,2,NW2 6HT,4_NW2
E01000503,4.5231,1b,NW2 6EY,4_NW2
E01000504,8.5704,2,NW2 4AQ,4_NW2
E01000505,6.07824,2,NW10 1HS,4_NW10
E01000506,12.7783,3,NW10 1BQ,4_NW10
E01000507,8.57724,2,NW10 1EG,4_NW10
E01000508,9.03168,2,NW10 2AQ,4_NW10
E01000509,7.72483,2,NW2 7PA,4_NW2
E01000510,13.532900000000001,3,NW10 0AA,4_NW10
E01000511,14.704599999999997,3,NW10 1AA,4_NW10
E01000512,11.997,3,NW10 1BA,4_NW10
E01000513,7.65281,2,NW9 0AX,4_NW9
E01000514,6.20177,2,NW9 0AA,4_NW9
E01000515,8.24797,2,NW9 0BG,4_NW9
E01000516,7.96554,2,NW9 0DD,4_NW9
E01000517,6.82001,2,NW9 9DT,4_NW9
E01000518,5.50147,2,NW9 0XD,4_NW9
E01000519,2.01306,1a,NW9 8AB,4_NW9
E01000520,7.163039999999999,2,NW9 0AP,4_NW9
E01000521,18.5584,4,NW10 4AG,4_NW10
E01000522,2.0365,1a,NW10 3UA,4_NW10
E01000523,13.518000000000002,3,NW10 4AB,4_NW10
E01000524,22.598,5,NW10 4AA,4_NW10
E01000525,21.9764,5,NW10 0BS,4_NW10
E01000526,5.20336,2,NW10 2GA,4_NW10
E01000527,5.291190000000001,2,NW10 3UJ,4_NW10
E01000528,7.39937,2,NW10 8SQ,4_NW10
E01000530,9.06453,2,NW10 3AX,4_NW10
E01000531,12.2556,3,NW10 5AB,4_NW10
E01000532,14.575099999999999,3,NW10 5EJ,4_NW10
E01000533,13.4581,3,NW10 3AQ,4_NW10
E01000534,6.49968,2,NW10 3BJ,4_NW10
E01000535,17.2412,4,NW10 3SP,4_NW10
E01000536,12.9501,3,HA3 0AW,4_HA3
E01000538,1.64155,1a,HA3 0AJ,4_HA3
E01000539,7.60809,2,HA3 0PF,4_HA3
E01000540,6.36183,2,HA3 0BD,4_HA3
E01000541,8.28375,2,HA3 0HL,4_HA3
E01000543,9.25994,2,HA3 0TA,4_HA3
E01000544,16.7987,4,NW6 5AT,4_NW6
E01000545,20.2839,5,NW6 7EG,4_NW6
E01000546,17.021,4,NW6 7DR,4_NW6
E01000547,17.4705,4,NW6 7ER,4_NW6
E01000548,25.8907,6a,NW6 6AA,4_NW6
E01000549,19.1778,4,NW6 6AD,4_NW6
E01000550,27.0788,6a,N8 0HW,4_NW6
E01000551,21.550799999999995,5,NW6 5AL,4_NW6
E01000552,22.5592,5,NW6 5AF,4_NW6
E01000553,16.9757,4,NW2 3DT,4_NW2
E01000554,6.02893,2,NW2 6AQ,4_NW2
E01000555,6.41204,2,NW2 4AE,4_NW2
E01000556,24.2404,5,NW2 1ER,4_NW2
E01000557,20.271,5,NW2 3AP,4_NW2
E01000558,15.2121,4,NW2 3AY,4_NW2
E01000559,13.4688,3,NW2 2LQ,4_NW2
E01000560,12.834000000000001,3,NW2 4BB,4_NW2
E01000561,20.7355,5,NW2 3BA,4_NW2
E01000562,3.15073,1b,HA0 2QT,4_HA0
E01000563,4.22988,1b,HA0 3JN,4_HA0
E01000564,8.36473,2,HA0 3BG,4_HA0
E01000565,5.34441,2,HA0 2NH,4_HA0
E01000566,3.73595,1b,HA0 3LP,4_HA0
E01000567,4.89553,1b,HA0 2NR,4_HA0
E01000568,14.977099999999998,3,HA1 3GH,4_HA3
E01000569,6.57701,2,HA0 3RU,4_HA0
E01000570,8.26411,2,HA9 7JN,4_HA9
E01000571,9.18539,2,HA9 7BJ,4_HA9
E01000572,4.8928,1b,HA9 8RF,4_HA9
E01000573,9.52887,2,HA3 0QN,4_HA9
E01000574,7.54603,2,HA9 8FL,4_HA9
E01000575,9.64411,2,HA3 0PT,4_HA9
E01000576,9.45531,2,HA9 7NX,4_HA9
E01000577,7.48327,2,HA9 7BG,4_HA9
E01000578,15.6884,4,HA9 0JE,4_HA9
E01000579,20.7977,5,NW10 3LR,4_NW10
E01000580,13.5201,3,NW6 6DT,4_NW6
E01000581,14.8603,3,NW10 3DT,4_NW10
E01000582,17.8654,4,NW10 3HH,4_NW10
E01000583,21.4701,5,NW6 6AE,4_NW6
E01000584,18.746,4,NW10 3HU,4_NW10
E01000585,20.9996,5,NW10 3NE,4_NW10
E01000586,25.4762,6a,NW10 3JD,4_NW10
E01000587,6.57772,2,HA8 5HU,4_HA8
E01000588,8.43137,2,NW9 0AF,4_NW9
E01000589,7.3172500000000005,2,HA7 1HF,4_NW9
E01000590,4.5137,1b,NW9 0EH,4_NW9
E01000591,10.2145,3,NW9 9AW,4_NW9
E01000592,13.3227,3,HA8 0BG,4_HA8
E01000593,5.72728,2,HA8 5LR,4_HA8
E01000594,10.194,3,HA7 1EF,4_HA7
E01000595,7.63652,2,NW10 8AF,4_NW10
E01000596,6.14733,2,NW10 0JY,4_NW10
E01000599,17.0746,4,NW10 8BE,4_NW10
E01000600,8.41437,2,NW10 0RN,4_NW10
E01000601,8.08791,2,NW10 0AB,4_NW10
E01000602,8.18938,2,NW10 0JU,4_NW10
E01000603,7.44581,2,NW10 0JL,4_NW10
E01000604,8.91884,2,NW10 0HR,4_NW10
E01000605,10.7299,3,NW10 0QT,4_NW10
E01000606,7.53501,2,HA0 2RF,4_HA0
E01000607,7.60076,2,HA0 3AF,4_HA0
E01000608,8.98574,2,HA0 2DD,4_HA0
E01000609,7.65401,2,HA0 2FA,4_HA0
E01000610,11.5702,3,HA0 2ED,4_HA0
E01000611,15.7886,4,HA0 2FN,4_HA0
E01000612,15.823499999999997,4,HA0 1BB,4_HA0
E01000613,6.7341,2,HA0 2DZ,4_HA0
E01000615,8.52318,2,HA9 0AD,4_HA9
E01000616,16.0057,4,HA9 0PL,4_HA9
E01000617,9.45288,2,HA9 0HD,4_HA9
E01000618,5.30492,2,HA9 6AD,4_HA9
E01000619,1.01551,1a,HA9 6JG,4_HA9
E01000620,8.14347,2,HA9 6DA,4_HA9
E01000621,10.1976,3,HA9 6DF,4_HA9
E01000622,2.96019,1b,NW10 0DD,4_NW10
E01000623,4.83839,1b,NW9 8ED,4_NW9
E01000624,1.83461,1a,NW9 7JH,4_NW9
E01000625,8.24699,2,NW9 8AF,4_NW9
E01000626,7.31984,2,NW10 0AL,4_NW10
E01000627,10.8824,3,NW10 0AF,4_NW10
E01000628,8.78678,2,NW10 0AT,4_NW10
E01000629,4.47077,1b,NW9 7JG,4_NW9
E01000630,12.6801,3,HA0 4AE,4_HA0
E01000631,9.70624,2,HA0 2EA,4_HA0
E01000632,12.2081,3,HA0 1EP,4_HA0
E01000633,21.4938,5,HA0 2AA,4_HA0
E01000634,14.0097,3,HA0 2AF,4_HA0
E01000635,22.6437,5,HA0 2AD,4_HA0
E01000636,16.7044,4,HA9 6AG,4_HA9
E01000637,13.961099999999998,3,NW2 5BS,4_NW2
E01000638,10.6557,3,NW10 1AQ,4_NW10
E01000639,14.91,3,NW2 5AD,4_NW2
E01000640,21.8738,5,NW10 2AF,4_NW10
E01000641,17.7922,4,NW10 1BE,4_NW10
E01000642,18.9243,4,NW10 2PR,4_NW10
E01000643,7.8774,2,NW10 2HD,4_NW10
E01000644,15.7692,4,NW10 2BB,4_NW10
E01000645,4.29695,1b,BR1 2AA,6_BR1
E01000646,4.81849,1b,BR1 2NG,6_BR1
E01000647,2.93262,1b,BR1 2RJ,6_BR1
E01000648,7.97442,2,BR1 2BL,6_BR1
E01000649,8.30551,2,BR1 2AB,6_BR1
E01000650,4.78328,1b,BR1 2EA,6_BR1
E01000651,8.29657,2,BR1 2BU,6_BR1
E01000652,3.18018,1b,BR1 2BG,6_BR1
E01000653,3.9031999999999996,1b,BR1 2GN,6_BR1
E01000656,0.836094,1a,CR3 9PP,
E01000661,6.12614,2,BR2 8AL,6_BR2
E01000662,2.57166,1b,BR2 8AA,6_BR2
E01000663,4.26798,1b,BR2 8BH,6_BR2
E01000664,1.7047,1a,BR2 8AE,6_BR2
E01000665,5.66403,2,BR2 8BF,6_BR2
E01000666,2.32615,1a,BR2 6AE,6_BR2
E01000667,5.34512,2,BR2 6DX,6_BR2
E01000668,6.62823,2,BR2 9FW,6_BR2
E01000669,7.89737,2,BR2 9PG,6_BR2
E01000670,20.9143,5,BR1 1BA,6_BR2
E01000671,10.8991,3,BR2 9EA,6_BR2
E01000672,3.9783000000000004,1b,BR1 3SJ,6_BR1
E01000673,8.33057,2,BR1 4AZ,6_BR1
E01000674,10.5695,3,BR1 1BP,6_BR1
E01000675,24.4005,5,BR1 1AA,6_BR1
E01000676,28.5572,6a,BR1 1AB,6_BR1
E01000677,21.1558,5,BR1 1AE,6_BR1
E01000678,10.4015,3,BR1 3DG,6_BR1
E01000679,4.63573,1b,BR1 2QX,6_BR1
E01000680,0.644017,1a,BR5 4HB,6_BR6
E01000681,7.12198,2,BR6 9PB,6_BR6
E01000682,4.28869,1b,BR6 9JZ,6_BR6
E01000683,3.21424,1b,BR6 9JT,6_BR6
E01000684,3.3141,1b,BR6 6EH,6_BR6
E01000685,3.08348,1b,BR6 6ED,6_BR6
E01000686,5.22803,2,BR6 6BF,6_BR6
E01000687,3.4559700000000007,1b,BR6 6AA,6_BR6
E01000688,1.88459,1a,BR6 6AP,6_BR6
E01000689,0.864227,1a,BR7 6GL,6_BR7
E01000690,4.51981,1b,BR7 6AT,6_BR7
E01000691,4.50777,1b,BR7 6AU,6_BR7
E01000692,6.051870000000001,2,BR7 5AE,6_BR7
E01000693,2.73488,1b,BR7 5FT,6_BR7
E01000694,4.15811,1b,BR7 5AU,6_BR7
E01000695,2.09427,1a,BR7 5BB,6_BR7
E01000696,3.85493,1b,BR7 5AA,6_BR7
E01000697,6.06957,2,BR7 5HP,6_BR7
E01000698,3.03878,1b,BR5 2SP,6_BR5
E01000699,14.3404,3,BR3 4TA,6_BR3
E01000700,12.92,3,BR3 4JT,6_BR3
E01000701,13.928300000000002,3,BR3 4GY,6_BR3
E01000702,19.5921,4,BR3 4FD,6_BR3
E01000703,15.8188,4,BR3 1AA,6_BR3
E01000704,12.0814,3,BR3 4EH,6_BR3
E01000705,8.66781,2,SE20 7TY,6_SE20
E01000706,13.9242,3,BR3 1DL,6_BR3
E01000707,8.49433,2,BR3 4EY,6_BR3
E01000708,11.3352,3,BR3 4BD,6_BR3
E01000709,16.3467,4,BR3 1ES,6_BR3
E01000710,7.75415,2,BR3 1BB,6_BR3
E01000711,10.7344,3,BR3 1AU,6_BR3
E01000712,9.9824,2,BR3 1SD,6_BR3
E01000713,6.100349999999999,2,BR2 0AA,6_BR2
E01000714,19.0414,4,BR3 1AB,6_BR3
E01000715,9.40138,2,BR3 2DS,6_BR3
E01000716,5.9385,2,BR2 0LH,6_BR2
E01000717,10.1245,3,BR2 0AB,6_BR2
E01000718,5.76209,2,BR3 1BF,6_BR3
E01000719,6.42454,2,BR5 3AB,6_BR5
E01000720,0.28618,1a,BR5 3LN,6_BR5
E01000721,2.03274,1a,BR5 3FJ,6_BR5
E01000722,10.9295,3,BR5 2AJ,6_BR5
E01000723,3.18145,1b,BR5 4EA,6_BR5
E01000724,2.02463,1a,BR5 4AY,6_BR5
E01000725,8.85412,2,BR5 2BG,6_BR5
E01000726,3.59992,1b,BR5 4AP,6_BR5
E01000727,9.46883,2,BR5 2AY,6_BR5
E01000728,1.09329,1a,BR5 3EY,6_BR5
E01000729,4.38842,1b,BR5 2FD,6_BR5
E01000730,11.5311,3,BR5 2BF,6_BR5
E01000731,4.1597,1b,BR5 2HL,6_BR5
E01000732,3.8989,1b,BR5 1GU,6_BR5
E01000733,7.03999,2,BR5 1RJ,6_BR5
E01000734,2.62358,1b,BR5 1NR,6_BR5
E01000735,4.89802,1b,BR5 2EA,6_BR5
E01000736,3.92591,1b,BR5 2RL,6_BR5
E01000737,3.58034,1b,BR5 2LA,6_BR5
E01000738,4.34076,1b,BR5 2JH,6_BR5
E01000739,6.43171,2,BR5 2DT,6_BR5
E01000740,15.368600000000002,4,SE19 2AH,6_SE19
E01000741,19.8266,4,SE19 2AG,6_SE19
E01000742,15.884200000000002,4,SE20 8BZ,6_SE20
E01000743,13.1255,3,SE20 7YU,6_SE20
E01000744,8.68306,2,SE20 7UN,6_SE20
E01000745,12.8424,3,SE19 1UE,6_SE26
E01000746,21.8196,5,SE19 2AA,6_SE19
E01000747,0.957134,1a,BR2 6AA,6_BR2
E01000749,0.476072,1a,BR6 6BN,6_BR6
E01000750,1.21206,1a,BR6 7AT,6_BR6
E01000751,2.06822,1a,BR6 7AA,6_BR6
E01000752,2.24921,1a,BR6 7AY,6_BR6
E01000753,2.42617,1a,BR5 1RS,6_BR5
E01000754,11.5688,3,BR5 1HD,6_BR5
E01000755,9.75678,2,BR5 1FA,6_BR5
E01000756,4.76967,1b,BR6 8ES,6_BR6
E01000757,3.73619,1b,BR6 8AG,6_BR6
E01000758,14.8711,3,BR6 8AL,6_BR6
E01000759,1.10066,1a,BR2 6AJ,6_BR2
E01000760,4.87486,1b,BR4 9AU,6_BR4
E01000761,2.3273,1a,BR4 4QN,6_BR4
E01000762,4.37203,1b,BR2 9AZ,6_BR2
E01000763,3.75679,1b,BR2 7LA,6_BR2
E01000764,3.74711,1b,BR2 7BF,6_BR2
E01000765,2.41497,1a,BR2 7AA,6_BR2
E01000766,7.15412,2,BR2 7AY,6_BR2
E01000767,9.53692,2,BR2 7BB,6_BR2
E01000768,7.31486,2,BR2 7AG,6_BR2
E01000769,3.35963,1b,BR3 3BH,6_BR3
E01000770,6.30486,2,BR3 1AF,6_BR3
E01000771,9.24839,2,BR3 3FD,6_BR3
E01000772,4.6789,1b,BR3 2JT,6_BR3
E01000773,3.76763,1b,BR3 3DD,6_BR3
E01000774,7.384480000000001,2,BR3 3FF,6_BR3
E01000775,4.91034,1b,BR3 3AL,6_BR3
E01000777,6.53104,2,BR3 3DA,6_BR3
E01000778,3.67453,1b,BR3 3DY,6_BR3
E01000779,3.49308,1b,SE12 9AP,6_SE9
E01000780,5.5796,2,SE9 4DG,6_SE9
E01000781,7.388449999999999,2,SE9 4DF,6_SE9
E01000782,5.60989,2,SE9 4AZ,6_SE9
E01000783,6.55821,2,BR7 5EN,6_BR7
E01000784,4.52413,1b,BR7 5EW,6_BR7
E01000785,3.93254,1b,BR7 5XS,6_BR7
E01000786,2.56309,1b,BR5 4PG,6_BR5
E01000787,3.99293,1b,BR5 4JD,6_BR5
E01000788,11.0892,3,BR6 0FA,6_BR6
E01000789,5.12375,2,BR5 4FH,6_BR5
E01000790,21.7193,5,BR5 1BS,6_BR6
E01000791,5.406409999999999,2,BR5 4LA,6_BR5
E01000792,4.3915,1b,BR5 4FG,6_BR5
E01000793,5.329479999999999,2,BR6 0QW,6_BR6
E01000794,5.19259,2,BR6 0SN,6_BR6
E01000795,2.9905499999999994,1b,BR6 9BF,6_BR6
E01000796,13.5919,3,SE20 8EA,6_SE20
E01000797,13.1399,3,BR3 1BZ,6_BR3
E01000798,14.355600000000003,3,SE20 7AE,6_SE20
E01000799,17.9432,4,BR3 1JG,6_BR3
E01000800,14.3168,3,SE20 7AD,6_SE20
E01000801,15.209400000000002,4,BR3 4RA,6_BR3
E01000802,16.6572,4,SE20 7AR,6_SE20
E01000803,12.0387,3,SE20 7LP,6_SE20
E01000804,5.26206,2,BR3 1BW,6_BR3
E01000805,13.6843,3,SE20 7HT,6_SE20
E01000806,17.9533,4,SE20 7AL,6_SE20
E01000807,7.3957,2,BR5 1DA,6_BR5
E01000808,3.2455400000000005,1b,BR5 1GA,6_BR5
E01000809,5.78398,2,BR5 1AA,6_BR5
E01000810,8.26036,2,BR5 1HR,6_BR5
E01000811,10.7998,3,BR5 1AR,6_BR5
E01000812,7.65251,2,BR6 0AH,6_BR6
E01000813,5.27963,2,BR5 1DH,6_BR5
E01000814,11.9807,3,BR6 0AA,6_BR6
E01000815,6.786539999999999,2,BR5 1JT,6_BR5
E01000816,6.944990000000001,2,BR1 4RX,6_BR1
E01000818,2.37689,1a,BR1 3FJ,6_BR1
E01000819,5.58105,2,BR1 4DA,6_BR1
E01000820,4.79018,1b,BR1 3FH,6_BR1
E01000822,8.20768,2,BR1 3QE,6_BR1
E01000823,9.76816,2,BR1 3EH,6_BR1
E01000824,15.9188,4,BR1 3LN,6_BR1
E01000825,10.3366,3,BR1 3AA,6_BR1
E01000826,2.24561,1a,BR2 0NS,6_BR2
E01000827,4.84076,1b,BR2 0EH,6_BR2
E01000828,8.37147,2,BR2 0AP,6_BR2
E01000829,19.1676,4,BR1 1BT,6_BR2
E01000830,3.17597,1b,BR2 0AF,6_BR2
E01000831,5.770250000000001,2,BR2 0AS,6_BR2
E01000832,5.32819,2,BR4 0AA,6_BR4
E01000833,2.81427,1b,BR3 2SR,6_BR3
E01000834,3.6879100000000005,1b,BR4 0AH,6_BR4
E01000835,7.63649,2,BR4 0AF,6_BR4
E01000836,4.10367,1b,BR4 0AB,6_BR4
E01000837,5.18839,2,BR3 3BG,6_BR3
E01000838,4.17723,1b,BR4 0AU,6_BR4
E01000839,1.55032,1a,BR4 9EW,6_BR4
E01000840,3.12167,1b,BR4 9BA,6_BR4
E01000841,4.0552,1b,BR4 0AP,6_BR4
E01000842,12.1622,3,NW3 2EW,7_NW3
E01000843,13.1695,3,NW3 4ND,7_NW3
E01000844,17.3376,4,NW3 3EP,7_NW3
E01000845,11.617999999999999,3,NW3 3AA,7_NW3
E01000846,10.2054,3,NW3 3AB,7_NW3
E01000847,17.3803,4,NW3 3EG,7_NW3
E01000848,13.2437,3,NW3 4AB,7_NW3
E01000849,17.436,4,NW3 4AA,7_NW3
E01000850,62.66179999999999,6b,W1A 1BZ,7_W1T
E01000851,55.0582,6b,NW1 3AG,7_W1T
E01000852,83.1544,6b,NW1 2AE,7_WC1B
E01000853,73.1792,6b,WC1H 9RA,7_WC1H
E01000854,67.7297,6b,NW1 2BU,7_NW1
E01000855,63.190000000000005,6b,W1P 0AB,7_WC1A
E01000856,42.4264,6b,NW1 8DE,7_NW1
E01000857,12.1124,3,NW1 8XE,7_NW1
E01000858,25.9939,6a,NW1 7BF,7_NW1
E01000859,11.7204,3,NW1 8DZ,7_NW1
E01000860,7.15373,2,NW1 7ST,7_NW1
E01000861,41.5854,6b,NW1 0AE,7_NW1
E01000862,21.9385,5,NW1 4DZ,7_NW1
E01000863,43.6587,6b,NW1 0AJ,7_NW1
E01000864,7.84971,2,N7 9QE,7_N7
E01000865,17.2052,4,NW1 9AF,7_NW1
E01000866,24.6208,5,NW1 8PF,7_NW1
E01000867,35.5049,6a,NW1 0RD,7_NW1
E01000868,5.925940000000001,2,N7 9AB,7_N7
E01000869,14.1162,3,N7 9LG,7_N7
E01000870,22.4492,5,NW1 9HB,7_NW5
E01000871,9.91706,2,NW2 2BT,7_NW2
E01000872,19.5099,4,NW2 2RR,7_NW2
E01000873,10.2418,3,NW2 3SL,7_NW2
E01000874,23.6788,5,NW3 6HS,7_NW3
E01000875,19.138700000000004,4,NW2 3NN,7_NW2
E01000876,15.0746,4,NW2 3PJ,7_NW2
E01000877,18.0408,4,NW3 7AF,7_NW3
E01000878,14.215500000000002,3,NW3 6DL,7_NW3
E01000879,18.5891,4,NW3 1DJ,7_NW3
E01000880,20.6078,5,NW3 6BH,7_NW3
E01000881,26.9112,6a,NW3 5BP,7_NW3
E01000882,21.9953,5,NW3 4DP,7_NW3
E01000883,31.392700000000005,6a,NW3 4DZ,7_NW3
E01000884,5.72284,2,NW3 7AJ,7_NW3
E01000885,5.68296,2,NW3 6PZ,7_NW3
E01000886,12.561200000000001,3,NW3 2HU,7_NW3
E01000887,18.925,4,NW3 2DG,7_NW3
E01000888,14.3022,3,NW3 2FU,7_NW3
E01000889,12.6576,3,NW5 3AS,7_NW5
E01000890,11.3929,3,NW3 2JG,7_NW3
E01000891,11.0683,3,NW5 4AU,7_NW5
E01000892,16.9827,4,NW3 2AN,7_NW3
E01000893,4.60725,1b,NW3 2QD,7_NW3
E01000894,9.43746,2,NW3 1BJ,7_NW3
E01000895,13.905999999999999,3,NW3 1DB,7_NW3
E01000896,15.3479,4,NW3 1BH,7_NW3
E01000897,15.777,4,NW3 1NY,7_NW3
E01000898,19.3603,4,NW3 2AA,7_NW3
E01000899,4.940959999999999,1b,NW3 1AA,7_NW3
E01000900,16.8435,4,NW3 2ES,7_NW3
E01000901,19.9858,4,NW5 3AF,7_NW5
E01000902,14.971599999999999,3,NW3 2BE,7_NW3
E01000903,13.4116,3,NW3 2AY,7_NW3
E01000904,28.539,6a,NW1 8AJ,7_NW1
E01000905,20.7067,5,NW1 8AS,7_NW1
E01000906,18.2211,4,NW1 8BB,7_NW1
E01000907,13.7572,3,N19 5BP,7_N19
E01000908,6.314149999999999,2,N19 5BU,7_N19
E01000909,8.16553,2,N6 6AD,7_N6
E01000910,17.9521,4,NW5 1AF,7_NW5
E01000911,19.6645,4,NW5 1AN,7_NW5
E01000912,6.58256,2,N6 6QT,7_NW5
E01000913,3.64315,1b,N19 5JF,7_N6
E01000914,60.16850000000001,6b,EC1N 2LR,7_EC1N
E01000915,50.4737,6b,WC1N 1EB,7_WC1N
E01000916,55.1058,6b,EC1M 3AB,7_EC1M
E01000917,58.3439,6b,EC1N 2AB,7_EC1N
E01000918,83.5067,6b,WC1A 1AD,7_WC1A
E01000919,87.5882,6b,WC1A 1AB,7_WC1A
E01000920,43.1404,6b,EC1R 4PQ,7_WC1N
E01000921,25.1522,6a,N19 5AA,7_N19
E01000922,22.4201,5,NW5 1AW,7_NW5
E01000923,22.28,5,NW5 2HB,7_NW5
E01000924,18.733,4,N19 5AD,7_N19
E01000925,20.586899999999996,5,NW5 2AF,7_NW5
E01000926,18.2701,4,N7 0BL,7_N7
E01000927,30.7341,6a,NW1 8PD,7_NW1
E01000928,20.2364,5,NW5 1AH,7_NW5
E01000929,19.4136,4,NW6 4AQ,7_NW6
E01000930,27.338699999999996,6a,NW6 4AA,7_NW6
E01000931,21.9324,5,NW6 2AE,7_NW6
E01000932,25.2571,6a,NW6 2JE,7_NW6
E01000933,28.7906,6a,NW6 2PJ,7_NW6
E01000934,16.2306,4,NW6 4AR,7_NW6
E01000935,14.4791,3,NW6 4AD,7_NW6
E01000936,32.3907,6a,WC1N 1DP,7_WC1N
E01000937,51.59010000000001,6b,WC1H 8AH,7_WC1H
E01000938,73.2331,6b,N1 9NL,7_WC1H
E01000939,82.7078,6b,NW1 2RY,7_WC1H
E01000940,57.595,6b,WC1H 8JJ,7_WC1H
E01000941,71.9473,6b,WC1H 8AF,7_WC1H
E01000942,91.7288,6b,NW1 2AA,7_WC1H
E01000943,78.3652,6b,WC1H 0HX,7_WC1H
E01000944,30.568,6a,NW1 3LF,7_NW1
E01000945,58.5862,6b,NW1 0AF,7_NW1
E01000946,23.0251,5,NW1 2AF,7_NW1
E01000947,37.842,6a,NW1 0AA,7_NW1
E01000948,20.994,5,NW1 0JJ,7_NW1
E01000949,18.7654,4,NW1 3DL,7_NW1
E01000950,27.6479,6a,NW1 2PU,7_NW1
E01000951,35.5703,6a,NW1 3BN,7_NW1
E01000952,45.221,6b,NW1 0ES,7_NW1
E01000953,45.0041,6b,N1 0AS,7_N1C
E01000954,36.3043,6a,NW1 1AY,7_NW1
E01000955,63.77660000000001,6b,NW1 1AS,7_NW1
E01000956,83.8862,6b,NW1 1AD,7_NW1
E01000957,16.2338,4,NW1 0BH,7_NW1
E01000958,36.7298,6a,N1 7XE,7_N1C
E01000959,42.9236,6b,NW1 0BL,7_NW1
E01000960,37.2568,6a,NW3 5ET,7_NW3
E01000961,28.832799999999995,6a,NW3 5EF,7_NW6
E01000962,28.1847,6a,NW6 3AN,7_NW6
E01000963,26.8844,6a,NW3 3AQ,7_NW3
E01000964,36.0696,6a,NW6 3BG,7_NW6
E01000965,26.5335,6a,NW6 1XE,7_NW6
E01000966,21.1491,5,NW6 3AJ,7_NW6
E01000967,7.655450000000001,2,NW3 3BP,7_NW3
E01000968,27.528200000000002,6a,NW6 2AA,7_NW6
E01000969,26.6359,6a,NW3 6DP,7_NW3
E01000970,22.4513,5,NW6 1AF,7_NW6
E01000971,16.8373,4,NW6 1AL,7_NW6
E01000972,28.7901,6a,NW3 5DY,7_NW3
E01000973,28.3065,6a,NW6 1AW,7_NW6
E01000974,23.2694,5,NW6 1PL,7_NW6
E01000975,47.5401,6b,CR0 0WZ,9_CR0
E01000976,17.6807,4,CR0 6AA,9_CR0
E01000977,16.394,4,CR0 6AG,9_CR0
E01000978,17.8068,4,CR0 6AF,9_CR0
E01000979,35.4789,6a,CR0 6AD,9_CR0
E01000980,5.00434,2,CR0 6BZ,9_CR0
E01000981,11.3124,3,CR0 6HD,9_CR0
E01000982,5.57008,2,CR0 6DY,9_CR0
E01000983,12.1659,3,CR0 6FF,9_CR0
E01000984,9.66633,2,CR0 6AZ,9_CR0
E01000985,6.61153,2,CR0 7AQ,9_CR0
E01000986,12.0438,3,CR0 6RD,9_CR0
E01000987,12.2564,3,CR0 7AF,9_CR0
E01000989,2.73496,1b,CR0 7QE,9_CR0
E01000990,8.96779,2,CR0 7AP,9_CR0
E01000991,1.7056099999999998,1a,CR0 7DY,9_CR0
E01000992,7.71603,2,CR0 6NR,9_CR0
E01000993,15.1917,4,CR0 6NG,9_CR0
E01000994,5.78846,2,CR4 7NG,9_CR7
E01000995,5.73622,2,CR4 6YL,9_CR7
E01000996,7.88526,2,CR4 7DQ,9_CR7
E01000997,14.938699999999999,3,CR4 7DD,9_CR7
E01000998,15.261,4,CR4 7DA,9_CR7
E01000999,9.77532,2,CR4 7LH,9_CR7
E01001000,16.508,4,CR4 7AG,9_CR7
E01001001,14.573900000000002,3,CR0 2HS,9_CR0
E01001002,11.930500000000002,3,CR4 7EB,9_CR7
E01001003,10.512,3,CR0 2NR,9_CR0
E01001004,6.5655,2,CR0 2ND,9_CR0
E01001005,16.5447,4,CR0 2RN,9_CR0
E01001006,7.39707,2,CR0 3DL,9_CR0
E01001007,8.63286,2,CR0 3AD,9_CR0
E01001008,8.70143,2,CR0 3HZ,9_CR0
E01001009,11.6571,3,CR0 3FG,9_CR0
E01001010,8.46356,2,CR0 0ZW,9_CR0
E01001011,21.9286,5,CR0 0XL,9_CR0
E01001012,35.5055,6a,CR0 2GQ,9_CR0
E01001013,39.6243,6a,CR0 1TN,9_CR0
E01001014,24.7603,5,CR0 1DW,9_CR0
E01001015,6.22204,2,CR3 1AX,9_CR5
E01001016,3.89668,1b,CR2 4AN,9_CR5
E01001017,1.37466,1a,CR3 1AA,9_CR5
E01001018,2.04846,1a,CR2 4BY,9_CR5
E01001019,3.36328,1b,CR3 1DE,9_CR5
E01001020,4.67434,1b,CR3 1BA,9_CR5
E01001021,1.14617,1a,CR3 1BB,9_CR5
E01001022,1.60887,1a,CR2 5EP,9_CR3
E01001023,10.4685,3,CR2 4DD,9_CR5
E01001024,8.51651,2,CR3 2AA,9_CR5
E01001025,6.14325,2,CR3 2PG,9_CR5
E01001026,5.27346,2,CR3 3AA,9_CR5
E01001027,2.24387,1a,CR3 3AQ,9_CR5
E01001028,2.08379,1a,CR2 3BE,9_CR5
E01001029,9.23043,2,CR2 1XA,9_CR8
E01001030,5.916399999999999,2,CR2 4HA,9_CR5
E01001031,4.79156,1b,CR3 2AB,9_CR5
E01001032,2.77842,1b,CR2 0AA,9_CR2
E01001033,9.35754,2,CR2 1BQ,9_CR2
E01001034,8.50363,2,CR2 0AZ,9_CR2
E01001035,13.8659,3,CR0 5SF,9_CR0
E01001036,5.14987,2,CR0 5RA,9_CR0
E01001037,20.9699,5,CR2 2LG,9_CR2
E01001038,11.1825,3,CR2 7AE,9_CR2
E01001039,3.77248,1b,CR2 0AB,9_CR2
E01001040,12.3905,3,CR2 2XG,9_CR2
E01001041,9.03691,2,CR2 0FG,9_CR2
E01001042,36.4641,6a,CR0 1AG,9_CR0
E01001043,53.9885,6b,CR0 0XJ,9_CR0
E01001044,7.24152,2,CR0 5AZ,9_CR0
E01001045,60.7208,6b,CR0 0XF,9_CR0
E01001046,20.2095,5,CR0 5HD,9_CR0
E01001047,22.8577,5,CR0 1BA,9_CR0
E01001048,60.9067,6b,CR0 0XB,9_CR0
E01001049,4.71877,1b,CR0 5BT,9_CR0
E01001050,39.7709,6a,CR0 5BW,9_CR0
E01001051,6.96127,2,CR0 9AZ,9_CR0
E01001052,5.23147,2,CR0 9EB,9_CR0
E01001053,8.99229,2,CR0 0FB,9_CR0
E01001054,11.4463,3,CR0 0EN,9_CR0
E01001055,7.524699999999999,2,CR0 0QF,9_CR0
E01001056,8.14277,2,CR0 0QG,9_CR0
E01001057,10.4083,3,CR0 0PS,9_CR0
E01001058,4.61493,1b,CR0 9AA,9_CR0
E01001059,4.41691,1b,CR0 9BG,9_CR0
E01001060,2.61159,1b,CR0 0JS,9_CR0
E01001061,3.6506500000000006,1b,CR0 9JH,9_CR0
E01001062,4.77354,1b,CR0 5DY,9_CR0
E01001063,6.27467,2,CR0 5AA,9_CR0
E01001064,3.8941999999999997,1b,CR0 5AB,9_CR0
E01001065,7.73385,2,CR0 5AQ,9_CR0
E01001066,2.20907,1a,CR2 8AA,9_CR2
E01001067,2.15772,1a,CR2 2HG,9_CR8
E01001068,3.55486,1b,CR2 1EW,9_CR8
E01001069,3.4620200000000003,1b,CR2 2EQ,9_CR8
E01001070,1.77365,1a,CR2 4AF,9_CR8
E01001071,3.236,1b,CR2 5AD,9_CR3
E01001072,0.191141,1a,CR2 5AS,9_CR8
E01001073,7.29668,2,CR2 1XG,9_CR8
E01001074,8.73726,2,CR2 4AA,9_CR5
E01001075,5.34083,2,CR2 1JN,9_CR8
E01001076,7.859969999999999,2,CR0 0BB,9_CR0
E01001077,11.1982,3,CR0 0HE,9_CR0
E01001078,10.7452,3,CR0 0DB,9_CR0
E01001079,5.73502,2,CR0 0AA,9_CR0
E01001080,8.82638,2,CR0 0BA,9_CR0
E01001081,4.15227,1b,CR0 0AB,9_CR0
E01001082,6.28667,2,CR0 0EP,9_CR0
E01001083,8.44081,2,SW16 3AA,9_SW16
E01001084,4.724480000000001,1b,SE19 3GW,9_SW16
E01001085,15.3249,4,SW16 3LH,9_SW16
E01001086,6.09406,2,SW16 4JY,9_SW16
E01001087,13.2258,3,CR4 6BE,9_SW16
E01001088,4.84786,1b,SW16 4BA,9_SW16
E01001089,12.7121,3,SW16 4AE,9_SW16
E01001090,10.9367,3,SW16 4AJ,9_SW16
E01001091,3.0854,1b,CR4 6ET,9_SW16
E01001092,5.93937,2,CR2 1XH,9_CR8
E01001093,8.85416,2,CR2 2AD,9_CR2
E01001094,2.05585,1a,CR2 2LD,9_CR8
E01001095,10.7356,3,CR2 0AY,9_CR2
E01001096,4.41719,1b,CR2 0FJ,9_CR2
E01001097,17.5554,4,CR2 1BA,9_CR8
E01001098,3.26602,1b,CR2 1BB,9_CR8
E01001099,5.591099999999999,2,CR2 1BD,9_CR8
E01001100,9.60498,2,CR2 0DB,9_CR2
E01001101,1.4631399999999999,1a,CR2 0JA,9_CR2
E01001102,3.41913,1b,CR2 0RF,9_CR2
E01001103,2.02801,1a,CR2 9AG,9_CR2
E01001104,1.9612099999999997,1a,CR2 1DN,9_CR2
E01001105,1.46731,1a,CR2 9BD,9_CR2
E01001106,2.00879,1a,CR2 9BA,9_CR2
E01001107,2.94006,1b,CR2 0AG,9_CR2
E01001108,2.22322,1a,CR2 0AN,9_CR2
E01001109,8.95654,2,CR0 2BA,9_CR0
E01001110,28.3125,6a,CR0 2AX,9_CR0
E01001111,16.9747,4,CR4 8SB,9_CR7
E01001112,10.6505,3,SE25 5BF,9_SE25
E01001113,15.5807,4,CR0 2LQ,9_CR0
E01001114,14.3506,3,CR0 2FA,9_CR0
E01001115,7.95014,2,CR0 2PA,9_CR0
E01001116,13.8783,3,CR0 2EY,9_CR0
E01001117,14.603700000000002,3,CR0 2FU,9_CR0
E01001118,14.7016,3,CR0 2BT,9_CR0
E01001119,2.81466,1b,CR2 8NL,9_CR2
E01001120,4.18145,1b,CR2 7SA,9_CR2
E01001121,1.18399,1a,CR2 8AY,9_CR2
E01001122,3.5681199999999995,1b,CR0 5RE,9_CR0
E01001123,2.10248,1a,CR0 5RG,9_CR0
E01001124,2.5841200000000004,1b,CR2 0AP,9_CR2
E01001125,6.196330000000001,2,CR2 7ND,9_CR2
E01001126,3.31546,1b,CR2 8AW,9_CR2
E01001127,3.62671,1b,CR0 8AS,9_CR0
E01001128,3.93676,1b,CR0 8EG,9_CR0
E01001129,3.70236,1b,CR0 5AE,9_CR0
E01001130,3.31092,1b,CR0 8JB,9_CR0
E01001131,1.02423,1a,CR0 7LU,9_CR0
E01001132,3.00865,1b,CR0 7AH,9_CR0
E01001133,5.21562,2,CR0 7QS,9_CR0
E01001134,4.0949,1b,CR0 7PT,9_CR0
E01001135,5.39222,2,BR3 3BZ,9_CR0
E01001136,20.6391,5,SE25 5AA,9_SE25
E01001137,7.3365,2,SE19 2BN,9_SE19
E01001138,8.5288,2,SE19 2BY,9_SE19
E01001139,12.2328,3,SE25 6AH,9_SE25
E01001140,5.83809,2,SE19 2DA,9_SE19
E01001141,8.06069,2,SE25 4AF,9_SE25
E01001142,11.5129,3,SE19 2DL,9_SE19
E01001143,10.6516,3,SE25 4BF,9_SE25
E01001144,19.0996,4,SE25 4AT,9_SE25
E01001145,20.6841,5,SE25 4BE,9_SE25
E01001146,4.45021,1b,CR4 8JR,9_CR7
E01001147,5.38933,2,CR4 8AF,9_CR7
E01001148,3.7353399999999994,1b,CR4 8HY,9_CR7
E01001149,3.9559,1b,CR4 8JW,9_CR7
E01001150,5.4912,2,SE25 6AZ,9_SE25
E01001151,11.5244,3,CR4 8AA,9_CR7
E01001152,14.2179,3,CR4 8JA,9_CR7
E01001153,12.7251,3,CR4 8JQ,9_CR7
E01001154,16.3767,4,CR4 8LA,9_CR7
E01001155,18.3158,4,CR4 7JG,9_CR7
E01001156,7.79475,2,SE19 3DT,9_SE19
E01001157,4.17033,1b,CR4 8BB,9_CR7
E01001158,6.97896,2,SE19 3BJ,9_SE19
E01001159,6.86094,2,CR7 8EH,9_CR7
E01001160,3.7993,1b,CR4 8DE,9_CR7
E01001161,4.91127,1b,CR4 8AG,9_CR7
E01001162,9.15466,2,SE19 1BY,9_SE19
E01001163,8.4111,2,SE19 3BF,9_SE19
E01001164,18.0235,4,SE19 1AD,9_SE19
E01001165,16.8347,4,CR0 4FN,9_CR0
E01001166,21.47,5,CR0 1AD,9_CR0
E01001167,10.656399999999998,3,CR0 4AB,9_CR0
E01001168,13.6122,3,CR0 4AG,9_CR0
E01001169,6.670469999999999,2,CR0 4BX,9_CR0
E01001170,18.5177,4,CR0 1AF,9_CR0
E01001171,11.0295,3,CR0 4AX,9_CR0
E01001172,5.20042,2,CR0 0XZ,9_CR0
E01001173,3.92644,1b,CR0 4HS,9_CR0
E01001174,3.57748,1b,CR4 6BF,9_CR7
E01001175,12.1109,3,CR4 7HA,9_CR7
E01001176,7.8819,2,CR0 3BB,9_CR0
E01001177,5.57449,2,CR0 3AA,9_CR0
E01001178,11.3036,3,CR0 2PF,9_CR0
E01001179,6.14915,2,CR0 3DZ,9_CR0
E01001180,8.17941,2,CR0 3AZ,9_CR0
E01001181,11.940499999999998,3,CR0 2SP,9_CR0
E01001182,5.69905,2,CR4 1LX,9_CR4
E01001183,9.61681,2,CR4 6HL,9_CR7
E01001184,4.81027,1b,CR4 6DH,9_CR7
E01001185,14.2253,3,SE25 4SP,9_SE25
E01001186,10.3514,3,SE25 4QA,9_SE25
E01001187,5.57256,2,CR0 6BY,9_CR0
E01001188,16.6518,4,SE25 4PU,9_SE25
E01001189,12.9091,3,SE25 4QF,9_SE25
E01001190,8.52501,2,SE25 4BH,9_SE25
E01001191,20.2794,5,SE25 4PF,9_SE25
E01001192,13.6709,3,SE25 4BG,9_SE25
E01001193,5.90949,2,CR0 6BW,9_CR0
E01001194,9.51461,2,SE25 4JX,9_SE25
E01001195,8.06875,2,W3 0AD,10_W3
E01001196,11.8436,3,W3 0AA,10_W3
E01001197,7.27699,2,W3 0DS,10_W3
E01001198,6.1072,2,W3 6DS,10_W3
E01001199,7.80866,2,W3 6ES,10_W3
E01001200,4.75259,1b,W3 6BB,10_W3
E01001201,5.55384,2,W3 6DP,10_W3
E01001202,15.4907,4,W3 6AH,10_W3
E01001203,11.5373,3,W3 6AN,10_W3
E01001204,9.82003,2,W13 0DA,10_W13
E01001205,7.12506,2,W13 0EA,10_W13
E01001206,5.11688,2,W13 0DH,10_W13
E01001207,11.1594,3,W10 4WL,10_W13
E01001208,8.15917,2,W13 0AU,10_W13
E01001209,4.40132,1b,W13 8DJ,10_W5
E01001210,9.25472,2,W13 0AA,10_W13
E01001211,6.77418,2,W5 1AD,10_W5
E01001212,8.41055,2,W13 8AH,10_W13
E01001213,12.4024,3,UB1 2AE,10_UB1
E01001214,8.05694,2,UB1 2HH,10_UB1
E01001215,17.6073,4,UB1 1PZ,10_UB1
E01001216,10.8794,3,UB1 2LZ,10_UB1
E01001217,4.49055,1b,UB1 2HJ,10_UB1
E01001218,4.8878,1b,UB1 3AA,10_UB1
E01001219,5.44864,2,UB1 3DL,10_UB1
E01001220,7.48066,2,UB1 3BY,10_UB1
E01001221,31.6011,6a,W5 2AA,10_W5
E01001222,19.6876,4,W13 8AA,10_W13
E01001223,14.3254,3,W5 2HP,10_W5
E01001224,8.95784,2,W13 8AF,10_W13
E01001225,32.1159,6a,W5 2DX,10_W5
E01001226,16.6827,4,W13 8HN,10_W13
E01001227,9.71054,2,W13 8HA,10_W13
E01001228,24.1783,5,W13 8BF,10_W13
E01001229,7.695989999999999,2,W5 4AA,10_W5
E01001230,8.20796,2,W5 5AB,10_W5
E01001231,13.3763,3,W3 9AA,10_W3
E01001232,3.38281,1b,W5 3JL,10_W5
E01001233,12.025600000000003,3,W5 4AP,10_W5
E01001234,16.0027,4,W4 4HX,10_W5
E01001235,28.2544,6a,W5 2EA,10_W5
E01001236,14.1672,3,W5 3PE,10_W5
E01001237,4.9571,1b,W5 3JA,10_W5
E01001238,18.5242,4,NW10 0NZ,10_W3
E01001239,14.9832,3,NW10 6BF,10_NW10
E01001240,21.5877,5,W3 7DB,10_W3
E01001241,9.75545,2,W3 7AA,10_W3
E01001242,3.5046500000000003,1b,W3 7AF,10_W3
E01001243,13.3793,3,W3 7BB,10_W3
E01001244,10.7863,3,W3 7AU,10_W3
E01001245,10.9549,3,W12 9DG,10_W12
E01001246,12.8549,3,NW10 4UN,10_NW10
E01001247,10.3616,3,NW10 6ER,10_W3
E01001248,4.91454,1b,UB2 4RY,10_W7
E01001249,18.7442,4,W13 0BF,10_W13
E01001250,13.1669,3,W13 0EU,10_W13
E01001251,14.279,3,W7 1DL,10_W7
E01001252,14.8905,3,W13 8ST,10_W7
E01001253,5.60893,2,W7 1DY,10_W7
E01001254,8.62924,2,W7 2EX,10_W7
E01001255,7.70175,2,W7 1HS,10_W7
E01001257,7.0454,2,UB5 6AT,10_UB5
E01001258,10.0857,3,UB1 2HG,10_UB1
E01001259,11.9615,3,UB6 7LT,10_UB6
E01001260,13.7473,3,UB6 8QS,10_UB6
E01001261,16.0815,4,UB6 0HN,10_UB6
E01001262,5.98263,2,UB5 6TP,10_UB5
E01001263,3.7834100000000004,1b,UB5 6AH,10_UB5
E01001264,3.27381,1b,UB6 9QZ,10_UB6
E01001265,2.13603,1a,UB6 8GB,10_UB6
E01001266,9.70967,2,UB6 0AD,10_UB6
E01001267,8.61345,2,UB6 8AS,10_UB6
E01001268,4.44543,1b,UB6 8RB,10_UB6
E01001269,8.36389,2,UB6 0AJ,10_UB6
E01001270,3.36559,1b,UB5 4LL,10_UB5
E01001271,6.9661,2,UB5 4LD,10_UB5
E01001272,14.6829,3,UB6 0AA,10_UB6
E01001273,9.99397,2,W3 0EN,10_W3
E01001274,8.73261,2,W3 0DT,10_W3
E01001275,18.8954,4,W5 2GA,10_W5
E01001276,6.17392,2,HA0 1WE,10_NW10
E01001277,12.7076,3,NW10 7HN,10_NW10
E01001278,17.0625,4,NW10 7EY,10_NW10
E01001279,6.533969999999999,2,W5 1AB,10_W5
E01001280,8.94619,2,W5 1AR,10_W5
E01001281,5.89419,2,W5 1AZ,10_W5
E01001282,8.6282,2,W7 1AJ,10_W7
E01001283,12.957500000000001,3,W7 1BG,10_W7
E01001284,7.34406,2,W7 3AE,10_W7
E01001285,7.67392,2,W7 1AA,10_W7
E01001286,6.75251,2,W7 1AU,10_W7
E01001287,5.17745,2,W7 3AJ,10_W7
E01001288,8.26332,2,W7 1EH,10_W7
E01001289,8.6852,2,W7 1EJ,10_W7
E01001290,5.79316,2,W7 1LD,10_W7
E01001291,8.70156,2,UB1 2ES,10_UB1
E01001292,7.319959999999999,2,UB1 2HW,10_UB1
E01001293,5.52276,2,UB1 2HB,10_UB1
E01001294,5.55236,2,UB1 2DL,10_UB1
E01001295,5.83494,2,UB1 2NQ,10_UB1
E01001296,6.0617600000000005,2,UB1 2BG,10_UB1
E01001297,5.43935,2,UB1 2AR,10_UB1
E01001298,7.630310000000001,2,UB1 2EU,10_UB1
E01001299,9.2001,2,W13 9UG,10_W13
E01001300,13.2409,3,W5 4EF,10_W5
E01001301,8.74339,2,TW8 9QN,10_TW8
E01001302,11.1281,3,W5 4BF,10_W5
E01001303,12.4175,3,W13 9QU,10_W13
E01001304,9.87991,2,W5 3RZ,10_W5
E01001305,7.02562,2,W13 9DR,10_W13
E01001306,9.20336,2,W13 9EN,10_W13
E01001307,2.71695,1b,UB6 0AB,10_UB6
E01001308,4.37092,1b,HA0 1AL,10_UB6
E01001309,4.05564,1b,UB5 4GZ,10_UB5
E01001310,6.85308,2,UB5 4FD,10_UB5
E01001311,6.108739999999999,2,UB5 4QD,10_UB5
E01001312,11.9273,3,UB6 0FB,10_UB6
E01001313,7.06644,2,UB6 0FE,10_UB6
E01001314,4.14117,1b,UB6 0JP,10_UB6
E01001315,7.7952,2,UB5 4JH,10_UB5
E01001316,9.92037,2,UB5 4EA,10_UB5
E01001317,6.90337,2,UB5 4AD,10_UB5
E01001318,10.7324,3,UB5 4AL,10_UB5
E01001319,10.536,3,UB5 4LR,10_UB5
E01001320,1.14032,1a,UB5 4JB,10_UB5
E01001321,7.9491,2,UB5 5AG,10_UB5
E01001322,10.0203,3,UB5 4AA,10_UB5
E01001323,14.4146,3,UB5 4BA,10_UB5
E01001324,6.31855,2,UB5 5AP,10_UB5
E01001325,1.6983,1a,UB5 6ND,10_UB5
E01001326,1.3623,1a,UB5 5AF,10_UB5
E01001327,6.8946,2,UB5 5JD,10_UB5
E01001328,6.96882,2,UB5 5AS,10_UB5
E01001329,4.09514,1b,UB5 6LE,10_UB5
E01001330,6.55277,2,UB5 5FA,10_UB5
E01001331,6.28616,2,UB5 6HL,10_UB5
E01001332,7.335930000000001,2,UB5 6AJ,10_UB5
E01001333,11.5261,3,UB2 4AH,10_UB2
E01001334,4.94345,1b,UB2 4GE,10_UB2
E01001335,1.55448,1a,UB2 4GW,10_UB2
E01001336,3.76878,1b,UB2 4EJ,10_UB2
E01001337,3.47932,1b,UB1 3DR,10_UB1
E01001338,5.79925,2,UB1 3AN,10_UB1
E01001339,2.0779,1a,UB2 4AD,10_UB2
E01001340,4.40091,1b,UB1 3EU,10_UB2
E01001341,3.12931,1b,UB6 7AF,10_UB6
E01001342,4.0642,1b,HA0 1AZ,10_HA0
E01001343,4.17243,1b,UB6 7AA,10_UB6
E01001344,9.27271,2,UB6 7FD,10_UB6
E01001345,4.40317,1b,HA0 1BW,10_HA0
E01001346,7.019629999999999,2,UB6 8HU,10_UB6
E01001347,4.07255,1b,UB6 7AB,10_UB6
E01001348,10.9236,3,UB6 7NX,10_UB6
E01001349,8.29634,2,UB6 8EJ,10_UB6
E01001350,11.7325,3,W3 9LQ,10_W3
E01001351,19.5928,4,W3 6LP,10_W3
E01001352,18.863,4,W3 9PY,10_W3
E01001353,18.2015,4,W3 8EH,10_W3
E01001354,20.0663,5,W3 8EB,10_W3
E01001355,14.027200000000002,3,W3 6LY,10_W3
E01001356,16.5029,4,W3 8AD,10_W3
E01001357,10.010100000000001,3,W3 6NH,10_W3
E01001358,13.3212,3,W2 1GF,10_W3
E01001359,8.32297,2,UB1 1DH,10_UB1
E01001360,15.3754,4,UB1 1AD,10_UB1
E01001361,15.907,4,UB1 1JR,10_UB1
E01001362,11.7676,3,UB1 1AA,10_UB1
E01001363,6.80424,2,UB1 1AX,10_UB1
E01001364,4.90491,1b,UB1 1AP,10_UB1
E01001365,1.9624800000000002,1a,UB1 1DB,10_UB1
E01001366,5.22467,2,UB2 5AT,10_UB2
E01001367,14.3203,3,UB2 4BB,10_UB2
E01001368,6.58663,2,UB2 5BP,10_UB2
E01001369,10.4996,3,UB2 4DL,10_UB2
E01001370,4.14536,1b,UB18 7AT,10_UB2
E01001371,6.87915,2,UB2 5EA,10_UB2
E01001372,7.11601,2,UB2 4EF,10_UB2
E01001373,9.24759,2,UB2 4AX,10_UB2
E01001374,7.19784,2,W4 5AA,10_W4
E01001375,7.887780000000001,2,W4 1AA,10_W4
E01001376,6.40356,2,W3 7YP,10_W3
E01001377,13.3374,3,W4 1BP,10_W4
E01001379,8.07519,2,W4 1BE,10_W4
E01001380,12.294599999999999,3,W4 4LF,10_W4
E01001381,9.9014,2,W3 0BD,10_W3
E01001382,9.00221,2,W13 9JS,10_W13
E01001383,8.34792,2,W13 9DE,10_W13
E01001384,11.5707,3,W13 9DW,10_W13
E01001385,11.0812,3,W13 9QE,10_W13
E01001386,10.2136,3,W13 9NX,10_W5
E01001387,16.6774,4,W13 9NF,10_W13
E01001388,19.7149,4,W13 0TZ,10_W13
E01001389,15.536900000000001,4,W13 0TA,10_W13
E01001390,22.0523,5,N11 2BE,11_N11
E01001391,11.9268,3,N13 4NA,11_N13
E01001392,15.6239,4,N11 2AQ,11_N11
E01001393,15.788500000000003,4,N11 2BD,11_N11
E01001394,11.4705,3,N13 4SP,11_N13
E01001395,2.87649,1b,N13 6AG,11_N13
E01001396,11.9094,3,N11 1RW,11_N13
E01001397,7.4498,2,N13 6AF,11_N13
E01001398,8.65624,2,EN1 2AB,11_EN1
E01001399,7.35201,2,EN1 2LB,11_EN1
E01001400,7.770590000000001,2,EN1 2EU,11_EN1
E01001401,8.2105,2,EN1 1HS,11_EN1
E01001402,6.76976,2,N21 2AA,11_N21
E01001403,5.441210000000001,2,N21 2PR,11_N21
E01001404,1.38797,1a,N13 5NF,11_N13
E01001405,8.7394,2,EN1 2AU,11_EN1
E01001406,8.22871,2,EN1 1BA,11_EN1
E01001407,1.17166,1a,EN1 3LG,11_EN1
E01001408,9.04163,2,EN2 0AP,11_EN2
E01001409,3.28459,1b,EN1 4BH,11_EN1
E01001410,1.52191,1a,EN1 4AX,11_EN1
E01001411,5.30008,2,EN1 3LD,11_EN1
E01001412,0.567043,1a,EN1 4NN,11_EN1
E01001413,2.48798,1a,EN1 3RA,11_EN1
E01001414,3.94336,1b,EN2 0EG,11_EN2
E01001415,7.82283,2,EN4 0AA,11_EN4
E01001416,6.843860000000001,2,EN2 7LT,11_EN2
E01001417,0.982582,1a,EN4 0AF,11_EN4
E01001418,9.09324,2,EN4 0AP,11_EN4
E01001419,11.7099,3,EN4 0BS,11_EN4
E01001420,4.87497,1b,N14 4AA,11_N14
E01001421,6.27626,2,N14 4BT,11_N14
E01001422,1.58118,1a,EN4 0AB,11_EN4
E01001423,12.8801,3,N22 4XS,11_N9
E01001424,21.2573,5,N9 9GB,11_N9
E01001425,17.237,4,N18 1SA,11_N18
E01001426,7.94062,2,N18 2NA,11_N18
E01001427,2.8770299999999995,1b,N18 2DA,11_N18
E01001428,8.04777,2,N9 9BA,11_N9
E01001429,22.6282,5,N9 0AL,11_N9
E01001430,19.3486,4,N18 2EN,11_N18
E01001431,6.33529,2,N18 2EU,11_N18
E01001432,14.7528,3,N18 2BX,11_N18
E01001433,5.31403,2,EN3 5DQ,11_EN3
E01001434,3.4884499999999994,1b,EN3 5DH,11_EN3
E01001435,5.15217,2,EN3 5DB,11_EN3
E01001436,4.71077,1b,EN3 5LP,11_EN3
E01001437,1.9732399999999999,1a,EN3 7AG,11_EN3
E01001438,7.039,2,EN3 5DA,11_EN3
E01001439,7.97897,2,EN3 5AZ,11_EN3
E01001440,7.768510000000001,2,EN3 5AA,11_EN3
E01001441,5.27178,2,EN3 5FB,11_EN3
E01001442,8.96896,2,EN3 5UA,11_EN3
E01001444,6.07616,2,EN3 6JU,11_EN3
E01001445,3.27794,1b,EN3 6DY,11_EN3
E01001446,7.56173,2,EN3 6AR,11_EN3
E01001447,6.99831,2,EN3 6AA,11_EN3
E01001448,7.98339,2,EN3 6AD,11_EN3
E01001449,7.15805,2,EN3 6DP,11_EN3
E01001450,16.3938,4,EN1 1YA,11_EN1
E01001451,8.44367,2,EN1 2BB,11_EN1
E01001452,3.50152,1b,N21 2AJ,11_N21
E01001453,5.34408,2,EN2 7HS,11_EN2
E01001454,7.688399999999999,2,N21 1AL,11_N21
E01001455,5.50234,2,EN1 2BA,11_EN1
E01001456,8.25406,2,N21 2LB,11_N21
E01001457,14.2864,3,EN2 6AR,11_EN2
E01001458,10.5278,3,N18 1NA,11_N18
E01001459,5.01113,2,N9 9DD,11_N9
E01001460,17.6689,4,N9 9DH,11_N9
E01001461,5.73127,2,N9 9AE,11_N9
E01001462,8.25871,2,N9 9AA,11_N9
E01001463,5.47216,2,N18 1LG,11_N18
E01001464,4.29331,1b,N9 9BH,11_N9
E01001465,6.53176,2,N18 1BD,11_N18
E01001466,9.78184,2,N18 1QA,11_N18
E01001467,8.5854,2,N18 1LS,11_N18
E01001468,4.64574,1b,EN2 8AB,11_EN2
E01001469,8.29827,2,EN2 8BB,11_EN2
E01001470,2.17007,1a,EN2 7AD,11_EN2
E01001471,4.387,1b,EN2 7PG,11_EN2
E01001472,10.9356,3,EN2 7AB,11_EN2
E01001473,3.26282,1b,EN2 7DA,11_EN2
E01001474,7.25554,2,EN2 7AH,11_EN2
E01001475,5.90111,2,EN2 7JN,11_EN2
E01001476,7.529829999999999,2,N9 7DG,11_N9
E01001477,2.05333,1a,N9 0AR,11_N9
E01001478,3.89408,1b,EN1 1EL,11_EN1
E01001479,6.5805,2,N9 7BN,11_N9
E01001480,4.34252,1b,EN1 1EU,11_EN1
E01001481,3.89618,1b,N9 8BL,11_N9
E01001482,4.53853,1b,N9 7EY,11_N9
E01001483,1.3126,1a,N9 0AS,11_N9
E01001484,4.78858,1b,EN1 1ER,11_EN1
E01001485,20.3416,5,N9 0AF,11_N9
E01001486,5.79745,2,N9 0BB,11_N9
E01001487,11.7077,3,N9 7HD,11_N9
E01001488,10.0051,3,N9 7BB,11_N9
E01001489,7.01077,2,N9 0JU,11_N9
E01001491,17.5329,4,N9 7AB,11_N9
E01001492,8.64801,2,N9 0AG,11_N9
E01001493,3.66313,1b,N13 5AF,11_N13
E01001494,3.24991,1b,N13 5AP,11_N13
E01001495,8.26542,2,N13 5EP,11_N13
E01001496,2.86578,1b,N13 5AA,11_N13
E01001497,2.7382,1b,N13 5LU,11_N13
E01001498,11.0077,3,N13 4AA,11_N13
E01001499,5.506,2,N13 5BL,11_N13
E01001500,6.56153,2,N13 5ET,11_N13
E01001501,12.5109,3,N13 4AF,11_N13
E01001502,6.39368,2,EN3 4ED,11_EN3
E01001503,7.15,2,EN3 4AD,11_EN3
E01001504,6.6924,2,EN3 4JT,11_EN3
E01001505,13.4337,3,EN3 4DG,11_EN3
E01001506,3.20376,1b,E4 7XB,11_EN3
E01001507,13.134000000000002,3,EN3 4AT,11_EN3
E01001508,10.6091,3,EN3 4AA,11_EN3
E01001509,8.03187,2,EN3 4BF,11_EN3
E01001510,6.11118,2,EN3 4BX,11_EN3
E01001511,9.96331,2,EN1 1AF,11_EN1
E01001512,14.4902,3,EN1 1AA,11_EN1
E01001513,7.43327,2,EN1 1AJ,11_EN1
E01001514,5.78446,2,EN1 1AE,11_EN1
E01001515,8.15854,2,EN1 1DB,11_EN1
E01001516,3.86339,1b,EN1 3EA,11_EN1
E01001517,5.99545,2,EN1 3QB,11_EN1
E01001518,8.49619,2,EN1 1NF,11_EN1
E01001519,16.7571,4,N14 4AF,11_N14
E01001520,11.8367,3,N14 4JB,11_N14
E01001521,11.2338,3,N14 6AW,11_N14
E01001522,3.44205,1b,N14 4TB,11_N14
E01001523,2.54461,1b,N21 1JB,11_N21
E01001524,8.07689,2,N14 4DT,11_N14
E01001525,8.66593,2,N14 4BS,11_N14
E01001526,3.27332,1b,N14 6AT,11_N14
E01001527,8.82121,2,N13 4DY,11_N13
E01001528,17.6354,4,N11 1FF,11_N11
E01001529,23.4961,5,N11 1AB,11_N11
E01001530,16.4096,4,N11 1AU,11_N11
E01001531,5.2557,2,N13 4AT,11_N13
E01001532,6.98344,2,N14 6BY,11_N14
E01001533,5.02745,2,N14 7AG,11_N14
E01001534,15.549200000000003,4,N11 1AA,11_N11
E01001535,12.4735,3,N11 1AR,11_N11
E01001536,16.2406,4,EN1 1YS,11_EN1
E01001537,3.08794,1b,EN1 3NN,11_EN1
E01001538,2.47806,1a,EN1 3AE,11_EN1
E01001539,3.62389,1b,EN1 3HG,11_EN1
E01001540,10.0645,3,EN2 0AJ,11_EN2
E01001541,7.14989,2,EN1 3JZ,11_EN1
E01001542,6.09526,2,EN1 3BT,11_EN1
E01001543,3.31608,1b,EN1 3AA,11_EN1
E01001544,13.137,3,EN1 1SA,11_EN1
E01001545,3.99603,1b,EN1 4NS,11_EN1
E01001546,4.36887,1b,EN3 6NY,11_EN3
E01001547,7.18474,2,EN3 5RP,11_EN3
E01001548,5.88398,2,EN1 4NH,11_EN1
E01001549,4.96912,1b,EN1 4DS,11_EN1
E01001550,4.12527,1b,EN1 4ET,11_EN1
E01001551,3.8337,1b,EN1 4NZ,11_EN1
E01001552,7.183760000000001,2,EN3 6PY,11_EN3
E01001553,6.27548,2,N18 1AA,11_N18
E01001554,14.8202,3,N18 1SP,11_N18
E01001555,16.8233,4,N18 2AH,11_N18
E01001556,5.51978,2,N13 6BD,11_N13
E01001557,4.19238,1b,N18 2AP,11_N18
E01001558,19.9923,4,N18 1AZ,11_N18
E01001559,4.19771,1b,N17 0RY,11_N18
E01001560,8.10062,2,N18 1BA,11_N18
E01001562,6.18583,2,N18 1BF,11_N18
E01001563,7.85202,2,N13 4AG,11_N13
E01001564,8.09673,2,N13 4AN,11_N13
E01001565,6.14599,2,N13 4AD,11_N13
E01001566,10.6742,3,N13 4AB,11_N13
E01001567,7.637369999999999,2,N21 1AA,11_N21
E01001568,4.33127,1b,N13 4BD,11_N13
E01001569,9.19083,2,N21 1AY,11_N21
E01001570,4.11679,1b,N13 5QB,11_N21
E01001571,7.7400199999999995,2,SE2 0BS,12_SE2
E01001572,12.946699999999998,3,SE2 0BB,12_SE2
E01001573,8.06914,2,SE2 0BP,12_SE2
E01001574,4.48118,1b,SE2 0AS,12_SE2
E01001575,11.7311,3,SE2 9AT,12_SE2
E01001576,4.19249,1b,SE2 9AG,12_SE2
E01001577,12.0021,3,SE2 9JN,12_SE2
E01001578,13.1268,3,SE2 9AA,12_SE2
E01001579,4.57239,1b,SE2 9AJ,12_SE2
E01001580,13.6361,3,SE3 7AA,12_SE3
E01001581,18.2808,4,SE3 7AW,12_SE3
E01001582,5.49672,2,SE3 0DU,12_SE3
E01001583,6.40135,2,SE3 0JX,12_SE3
E01001584,7.16297,2,SE3 0AA,12_SE3
E01001585,13.5187,3,SE10 0JX,12_SE3
E01001586,14.2767,3,SE3 7AD,12_SE3
E01001587,10.9412,3,SE10 8XA,12_SE10
E01001588,9.09045,2,SE18 4BL,12_SE7
E01001589,15.321500000000002,4,SE7 7AE,12_SE7
E01001590,18.1375,4,SE7 7AB,12_SE7
E01001591,15.4697,4,SE7 7AA,12_SE7
E01001592,15.1137,4,SE7 7AU,12_SE7
E01001593,13.6624,3,SE3 7BZ,12_SE3
E01001594,11.2771,3,SE7 7DP,12_SE7
E01001595,8.93928,2,SE7 7BA,12_SE7
E01001596,4.12536,1b,BR7 6DN,12_BR7
E01001597,9.20431,2,SE9 3AD,12_SE9
E01001598,7.24491,2,SE9 3AA,12_SE9
E01001599,5.55739,2,SE9 3AJ,12_SE9
E01001600,11.048600000000002,3,SE9 2AB,12_SE9
E01001601,7.92187,2,SE9 3JT,12_SE9
E01001602,5.5598,2,SE9 3AP,12_SE9
E01001603,6.56139,2,SE9 3AU,12_SE9
E01001604,16.4534,4,SE9 1DT,12_SE9
E01001605,5.17734,2,SE9 1AN,12_SE9
E01001606,3.93432,1b,SE9 1PG,12_SE9
E01001607,10.7723,3,SE9 1AS,12_SE9
E01001608,9.34922,2,SE9 1AG,12_SE9
E01001609,20.6723,5,SE9 1DH,12_SE9
E01001610,3.3297,1b,SE9 1AE,12_SE9
E01001611,5.26864,2,SE9 1EJ,12_SE9
E01001613,9.08314,2,SE9 1AA,12_SE9
E01001614,6.931129999999999,2,DA15 8UE,12_SE9
E01001615,9.83596,2,SE12 0EB,12_SE9
E01001617,9.25403,2,SE9 2AA,12_SE9
E01001618,6.40856,2,DA15 8BT,12_DA15
E01001619,10.172,3,SE9 2BA,12_SE9
E01001620,7.6276,2,SE9 5SY,12_SE9
E01001621,16.7791,4,SE9 5SU,12_SE9
E01001623,9.01112,2,SE3 8BH,12_SE3
E01001624,6.64714,2,SE3 8JS,12_SE3
E01001625,6.10696,2,SE9 6AJ,12_SE9
E01001629,28.0165,6a,SE18 7AS,12_SE18
E01001631,23.6378,5,SE18 1WD,12_SE18
E01001632,17.7636,4,SE18 1AD,12_SE18
E01001633,9.81652,2,SE18 7HH,12_SE18
E01001634,11.0927,3,SE18 7BP,12_SE18
E01001635,6.77586,2,SE18 1DS,12_SE18
E01001636,9.82039,2,SE18 1AA,12_SE18
E01001637,8.01945,2,SE18 2SS,12_SE18
E01001638,15.6187,4,SE10 8DD,12_SE10
E01001640,16.7545,4,SE10 9BB,12_SE10
E01001641,21.2158,5,SE10 8BH,12_SE10
E01001642,7.90462,2,SE10 8BL,12_SE10
E01001644,20.0301,5,SE10 8BB,12_SE10
E01001645,4.08741,1b,SE3 8DN,12_SE3
E01001646,10.1039,3,SE18 4DA,12_SE18
E01001647,5.0229,2,SE3 8AY,12_SE3
E01001648,3.83941,1b,SE18 4LN,12_SE18
E01001649,2.25407,1a,SE3 8AA,12_SE3
E01001650,6.70168,2,SE3 8UN,12_SE3
E01001651,4.89099,1b,SE18 4LR,12_SE18
E01001652,7.27366,2,SE18 4LU,12_SE18
E01001653,3.3386100000000005,1b,SE9 5EP,12_SE9
E01001654,2.71472,1b,SE12 9AL,12_SE12
E01001655,5.77586,2,SE9 5EB,12_SE9
E01001656,3.82789,1b,SE3 0ER,12_SE3
E01001657,8.32607,2,SE12 8BQ,12_SE12
E01001658,6.884360000000001,2,SE12 8HD,12_SE12
E01001659,7.59428,2,SE12 8AL,12_SE12
E01001660,4.25407,1b,SE12 8AS,12_SE12
E01001661,6.34564,2,SE9 5EF,12_SE9
E01001662,14.754699999999998,3,SE10 0AG,12_SE10
E01001664,18.6908,4,SE10 9AA,12_SE10
E01001665,17.1326,4,SE10 0DF,12_SE10
E01001666,13.3967,3,SE7 7AG,12_SE7
E01001667,7.48114,2,SE10 0AR,12_SE10
E01001668,13.7924,3,SE10 0AA,12_SE10
E01001669,4.49534,1b,SE18 1LQ,12_SE18
E01001671,4.852089999999999,1b,SE18 2DA,12_SE18
E01001672,6.79843,2,SE18 1BS,12_SE18
E01001673,18.9953,4,SE18 1AF,12_SE18
E01001674,8.69146,2,SE18 1EF,12_SE18
E01001675,13.277299999999999,3,SE18 1AR,12_SE18
E01001676,9.76127,2,SE18 1JT,12_SE18
E01001677,8.80362,2,SE18 1HF,12_SE18
E01001678,4.0287,1b,SE18 2BZ,12_SE18
E01001679,4.96099,1b,SE18 3JY,12_SE18
E01001680,3.20166,1b,SE18 2TD,12_SE18
E01001681,5.21925,2,SE18 2QR,12_SE18
E01001682,5.11951,2,SE18 3BE,12_SE18
E01001683,6.50069,2,SE18 2AE,12_SE18
E01001684,4.61331,1b,DA16 3RP,12_SE18
E01001685,4.76072,1b,SE18 2DH,12_SE18
E01001686,4.7133,1b,SE18 3AL,12_SE18
E01001687,9.81414,2,SE28 0AA,12_SE28
E01001688,6.70936,2,SE28 8BE,12_SE28
E01001690,9.11052,2,SE28 8BA,12_SE28
E01001692,5.74261,2,SE28 8AS,12_SE28
E01001693,9.35191,2,SE28 8AA,12_SE28
E01001694,4.59608,1b,SE28 8AP,12_SE28
E01001695,30.148,6a,SE18 6RG,12_SE18
E01001696,39.5561,6a,SE18 1DT,12_SE18
E01001697,17.7606,4,SE18 3AP,12_SE18
E01001698,5.18507,2,SE18 3BQ,12_SE18
E01001699,13.6846,3,SE18 4AF,12_SE18
E01001700,12.1093,3,SE18 3AR,12_SE18
E01001701,8.75448,2,SE18 3PZ,12_SE18
E01001702,2.9455,1b,SE18 3SG,12_SE18
E01001703,6.82808,2,SE18 3AN,12_SE18
E01001704,7.74434,2,SE18 2TP,12_SE18
E01001705,17.9844,4,SE18 4AB,12_SE18
E01001706,12.129599999999998,3,SE18 5EA,12_SE18
E01001708,10.4058,3,SE18 4AL,12_SE18
E01001709,8.07817,2,SE18 5AQ,12_SE7
E01001710,16.733,4,SE18 5AD,12_SE18
E01001711,7.876259999999999,2,SE18 5AT,12_SE18
E01001712,15.386700000000001,4,SE18 5AA,12_SE18
E01001713,13.6005,3,SE18 5HP,12_SE18
E01001714,22.2945,5,N4 2BJ,13_N4
E01001715,34.1677,6a,N4 2AS,13_N4
E01001716,38.1211,6a,N4 2AH,13_N4
E01001717,13.3067,3,N4 2DJ,13_N4
E01001718,45.366899999999994,6b,N4 2AA,13_N4
E01001719,13.1775,3,N4 2BN,13_N4
E01001720,26.027500000000003,6a,N4 2AF,13_N4
E01001722,15.7142,4,E5 8BW,13_E5
E01001723,20.1773,5,N16 6AA,13_N16
E01001724,22.2223,5,N16 6AQ,13_N16
E01001725,16.4691,4,N16 6DP,13_N16
E01001726,20.0355,5,N16 6EP,13_N16
E01001727,11.8331,3,N16 6AD,13_N16
E01001728,13.7357,3,E5 8RS,13_E5
E01001729,19.3979,4,E9 5SA,13_E9
E01001730,19.9055,4,E9 5AB,13_E9
E01001731,28.9991,6a,E8 1HA,13_E8
E01001732,22.0533,5,E9 6BF,13_E9
E01001733,15.859099999999998,4,E5 0AS,13_E5
E01001734,31.4647,6a,E5 0LL,13_E5
E01001735,25.1142,6a,E5 0LQ,13_E5
E01001736,9.24521,2,N16 0RT,13_N16
E01001737,9.14911,2,N16 8QA,13_N16
E01001738,13.532,3,N16 9AH,13_N16
E01001739,15.3851,4,N16 8PJ,13_N16
E01001740,19.0568,4,N16 8BF,13_N16
E01001741,12.1197,3,N16 0AU,13_N16
E01001742,8.91873,2,N16 0SE,13_N16
E01001744,25.5591,6a,E8 1BB,13_E8
E01001745,16.42,4,E8 2AX,13_E8
E01001746,14.8335,3,E8 2AP,13_E8
E01001747,24.584,5,E8 2BY,13_E8
E01001748,30.7987,6a,E8 1NH,13_E8
E01001749,27.3842,6a,E8 1BF,13_E8
E01001750,20.7304,5,E8 4BA,13_N1
E01001751,22.086,5,N1 3HT,13_N1
E01001752,13.4473,3,N1 3GN,13_N1
E01001753,13.2462,3,N1 5AF,13_N1
E01001754,19.1709,4,E2 8AS,13_E2
E01001755,17.3956,4,E2 8AN,13_E2
E01001756,30.451100000000004,6a,E8 2JU,13_E8
E01001757,25.3951,6a,E5 8JD,13_E5
E01001758,29.7331,6a,E5 8GZ,13_E5
E01001759,26.6748,6a,E8 2AA,13_E8
E01001760,36.8567,6a,E5 8HH,13_E5
E01001761,31.5836,6a,E8 1AA,13_E8
E01001762,30.3792,6a,E8 1AG,13_E8
E01001763,24.9477,5,E8 1AB,13_E8
E01001764,19.5365,4,E5 8BF,13_E5
E01001765,12.3483,3,E5 8AQ,13_E5
E01001767,20.2887,5,E5 0FB,13_E5
E01001768,20.1154,5,E5 8AH,13_E5
E01001769,23.887,5,N16 7AL,13_N16
E01001770,24.8603,5,E5 8AR,13_E5
E01001772,17.6674,4,E8 3NA,13_E8
E01001773,18.3073,4,E2 8AD,13_E2
E01001774,17.6693,4,E2 8BD,13_E2
E01001775,11.0014,3,E2 8NE,13_E2
E01001776,20.6871,5,E2 8AJ,13_E2
E01001777,25.6752,6a,E2 7QR,13_E2
E01001779,26.9558,6a,EC1V 1JN,13_N1
E01001780,37.2004,6a,EC1V 1JB,13_EC1V
E01001781,17.3974,4,N1 5DN,13_N1
E01001782,12.9071,3,N1 6SU,13_N1
E01001783,24.3934,5,N1 6TQ,13_N1
E01001784,22.5587,5,N1 6AG,13_N1
E01001785,12.957599999999998,3,E5 0DN,13_E5
E01001786,2.67104,1b,E15 2FB,13_E5
E01001787,5.03816,2,E5 0AF,13_E5
E01001788,3.5312,1b,E5 0AJ,13_E5
E01001789,5.54548,2,E5 0AN,13_E5
E01001790,6.60471,2,E9 5PJ,13_E9
E01001791,7.56684,2,E5 0DR,13_E5
E01001792,21.0307,5,E5 0QG,13_E5
E01001793,13.606899999999998,3,E5 0AA,13_E5
E01001794,22.9605,5,E5 0AU,13_E5
E01001795,18.8688,4,E5 0EX,13_E5
E01001796,15.502899999999999,4,E5 0EU,13_E5
E01001798,16.1,4,E5 8BD,13_E5
E01001799,14.405399999999998,3,N16 0AW,13_N16
E01001800,20.2464,5,N16 5FE,13_N16
E01001801,8.13367,2,N16 0AA,13_N16
E01001802,8.90057,2,N16 5AY,13_N16
E01001803,6.056510000000001,2,N16 0AN,13_N16
E01001804,6.74969,2,N16 5EP,13_N16
E01001805,19.5453,4,N16 0AE,13_N16
E01001806,8.51787,2,N16 0AD,13_N16
E01001807,13.701199999999998,3,N15 6PZ,13_N16
E01001808,22.7209,5,E5 9AE,13_N16
E01001809,21.2494,5,N15 6LX,13_N15
E01001811,12.8134,3,N15 6RB,13_N16
E01001812,10.547800000000002,3,N16 5DD,13_N16
E01001813,27.390899999999995,6a,N4 1BX,13_N4
E01001814,22.4269,5,E5 9AG,13_N16
E01001815,13.0801,3,E8 3FR,13_E8
E01001816,12.3444,3,E8 3DH,13_E8
E01001819,14.5195,3,E8 3AJ,13_E8
E01001820,12.5464,3,E8 4AW,13_E8
E01001821,11.2855,3,E8 4JS,13_E8
E01001822,11.5382,3,E5 9BP,13_E5
E01001823,4.39832,1b,E5 9BJ,13_E5
E01001824,6.39963,2,E5 9AA,13_E5
E01001825,12.834500000000002,3,E5 9SN,13_N16
E01001826,15.5592,4,E5 9AB,13_E5
E01001827,6.245119999999999,2,E5 9AT,13_E5
E01001828,8.10657,2,E5 9EL,13_E5
E01001829,19.9941,4,N16 0AR,13_N16
E01001830,19.4194,4,N16 0DB,13_N16
E01001831,26.1101,6a,N16 0BJ,13_N16
E01001832,22.0006,5,N16 7AS,13_N16
E01001833,15.7732,4,E8 2BU,13_N16
E01001834,17.1627,4,N16 7RZ,13_N16
E01001835,19.4627,4,N16 7XU,13_N16
E01001836,7.14736,2,E9 7BZ,13_E9
E01001837,19.0507,4,E8 4AD,13_E8
E01001838,22.4844,5,E9 6FF,13_E9
E01001839,27.0887,6a,E8 3FG,13_E8
E01001840,17.0152,4,E9 7AT,13_E9
E01001841,7.21144,2,E9 7BQ,13_E9
E01001842,19.8267,4,E9 7LP,13_E9
E01001843,11.982300000000002,3,E9 7BY,13_E9
E01001844,15.3985,4,E9 5BB,13_E9
E01001845,11.1784,3,E9 5BL,13_E9
E01001846,8.47432,2,E15 2EE,13_E9
E01001847,14.4175,3,E9 5FJ,13_E9
E01001848,14.6459,3,E9 5AF,13_E9
E01001849,10.5115,3,E15 2BH,13_E20
E01001850,15.3991,4,E9 5AE,13_E9
E01001851,27.416900000000002,6a,W14 0AA,14_W14
E01001852,35.7209,6a,W12 8LE,14_W12
E01001853,31.656500000000005,6a,W6 7LW,14_W6
E01001854,38.2792,6a,W12 8QU,14_W14
E01001855,21.7608,5,W14 0AJ,14_W14
E01001856,29.5229,6a,W14 0DY,14_W14
E01001857,41.8017,6b,W12 8LN,14_W12
E01001858,10.758,3,W12 8BL,14_W12
E01001859,5.89318,2,W12 9DQ,14_W12
E01001860,14.0358,3,W12 9AH,14_W12
E01001861,11.8285,3,W12 0NU,14_W12
E01001862,13.925999999999998,3,W12 8BD,14_W12
E01001863,12.2007,3,W12 9AJ,14_W12
E01001864,10.9118,3,W12 9AE,14_W12
E01001865,6.1866,2,W12 9BG,14_W12
E01001866,27.0556,6a,W14 0AG,14_W14
E01001867,36.5579,6a,W14 9DH,14_W14
E01001868,26.1137,6a,W14 8BY,14_W14
E01001869,34.8747,6a,W14 0JA,14_W14
E01001870,22.8124,5,W14 8DG,14_W14
E01001871,28.9011,6a,W14 0HG,14_W14
E01001872,26.853199999999998,6a,W14 0RZ,14_W14
E01001873,13.327700000000002,3,W14 0EL,14_W14
E01001874,12.4288,3,NW10 6QX,14_W10
E01001875,24.018399999999996,5,W12 0AA,14_W12
E01001876,7.54971,2,W12 0AE,14_W12
E01001877,7.6722,2,NW10 4UY,14_NW10
E01001878,22.164,5,W12 0AB,14_W12
E01001879,10.3729,3,SW6 7HA,14_SW6
E01001880,15.848700000000001,4,SW6 1AD,14_SW6
E01001881,22.1271,5,SW6 1AB,14_SW6
E01001882,18.0451,4,SW6 5BA,14_SW6
E01001883,30.1086,6a,SW6 1BQ,14_SW6
E01001884,28.5489,6a,SW6 1FZ,14_SW6
E01001885,18.5902,4,SW6 7LH,14_SW6
E01001886,11.5994,3,SW6 7AW,14_SW6
E01001887,12.9319,3,SW6 6HP,14_SW6
E01001888,11.5857,3,SW6 6AR,14_SW6
E01001889,17.3667,4,W14 9DA,14_W14
E01001890,18.6165,4,W6 8HA,14_W6
E01001891,19.245,4,W6 8JA,14_W6
E01001892,9.19952,2,W14 9EN,14_W6
E01001893,35.5979,6a,W6 8AT,14_W6
E01001894,29.3786,6a,W6 0GY,14_W6
E01001895,16.1283,4,W12 8AU,14_W12
E01001896,27.0853,6a,W12 8DZ,14_W12
E01001897,25.8155,6a,SW1P 3BG,14_W6
E01001898,47.0035,6b,W6 0AA,14_W6
E01001899,38.8981,6a,W6 0DE,14_W6
E01001900,35.9671,6a,W6 8AD,14_W6
E01001901,13.6968,3,SW6 6AX,14_SW6
E01001902,11.1985,3,SW6 6AW,14_SW6
E01001903,11.3134,3,SW6 6AS,14_SW6
E01001904,10.0848,3,SW6 6AA,14_SW6
E01001905,10.1906,3,SW6 6AT,14_SW6
E01001906,12.807599999999999,3,SW6 5EA,14_SW6
E01001907,17.2494,4,SW6 5LB,14_SW6
E01001908,20.6515,5,W14 9ET,14_W14
E01001909,21.9269,5,SW6 7SR,14_SW6
E01001910,22.6554,5,W14 9AY,14_W14
E01001911,21.2924,5,SW6 1TR,14_W14
E01001912,26.4231,6a,SW6 1TH,14_SW6
E01001913,20.3907,5,SW6 7ST,14_W14
E01001914,22.0617,5,W14 9DB,14_W14
E01001915,12.2818,3,SW6 3BQ,14_SW6
E01001916,13.605,3,SW6 3DR,14_SW6
E01001917,5.58477,2,SW6 6HR,14_SW6
E01001918,8.78817,2,SW6 6HT,14_SW6
E01001919,5.68468,2,SW6 6ES,14_SW6
E01001920,22.3507,5,SW10 0SY,14_SW6
E01001921,23.5796,5,SW6 2DA,14_SW6
E01001922,15.5779,4,SW6 3TE,14_SW6
E01001923,18.8185,4,SW6 2AA,14_SW6
E01001924,16.4333,4,SW6 2AH,14_SW6
E01001925,11.2043,3,SW6 2TF,14_SW6
E01001926,17.1532,4,SW6 3LY,14_SW6
E01001927,9.29892,2,W12 9DF,14_W12
E01001928,15.6955,4,W12 8EP,14_W12
E01001929,22.6342,5,W6 0DL,14_W6
E01001930,12.0684,3,W12 8EU,14_W12
E01001931,17.8779,4,W6 0QH,14_W6
E01001932,18.7448,4,W6 0DB,14_W6
E01001933,14.586999999999998,3,W4 2NP,14_W4
E01001934,5.51717,2,SW6 3BH,14_SW6
E01001935,11.3311,3,SW6 2FE,14_SW6
E01001937,7.601910000000001,2,SW6 2LR,14_SW6
E01001938,12.6699,3,SW6 2GS,14_SW6
E01001939,11.5056,3,SW10 0AA,14_SW10
E01001940,18.218,4,W12 8EB,14_W12
E01001941,35.423,6a,W12 7DW,14_W12
E01001942,19.1223,4,W12 7BE,14_W12
E01001943,38.9978,6a,W10 4EZ,14_W12
E01001944,25.9777,6a,W11 4BE,14_W11
E01001945,13.7473,3,W12 7AS,14_W12
E01001946,20.2491,5,W12 6AN,14_W12
E01001947,16.0178,4,SW6 1EF,14_SW6
E01001948,14.7052,3,SW6 3XB,14_SW6
E01001949,14.5174,3,SW6 5AA,14_SW6
E01001950,18.3188,4,SW6 4DB,14_SW6
E01001951,15.7079,4,SW6 4DX,14_SW6
E01001952,24.5006,5,SW6 3EE,14_SW6
E01001953,20.6443,5,SW6 1AA,14_SW6
E01001954,11.7927,3,W12 0FB,14_W12
E01001955,6.18756,2,W12 0LG,14_W12
E01001956,10.6588,3,W12 0LB,14_W12
E01001957,5.8514,2,W12 0UF,14_W12
E01001958,5.37843,2,W12 7AF,14_W12
E01001959,8.38498,2,W12 0DD,14_W12
E01001960,11.9181,3,W12 0JA,14_W12
E01001961,5.07781,2,W12 7AU,14_W12
E01001962,4.35859,1b,N10 2EY,15_N10
E01001963,5.75329,2,N10 2AD,15_N10
E01001964,9.12448,2,N22 4AU,15_N22
E01001965,11.6548,3,N22 4AA,15_N22
E01001966,4.85654,1b,N10 1PG,15_N10
E01001967,6.1274,2,N10 2AP,15_N10
E01001968,11.4542,3,N10 1DY,15_N10
E01001969,17.1817,4,N22 4BF,15_N22
E01001970,19.1231,4,N11 2AW,15_N11
E01001971,20.7745,5,N22 4DZ,15_N22
E01001972,18.835,4,N22 4AP,15_N22
E01001973,14.175799999999999,3,N11 2AA,15_N11
E01001974,21.4996,5,N11 2DE,15_N11
E01001975,15.0086,4,N13 4TA,15_N22
E01001976,17.0044,4,N17 6EP,15_N17
E01001977,12.6833,3,N17 6ER,15_N17
E01001978,22.805,5,N17 0LH,15_N17
E01001979,26.924,6a,N15 4HU,15_N17
E01001980,7.19553,2,N17 6AD,15_N17
E01001981,22.7172,5,N15 4JB,15_N15
E01001982,9.30547,2,N15 4JN,15_N15
E01001983,6.609089999999999,2,N15 4AD,15_N15
E01001984,6.90362,2,N6 5DE,15_N6
E01001985,6.26197,2,N6 5DG,15_N6
E01001986,9.87737,2,N4 4SR,15_N4
E01001987,10.2329,3,N6 5AF,15_N6
E01001988,11.1774,3,N8 8BD,15_N8
E01001989,5.97875,2,N6 5RF,15_N6
E01001990,11.7294,3,N8 8AA,15_N8
E01001991,10.8383,3,N10 1NB,15_N10
E01001992,5.720739999999999,2,N2 9BJ,15_N2
E01001993,6.36317,2,N10 3BE,15_N10
E01001994,8.09537,2,N2 0AR,15_N2
E01001995,2.84053,1b,N10 1AF,15_N10
E01001996,7.13672,2,N10 1AW,15_N10
E01001997,14.1467,3,N10 1BL,15_N10
E01001998,20.4844,5,N8 0AQ,15_N8
E01001999,17.8191,4,N15 3HR,15_N15
E01002000,11.0004,3,N4 1AX,15_N4
E01002001,16.2744,4,N4 1AA,15_N4
E01002002,28.7293,6a,N4 1AB,15_N4
E01002003,28.4334,6a,N15 3DB,15_N15
E01002004,22.47,5,N8 0AA,15_N8
E01002005,14.673,3,N6 5AX,15_N6
E01002006,12.2017,3,N6 5AZ,15_N6
E01002007,16.8044,4,N6 5AA,15_N6
E01002008,4.39824,1b,N6 4AA,15_N6
E01002009,16.1737,4,N6 5AD,15_N6
E01002010,3.83909,1b,N6 4AB,15_N6
E01002011,10.8464,3,N10 3JF,15_N6
E01002013,5.2955700000000006,2,N8 7HU,15_N8
E01002014,15.1752,4,N8 0DF,15_N8
E01002015,8.69039,2,N8 7HY,15_N8
E01002016,12.4701,3,N8 7EL,15_N8
E01002017,12.5105,3,N8 7BQ,15_N8
E01002018,4.1238,1b,N8 7AD,15_N8
E01002019,7.20425,2,N10 3AG,15_N10
E01002020,8.57564,2,N10 1PD,15_N10
E01002021,7.094730000000001,2,N8 7EX,15_N8
E01002022,11.9249,3,N10 1DR,15_N10
E01002023,9.17213,2,N10 3AA,15_N10
E01002024,7.87105,2,N8 8JP,15_N8
E01002025,4.83291,1b,N10 3AE,15_N10
E01002026,29.3411,6a,N22 6AU,15_N22
E01002027,16.3865,4,N22 6BJ,15_N22
E01002028,14.358199999999998,3,N22 5DJ,15_N22
E01002029,27.6246,6a,N22 4FD,15_N22
E01002030,18.6663,4,N22 6TL,15_N22
E01002031,35.8071,6a,N22 6AQ,15_N22
E01002032,18.6713,4,N22 5DL,15_N22
E01002033,24.5788,5,N22 5GP,15_N22
E01002034,17.972599999999996,4,N17 0AL,15_N17
E01002036,12.595999999999998,3,N17 0AF,15_N17
E01002037,5.60859,2,N17 0DX,15_N17
E01002038,17.2911,4,N17 0AE,15_N17
E01002039,10.2248,3,N17 0HJ,15_N17
E01002040,11.1355,3,N17 0BN,15_N17
E01002041,15.9945,4,N17 8AE,15_N17
E01002042,7.49433,2,N15 3AY,15_N15
E01002043,10.5245,3,N15 3AA,15_N15
E01002044,15.8118,4,N15 3JB,15_N15
E01002045,10.3467,3,N15 5AH,15_N15
E01002046,15.596600000000002,4,N15 5HF,15_N15
E01002047,15.455299999999998,4,N15 3AE,15_N4
E01002048,17.3588,4,N15 3DE,15_N15
E01002049,9.75451,2,N15 3AQ,15_N15
E01002050,18.3487,4,N15 6AP,15_N15
E01002051,29.0397,6a,N15 6AF,15_N15
E01002052,4.52285,1b,N15 4RB,15_N15
E01002053,22.5215,5,N15 6BN,15_N15
E01002054,12.8814,3,N15 6EP,15_N15
E01002055,24.7519,5,N15 6AA,15_N15
E01002056,11.8134,3,N15 4TP,15_N15
E01002057,3.9649,1b,N15 6ED,15_N15
E01002058,19.2417,4,N15 3AG,15_N4
E01002059,7.25735,2,N4 4JS,15_N4
E01002060,10.1713,3,N4 4JA,15_N4
E01002061,11.6706,3,N4 1RF,15_N4
E01002062,13.9798,3,N4 3FW,15_N4
E01002063,17.501,4,N4 3RP,15_N4
E01002064,29.6774,6a,N4 3AL,15_N4
E01002065,40.116,6b,N4 3AN,15_N4
E01002066,35.249,6a,N15 4AJ,15_N15
E01002067,10.4349,3,N15 4AA,15_N15
E01002068,25.9971,6a,N15 4AG,15_N15
E01002069,29.1353,6a,N15 4AH,15_N15
E01002070,16.5093,4,N15 4EB,15_N15
E01002071,36.128,6a,N15 4AP,15_N15
E01002072,32.1932,6a,N15 4DA,15_N15
E01002073,24.4239,5,N15 5DB,15_N15
E01002074,16.1545,4,N17 0AA,15_N17
E01002075,7.643259999999999,2,N17 0GS,15_N17
E01002076,7.8354,2,N17 9AX,15_N17
E01002077,21.8826,5,N17 9AA,15_N17
E01002078,16.5842,4,N17 9BP,15_N17
E01002079,15.1631,4,N17 9BA,15_N17
E01002080,17.4508,4,N17 9AN,15_N17
E01002081,31.706,6a,N17 9AB,15_N17
E01002082,5.26625,2,N17 6AA,15_N17
E01002083,12.9234,3,N22 6AA,15_N22
E01002084,7.06441,2,N15 3AN,15_N15
E01002085,32.6268,6a,N15 3AF,15_N15
E01002086,6.07318,2,N15 4AB,15_N15
E01002087,20.5788,5,N15 3EN,15_N15
E01002088,11.3333,3,N17 6AE,15_N17
E01002089,4.62245,1b,N17 6BF,15_N17
E01002090,4.43606,1b,N13 6AJ,15_N13
E01002091,10.262400000000001,3,N17 7BH,15_N17
E01002092,11.2721,3,N17 8DF,15_N17
E01002093,9.1637,2,N17 7AQ,15_N17
E01002094,8.56103,2,N17 7AH,15_N17
E01002095,10.4466,3,N17 7AA,15_N17
E01002096,11.5762,3,N17 7AF,15_N17
E01002097,11.1328,3,N17 7DU,15_N17
E01002098,31.8988,6a,N22 4ES,15_N22
E01002099,17.225,4,N22 5BQ,15_N22
E01002100,11.307100000000002,3,N17 7EQ,15_N17
E01002101,4.38739,1b,N22 5AD,15_N22
E01002102,10.0549,3,N22 4JP,15_N22
E01002103,11.0979,3,N22 5BA,15_N22
E01002104,7.75759,2,N17 7JG,15_N22
E01002105,31.5116,6a,N22 4HH,15_N22
E01002106,3.62664,1b,HA3 7LG,16_HA3
E01002107,2.83864,1b,HA7 1AQ,16_HA7
E01002108,4.25284,1b,HA7 2BF,16_HA7
E01002109,4.20748,1b,HA7 2ED,16_HA7
E01002110,5.97362,2,HA7 1AA,16_HA7
E01002111,4.09008,1b,HA3 8FG,16_HA3
E01002112,6.15153,2,HA7 4BS,16_HA7
E01002113,2.54529,1b,HA7 4QN,16_HA7
E01002114,1.51628,1a,HA7 4AP,16_HA7
E01002115,4.80612,1b,HA7 4BG,16_HA7
E01002116,6.207269999999999,2,HA8 6LU,16_HA8
E01002117,6.9707,2,HA7 1AH,16_HA7
E01002118,11.9563,3,HA8 6JT,16_HA8
E01002119,13.7771,3,HA8 5AD,16_HA8
E01002120,5.85658,2,HA8 6BF,16_HA8
E01002121,4.12416,1b,HA8 5AX,16_HA8
E01002122,5.75923,2,HA8 5AR,16_HA8
E01002123,13.4042,3,HA8 0UG,16_HA8
E01002124,3.03255,1b,HA8 5RR,16_HA8
E01002125,9.0629,2,HA8 5BP,16_HA8
E01002126,26.3567,6a,HA1 1AA,16_HA1
E01002127,18.8352,4,HA1 2JG,16_HA1
E01002128,14.069,3,HA1 1EP,16_HA1
E01002129,26.443299999999997,6a,HA1 1AB,16_HA1
E01002130,18.4525,4,HA1 1AQ,16_HA1
E01002131,6.53152,2,HA1 2BE,16_HA1
E01002132,9.26165,2,HA1 3DG,16_HA1
E01002133,9.18069,2,HA1 3JR,16_HA1
E01002134,3.7129699999999994,1b,HA1 3FG,16_HA1
E01002135,8.7729,2,HA1 3AR,16_HA1
E01002136,9.32134,2,HA1 4AE,16_HA1
E01002137,13.453,3,HA1 3AG,16_HA1
E01002138,5.02084,2,HA2 0AF,16_HA2
E01002139,6.02289,2,HA3 5JJ,16_HA3
E01002140,8.0965,2,HA3 5JL,16_HA3
E01002141,4.99761,1b,HA3 6AA,16_HA3
E01002142,10.896,3,HA3 5EP,16_HA3
E01002143,7.52672,2,HA3 5JY,16_HA3
E01002144,1.64267,1a,HA3 6BZ,16_HA3
E01002145,5.93427,2,HA3 6AE,16_HA3
E01002146,0.936908,1a,HA5 4BF,16_HA5
E01002147,1.22008,1a,HA5 4AA,16_HA5
E01002148,8.23542,2,HA3 6PF,16_HA3
E01002149,2.96627,1b,HA5 3RP,16_HA5
E01002150,6.841709999999999,2,HA5 4DJ,16_HA5
E01002151,9.74229,2,HA2 6PA,16_HA3
E01002152,4.2706,1b,HA5 3PU,16_HA5
E01002153,12.313200000000002,3,HA2 7BE,16_HA2
E01002154,4.39177,1b,HA2 6BF,16_HA2
E01002155,1.90346,1a,HA2 6HL,16_HA2
E01002156,6.05169,2,HA2 6BY,16_HA2
E01002157,11.906100000000002,3,HA1 4LE,16_HA2
E01002158,5.69312,2,HA2 6EN,16_HA2
E01002159,7.91382,2,HA1 4HF,16_HA1
E01002160,12.1416,3,HA1 4BB,16_HA1
E01002161,13.9476,3,HA1 4HN,16_HA1
E01002162,5.68922,2,HA1 4RP,16_HA1
E01002163,7.46044,2,HA1 4RN,16_HA1
E01002164,3.36821,1b,HA1 1NR,16_HA1
E01002165,8.01081,2,HA3 9DX,16_HA3
E01002166,4.52992,1b,HA3 9BE,16_HA3
E01002167,3.92671,1b,HA3 9EL,16_HA3
E01002168,4.34752,1b,HA3 9AL,16_HA3
E01002169,8.20812,2,HA3 9PD,16_HA3
E01002170,7.48029,2,HA3 8UE,16_HA3
E01002171,3.53079,1b,HA3 9BH,16_HA3
E01002172,5.881809999999999,2,HA3 8LP,16_HA3
E01002173,6.3859,2,HA3 8AN,16_HA3
E01002174,8.13771,2,HA3 8HP,16_HA3
E01002175,8.25115,2,HA3 8DE,16_HA3
E01002176,11.2074,3,HA3 0HA,16_HA3
E01002177,4.3459,1b,HA3 8FH,16_HA3
E01002178,5.353550000000001,2,HA3 8PB,16_HA3
E01002179,19.1454,4,HA1 1TZ,16_HA1
E01002180,15.9124,4,HA1 1JA,16_HA1
E01002181,8.11366,2,HA1 1RE,16_HA1
E01002182,13.1961,3,HA1 1AE,16_HA1
E01002183,10.732,3,HA3 7AH,16_HA3
E01002184,6.03532,2,HA3 7JN,16_HA3
E01002185,4.13556,1b,HA5 3AE,16_HA5
E01002186,4.89275,1b,HA5 2AA,16_HA5
E01002187,4.00632,1b,HA5 3DX,16_HA5
E01002188,4.67791,1b,HA5 3AR,16_HA5
E01002189,7.811729999999999,2,HA5 1AA,16_HA5
E01002190,0.734658,1a,HA5 3DE,16_HA5
E01002191,3.34303,1b,HA5 1HZ,16_HA5
E01002192,4.98027,1b,HA5 1AB,16_HA5
E01002193,9.69307,2,HA5 1DH,16_HA5
E01002194,4.26002,1b,HA5 1AG,16_HA5
E01002195,4.25349,1b,HA2 7QX,16_HA5
E01002196,3.44001,1b,HA5 1BG,16_HA5
E01002197,5.0889,2,HA7 2JG,16_HA7
E01002198,7.24538,2,HA8 5PF,16_HA8
E01002199,7.44419,2,HA3 8RL,16_HA3
E01002200,5.39606,2,HA7 1HD,16_HA7
E01002201,4.0298,1b,HA3 9BL,16_HA3
E01002202,6.92978,2,HA3 9BX,16_HA3
E01002203,4.58829,1b,HA7 1AT,16_HA7
E01002204,14.678300000000002,3,HA2 9DD,16_HA2
E01002206,14.3339,3,HA2 9TJ,16_HA2
E01002207,4.6496,1b,HA2 9JP,16_HA2
E01002208,7.41351,2,HA2 9TA,16_HA2
E01002209,14.8031,3,HA2 7DW,16_HA2
E01002210,9.77544,2,HA2 9LL,16_HA2
E01002211,6.32218,2,HA2 0RA,16_HA2
E01002212,8.05433,2,HA2 0UD,16_HA2
E01002213,12.7349,3,HA2 0BA,16_HA2
E01002214,5.13101,2,HA2 8SB,16_HA2
E01002215,5.96981,2,HA2 8FH,16_HA2
E01002216,5.32505,2,HA2 9DS,16_HA2
E01002217,5.81532,2,HA2 0BT,16_HA2
E01002218,12.2521,3,HA2 8BG,16_HA2
E01002219,15.404100000000001,4,HA2 8BN,16_HA2
E01002220,4.55245,1b,HA2 8PH,16_HA2
E01002221,11.2533,3,HA2 8ER,16_HA2
E01002222,6.3186,2,HA2 8FA,16_HA2
E01002223,4.36898,1b,HA2 8PP,16_HA2
E01002224,3.04498,1b,HA2 8QZ,16_HA2
E01002225,1.75818,1a,HA7 3AG,16_HA7
E01002226,5.30459,2,HA7 2QT,16_HA7
E01002227,3.76308,1b,HA7 3BB,16_HA7
E01002228,3.48418,1b,HA7 3AT,16_HA7
E01002229,2.41961,1a,HA7 2QZ,16_HA7
E01002230,2.97468,1b,HA7 3LL,16_HA7
E01002231,4.32826,1b,HA3 7BQ,16_HA3
E01002232,9.99304,2,HA3 5DY,16_HA3
E01002233,14.1991,3,HA3 5AE,16_HA3
E01002234,3.8861,1b,HA3 5BF,16_HA3
E01002235,7.95813,2,HA3 7DX,16_HA3
E01002236,13.9499,3,HA3 5DH,16_HA3
E01002237,18.1677,4,HA1 3DJ,16_HA1
E01002238,9.37251,2,HA1 4BT,16_HA1
E01002239,10.2116,3,HA2 0RG,16_HA2
E01002240,11.2694,3,HA1 3DH,16_HA1
E01002241,5.00786,2,HA2 0FD,16_HA2
E01002242,13.0755,3,HA2 7AH,16_HA2
E01002243,14.5099,3,RM1 1BT,17_RM1
E01002244,5.23004,2,RM7 7AG,17_RM7
E01002245,9.1399,2,RM1 4JQ,17_RM5
E01002246,2.71669,1b,RM7 9BQ,17_RM7
E01002247,4.43939,1b,RM7 0EH,17_RM7
E01002248,6.743290000000001,2,RM7 0AG,17_RM7
E01002249,12.7569,3,RM1 1AE,17_RM1
E01002250,2.26154,1a,RM7 0DS,17_RM7
E01002251,8.71603,2,RM7 0AL,17_RM7
E01002252,1.44704,1a,RM14 1EF,17_RM14
E01002253,2.19965,1a,RM14 1AL,17_RM14
E01002254,4.51793,1b,RM14 1BT,17_RM14
E01002255,2.1321,1a,RM11 3AX,17_RM11
E01002256,3.63439,1b,RM14 1BF,17_RM14
E01002257,14.9467,3,RM11 3QB,17_RM11
E01002258,4.56305,1b,RM14 1AJ,17_RM14
E01002259,0.661991,1a,RM14 1LH,17_RM14
E01002260,2.38011,1a,RM12 4AX,17_RM12
E01002261,11.2591,3,RM12 4AU,17_RM12
E01002262,9.343010000000001,2,RM12 5BU,17_RM12
E01002263,2.23081,1a,RM12 5AG,17_RM12
E01002264,6.80166,2,RM12 5AY,17_RM12
E01002265,2.48052,1a,RM12 5AF,17_RM12
E01002266,3.9442,1b,RM12 5HT,17_RM12
E01002267,4.73692,1b,RM12 5EX,17_RM12
E01002268,1.41548,1a,RM11 2BF,17_RM11
E01002269,1.81813,1a,RM11 3BU,17_RM11
E01002270,3.9368699999999994,1b,RM11 2BE,17_RM11
E01002271,1.23824,1a,RM11 2PJ,17_RM11
E01002272,7.37129,2,RM11 2AA,17_RM11
E01002273,2.31536,1a,RM11 3AA,17_RM11
E01002274,6.79855,2,RM11 2AE,17_RM11
E01002275,3.79637,1b,RM11 3AS,17_RM11
E01002276,0.8345869999999999,1a,RM3 7LS,17_RM3
E01002277,1.77749,1a,RM3 0AG,17_RM3
E01002278,6.12731,2,RM3 7DR,17_RM3
E01002279,5.13857,2,RM3 9EB,17_RM3
E01002280,5.90782,2,RM3 7BF,17_RM3
E01002281,5.47366,2,RM3 9AB,17_RM3
E01002282,6.59224,2,RM3 7FF,17_RM3
E01002283,4.86809,1b,RM3 9JN,17_RM3
E01002284,4.27953,1b,RM3 0AS,17_RM3
E01002285,6.41369,2,RM12 5TR,17_RM12
E01002286,1.53204,1a,RM12 5QT,17_RM12
E01002287,8.12388,2,RM12 5AS,17_RM12
E01002288,3.26005,1b,RM12 5HA,17_RM12
E01002289,6.30277,2,RM11 3XJ,17_RM12
E01002290,9.15911,2,RM12 6AA,17_RM12
E01002291,10.053,3,RM12 4LD,17_RM12
E01002292,3.07737,1b,RM12 6BA,17_RM12
E01002293,4.6787,1b,RM3 0AD,17_RM3
E01002294,2.8743699999999994,1b,RM3 0DD,17_RM3
E01002295,5.58112,2,RM11 2SE,17_RM11
E01002296,0.406222,1a,RM14 1TP,17_RM14
E01002297,4.66927,1b,RM3 0EE,17_RM3
E01002298,5.74951,2,RM3 0DG,17_RM3
E01002299,5.29101,2,RM3 0TL,17_RM3
E01002300,9.87475,2,RM3 0AH,17_RM3
E01002301,4.97542,1b,RM5 2QD,17_RM5
E01002302,5.3729700000000005,2,RM5 2AE,17_RM5
E01002303,5.06421,2,RM1 4BN,17_RM1
E01002304,0.736619,1a,RM1 4HR,17_RM1
E01002305,0.794609,1a,RM5 2DX,17_RM5
E01002306,3.6604,1b,RM5 2RX,17_RM5
E01002307,4.418359999999999,1b,RM5 2DE,17_RM5
E01002308,2.62696,1b,RM5 2DA,17_RM5
E01002309,3.78252,1b,RM3 7AA,17_RM3
E01002310,4.51911,1b,RM3 0AA,17_RM3
E01002311,2.35809,1a,RM3 7AL,17_RM3
E01002312,3.5400900000000006,1b,RM3 7AE,17_RM3
E01002313,3.88134,1b,RM1 4DQ,17_RM3
E01002314,4.76735,1b,RM3 7AQ,17_RM3
E01002315,4.54522,1b,RM3 7DT,17_RM3
E01002316,2.9884600000000003,1b,RM3 8AD,17_RM3
E01002317,3.9746,1b,RM11 1DZ,17_RM11
E01002318,5.95754,2,RM11 1GP,17_RM11
E01002319,6.30086,2,RM1 2AR,17_RM1
E01002320,4.0685,1b,RM11 1AY,17_RM11
E01002321,4.96778,1b,RM11 1DD,17_RM11
E01002322,2.71623,1b,RM12 4BW,17_RM12
E01002323,3.51347,1b,RM12 4BG,17_RM12
E01002324,1.19427,1a,RM11 1FE,17_RM11
E01002325,3.23053,1b,RM5 2AR,17_RM5
E01002326,8.62595,2,RM5 2AA,17_RM5
E01002327,6.57834,2,RM5 3DW,17_RM5
E01002328,6.49247,2,RM1 4QL,17_RM1
E01002329,4.75897,1b,RM7 7LS,17_RM7
E01002330,1.57229,1a,RM7 8AD,17_RM7
E01002331,5.56346,2,RM5 2BF,17_RM5
E01002332,5.74047,2,RM1 4TH,17_RM1
E01002333,3.8150900000000005,1b,RM1 4AZ,17_RM1
E01002334,1.24285,1a,RM1 4AL,17_RM1
E01002335,6.44552,2,RM1 4AP,17_RM1
E01002336,3.71171,1b,RM1 4BF,17_RM1
E01002337,2.76698,1b,RM2 5AN,17_RM2
E01002338,7.43056,2,RM1 4DT,17_RM1
E01002339,2.78331,1b,RM1 4BB,17_RM1
E01002340,11.2218,3,RM1 1DS,17_RM1
E01002341,3.63813,1b,RM1 4AE,17_RM1
E01002342,4.2182,1b,RM13 9AJ,17_RM13
E01002343,2.69775,1b,RM13 9FA,17_RM13
E01002344,0.502584,1a,RM13 9AZ,17_RM13
E01002345,7.40675,2,RM13 0AA,17_RM13
E01002346,5.26042,2,RM13 9AH,17_RM13
E01002347,1.87127,1a,RM13 9DQ,17_RM13
E01002348,0.723705,1a,RM13 9EH,17_RM13
E01002349,3.31984,1b,RM13 9FR,17_RM13
E01002350,27.5309,6a,RM1 1QA,17_RM1
E01002351,9.33551,2,RM1 2AS,17_RM1
E01002352,7.53239,2,RM1 2AN,17_RM1
E01002353,14.8267,3,RM1 1AD,17_RM1
E01002354,6.46174,2,RM1 3DB,17_RM1
E01002355,7.17816,2,RM2 5AR,17_RM2
E01002356,26.7229,6a,RM1 1AA,17_RM1
E01002358,19.7836,4,RM1 2AB,17_RM1
E01002359,7.48759,2,RM11 1EW,17_RM11
E01002360,10.5158,3,RM11 3RT,17_RM11
E01002361,13.0282,3,RM11 1AZ,17_RM11
E01002362,10.6077,3,RM11 3DF,17_RM11
E01002363,6.07623,2,RM12 4JE,17_RM12
E01002364,10.2746,3,RM12 4JP,17_RM12
E01002365,8.83177,2,RM12 4HP,17_RM12
E01002366,7.26676,2,RM12 4NU,17_RM12
E01002367,7.76784,2,RM11 1AX,17_RM11
E01002368,3.87648,1b,RM13 7SL,17_RM13
E01002369,3.85533,1b,RM13 8AG,17_RM13
E01002370,2.26697,1a,RM13 7QS,17_RM13
E01002371,6.45978,2,RM13 7AA,17_RM13
E01002372,5.21501,2,RM13 7AR,17_RM13
E01002373,3.62359,1b,RM13 7AD,17_RM13
E01002374,2.3246500000000005,1a,RM13 7AJ,17_RM13
E01002375,2.88103,1b,RM13 7AF,17_RM13
E01002376,7.92106,2,RM2 6AJ,17_RM2
E01002377,3.7544800000000005,1b,RM11 2DX,17_RM11
E01002378,2.68192,1b,RM11 2LY,17_RM11
E01002379,12.4053,3,RM2 5EQ,17_RM2
E01002380,8.02626,2,RM11 2DU,17_RM11
E01002381,6.506850000000001,2,RM11 2AT,17_RM11
E01002382,8.82818,2,RM2 5BF,17_RM2
E01002383,4.22547,1b,RM11 3UD,17_RM2
E01002384,10.1165,3,RM14 2TD,17_RM14
E01002385,0.576846,1a,RM14 2DB,17_RM14
E01002386,12.7604,3,RM14 2AA,17_RM14
E01002387,1.92184,1a,RM14 3AA,17_RM14
E01002388,2.10815,1a,RM14 2BD,17_RM14
E01002389,0.884774,1a,RM14 2EA,17_RM14
E01002390,3.6671,1b,RM14 1AB,17_RM14
E01002391,0.269091,1a,RM14 3BD,17_RM14
E01002392,3.54938,1b,UB4 0AL,18_UB4
E01002393,5.47491,2,UB4 9AD,18_UB4
E01002394,1.33582,1a,UB4 0AP,18_UB4
E01002395,4.20121,1b,UB4 0BP,18_UB4
E01002396,6.73295,2,UB4 0EL,18_UB4
E01002397,9.63589,2,UB4 0AB,18_UB4
E01002398,6.811369999999999,2,UB4 0AN,18_UB4
E01002399,5.45319,2,UB4 0BA,18_UB4
E01002400,4.92686,1b,UB3 2PJ,18_UB3
E01002401,5.05247,2,UB3 2PP,18_UB3
E01002402,5.370979999999999,2,UB3 2PB,18_UB3
E01002403,4.11304,1b,UB3 1JS,18_UB3
E01002404,4.14126,1b,UB3 1JD,18_UB3
E01002405,5.2036,2,UB11 1AA,18_UB3
E01002406,7.27089,2,UB11 1AB,18_UB3
E01002407,14.9861,3,UB3 1AA,18_UB3
E01002408,7.9878100000000005,2,UB10 0NS,18_UB10
E01002409,6.38966,2,UB10 0NH,18_UB10
E01002410,7.32259,2,UB10 0DT,18_UB10
E01002411,3.38741,1b,UB8 3NA,18_UB8
E01002412,7.4615,2,UB8 3FF,18_UB8
E01002413,3.9865200000000005,1b,UB8 2GU,18_UB8
E01002414,7.25484,2,UB10 0AA,18_UB10
E01002415,3.10999,1b,HA4 0TA,18_HA4
E01002416,1.8451599999999997,1a,HA4 0DY,18_HA4
E01002417,8.52369,2,HA4 8BU,18_HA4
E01002418,5.46504,2,HA4 9NY,18_HA4
E01002419,9.51351,2,HA4 9BJ,18_HA4
E01002420,3.30311,1b,HA4 9BL,18_HA4
E01002421,2.31647,1a,HA4 0NP,18_HA4
E01002422,4.62929,1b,UB4 8AG,18_UB4
E01002423,3.05698,1b,UB4 8AE,18_UB4
E01002424,5.29873,2,UB4 8BG,18_UB4
E01002425,3.5258399999999996,1b,UB4 8LA,18_UB4
E01002426,7.680460000000001,2,UB4 0AA,18_UB4
E01002427,5.82371,2,UB4 8AA,18_UB4
E01002428,2.66693,1b,UB4 8FP,18_UB4
E01002429,3.22305,1b,UB10 0QE,18_UB10
E01002430,0.554296,1a,HA4 7JY,18_HA4
E01002431,7.42617,2,HA5 1PF,18_HA5
E01002432,9.18316,2,HA4 8RL,18_HA4
E01002433,3.22636,1b,HA4 8AT,18_HA4
E01002434,2.65528,1b,HA4 7BH,18_HA4
E01002435,6.87354,2,HA4 8AL,18_HA4
E01002436,2.56049,1b,HA4 7UT,18_HA4
E01002437,2.90634,1b,HA5 1SH,18_HA5
E01002438,0.240965,1a,UB9 6BG,18_UB9
E01002439,2.38888,1a,UB9 6BD,18_UB9
E01002440,1.20851,1a,UB9 6ES,18_UB9
E01002441,0.729898,1a,UB9 6AA,18_UB9
E01002442,1.15238,1a,UB9 6AD,18_UB9
E01002443,5.17736,2,TW14 0PN,18_UB3
E01002444,4.0722,1b,TW14 8LX,18_TW19
E01002445,5.18992,2,UB7 9DP,18_UB7
E01002446,2.79044,1b,UB7 0AA,18_UB7
E01002447,4.75634,1b,TW6 2AG,18_UB3
E01002448,5.89817,2,UB3 5AA,18_UB3
E01002449,9.38271,2,TW6 2NB,18_UB3
E01002450,2.42859,1a,UB10 9AT,18_UB10
E01002451,4.19972,1b,UB10 9AH,18_UB10
E01002452,6.8061,2,UB10 9AD,18_UB10
E01002453,2.22589,1a,UB10 0SQ,18_UB10
E01002454,0.501776,1a,UB10 9AP,18_UB10
E01002455,4.41949,1b,UB10 0GB,18_UB10
E01002456,3.50716,1b,UB10 0BY,18_UB10
E01002457,3.7218099999999996,1b,UB10 0DB,18_UB10
E01002458,1.81312,1a,UB10 8BA,18_UB10
E01002459,2.32543,1a,UB10 8BJ,18_UB10
E01002460,8.36988,2,UB10 8BE,18_UB10
E01002461,0.9580750000000001,1a,UB10 8AA,18_UB10
E01002462,2.05361,1a,UB10 8AY,18_UB10
E01002463,5.49091,2,UB10 8FA,18_UB10
E01002464,4.9929,1b,UB10 8PD,18_UB10
E01002465,7.990619999999999,2,HA4 6AJ,18_HA4
E01002466,5.11503,2,HA4 0BT,18_HA4
E01002467,8.92569,2,HA4 6BZ,18_HA4
E01002468,7.82585,2,HA4 0AP,18_HA4
E01002469,9.64402,2,HA4 0AN,18_HA4
E01002470,12.519999999999998,3,HA4 0AA,18_HA4
E01002471,9.94919,2,HA4 8FD,18_HA4
E01002472,7.28296,2,HA6 2BD,18_HA6
E01002473,0.951307,1a,HA6 2DR,18_HA6
E01002474,2.98082,1b,HA6 1AR,18_HA6
E01002475,3.28632,1b,HA6 2BJ,18_HA6
E01002476,4.28853,1b,HA6 2AA,18_HA6
E01002477,4.96786,1b,HA6 2AB,18_HA6
E01002478,8.95702,2,HA6 1AA,18_HA6
E01002479,2.67619,1b,HA5 2FF,18_HA5
E01002480,2.35467,1a,HA5 2AL,18_HA5
E01002481,3.88632,1b,HA5 2HR,18_HA5
E01002482,3.69988,1b,HA6 1AP,18_HA6
E01002483,7.47246,2,HA5 3TR,18_HA5
E01002484,6.518299999999999,2,HA6 1AX,18_HA6
E01002485,9.20889,2,HA5 2DH,18_HA5
E01002486,2.40549,1a,UB3 1GW,18_UB3
E01002487,4.21167,1b,UB3 1PR,18_UB3
E01002488,5.38934,2,UB3 1LU,18_UB3
E01002489,17.7191,4,UB3 4AL,18_UB3
E01002490,8.17782,2,UB3 1LH,18_UB3
E01002491,4.86264,1b,UB3 4JS,18_UB3
E01002492,4.18735,1b,UB3 4HQ,18_UB3
E01002493,5.29541,2,UB3 4ED,18_UB3
E01002494,1.52927,1a,HA4 6BJ,18_HA4
E01002495,8.17087,2,HA4 0DR,18_HA4
E01002496,2.8291,1b,HA2 9HW,18_HA4
E01002497,8.86139,2,HA4 0AF,18_HA4
E01002498,7.71931,2,HA4 0GE,18_HA4
E01002499,2.71738,1b,HA4 6DQ,18_HA4
E01002501,6.61386,2,UB3 2JA,18_UB3
E01002502,6.35696,2,UB3 2BS,18_UB3
E01002503,8.89968,2,UB3 1BH,18_UB3
E01002504,5.9726,2,UB3 2AH,18_UB3
E01002505,5.67278,2,UB3 3EH,18_UB3
E01002506,14.4689,3,UB1 1HF,18_UB3
E01002507,1.58668,1a,UB2 5LX,18_UB3
E01002508,9.77219,2,UB3 2BT,18_UB3
E01002509,2.89495,1b,UB10 0AR,18_UB10
E01002511,4.42856,1b,UB10 0AL,18_UB10
E01002512,4.04951,1b,UB8 1AJ,18_UB8
E01002513,6.06116,2,UB10 9AA,18_UB10
E01002514,14.757599999999998,3,UB8 1AD,18_UB8
E01002515,8.3654,2,UB10 0FE,18_UB10
E01002516,2.19197,1a,UB10 0AT,18_UB10
E01002518,4.54559,1b,UB8 2DR,18_UB8
E01002519,1.7511800000000002,1a,UB8 2BS,18_UB8
E01002520,0.920126,1a,UB10 0AX,18_UB8
E01002521,11.9729,3,UB8 1AB,18_UB8
E01002523,6.77781,2,UB8 2DL,18_UB8
E01002525,5.88075,2,UB7 7BP,18_UB7
E01002526,3.88082,1b,UB7 7GD,18_UB7
E01002527,1.7563,1a,UB7 0RZ,18_UB7
E01002528,3.17383,1b,UB7 9BD,18_UB7
E01002529,11.2418,3,UB7 7BT,18_UB7
E01002530,3.38288,1b,UB7 7EX,18_UB7
E01002531,6.10043,2,UB7 7AA,18_UB7
E01002532,3.40202,1b,UB11 1BH,18_UB7
E01002533,0.850302,1a,HA4 0RP,18_HA4
E01002534,5.61959,2,HA4 7AG,18_HA4
E01002535,14.494,3,HA4 6ER,18_HA4
E01002536,8.45962,2,HA4 7DF,18_HA4
E01002537,8.7211,2,HA4 7DJ,18_HA4
E01002538,2.3688,1a,HA4 7AZ,18_HA4
E01002539,2.7634,1b,HA4 7AY,18_HA4
E01002540,3.31471,1b,UB4 9AZ,18_UB4
E01002541,3.5045300000000004,1b,UB4 9BH,18_UB4
E01002542,5.47178,2,UB4 9AU,18_UB4
E01002543,3.08424,1b,UB4 9AS,18_UB4
E01002544,1.82092,1a,UB4 0LX,18_UB4
E01002545,2.54742,1b,UB4 0NZ,18_UB4
E01002546,4.31848,1b,UB4 0HR,18_UB4
E01002547,5.41121,2,UB4 0HD,18_UB4
E01002548,3.9666499999999996,1b,UB11 1BF,18_UB7
E01002549,5.26495,2,UB8 3BN,18_UB8
E01002550,1.6139500000000002,1a,UB7 8AJ,18_UB7
E01002551,5.68722,2,UB7 8BZ,18_UB7
E01002552,6.4691,2,UB7 7BD,18_UB7
E01002553,5.09357,2,UB7 8AG,18_UB7
E01002554,4.65665,1b,UB7 7BB,18_UB7
E01002555,5.07501,2,TW14 0PR,19_TW14
E01002556,3.7819,1b,TW14 8DA,19_TW14
E01002557,5.15537,2,TW14 8DP,19_TW14
E01002558,5.252460000000001,2,TW14 8BL,19_TW14
E01002559,1.67801,1a,TW14 8BF,19_TW14
E01002560,2.54301,1b,TW14 8AA,19_TW14
E01002561,0.418319,1a,TW14 8BA,19_TW14
E01002562,4.65083,1b,TW8 9AE,19_TW8
E01002563,8.76867,2,TW8 9FZ,19_TW8
E01002564,7.97876,2,TW8 9AB,19_TW8
E01002565,9.35835,2,TW8 0FQ,19_TW8
E01002566,10.1204,3,TW8 0AX,19_TW8
E01002567,14.3013,3,TW8 0DZ,19_TW8
E01002568,11.5158,3,TW8 0AF,19_TW8
E01002569,5.89787,2,W4 2AW,19_W4
E01002570,19.6988,4,W4 1PL,19_W4
E01002571,3.12861,1b,W4 2AZ,19_W4
E01002572,1.95944,1a,W4 2QY,19_W4
E01002573,14.9101,3,W12 9TQ,19_W4
E01002574,17.4444,4,W4 1LH,19_W4
E01002575,12.347999999999999,3,W4 1SJ,19_W4
E01002576,6.54085,2,W4 3DP,19_W4
E01002577,4.2213,1b,W4 2DQ,19_W4
E01002578,7.80573,2,W4 2SJ,19_W4
E01002579,4.98576,1b,W4 3AN,19_W4
E01002580,14.1321,3,TW8 0ET,19_W4
E01002581,8.08526,2,TW8 0EH,19_TW8
E01002582,2.63379,1b,W4 3BY,19_W4
E01002583,5.95185,2,TW4 6LE,19_TW4
E01002584,8.15749,2,TW4 6LA,19_TW4
E01002585,6.493319999999999,2,TW4 6LN,19_TW4
E01002586,3.34745,1b,TW4 6JR,19_TW4
E01002587,8.06199,2,TW4 7BF,19_TW4
E01002588,1.7599,1a,TW4 6ES,19_TW4
E01002589,2.9941,1b,TW14 0DE,19_TW4
E01002590,6.67115,2,TW14 9AA,19_TW14
E01002591,3.36427,1b,TW14 0AH,19_TW14
E01002592,7.38814,2,TW14 0AF,19_TW14
E01002593,14.466700000000001,3,TW14 0AA,19_TW14
E01002594,10.9792,3,TW14 0AB,19_TW14
E01002595,6.27371,2,TW14 9EA,19_TW14
E01002596,1.80511,1a,TW13 4LP,19_TW13
E01002598,7.40118,2,TW13 4DD,19_TW13
E01002599,3.71577,1b,TW13 4ED,19_TW13
E01002600,3.65198,1b,TW13 4EF,19_TW13
E01002601,1.4800099999999998,1a,TW13 4LZ,19_TW13
E01002602,2.31287,1a,TW13 4JB,19_TW13
E01002603,4.82379,1b,TW14 9NH,19_TW14
E01002604,3.24896,1b,TW13 5LN,19_TW13
E01002605,5.60174,2,TW13 5AG,19_TW13
E01002606,4.52205,1b,TW13 6AN,19_TW13
E01002607,6.51199,2,TW13 5JF,19_TW13
E01002608,5.81968,2,TW13 6AF,19_TW13
E01002609,5.85408,2,TW13 6LA,19_TW13
E01002610,1.82567,1a,TW13 4PN,19_TW13
E01002611,4.2809,1b,TW13 5AP,19_TW13
E01002612,15.5552,4,TW13 4AE,19_TW13
E01002613,6.48639,2,TW13 5EA,19_TW13
E01002614,4.93128,1b,TW13 4AB,19_TW13
E01002615,3.75133,1b,TW13 4HZ,19_TW13
E01002616,4.91559,1b,TW13 4HF,19_TW13
E01002617,2.29096,1a,TW13 6XJ,19_TW13
E01002618,5.16797,2,TW5 0AH,19_TW5
E01002619,5.78591,2,TW5 0AG,19_TW5
E01002620,6.177349999999999,2,TW5 0AX,19_TW5
E01002621,4.0215,1b,SW13 9HB,19_TW3
E01002622,10.0433,3,TW4 7DW,19_TW4
E01002623,11.159,3,TW3 4LL,19_TW3
E01002624,12.5781,3,TW3 3BA,19_TW3
E01002625,3.55851,1b,TW5 0HL,19_TW5
E01002626,3.74707,1b,TW5 0DA,19_TW5
E01002627,2.35038,1a,TW5 0BF,19_TW5
E01002628,4.83552,1b,TW3 4EP,19_TW5
E01002629,7.73502,2,TW3 4AY,19_TW3
E01002630,9.60233,2,TW3 4AZ,19_TW3
E01002631,3.08743,1b,UB2 4JX,19_UB2
E01002632,3.92926,1b,TW5 0AF,19_TW5
E01002633,3.50432,1b,TW5 9GU,19_TW5
E01002634,4.11431,1b,TW5 9BT,19_TW5
E01002635,4.78657,1b,TW5 9AU,19_TW5
E01002636,3.53391,1b,TW5 9BE,19_TW5
E01002637,4.82529,1b,UB2 5AG,19_UB2
E01002638,3.00416,1b,TW5 9JF,19_TW5
E01002639,12.7452,3,TW3 1PS,19_TW3
E01002640,16.9798,4,TW3 1AX,19_TW3
E01002641,16.9963,4,TW3 1AR,19_TW3
E01002642,24.4652,5,TW3 1AH,19_TW3
E01002643,13.6855,3,TW3 1PN,19_TW3
E01002645,20.9752,5,TW3 1AE,19_TW3
E01002646,8.55547,2,TW3 3BX,19_TW3
E01002647,4.69305,1b,TW4 5AY,19_TW4
E01002648,19.5482,4,TW3 3HD,19_TW3
E01002649,14.211,3,TW3 2AA,19_TW3
E01002650,3.19921,1b,TW14 0HN,19_TW4
E01002651,6.92496,2,TW3 3QL,19_TW3
E01002652,5.27002,2,TW3 2BJ,19_TW3
E01002653,4.28389,1b,TW3 2NR,19_TW3
E01002654,3.47062,1b,TW3 2PH,19_TW3
E01002655,6.81442,2,TW3 2DP,19_TW3
E01002656,3.7788999999999997,1b,TW7 7LA,19_TW7
E01002657,7.53381,2,TW3 2DL,19_TW3
E01002658,6.806439999999999,2,TW7 6HP,19_TW7
E01002659,4.39364,1b,TW3 2PA,19_TW3
E01002660,14.0214,3,TW4 6AU,19_TW4
E01002661,9.89294,2,TW3 3DJ,19_TW4
E01002662,17.8295,4,TW3 1HU,19_TW3
E01002663,14.1467,3,TW3 3ES,19_TW3
E01002664,17.8426,4,TW3 3AR,19_TW3
E01002665,9.00587,2,TW4 5AR,19_TW4
E01002666,6.780310000000001,2,TW4 5DJ,19_TW4
E01002667,4.58788,1b,TW7 6AE,19_TW7
E01002668,7.364510000000001,2,TW7 6BQ,19_TW7
E01002669,3.80483,1b,TW7 6DB,19_TW7
E01002670,3.99529,1b,TW7 7AG,19_TW7
E01002671,5.11347,2,TW1 1JL,19_TW7
E01002672,4.1069,1b,TW1 1AE,19_TW1
E01002673,4.529929999999999,1b,TW7 7LD,19_TW7
E01002674,7.71495,2,TW7 4AP,19_TW7
E01002675,9.62308,2,TW7 4JN,19_TW7
E01002676,4.92767,1b,TW5 0TH,19_TW5
E01002677,13.1545,3,TW7 4AF,19_TW7
E01002678,1.33325,1a,TW7 4RB,19_TW7
E01002679,7.31699,2,TW7 5HD,19_TW7
E01002680,10.0805,3,TW7 4DD,19_TW7
E01002681,11.2596,3,TW7 5AB,19_TW7
E01002682,12.1893,3,TW7 5AP,19_TW7
E01002683,13.4885,3,TW7 4BT,19_TW7
E01002684,11.9725,3,TW8 0FE,19_TW8
E01002686,3.8746000000000005,1b,TW7 4AZ,19_TW7
E01002687,14.969999999999999,3,W4 4BA,19_W4
E01002689,10.8961,3,W4 2AH,19_W4
E01002690,10.7179,3,W4 2AF,19_W4
E01002691,11.4588,3,W3 8BZ,19_W3
E01002692,15.9822,4,W4 4AA,19_W4
E01002693,20.2768,5,W4 1BQ,19_W4
E01002694,15.416400000000001,4,N1 0FE,20_N1
E01002695,31.1858,6a,N1 0EX,20_N1
E01002696,27.4997,6a,N1 0DG,20_N1
E01002697,49.2683,6b,N1 0SJ,20_N1
E01002698,24.714,5,N1 1AU,20_N1
E01002699,13.5919,3,N1 1EJ,20_N1
E01002700,8.66543,2,N1 0EA,20_N1
E01002701,38.1114,6a,EC1V 1JL,20_EC1V
E01002702,27.4555,6a,EC1V 2AB,20_EC1V
E01002703,26.6831,6a,EC1V 0AD,20_EC1V
E01002704,69.0566,6b,EC1V 1PT,20_EC1V
E01002706,33.36,6a,EC1V 3AA,20_EC1V
E01002707,28.0624,6a,EC1V 1LB,20_EC1V
E01002708,13.2189,3,N1 0AD,20_N1
E01002709,19.705,4,N1 0AE,20_N1
E01002710,33.1128,6a,N1 0AF,20_N1
E01002711,74.133,6b,N1 9AA,20_N1
E01002712,21.5014,5,N1 1DG,20_N1
E01002713,24.9225,5,N7 8AA,20_N7
E01002714,13.6964,3,N1 0BD,20_N1
E01002715,14.1028,3,N1 0AA,20_N1
E01002716,30.694,6a,N1 2LG,20_N1
E01002717,31.024700000000003,6a,N1 2FN,20_N1
E01002718,26.2902,6a,N1 3FW,20_N1
E01002719,34.3107,6a,N1 2FR,20_N1
E01002720,28.1167,6a,N1 2AY,20_N1
E01002721,21.1955,5,N1 3AJ,20_N1
E01002722,22.1086,5,N1 3AE,20_N1
E01002723,27.643899999999995,6a,EC1R 1AB,20_EC1R
E01002724,45.4733,6b,EC1A 9NL,20_EC1M
E01002725,27.2715,6a,EC1R 0AB,20_EC1R
E01002726,35.6992,6a,EC1A 1AA,20_EC1R
E01002727,28.1132,6a,EC1R 1TA,20_EC1R
E01002728,62.2681,6b,N1 9HU,20_N1
E01002729,33.8392,6a,EC1R 1AE,20_EC1R
E01002730,40.1437,6b,N7 6AE,20_N7
E01002731,31.7312,6a,N7 6AA,20_N7
E01002732,40.3834,6b,N4 3NS,20_N4
E01002733,19.5539,4,N7 6BP,20_N7
E01002734,55.433299999999996,6b,N4 2DA,20_N4
E01002735,49.092,6b,N4 2AL,20_N4
E01002736,32.6329,6a,N4 3NJ,20_N4
E01002737,16.8177,4,N4 3LE,20_N4
E01002738,21.782,5,N5 1BD,20_N5
E01002739,27.065899999999996,6a,N5 1EW,20_N5
E01002740,37.8588,6a,N1 2LE,20_N1
E01002741,11.4166,3,N16 9DJ,20_N5
E01002742,23.8055,5,N5 2JP,20_N5
E01002743,11.0826,3,N16 9DB,20_N16
E01002744,15.1962,4,N5 2AA,20_N5
E01002745,20.0709,5,N5 1AA,20_N5
E01002747,39.4803,6a,N4 2AU,20_N4
E01002748,41.1852,6b,N4 2AD,20_N4
E01002749,26.9795,6a,N4 2ED,20_N4
E01002751,32.7617,6a,N7 6DB,20_N7
E01002752,22.9514,5,N5 1AG,20_N5
E01002753,16.315,4,N19 3DH,20_N19
E01002754,24.4142,5,N19 3JJ,20_N19
E01002755,10.6574,3,N19 3AN,20_N19
E01002756,14.3042,3,N19 3AA,20_N19
E01002757,9.18447,2,N19 3BD,20_N19
E01002758,12.3875,3,N19 3AB,20_N19
E01002759,19.867,4,N19 3AY,20_N19
E01002760,14.0107,3,N19 3BZ,20_N19
E01002762,25.727,6a,N7 0AW,20_N7
E01002763,30.5787,6a,N7 0FF,20_N7
E01002764,20.9027,5,N7 0BA,20_N7
E01002765,22.0541,5,N7 8DE,20_N7
E01002766,16.8217,4,N7 0BJ,20_N7
E01002767,25.1063,6a,N7 6EW,20_N7
E01002768,18.2919,4,N19 5EA,20_N19
E01002769,13.79,3,N15 3XF,20_N19
E01002770,32.9969,6a,N19 3EJ,20_N19
E01002771,21.7377,5,N19 5BF,20_N19
E01002772,32.0962,6a,N19 3DA,20_N19
E01002773,28.8444,6a,N19 5BH,20_N19
E01002774,26.3706,6a,N19 3EW,20_N19
E01002775,29.9869,6a,N1 2LL,20_N1
E01002776,27.8195,6a,N1 2PP,20_N1
E01002777,29.3468,6a,N1 4HQ,20_N1
E01002778,27.281,6a,E8 2BB,20_N1
E01002779,18.1941,4,N1 4QX,20_N1
E01002780,23.9395,5,N1 2FS,20_N1
E01002781,19.3649,4,N5 2BY,20_N5
E01002782,21.4284,5,N1 4NB,20_N1
E01002783,15.8261,4,N7 0DB,20_N7
E01002784,12.7554,3,N19 5AJ,20_N19
E01002785,15.3192,4,N19 3PJ,20_N19
E01002786,20.9567,5,N7 0BF,20_N7
E01002787,17.1599,4,N7 0DQ,20_N7
E01002788,12.1118,3,N19 4PL,20_N19
E01002789,14.6783,3,N19 5BG,20_N19
E01002790,30.812099999999997,6a,N1 1LH,20_N1
E01002791,38.1591,6a,N1 1RQ,20_N1
E01002792,26.0625,6a,N1 0GH,20_N1
E01002793,31.008,6a,N1 2AA,20_N1
E01002794,30.878399999999996,6a,N1 0BG,20_N1
E01002795,36.0788,6a,N1 1AH,20_N1
E01002796,30.677199999999996,6a,N7 8AL,20_N7
E01002797,22.269700000000004,5,N1 3AA,20_N1
E01002798,16.1488,4,N1 3DF,20_N1
E01002799,22.7646,5,N1 7AD,20_N1
E01002800,13.452,3,N1 7AY,20_N1
E01002801,30.5765,6a,N1 8AA,20_N1
E01002802,17.2543,4,N1 7EA,20_N1
E01002803,25.179099999999995,6a,EC1V 1AB,20_EC1V
E01002804,11.407,3,N19 3DR,20_N19
E01002805,29.2731,6a,N19 4EL,20_N19
E01002806,18.9807,4,N4 3BB,20_N4
E01002807,11.8171,3,N15 9BR,20_N19
E01002808,13.2818,3,N19 4EB,20_N19
E01002809,17.7167,4,N19 3NH,20_N19
E01002810,14.0945,3,N19 3FF,20_N19
E01002811,14.1516,3,N19 3QG,20_N19
E01002812,23.5375,5,SW18 4RT,21_SW5
E01002813,29.7005,6a,W8 5LF,21_W8
E01002814,31.2039,6a,SW5 9QL,21_SW5
E01002815,29.5387,6a,SW5 0RX,21_SW5
E01002816,24.2709,5,W8 4SL,21_W8
E01002817,29.084099999999996,6a,W14 8PL,21_W14
E01002818,31.543499999999998,6a,SW1X 0AA,21_SW1X
E01002819,28.3974,6a,SW1X 0BU,21_SW3
E01002820,34.4006,6a,SW7 1AL,21_SW7
E01002821,37.4767,6a,SW3 2AB,21_SW3
E01002822,38.5273,6a,SW3 6HH,21_SW3
E01002823,37.2848,6a,SW3 3PA,21_SW3
E01002824,27.065,6a,W8 4AG,21_W8
E01002825,22.672,5,W8 4LX,21_W8
E01002826,26.350899999999996,6a,W8 4AA,21_W8
E01002827,32.8848,6a,W11 3FE,21_W8
E01002828,32.3139,6a,W11 3LB,21_W11
E01002829,18.0796,4,W11 1BX,21_W11
E01002830,16.9603,4,W10 5TZ,21_W11
E01002831,19.2919,4,W10 5NE,21_W10
E01002832,25.2258,6a,W11 1AQ,21_W11
E01002833,21.903,5,W11 1JA,21_W11
E01002834,34.3659,6a,SW5 0AD,21_SW5
E01002835,35.604,6a,SW7 2EG,21_SW7
E01002836,31.391,6a,SW5 0AL,21_SW5
E01002837,29.7584,6a,SW10 9RT,21_SW10
E01002838,32.8573,6a,SW10 9PY,21_SW10
E01002839,31.5742,6a,SW5 0LS,21_SW5
E01002840,15.3901,4,SW10 0BB,21_SW10
E01002841,14.7587,3,SW10 0AB,21_SW10
E01002842,14.217000000000002,3,SW10 0AT,21_SW10
E01002843,19.3673,4,SW10 0DU,21_SW10
E01002844,14.4593,3,SW3 5AR,21_SW3
E01002845,17.6744,4,SW3 5AA,21_SW3
E01002846,42.1646,6b,SW5 9ER,21_SW5
E01002847,41.2676,6b,SW5 9AB,21_SW5
E01002848,33.9916,6a,SW5 9DW,21_SW5
E01002849,39.811,6a,SW5 0EL,21_SW5
E01002850,36.9043,6a,SW5 0GT,21_SW5
E01002851,35.14,6a,SW5 0UB,21_SW5
E01002852,13.437599999999998,3,NW10 5NU,21_W10
E01002853,15.8165,4,W10 5BP,21_W10
E01002854,17.4662,4,W10 5BX,21_W10
E01002855,14.5085,3,W10 5GJ,21_W10
E01002856,19.8893,4,W10 5LT,21_W10
E01002857,13.6267,3,W10 4RD,21_W10
E01002858,29.0481,6a,SW3 2LU,21_SW3
E01002859,29.8852,6a,SW1W 8EE,21_SW1W
E01002860,26.753500000000003,6a,SW1X 0DF,21_SW1X
E01002861,29.4804,6a,SW3 2PA,21_SW3
E01002862,31.246300000000005,6a,SW3 2JP,21_SW3
E01002863,31.2776,6a,SW1X 0AT,21_SW1X
E01002864,16.6478,4,W14 8AA,21_W14
E01002865,20.4897,5,W8 6AX,21_W8
E01002866,26.9904,6a,W14 8AT,21_W14
E01002867,22.8196,5,W14 8BA,21_W14
E01002868,23.003,5,W11 3RE,21_W11
E01002869,43.0197,6b,W11 4SW,21_W11
E01002870,11.7032,3,W10 6SP,21_W10
E01002871,26.9302,6a,W11 3AA,21_W11
E01002872,15.3402,4,W11 4AL,21_W11
E01002873,36.1283,6a,W11 4AU,21_W11
E01002874,21.2895,5,W11 1NS,21_W11
E01002875,22.6472,5,W11 2HH,21_W11
E01002876,9.38816,2,W10 6FJ,21_W10
E01002877,12.1583,3,W10 6EW,21_W10
E01002878,19.8205,4,W10 5UJ,21_W10
E01002879,14.7894,3,W11 1PN,21_W11
E01002880,12.195700000000002,3,W10 6EX,21_W10
E01002881,8.05731,2,W11 1RL,21_W11
E01002882,28.0933,6a,W11 2NA,21_W11
E01002883,33.9217,6a,W11 3AQ,21_W11
E01002884,36.2463,6a,W11 3AE,21_W11
E01002885,34.894,6a,W11 3JE,21_W11
E01002886,31.4419,6a,W11 2AA,21_W11
E01002887,28.8027,6a,SW7 4AJ,21_SW7
E01002888,22.3701,5,SW7 4AA,21_SW7
E01002889,24.397299999999998,5,W8 4PN,21_W8
E01002890,21.0747,5,SW7 4AS,21_SW7
E01002891,26.3964,6a,SW7 2EZ,21_SW7
E01002892,29.5309,6a,SW7 4PP,21_SW7
E01002893,27.9939,6a,SW10 9AF,21_SW10
E01002894,36.7694,6a,SW10 9AH,21_SW10
E01002895,16.7174,4,SW10 9FE,21_SW10
E01002896,28.2103,6a,SW10 0EU,21_SW10
E01002897,18.5748,4,SW10 9AA,21_SW10
E01002898,31.0002,6a,SW10 9JZ,21_SW10
E01002899,16.5782,4,SW1H 0RL,21_SW3
E01002900,6.38689,2,SW3 4AX,21_SW3
E01002901,15.8221,4,SW1W 8AD,21_SW3
E01002902,30.7221,6a,SW1W 8AA,21_SW1W
E01002903,19.7045,4,SW3 4AJ,21_SW3
E01002904,3.24476,1b,W10 5DN,21_W10
E01002905,16.0745,4,W10 5HN,21_W10
E01002906,11.1901,3,W10 5DL,21_W10
E01002907,4.55538,1b,W10 5EJ,21_W10
E01002908,8.22836,2,W10 5HX,21_W10
E01002909,18.9976,4,W10 5UN,21_W10
E01002910,26.377299999999998,6a,SW10 9NZ,21_SW10
E01002911,21.7758,5,SW10 0AZ,21_SW10
E01002912,17.612,4,SW10 0AD,21_SW10
E01002913,19.0996,4,SW10 0AF,21_SW10
E01002914,32.079,6a,SW3 1DD,21_SW3
E01002915,3.3283,1b,KT5 9AH,22_KT5
E01002916,6.31406,2,KT5 9BE,22_KT5
E01002917,2.49089,1a,KT5 9DL,22_KT5
E01002918,3.45427,1b,KT4 7PX,22_KT4
E01002919,5.29739,2,KT4 7QA,22_KT4
E01002920,2.9174499999999997,1b,KT5 9AF,22_KT5
E01002921,14.6424,3,KT5 8DU,22_KT5
E01002922,4.113,1b,KT5 8EH,22_KT5
E01002923,9.89354,2,KT5 8BA,22_KT5
E01002924,2.6091999999999995,1b,KT5 8JZ,22_KT5
E01002925,7.2534,2,KT5 8AX,22_KT5
E01002926,5.24483,2,KT5 8EJ,22_KT5
E01002927,3.25582,1b,KT3 3NG,22_KT3
E01002928,6.95776,2,KT3 3BF,22_KT3
E01002929,7.38855,2,KT1 1HG,22_KT3
E01002930,13.767900000000001,3,KT3 3AA,22_KT3
E01002931,9.02801,2,KT3 4AA,22_KT3
E01002932,4.00611,1b,KT3 3LJ,22_KT3
E01002933,11.0644,3,KT2 5TA,22_KT2
E01002934,3.9538100000000003,1b,KT2 5HS,22_KT2
E01002935,16.1998,4,KT2 6AY,22_KT2
E01002937,16.9282,4,KT2 6BZ,22_KT2
E01002938,5.36098,2,KT2 5FS,22_KT2
E01002939,6.24298,2,KT9 1AJ,22_KT9
E01002940,8.02876,2,KT9 1AY,22_KT9
E01002941,3.1078899999999994,1b,KT9 1AA,22_KT9
E01002942,7.82065,2,KT9 1AE,22_KT9
E01002943,2.07403,1a,KT9 1NW,22_KT9
E01002944,3.17134,1b,KT9 1DG,22_KT9
E01002945,4.9156,1b,KT9 1JA,22_KT9
E01002946,2.88285,1b,KT19 9HN,22_KT19
E01002947,5.81889,2,KT9 1HZ,22_KT9
E01002948,1.23936,1a,KT18 7TR,22_KT22
E01002949,5.12719,2,KT9 2BD,22_KT9
E01002950,2.73316,1b,KT9 2DD,22_KT9
E01002951,7.417379999999999,2,KT2 7BJ,22_KT2
E01002952,2.54747,1b,KT2 7BF,22_KT2
E01002953,2.55336,1b,KT2 7DE,22_KT2
E01002954,14.9587,3,KT1 3RF,22_KT1
E01002955,4.07878,1b,SW15 3AL,22_SW15
E01002956,3.67723,1b,KT2 7EP,22_KT2
E01002957,4.3066,1b,KT2 7JG,22_KT2
E01002958,5.58528,2,KT3 3AQ,22_KT3
E01002959,3.30159,1b,KT2 7BZ,22_KT2
E01002960,7.77885,2,KT1 3RN,22_KT1
E01002961,5.42023,2,KT3 3AH,22_KT3
E01002962,2.68542,1b,KT3 3EE,22_KT3
E01002963,9.69181,2,KT3 3BD,22_KT3
E01002964,17.4131,4,KT1 1QP,22_KT1
E01002965,11.902,3,KT1 2AB,22_KT1
E01002966,4.66422,1b,KT1 2FH,22_KT1
E01002967,14.8438,3,KT1 2BF,22_KT1
E01002968,28.9117,6a,KT1 1AA,22_KT1
E01002969,4.31628,1b,KT1 3EH,22_KT1
E01002970,5.52709,2,KT1 3AN,22_KT1
E01002971,9.16555,2,KT1 1NZ,22_KT1
E01002972,21.930800000000005,5,KT1 3AA,22_KT1
E01002973,4.76649,1b,KT1 3PY,22_KT1
E01002974,16.3499,4,KT1 3AD,22_KT1
E01002975,5.53548,2,KT3 5LX,22_KT3
E01002976,2.87663,1b,KT4 7SF,22_KT4
E01002977,6.61485,2,KT3 5LB,22_KT3
E01002978,10.2614,3,KT4 7EL,22_KT4
E01002979,5.71697,2,KT3 5PR,22_KT3
E01002980,6.15185,2,KT3 5JH,22_KT3
E01002981,4.84664,1b,KT3 5BF,22_KT3
E01002982,6.77607,2,KT3 5JE,22_KT3
E01002983,5.64901,2,KT3 6AU,22_KT3
E01002984,9.82914,2,KT3 3LL,22_KT3
E01002985,9.48606,2,KT3 4JB,22_KT3
E01002986,1.74032,1a,KT3 5BS,22_KT3
E01002987,20.759,5,KT5 9QT,22_KT6
E01002988,10.5,3,KT6 4EB,22_KT6
E01002989,15.2118,4,KT6 4AA,22_KT6
E01002990,18.9405,4,KT1 2HP,22_KT1
E01002991,8.06871,2,KT1 2TN,22_KT1
E01002992,3.25729,1b,KT1 3BJ,22_KT1
E01002993,13.2017,3,KT6 5PG,22_KT6
E01002994,4.76875,1b,KT6 5AA,22_KT6
E01002995,7.28883,2,KT6 5DG,22_KT6
E01002996,7.88066,2,KT5 9AT,22_KT5
E01002997,8.2064,2,KT6 5AB,22_KT6
E01002998,5.37745,2,KT6 7FA,22_KT6
E01002999,16.8724,4,KT6 6BH,22_KT6
E01003000,2.54443,1b,KT4 7QG,22_KT6
E01003001,5.9546,2,KT5 9NU,22_KT5
E01003002,5.10982,2,KT6 5AF,22_KT6
E01003003,8.52682,2,KT5 9PB,22_KT6
E01003004,3.17455,1b,KT6 5DE,22_KT6
E01003005,3.58681,1b,KT6 7LT,22_KT6
E01003006,4.90209,1b,KT2 5BH,22_KT2
E01003007,4.3341,1b,KT2 5NP,22_KT2
E01003008,4.30716,1b,KT2 5DL,22_KT2
E01003009,3.55607,1b,KT2 5EQ,22_KT2
E01003010,4.37413,1b,KT2 5BD,22_KT2
E01003011,5.11657,2,KT2 5AB,22_KT2
E01003013,67.7701,6b,SE1 7AH,23_SE1
E01003014,63.698699999999995,6b,SE1 7BJ,23_SE1
E01003015,18.3133,4,SE1 7DG,23_SE1
E01003016,97.4605,6b,SE1 8AB,23_SE1
E01003017,107.86100000000002,6b,SE1 8AE,23_SE1
E01003018,20.885,5,SW2 1AH,23_SW2
E01003019,13.2646,3,SW2 5AD,23_SW2
E01003020,34.9462,6a,SW2 1EG,23_SW2
E01003021,14.632100000000001,3,SW2 5DA,23_SW2
E01003022,11.2244,3,SW2 4DA,23_SW2
E01003023,22.0629,5,SW2 1HH,23_SW2
E01003024,18.3711,4,SW2 1EY,23_SW2
E01003025,14.211700000000002,3,SW2 1EQ,23_SW2
E01003026,17.087,4,SW4 9BY,23_SW4
E01003027,10.4829,3,SW4 7BW,23_SW4
E01003028,7.0773399999999995,2,SW4 8AF,23_SW4
E01003029,16.1552,4,SW2 5TZ,23_SW4
E01003030,18.5586,4,SW12 0BH,23_SW12
E01003031,11.590999999999998,3,SW12 0BL,23_SW12
E01003032,26.4755,6a,SW4 7AA,23_SW4
E01003033,10.8363,3,SW4 8QF,23_SW4
E01003034,10.543,3,SW4 0DX,23_SW4
E01003035,26.578899999999997,6a,SW4 6AH,23_SW4
E01003036,15.0854,4,SW4 0DN,23_SW4
E01003037,13.9905,3,SW4 0ND,23_SW4
E01003038,20.8984,5,SW4 0AR,23_SW4
E01003039,27.0005,6a,SW3 1JA,23_SW4
E01003040,20.5203,5,SW4 0JR,23_SW4
E01003041,31.3175,6a,SW4 0AD,23_SW4
E01003042,19.7273,4,SW4 0AA,23_SW4
E01003043,30.5943,6a,SE24 0LF,23_SE24
E01003044,13.5642,3,SE24 0DN,23_SE24
E01003045,19.1527,4,SW9 7AP,23_SW9
E01003046,11.945,3,SE5 9BW,23_SE5
E01003047,45.9036,6b,SW2 1JG,23_SW2
E01003048,18.2033,4,SE5 9DW,23_SW9
E01003049,29.2748,6a,SW9 7BY,23_SW9
E01003050,39.9008,6a,SE24 0PW,23_SW2
E01003051,22.2659,5,SE24 0DR,23_SE24
E01003052,24.6214,5,SE24 0LN,23_SE24
E01003053,30.8491,6a,SW4 7RB,23_SW4
E01003054,28.8988,6a,SW4 7BF,23_SW4
E01003055,37.587,6a,SW2 5LL,23_SW2
E01003056,22.9267,5,SW4 7FA,23_SW4
E01003057,24.6367,5,SW2 5RG,23_SW2
E01003058,21.9789,5,SW2 5BU,23_SW2
E01003059,23.0769,5,SW9 0AE,23_SW9
E01003060,35.4203,6a,SW9 0DP,23_SW9
E01003061,38.1137,6a,SW9 0FQ,23_SW9
E01003062,21.5518,5,SE19 1DP,23_SE19
E01003063,11.8555,3,SE19 1AA,23_SE19
E01003064,5.58747,2,SE21 8AZ,23_SE21
E01003065,6.48521,2,SE21 8DD,23_SE27
E01003066,14.9435,3,SE21 8EL,23_SE27
E01003067,9.70269,2,SE19 1QB,23_SE19
E01003068,8.45872,2,SE27 9LZ,23_SE27
E01003069,8.782,2,SE19 1DX,23_SE19
E01003070,9.30892,2,SE19 1AJ,23_SE19
E01003071,19.4128,4,SE24 0AT,23_SE24
E01003072,16.3781,4,SE24 0AE,23_SE24
E01003073,12.0144,3,SE24 0AG,23_SE24
E01003074,16.4748,4,SE24 0BF,23_SE24
E01003075,15.815,4,SE5 9BN,23_SE5
E01003076,16.784,4,SE5 8EL,23_SE5
E01003077,13.715,3,SE24 0AR,23_SE24
E01003078,14.7264,3,SE24 0AA,23_SE24
E01003079,14.582199999999998,3,SE27 0AB,23_SE27
E01003080,13.5065,3,SE27 0BE,23_SE27
E01003081,18.5632,4,SE27 0AH,23_SE27
E01003082,15.713,4,SE27 0DY,23_SE27
E01003083,9.22927,2,SE27 0LY,23_SE27
E01003084,18.3197,4,SE27 0BZ,23_SE27
E01003085,9.49352,2,SE27 0DD,23_SE27
E01003086,9.36021,2,SE19 3BH,23_SE19
E01003087,8.64523,2,SE27 0DU,23_SE27
E01003088,22.281300000000005,5,SW4 7SQ,23_SW9
E01003089,12.0319,3,SW8 2AY,23_SW8
E01003090,27.2919,6a,SW4 6AS,23_SW4
E01003091,11.2054,3,SW4 6JX,23_SW4
E01003092,14.3351,3,SW4 6BF,23_SW4
E01003093,29.4133,6a,SW9 0SQ,23_SW9
E01003094,25.5264,6a,SW9 9BN,23_SW9
E01003095,20.3382,5,SW4 6FB,23_SW4
E01003096,23.9323,5,SW9 8AE,23_SW9
E01003097,19.1563,4,SW8 1QR,23_SW8
E01003098,20.3637,5,SW8 1AB,23_SW8
E01003099,36.3335,6a,SE11 4AX,23_SE11
E01003100,29.4847,6a,SE11 4PW,23_SW8
E01003101,43.76,6b,SE11 4DB,23_SE11
E01003102,48.97860000000001,6b,SE11 5AA,23_SE11
E01003104,33.1821,6a,SW8 1AW,23_SW8
E01003105,34.266,6a,SE11 5AE,23_SE11
E01003106,24.5518,5,SE11 4BH,23_SE11
E01003107,40.2344,6b,SE11 4AA,23_SE11
E01003108,34.503,6a,SE11 4DQ,23_SE11
E01003109,39.2634,6a,SE1 7AP,23_SE1
E01003110,35.8431,6a,SE11 4BF,23_SE11
E01003111,10.7118,3,SE11 6AA,23_SE11
E01003112,20.6435,5,SE1 7AG,23_SE1
E01003113,23.447399999999995,5,SW16 6AF,23_SW16
E01003114,23.2293,5,SW16 5NR,23_SW16
E01003115,23.8308,5,SW16 3PS,23_SW16
E01003116,10.7579,3,SW16 1AD,23_SW16
E01003117,25.370200000000004,6a,SW16 1AA,23_SW16
E01003118,24.2963,5,SW16 1BB,23_SW16
E01003119,25.192,6a,SW16 1QE,23_SW16
E01003120,32.4049,6a,SW16 1HH,23_SW16
E01003121,15.039600000000002,4,SW8 2BA,23_SW8
E01003122,11.1862,3,SW8 2BN,23_SW8
E01003123,20.2283,5,SW4 6QE,23_SW4
E01003124,25.4205,6a,SW4 6SS,23_SW4
E01003125,22.0857,5,SW8 1AA,23_SW8
E01003126,31.361800000000002,6a,SW4 6RQ,23_SW4
E01003127,29.998399999999997,6a,SW9 0AJ,23_SW9
E01003128,25.1733,6a,SW4 6AN,23_SW4
E01003129,22.010899999999996,5,SW8 1BJ,23_SW8
E01003130,28.513899999999996,6a,SW2 3BF,23_SW2
E01003131,26.0568,6a,SW2 4AY,23_SW2
E01003132,7.063210000000001,2,SW2 3EB,23_SW2
E01003133,22.9089,5,SE27 9AT,23_SE27
E01003134,11.9002,3,SW2 3BA,23_SW2
E01003135,23.9584,5,SW16 2LL,23_SW16
E01003136,18.4794,4,SW2 4AQ,23_SW2
E01003137,27.1266,6a,SW2 3DY,23_SW2
E01003138,14.127799999999999,3,SW12 0HS,23_SW12
E01003139,11.4202,3,SW16 5AN,23_SW16
E01003140,10.1648,3,SW16 5BZ,23_SW16
E01003141,15.497,4,SW16 3AN,23_SW16
E01003142,9.78606,2,SW16 5EJ,23_SW16
E01003143,8.71718,2,CR4 1TL,23_SW16
E01003144,10.203,3,BR1 5SP,23_SW16
E01003145,19.2197,4,SW16 3PX,23_SW16
E01003146,11.387,3,SW16 5AA,23_SW16
E01003147,16.2004,4,SW16 3DJ,23_SW16
E01003148,11.4274,3,SW16 2AE,23_SW16
E01003149,5.06236,2,SW16 2AB,23_SW16
E01003150,20.8747,5,SW16 2AD,23_SW16
E01003151,21.2,5,SW16 2LH,23_SW16
E01003152,9.85664,2,SW16 2JG,23_SW16
E01003153,30.5073,6a,SW16 1DG,23_SW16
E01003154,3.8885999999999994,1b,SW16 2AH,23_SW16
E01003155,21.392800000000005,5,SW16 1PG,23_SW16
E01003156,6.41393,2,SW12 0DY,23_SW12
E01003157,12.3109,3,SW12 0AB,23_SW12
E01003158,5.545,2,SW12 0DX,23_SW12
E01003159,8.65718,2,SW2 4LY,23_SW2
E01003160,10.5807,3,SW4 8AX,23_SW4
E01003161,12.1883,3,SW12 0AA,23_SW12
E01003162,16.3414,4,SW12 0AP,23_SW12
E01003163,10.7231,3,SW12 0AJ,23_SW12
E01003164,25.453,6a,SE21 8JA,23_SE21
E01003165,11.2646,3,SE21 8BF,23_SE21
E01003166,28.0271,6a,SE21 8HD,23_SE21
E01003167,19.8273,4,SE21 8EQ,23_SE21
E01003168,11.984,3,SE21 8JZ,23_SE21
E01003169,20.2196,5,SE24 9AF,23_SE24
E01003170,14.5917,3,SE21 8HH,23_SE21
E01003171,15.1857,4,SW2 1AF,23_SW2
E01003172,9.28574,2,SW2 2EJ,23_SW2
E01003173,11.1269,3,SW2 2AF,23_SW2
E01003174,18.4958,4,SW2 2NS,23_SW2
E01003175,5.59811,2,SW2 2DS,23_SW2
E01003176,35.6581,6a,SW2 1AQ,23_SW2
E01003177,21.6908,5,SW2 1PB,23_SW2
E01003178,18.2823,4,SW2 1AA,23_SW2
E01003179,8.65668,2,SW2 2DB,23_SW2
E01003180,8.44229,2,SE5 0RR,23_SE5
E01003181,23.1787,5,SW9 0DS,23_SW9
E01003182,6.63217,2,SE5 9HP,23_SE5
E01003183,22.3691,5,SE5 0RS,23_SE5
E01003184,15.43,4,SW9 6BN,23_SW9
E01003185,20.292,5,SW9 0ED,23_SW9
E01003186,20.7004,5,SW9 0AA,23_SW9
E01003187,8.36782,2,SE5 9RF,23_SE5
E01003188,12.2311,3,SW9 6ND,23_SW9
E01003189,6.55551,2,SE6 3AR,24_SE6
E01003190,9.6281,2,SE26 4DQ,24_SE26
E01003191,6.17321,2,SE6 3AP,24_SE6
E01003192,3.95064,1b,BR3 1SY,24_BR3
E01003193,7.18445,2,SE23 2QU,24_SE23
E01003194,11.355,3,SE6 3JG,24_SE6
E01003195,4.84938,1b,SE6 4BX,24_SE6
E01003196,8.83732,2,SE6 2ST,24_SE6
E01003197,5.557360000000001,2,SE6 3HD,24_SE6
E01003198,16.2482,4,SE13 5BS,24_SE13
E01003199,17.7425,4,SE13 5AT,24_SE13
E01003200,15.4334,4,SE3 0AS,24_SE3
E01003201,43.6123,6b,SE13 5AF,24_SE13
E01003202,17.5475,4,SE12 8RJ,24_SE12
E01003203,11.7271,3,SE13 5BH,24_SE13
E01003204,12.552999999999999,3,SE10 8AA,24_SE10
E01003205,19.8528,4,SE10 8DG,24_SE10
E01003206,21.4174,5,SE13 7DX,24_SE13
E01003207,31.5761,6a,SE14 6TG,24_SE14
E01003209,27.8807,6a,SE14 6NS,24_SE14
E01003210,25.7272,6a,SE14 6PD,24_SE14
E01003211,19.738899999999997,4,SE4 1PF,24_SE4
E01003212,17.5802,4,SE14 6PF,24_SE14
E01003213,15.4353,4,SE4 1LL,24_SE4
E01003214,18.1305,4,SE4 1AX,24_SE4
E01003215,39.7127,6a,SE14 6AA,24_SE14
E01003216,14.1614,3,SE6 1BA,24_SE6
E01003217,7.84483,2,SE6 1BH,24_SE6
E01003218,5.89341,2,SE6 1HE,24_SE6
E01003219,3.79319,1b,SE6 1BJ,24_SE6
E01003220,8.7527,2,SE6 1AX,24_SE6
E01003221,15.5751,4,SE6 1AW,24_SE6
E01003222,6.46738,2,SE6 1DS,24_SE6
E01003223,12.3205,3,SE6 1HB,24_SE6
E01003224,8.66499,2,SE6 1AT,24_SE6
E01003225,7.02174,2,SE4 1AQ,24_SE4
E01003226,19.141,4,SE23 1AU,24_SE23
E01003227,15.2386,4,SE23 1LF,24_SE23
E01003228,15.068,4,SE23 1BD,24_SE23
E01003229,9.09471,2,SE23 1AA,24_SE23
E01003230,8.57196,2,SE23 1DF,24_SE23
E01003231,12.7198,3,SE4 1AZ,24_SE4
E01003232,15.267600000000002,4,SE23 1LA,24_SE23
E01003233,11.1733,3,SE4 1AA,24_SE4
E01003235,4.16014,1b,BR1 4BY,24_BR1
E01003236,17.1828,4,BR1 5DS,24_BR1
E01003237,10.6293,3,BR1 4SG,24_BR1
E01003238,9.70003,2,BR1 5HQ,24_BR1
E01003239,5.44186,2,BR1 5ES,24_BR1
E01003240,7.72376,2,BR1 4NE,24_BR1
E01003241,10.5184,3,BR1 4LH,24_BR1
E01003243,7.80167,2,BR1 4JZ,24_BR1
E01003244,4.91866,1b,SE8 3AS,24_SE8
E01003245,13.3131,3,SE16 2AT,24_SE16
E01003246,6.99427,2,SE14 6AZ,24_SE14
E01003247,10.2319,3,SE16 2AW,24_SE16
E01003248,5.70742,2,SE8 3AA,24_SE8
E01003249,2.60613,1b,SE16 1AD,24_SE8
E01003250,8.58491,2,SE16 7AB,24_SE16
E01003251,8.91111,2,SE8 3BD,24_SE8
E01003252,11.4155,3,SE8 5BY,24_SE8
E01003253,18.2678,4,SE8 3AR,24_SE8
E01003254,11.1167,3,SE23 1HS,24_SE23
E01003255,18.9721,4,SE23 2LE,24_SE23
E01003256,15.4436,4,SE23 3AS,24_SE23
E01003257,12.2975,3,SE23 3UL,24_SE23
E01003258,6.07771,2,SE26 6AG,24_SE26
E01003259,9.01367,2,SE26 4AR,24_SE26
E01003260,8.00508,2,SE23 3AG,24_SE23
E01003261,13.530999999999999,3,SE23 3BF,24_SE23
E01003262,11.5878,3,SE23 3AA,24_SE23
E01003263,13.921500000000002,3,SE12 0BA,24_SE12
E01003264,14.241300000000003,3,SE12 0LR,24_SE12
E01003265,13.9017,3,SE12 0DR,24_SE12
E01003266,7.1715,2,SE12 9PT,24_SE12
E01003267,5.4314,2,SE12 9PU,24_SE12
E01003268,6.94463,2,SE12 0HG,24_SE12
E01003269,6.04856,2,SE12 0AH,24_SE12
E01003270,4.45343,1b,SE12 0AT,24_SE12
E01003271,4.37984,1b,SE12 0LA,24_SE12
E01003272,15.8681,4,SE16 1UX,24_SE4
E01003273,17.8771,4,SE13 7AQ,24_SE13
E01003274,13.7806,3,SE13 7AH,24_SE13
E01003275,7.1541,2,SE13 7HT,24_SE13
E01003276,10.4773,3,SE13 7HY,24_SE4
E01003277,16.5674,4,SE13 7SZ,24_SE13
E01003278,30.0924,6a,SE13 7AB,24_SE13
E01003279,18.5539,4,SE13 7AA,24_SE13
E01003280,9.66852,2,SE12 0AE,24_SE12
E01003281,9.32453,2,SE12 0HP,24_SE12
E01003282,13.6584,3,SE13 5EZ,24_SE13
E01003283,9.86484,2,SE12 8BB,24_SE12
E01003284,9.34675,2,SE13 5FD,24_SE13
E01003285,11.4204,3,SE12 0AA,24_SE12
E01003286,11.6937,3,SE12 8AG,24_SE12
E01003287,11.4132,3,SE12 8LH,24_SE12
E01003288,34.2066,6a,SE13 5AA,24_SE13
E01003290,15.0935,4,SE13 6AU,24_SE13
E01003291,17.8838,4,SE13 6BS,24_SE13
E01003292,12.2233,3,SE13 6EB,24_SE13
E01003293,14.375699999999998,3,SE13 6AE,24_SE13
E01003295,11.515,3,SE12 0RL,24_SE13
E01003296,43.3484,6b,SE13 5FL,24_SE13
E01003297,1.97711,1a,SE14 5EX,24_SE14
E01003298,4.20951,1b,SE14 5FZ,24_SE14
E01003299,32.8935,6a,SE14 5AJ,24_SE14
E01003300,18.7993,4,SE14 6AN,24_SE14
E01003301,17.1061,4,SE14 5PZ,24_SE14
E01003302,8.76019,2,SE14 5AP,24_SE14
E01003303,35.4971,6a,SE14 6AL,24_SE14
E01003304,30.0178,6a,SE14 6AJ,24_SE14
E01003305,9.80878,2,SE14 5AW,24_SE14
E01003307,5.48879,2,SE23 2AL,24_SE23
E01003308,11.0308,3,SE23 1DD,24_SE23
E01003309,12.369199999999998,3,SE23 2AN,24_SE23
E01003310,16.3686,4,SE23 1AP,24_SE23
E01003311,5.75959,2,SE23 2QQ,24_SE23
E01003312,5.94647,2,SE23 2JF,24_SE23
E01003313,7.63834,2,SE23 2BD,24_SE23
E01003314,7.41916,2,SE23 2AB,24_SE23
E01003315,15.8232,4,SE23 1BS,24_SE23
E01003316,8.61095,2,SE23 1BX,24_SE23
E01003317,16.2203,4,SE6 4BB,24_SE6
E01003318,26.373599999999996,6a,SE6 2BN,24_SE6
E01003319,21.3732,5,SE6 2AW,24_SE6
E01003320,6.65121,2,SE6 1AA,24_SE6
E01003321,19.4035,4,SE6 4AN,24_SE6
E01003322,13.4777,3,SE13 6LJ,24_SE13
E01003323,11.971300000000001,3,SE13 6BF,24_SE13
E01003324,24.554,5,SE6 2HH,24_SE6
E01003325,19.5259,4,SE6 2AA,24_SE6
E01003326,11.3001,3,SE26 4EL,24_SE26
E01003327,18.9543,4,SE26 4JA,24_SE26
E01003328,19.7274,4,SE26 4TA,24_SE26
E01003329,13.480999999999998,3,SE26 4AS,24_SE26
E01003330,6.51841,2,SE26 6AA,24_SE26
E01003331,13.6935,3,SE26 4NN,24_SE26
E01003332,5.94925,2,SE26 6BL,24_SE26
E01003333,7.60953,2,SE26 4AN,24_SE26
E01003334,20.7348,5,SE26 4BA,24_SE26
E01003335,12.9888,3,SE26 4ET,24_SE26
E01003336,14.8687,3,SE4 2BF,24_SE4
E01003337,13.0547,3,SE4 2AE,24_SE4
E01003338,29.6602,6a,SE14 5AA,24_SE14
E01003339,24.2591,5,SE14 5JD,24_SE14
E01003340,33.1725,6a,SE14 5AD,24_SE14
E01003341,18.1692,4,SE14 5LB,24_SE14
E01003342,16.5893,4,SE14 5SF,24_SE14
E01003343,15.791999999999998,4,SE14 5LN,24_SE14
E01003344,17.3481,4,SE14 5NJ,24_SE14
E01003345,17.3822,4,SE4 2AD,24_SE4
E01003346,3.97314,1b,BR1 5EY,24_BR1
E01003347,4.4402,1b,SE6 1PD,24_SE6
E01003348,7.65764,2,BR1 4TR,24_BR1
E01003349,12.3981,3,BR1 5JG,24_BR1
E01003350,3.14528,1b,BR1 5PH,24_BR1
E01003351,5.52452,2,BR1 5EU,24_BR1
E01003352,13.355300000000002,3,SE6 2AH,24_SE6
E01003353,7.83899,2,BR1 5GN,24_BR1
E01003354,3.63078,1b,SE12 0RG,24_SE6
E01003355,25.4402,6a,SW19 1EE,25_SW19
E01003356,13.1063,3,SW19 1LA,25_SW19
E01003357,15.4816,4,SW19 2FD,25_SW19
E01003358,36.2575,6a,SW19 1ED,25_SW19
E01003359,14.762500000000001,3,SW19 1AF,25_SW19
E01003360,18.9816,4,SW19 1AU,25_SW19
E01003361,7.452389999999999,2,SM4 4AG,25_SM4
E01003362,3.71779,1b,SM4 4DJ,25_SM4
E01003363,5.49373,2,SM4 4AZ,25_SM4
E01003364,4.02379,1b,SM4 4AD,25_SM4
E01003365,12.2574,3,SM4 4AE,25_SM4
E01003366,8.68426,2,SW20 8BU,25_SW20
E01003367,15.0427,4,SW19 1DD,25_SW19
E01003368,9.05606,2,CR4 3JB,25_CR4
E01003369,19.9008,4,SW19 2AA,25_SW19
E01003370,19.7909,4,SW17 9DD,25_SW17
E01003371,14.622499999999999,3,SW17 9DP,25_SW17
E01003372,11.3062,3,CR4 3LU,25_CR4
E01003373,7.48357,2,CR4 3BF,25_CR4
E01003374,11.8388,3,CR4 3AF,25_CR4
E01003375,7.83687,2,CR4 3TR,25_CR4
E01003376,5.64445,2,CR4 3BA,25_CR4
E01003377,7.187749999999999,2,CR4 3FJ,25_CR4
E01003378,8.626,2,CR4 1AZ,25_CR4
E01003379,14.4397,3,CR4 3AB,25_CR4
E01003380,8.28846,2,SW19 3QB,25_SW20
E01003381,19.927,4,SW20 0JS,25_SW20
E01003382,13.7653,3,SW20 8BT,25_SW20
E01003383,37.3532,6a,SW19 1LE,25_SW19
E01003384,35.7011,6a,SW19 1FS,25_SW19
E01003385,16.9143,4,SW19 3FT,25_SW19
E01003386,12.806499999999998,3,CR4 2EX,25_CR4
E01003387,9.23468,2,CR4 1DA,25_CR4
E01003388,16.9948,4,CR4 2AR,25_CR4
E01003389,13.6858,3,CR4 1SA,25_CR4
E01003390,17.7537,4,CR4 2JB,25_CR4
E01003391,7.98264,2,CR4 1BS,25_CR4
E01003392,13.2469,3,CR4 2AA,25_CR4
E01003393,14.7846,3,CR4 2AS,25_CR4
E01003394,8.76462,2,CR4 2AE,25_CR4
E01003395,5.47662,2,CR4 2AP,25_CR4
E01003396,17.2958,4,CR4 2BA,25_CR4
E01003397,11.2521,3,CR4 2BB,25_CR4
E01003398,5.318919999999999,2,CR4 2AJ,25_CR4
E01003399,11.3375,3,SW19 4JD,25_SW19
E01003400,33.3128,6a,SW19 4WQ,25_SW19
E01003401,32.8755,6a,SW19 4AB,25_SW19
E01003402,35.699,6a,SW19 4AA,25_SW19
E01003403,14.651399999999999,3,SW19 1FD,25_SW19
E01003404,8.77915,2,SW19 3SU,25_SW19
E01003405,8.7204,2,CR4 3BS,25_CR4
E01003406,4.99712,1b,CR4 3JA,25_CR4
E01003407,6.255720000000001,2,CR4 3EF,25_CR4
E01003408,7.14678,2,SW19 2DW,25_SW19
E01003409,12.88,3,CR4 3HE,25_CR4
E01003410,4.68962,1b,CR4 3BD,25_CR4
E01003411,8.42354,2,CR4 1AB,25_CR4
E01003412,7.83577,2,CR4 1AA,25_CR4
E01003413,6.366439999999999,2,SW16 5BN,25_SW16
E01003414,7.218149999999999,2,SW16 4HA,25_SW16
E01003415,7.99296,2,CR4 1EL,25_CR4
E01003416,4.25006,1b,CR4 1DD,25_CR4
E01003417,5.57126,2,SM3 9HG,25_SM3
E01003418,3.34478,1b,SM4 4PJ,25_SM4
E01003419,2.1267,1a,SM4 4AB,25_SM4
E01003420,4.12135,1b,SM3 9HQ,25_SM3
E01003421,4.1522,1b,SM4 4JJ,25_SM4
E01003422,4.62291,1b,SM4 4BZ,25_SM4
E01003423,9.53741,2,SW19 3NS,25_SW19
E01003424,6.45468,2,SW19 3DT,25_SW19
E01003425,9.45613,2,SW19 3JJ,25_SW19
E01003426,19.607000000000003,4,SM4 5BU,25_SM4
E01003427,21.2806,5,SM4 5AA,25_SM4
E01003428,10.2727,3,SW19 3AN,25_SW19
E01003429,3.2451299999999996,1b,CR4 1HH,25_CR4
E01003430,5.6941,2,CR4 1LT,25_CR4
E01003431,6.36314,2,CR4 1PH,25_CR4
E01003432,3.28533,1b,CR4 1GN,25_CR4
E01003433,7.02112,2,CR4 1BD,25_CR4
E01003434,5.49733,2,CR4 1HF,25_CR4
E01003435,5.77996,2,CR4 1DE,25_CR4
E01003436,6.70493,2,SM4 6DR,25_SM4
E01003437,5.86911,2,CR4 4YH,25_SM4
E01003438,8.94532,2,SM4 6BP,25_SM4
E01003439,18.5506,4,SM4 5HT,25_SM4
E01003440,8.36575,2,CR4 4DA,25_CR4
E01003441,8.32926,2,CR4 4BA,25_CR4
E01003442,8.01111,2,SW19 4RE,25_SW19
E01003443,17.4482,4,SW20 0LJ,25_SW20
E01003444,13.2741,3,SW20 0BB,25_SW20
E01003445,6.61758,2,SW20 0AH,25_SW20
E01003446,21.2699,5,SW20 0AT,25_SW20
E01003447,6.356320000000001,2,KT3 4PN,25_KT3
E01003448,7.52996,2,SM4 5BF,25_SM4
E01003449,6.859180000000001,2,SM4 4AL,25_SM4
E01003450,9.92658,2,SM4 5HY,25_SM4
E01003451,6.56381,2,SM4 5DT,25_SM4
E01003452,8.20617,2,SM4 5NJ,25_SM4
E01003453,13.9437,3,SM4 5BD,25_SM4
E01003454,18.8445,4,SW19 8HH,25_SW19
E01003455,2.81533,1b,SW19 1AL,25_SW19
E01003456,37.5846,6a,SW19 1PY,25_SW19
E01003457,9.78008,2,SW19 1EL,25_SW19
E01003458,9.69461,2,SW19 1EH,25_SW19
E01003459,12.256900000000002,3,SW19 1AA,25_SW19
E01003460,1.15624,1a,SW19 4PE,25_SW19
E01003461,15.044600000000003,4,SW19 4PU,25_SW19
E01003462,2.39774,1a,SW19 4RH,25_SW19
E01003463,3.03817,1b,SW20 0AF,25_SW20
E01003464,3.22688,1b,SW19 5AF,25_SW19
E01003465,4.60562,1b,SW19 5AB,25_SW19
E01003466,6.31772,2,KT3 6HY,25_KT3
E01003467,4.29369,1b,KT3 6JB,25_SW20
E01003468,5.13388,2,KT3 6AP,25_KT3
E01003469,7.427620000000001,2,KT3 4BF,25_KT3
E01003470,9.1327,2,KT3 4FB,25_KT3
E01003471,10.6204,3,KT3 4PJ,25_KT3
E01003472,7.95835,2,SW18 5BB,25_SW18
E01003473,8.69213,2,SW19 7HL,25_SW19
E01003474,5.25547,2,SW19 5JH,25_SW19
E01003475,7.37352,2,SW17 0AX,25_SW17
E01003476,14.4573,3,SW19 7BD,25_SW19
E01003477,8.2588,2,SW17 0XW,25_SW19
E01003478,8.9586,2,SW18 4HS,25_SW18
E01003479,4.70753,1b,E6 4PP,26_E6
E01003480,11.428499999999998,3,E16 2GA,26_E6
E01003481,8.92584,2,E16 2QH,26_E6
E01003482,3.71545,1b,E16 2AJ,26_E16
E01003483,3.34734,1b,E6 4JN,26_E6
E01003484,6.39175,2,E6 4JQ,26_E6
E01003485,4.60985,1b,E6 4JX,26_E6
E01003486,12.3745,3,E6 4BF,26_E6
E01003487,9.19224,2,E6 4LE,26_E6
E01003488,13.029900000000001,3,E6 1DL,26_E6
E01003489,19.6277,4,E13 9AT,26_E13
E01003490,13.6029,3,E6 1ES,26_E6
E01003491,20.1882,5,E13 9AY,26_E13
E01003492,15.4253,4,E6 3DD,26_E6
E01003493,13.925400000000002,3,E13 9BF,26_E13
E01003494,9.82311,2,E13 9PQ,26_E13
E01003495,6.405169999999999,2,E6 3HL,26_E6
E01003496,19.671,4,E15 3AA,26_E15
E01003497,11.1552,3,E16 1WR,26_E16
E01003498,8.73607,2,E13 0EH,26_E13
E01003499,16.0956,4,E13 0EE,26_E13
E01003500,12.249799999999999,3,E15 3AE,26_E15
E01003501,11.6261,3,E13 8BU,26_E13
E01003502,20.8784,5,E13 8DH,26_E13
E01003503,24.542399999999997,5,E16 1EH,26_E16
E01003506,9.13872,2,E16 1GT,26_E16
E01003507,16.3614,4,E13 8BJ,26_E13
E01003508,11.0032,3,E13 8FJ,26_E13
E01003509,12.948800000000002,3,E13 8JP,26_E13
E01003511,5.393769999999999,2,E16 1FS,26_E16
E01003512,11.3688,3,E16 3DA,26_E16
E01003513,4.65631,1b,E16 2QD,26_E16
E01003514,6.13672,2,E16 3DX,26_E16
E01003515,10.8545,3,E16 1FR,26_E16
E01003516,9.82262,2,E16 3JJ,26_E16
E01003517,9.32713,2,E16 1NN,26_E16
E01003518,4.54481,1b,E16 3JS,26_E16
E01003519,8.22171,2,E16 3EA,26_E16
E01003520,23.2827,5,E6 1BA,26_E6
E01003521,25.643399999999996,6a,E6 1BB,26_E6
E01003522,16.0592,4,E6 1JP,26_E6
E01003523,17.8566,4,E6 2BB,26_E6
E01003524,14.613300000000002,3,E6 1EN,26_E6
E01003525,18.3456,4,E6 1HL,26_E6
E01003526,18.6487,4,E6 3AB,26_E6
E01003527,8.39999,2,E6 3AD,26_E6
E01003528,3.17835,1b,E12 6LR,26_E12
E01003529,17.9732,4,E12 6NG,26_E12
E01003530,11.7425,3,E12 6LL,26_E12
E01003531,19.0651,4,E12 6SB,26_E12
E01003532,21.7079,5,E12 6ND,26_E12
E01003533,14.754,3,E6 1BE,26_E6
E01003534,12.3019,3,E12 6BJ,26_E12
E01003535,3.3988099999999997,1b,E6 4AP,26_E6
E01003536,4.90053,1b,E6 1EG,26_E6
E01003537,7.36675,2,E6 3LB,26_E6
E01003538,6.49134,2,E6 3PD,26_E6
E01003539,2.69865,1b,E13 9QF,26_E13
E01003540,8.25078,2,E6 3PH,26_E6
E01003541,2.87957,1b,E6 3PN,26_E6
E01003542,8.42999,2,E6 3RW,26_E6
E01003543,12.5267,3,E7 0BB,26_E7
E01003544,8.799,2,E7 0HE,26_E7
E01003545,6.31559,2,E15 1RG,26_E15
E01003546,12.0341,3,E7 0AX,26_E7
E01003547,7.69752,2,E7 0JN,26_E7
E01003548,7.01348,2,E15 1FE,26_E15
E01003549,10.3661,3,E15 1AD,26_E15
E01003550,10.7182,3,E7 0AB,26_E7
E01003551,9.06683,2,E15 4JZ,26_E15
E01003552,5.3028,2,E7 9HS,26_E7
E01003553,10.4817,3,E15 4FA,26_E15
E01003554,7.91034,2,E15 4AA,26_E15
E01003555,14.649,3,E7 0NR,26_E7
E01003556,17.3377,4,E7 0NF,26_E7
E01003557,12.866299999999999,3,E15 4SU,26_E15
E01003558,14.4861,3,E7 0BA,26_E7
E01003559,24.7553,5,E15 1EQ,26_E15
E01003560,8.61398,2,E7 8DU,26_E7
E01003561,10.2981,3,E7 8AS,26_E7
E01003562,10.1756,3,E7 8EU,26_E7
E01003563,5.39495,2,E7 8DQ,26_E7
E01003564,14.3581,3,E7 8EL,26_E7
E01003565,16.1991,4,E6 1AA,26_E6
E01003566,18.7171,4,E13 9AB,26_E6
E01003567,12.3867,3,E7 8AP,26_E7
E01003568,14.8205,3,E13 0QE,26_E13
E01003569,18.6924,4,E13 0QS,26_E13
E01003570,13.3864,3,E7 8BD,26_E7
E01003571,10.3242,3,E7 8DJ,26_E7
E01003572,8.02012,2,E7 9LW,26_E7
E01003573,13.0944,3,E7 8HH,26_E7
E01003574,9.48282,2,E13 0PZ,26_E13
E01003575,4.27964,1b,E12 6AE,26_E12
E01003576,12.8318,3,E12 5JG,26_E12
E01003577,5.50853,2,E12 5AE,26_E12
E01003578,3.56902,1b,E12 5DQ,26_E12
E01003579,9.41612,2,E12 6AF,26_E12
E01003580,1.17726,1a,E12 5NG,26_E12
E01003581,8.38933,2,E12 5JH,26_E12
E01003582,4.41749,1b,E12 5NJ,26_E12
E01003583,5.24861,2,E12 5PG,26_E12
E01003584,7.220949999999999,2,E12 5AX,26_E12
E01003585,13.6621,3,E12 6AD,26_E12
E01003586,12.6977,3,E12 6UG,26_E12
E01003587,14.6578,3,E12 5BA,26_E12
E01003588,10.8009,3,E12 6RR,26_E12
E01003589,10.3726,3,E12 6PF,26_E12
E01003590,13.1008,3,E12 5AB,26_E12
E01003591,17.7402,4,E12 5AA,26_E12
E01003592,13.6495,3,E13 0BJ,26_E13
E01003593,15.7011,4,E13 0DJ,26_E13
E01003594,16.5802,4,E13 0AE,26_E13
E01003595,18.8175,4,E13 0AA,26_E13
E01003596,12.211999999999998,3,E13 0EN,26_E13
E01003597,10.9827,3,E13 0ES,26_E13
E01003598,15.9015,4,E13 0JW,26_E13
E01003599,13.4215,3,E13 9AH,26_E13
E01003600,17.2504,4,E13 0AL,26_E13
E01003601,12.1924,3,E13 8BF,26_E13
E01003602,18.4545,4,E13 0AN,26_E13
E01003603,8.13435,2,E13 8DJ,26_E13
E01003604,10.7325,3,E13 8BL,26_E13
E01003605,17.2512,4,E13 9EN,26_E13
E01003606,17.6529,4,E13 0BH,26_E13
E01003607,20.1833,5,E13 0AP,26_E13
E01003608,12.9713,3,E13 9LG,26_E13
E01003609,5.85473,2,E16 1AX,26_E16
E01003611,9.15887,2,E16 2EA,26_E16
E01003615,11.613699999999998,3,E15 1EA,26_E15
E01003616,34.6324,6a,E15 1BY,26_E15
E01003617,59.165299999999995,6b,E15 1AG,26_E15
E01003618,25.2503,6a,E15 1EL,26_E15
E01003619,40.515,6b,E15 2SB,26_E15
E01003621,11.074599999999998,3,E6 2BY,26_E6
E01003622,9.4127,2,E6 2ES,26_E6
E01003623,3.98783,1b,E6 2PE,26_E6
E01003624,9.70651,2,E6 2PY,26_E6
E01003625,2.24658,1a,E6 2AR,26_E6
E01003626,10.7481,3,E12 6LJ,26_E6
E01003627,15.8248,4,E6 2BH,26_E6
E01003628,10.143199999999998,3,E6 2BU,26_E6
E01003629,21.6487,5,E6 2BE,26_E6
E01003630,20.1386,5,E13 0JN,26_E13
E01003631,23.017,5,E15 3AR,26_E15
E01003632,23.7054,5,E15 3AX,26_E15
E01003633,22.1395,5,E15 3BA,26_E15
E01003634,19.4848,4,E15 3LG,26_E15
E01003635,6.72217,2,E15 3QJ,26_E15
E01003636,18.2501,4,E15 3EH,26_E15
E01003637,17.3712,4,E13 0AF,26_E15
E01003638,7.82279,2,IG6 1AZ,27_IG6
E01003639,5.35247,2,IG2 7NJ,27_IG2
E01003640,0.891551,1a,IG2 7QL,27_IG2
E01003641,6.08104,2,IG2 7BH,27_IG2
E01003642,5.41646,2,IG2 7JH,27_IG2
E01003643,5.96298,2,IG2 6QP,27_IG2
E01003644,6.94914,2,IG2 6BQ,27_IG2
E01003645,11.253,3,IG2 6BE,27_IG2
E01003646,13.347500000000002,3,IG2 6JY,27_IG2
E01003647,12.7746,3,IG2 6AZ,27_IG2
E01003648,5.11642,2,IG2 6XZ,27_IG2
E01003649,3.43863,1b,IG2 6YB,27_IG2
E01003650,6.182,2,IG2 6RR,27_IG2
E01003651,10.8085,3,IG2 6TR,27_IG2
E01003652,7.698699999999999,2,IG2 6TS,27_IG2
E01003653,13.6713,3,IG1 4UJ,27_IG2
E01003654,9.13834,2,IG8 7AH,27_IG8
E01003655,11.1364,3,IG8 7BY,27_IG8
E01003656,3.11463,1b,IG8 7JL,27_IG8
E01003657,2.7393399999999994,1b,IG8 8AB,27_IG8
E01003658,8.55628,2,IG8 7ET,27_IG8
E01003659,2.69963,1b,IG8 7LD,27_IG8
E01003660,2.5003,1b,IG8 7NF,27_IG8
E01003661,10.565299999999999,3,RM6 4AP,27_RM6
E01003662,14.3803,3,RM6 4AA,27_RM6
E01003663,5.48835,2,RM6 4XT,27_RM6
E01003664,1.5367500000000003,1a,RM6 5AA,27_RM6
E01003665,3.62429,1b,RM6 4AE,27_RM6
E01003666,4.47327,1b,RM6 4AG,27_RM6
E01003668,12.9246,3,E18 1AA,27_E18
E01003669,4.76334,1b,E18 2BF,27_E18
E01003670,4.84771,1b,IG8 9BN,27_IG8
E01003671,4.87334,1b,IG8 9AJ,27_IG8
E01003672,8.67179,2,E18 2AA,27_E18
E01003673,6.37091,2,E18 2HY,27_E18
E01003674,10.545,3,E18 1AY,27_E18
E01003675,11.503100000000002,3,IG4 5AN,27_IG4
E01003676,10.1765,3,IG4 5AP,27_IG4
E01003677,5.01901,2,IG4 5JG,27_IG4
E01003678,3.19564,1b,IG5 0DS,27_IG5
E01003679,3.11889,1b,IG5 0AU,27_IG5
E01003680,2.55314,1b,IG5 0BJ,27_IG5
E01003681,4.16421,1b,IG4 5EP,27_IG4
E01003682,2.94155,1b,IG4 5EX,27_IG4
E01003683,3.94166,1b,IG1 1HD,27_IG1
E01003684,3.71843,1b,IG1 2TA,27_IG1
E01003685,5.96544,2,IG1 1ET,27_IG1
E01003686,10.4412,3,IG1 1HA,27_IG1
E01003688,8.52361,2,IG1 1AE,27_IG1
E01003689,29.5026,6a,IG1 1AA,27_IG1
E01003690,12.4863,3,IG1 3BF,27_IG1
E01003691,2.06048,1a,IG1 3EG,27_IG1
E01003692,17.2519,4,IG1 3JL,27_IG1
E01003693,5.21931,2,IG1 3LA,27_IG1
E01003694,11.0764,3,IG1 3HF,27_IG1
E01003695,10.6365,3,IG1 3AG,27_IG1
E01003696,12.7752,3,IG1 3PN,27_IG1
E01003697,10.852500000000001,3,IG1 3SF,27_IG1
E01003698,5.6394,2,IG6 2EP,27_IG6
E01003699,5.7749,2,IG6 3BD,27_IG6
E01003700,8.81077,2,IG6 2GD,27_IG6
E01003701,14.1653,3,IG6 1LT,27_IG6
E01003702,7.697900000000001,2,IG6 2FA,27_IG6
E01003703,1.67227,1a,IG6 2AG,27_IG6
E01003704,10.8331,3,IG6 2FD,27_IG6
E01003705,10.4512,3,IG6 2AE,27_IG6
E01003706,3.8223,1b,IG5 0QD,27_IG5
E01003707,3.26508,1b,IG5 0NF,27_IG5
E01003708,2.56803,1b,IG5 0FA,27_IG5
E01003709,3.22212,1b,IG5 0QA,27_IG5
E01003710,3.59441,1b,IG5 0LU,27_IG5
E01003711,7.5621100000000006,2,IG5 0SH,27_IG5
E01003712,3.41703,1b,IG5 0BP,27_IG5
E01003713,10.8117,3,IG3 9LH,27_IG3
E01003714,13.183099999999998,3,IG1 1UQ,27_IG3
E01003715,11.373999999999999,3,IG3 8DJ,27_IG3
E01003716,7.222060000000001,2,IG3 9NZ,27_IG3
E01003718,12.6756,3,IG3 9JA,27_IG3
E01003719,9.40997,2,IG3 9BF,27_IG3
E01003720,4.5279,1b,IG6 3BA,27_IG6
E01003721,9.19717,2,IG6 3AA,27_IG6
E01003722,4.71604,1b,IG6 3FA,27_IG6
E01003723,4.89036,1b,IG6 3TF,27_IG6
E01003724,4.50582,1b,IG7 4EH,27_IG7
E01003725,5.86856,2,IG6 3AY,27_IG6
E01003726,1.29928,1a,IG6 3FF,27_IG6
E01003727,4.51828,1b,IG7 4BD,27_IG7
E01003728,24.9214,5,IG1 1EH,27_IG1
E01003729,14.6289,3,IG1 2EJ,27_IG1
E01003730,6.63365,2,IG1 1PA,27_IG1
E01003731,5.1061,2,IG1 2AB,27_IG1
E01003732,2.99852,1b,IG1 2BE,27_IG1
E01003733,6.61515,2,IG1 2ES,27_IG1
E01003734,11.5644,3,IG1 2AS,27_IG1
E01003735,5.17311,2,IG1 2FU,27_IG1
E01003736,11.9216,3,IG1 2BS,27_IG1
E01003737,4.98618,1b,IG3 9AF,27_IG3
E01003738,5.9321399999999995,2,IG11 9BZ,27_IG11
E01003739,4.70962,1b,IG1 1PL,27_IG1
E01003740,4.86374,1b,IG1 1XU,27_IG1
E01003741,7.34523,2,IG11 8UA,27_IG11
E01003742,9.43608,2,IG1 1LQ,27_IG3
E01003743,5.92626,2,IG1 1PH,27_IG1
E01003744,3.26105,1b,IG8 0FB,27_IG8
E01003745,3.23111,1b,IG8 0JH,27_IG8
E01003746,4.027,1b,IG8 0FD,27_IG8
E01003747,6.66185,2,IG8 0JA,27_IG8
E01003748,7.79245,2,IG8 0AB,27_IG8
E01003749,10.9326,3,IG8 0AN,27_IG8
E01003750,6.17191,2,IG7 4BB,27_IG8
E01003751,4.75922,1b,IG2 7EE,27_IG2
E01003752,10.3576,3,IG2 6AN,27_IG2
E01003753,11.4789,3,IG2 7DG,27_IG2
E01003754,7.77639,2,IG2 7AY,27_IG2
E01003755,10.0697,3,IG2 6AA,27_IG2
E01003756,6.81042,2,IG1 4AD,27_IG1
E01003757,8.02507,2,IG1 4AN,27_IG1
E01003758,6.232,2,IG1 4AA,27_IG1
E01003759,7.26913,2,E18 1BH,27_E18
E01003760,5.04545,2,E18 1DB,27_E18
E01003761,3.23433,1b,IG8 0AG,27_IG8
E01003762,3.64903,1b,E18 1DH,27_E18
E01003763,2.30167,1a,IG8 8ES,27_IG8
E01003764,7.13022,2,E18 1BJ,27_E18
E01003765,9.52741,2,E18 1BF,27_E18
E01003766,7.73922,2,IG3 8AW,27_IG3
E01003767,10.8431,3,IG3 8LU,27_IG3
E01003768,9.05979,2,IG3 8FA,27_IG3
E01003769,12.8205,3,IG3 8RZ,27_IG3
E01003770,5.43161,2,IG3 8FE,27_IG3
E01003771,7.49614,2,IG3 8FD,27_IG3
E01003772,4.92969,1b,IG3 8NA,27_IG3
E01003773,10.7614,3,IG3 8UR,27_IG3
E01003774,9.7145,2,E11 1PA,27_E11
E01003775,8.42769,2,E11 1PF,27_E11
E01003776,10.911,3,E11 1PB,27_E11
E01003777,18.1439,4,E11 2AL,27_E11
E01003778,18.1585,4,E11 1PP,27_E11
E01003779,16.8956,4,E11 1PR,27_E11
E01003780,3.48404,1b,E18 2DG,27_E18
E01003781,21.473,5,IG1 4FB,27_IG1
E01003782,19.5457,4,IG1 4BJ,27_IG1
E01003783,31.033,6a,IG1 1AR,27_IG1
E01003784,6.91525,2,IG1 3BN,27_IG1
E01003785,10.1838,3,IG1 3AH,27_IG1
E01003786,4.31107,1b,IG1 4RA,27_IG1
E01003787,8.02686,2,IG1 4DN,27_IG1
E01003788,18.5283,4,IG1 3BB,27_IG1
E01003789,13.8459,3,E11 2JG,27_E11
E01003790,0.792167,1a,E11 2LT,27_E12
E01003791,5.63005,2,E11 2NJ,27_E11
E01003792,4.31212,1b,E12 5DG,27_E12
E01003793,3.62257,1b,E11 3QX,27_E11
E01003794,4.31912,1b,E11 2BE,27_E11
E01003795,4.09305,1b,E11 2BP,27_E11
E01003796,9.25719,2,E11 2HN,27_E11
E01003797,5.50799,2,SW13 9FB,28_SW13
E01003798,9.29594,2,SW13 9AZ,28_SW13
E01003799,5.9083,2,SW13 0BH,28_SW13
E01003800,11.134399999999998,3,SW13 9AA,28_SW13
E01003801,8.94062,2,SW13 8DP,28_SW13
E01003802,4.55047,1b,SW13 8AA,28_SW13
E01003803,5.81326,2,SW13 9AG,28_SW13
E01003804,7.548720000000001,2,SW14 7AY,28_SW14
E01003805,1.12237,1a,SW14 7AA,28_SW14
E01003806,0.811559,1a,SW14 8BB,28_SW14
E01003807,9.86465,2,SW14 7ES,28_SW14
E01003808,9.59648,2,SW14 8AN,28_SW14
E01003809,4.66209,1b,SW14 8AR,28_SW14
E01003810,11.1387,3,TW11 0NU,28_TW11
E01003811,8.2283,2,TW11 8GU,28_TW11
E01003812,11.0846,3,TW11 0RA,28_TW11
E01003813,4.57371,1b,TW12 1BJ,28_TW12
E01003814,6.42948,2,TW11 0EN,28_TW11
E01003815,4.81855,1b,TW11 0LP,28_TW12
E01003816,1.70836,1a,SW13 0LE,28_TW10
E01003817,1.10055,1a,KT2 5FA,28_KT2
E01003818,2.10566,1a,TW10 7NB,28_TW10
E01003819,2.14951,1a,TW1 3EB,28_TW10
E01003820,3.48605,1b,TW10 7BH,28_TW10
E01003821,5.4214,2,TW10 5HU,28_TW10
E01003822,5.04173,2,TW12 2AT,28_TW12
E01003823,2.93877,1b,KT8 9AN,28_KT8
E01003824,5.92928,2,TW12 2JH,28_TW12
E01003825,3.41686,1b,TW12 2JJ,28_TW12
E01003826,2.08333,1a,TW12 2AF,28_TW12
E01003827,4.66336,1b,TW12 1BB,28_TW12
E01003828,4.59622,1b,TW12 3BB,28_TW12
E01003829,3.80589,1b,TW12 1AA,28_TW12
E01003830,4.82117,1b,TW12 1AX,28_TW12
E01003831,3.87613,1b,TW12 1EE,28_TW12
E01003832,3.55058,1b,TW12 3PJ,28_TW12
E01003833,4.08739,1b,TW12 3LT,28_TW12
E01003834,6.750029999999999,2,KT1 1DZ,28_KT1
E01003835,3.94543,1b,TW11 9JP,28_TW11
E01003836,6.586380000000001,2,TW11 9BB,28_TW11
E01003837,1.94871,1a,TW11 9FE,28_TW11
E01003838,6.61121,2,TW11 9AZ,28_TW11
E01003839,10.2645,3,KT1 4AH,28_KT1
E01003840,4.07902,1b,TW2 7AH,28_TW2
E01003841,3.7115799999999997,1b,TW2 6AU,28_TW2
E01003842,3.1675,1b,TW2 6EA,28_TW2
E01003843,4.02523,1b,TW2 6AD,28_TW2
E01003844,6.60147,2,TW2 6HA,28_TW2
E01003845,2.95048,1b,TW2 6AA,28_TW2
E01003846,6.95003,2,TW9 3HA,28_TW9
E01003847,3.69849,1b,TW9 2AA,28_TW9
E01003848,15.4261,4,TW9 2AD,28_TW9
E01003849,8.61002,2,TW9 2AH,28_TW9
E01003851,8.5644,2,TW10 3DJ,28_TW9
E01003852,12.4464,3,SW13 0BE,28_SW13
E01003853,9.37238,2,SW13 0AB,28_SW13
E01003854,10.7595,3,SW13 0AA,28_SW13
E01003855,5.24718,2,SW13 0BD,28_SW14
E01003856,8.31485,2,SW14 8EY,28_SW14
E01003857,6.61309,2,SW13 0AH,28_SW13
E01003858,7.39134,2,SW13 0AS,28_SW13
E01003859,8.3253,2,SW14 7BB,28_SW14
E01003860,6.975280000000001,2,TW9 2AQ,28_TW9
E01003861,23.908599999999996,5,TW9 1YE,28_TW9
E01003862,12.0508,3,TW10 5AH,28_TW10
E01003863,15.0247,4,TW10 5AA,28_TW10
E01003864,14.337,3,TW9 2AN,28_TW9
E01003865,7.77851,2,SW14 7BS,28_SW14
E01003866,7.67142,2,TW1 1AS,28_TW1
E01003867,7.95438,2,TW1 1AY,28_TW1
E01003868,12.3467,3,TW1 1JN,28_TW1
E01003869,11.5189,3,TW1 1BA,28_TW1
E01003870,8.73501,2,TW1 1AA,28_TW1
E01003871,4.66096,1b,TW1 1AF,28_TW1
E01003872,6.12385,2,TW1 1LT,28_TW1
E01003873,26.006700000000002,6a,TW10 6BX,28_TW10
E01003874,13.3992,3,TW10 6AG,28_TW10
E01003875,6.25354,2,TW10 5AJ,28_TW10
E01003876,26.8666,6a,TW10 5BQ,28_TW10
E01003877,14.9334,3,TW10 6AA,28_TW10
E01003878,1.55146,1a,TW10 5AQ,28_TW10
E01003879,3.26691,1b,TW10 6BS,28_TW10
E01003880,9.85247,2,TW1 4FA,28_TW1
E01003881,6.03848,2,TW1 4AS,28_TW1
E01003882,16.6946,4,TW1 3SQ,28_TW1
E01003883,9.50809,2,TW1 4HR,28_TW1
E01003884,10.1512,3,TW1 4BH,28_TW1
E01003885,9.96644,2,TW11 8UR,28_TW2
E01003886,10.973400000000002,3,TW11 0AS,28_TW11
E01003887,11.9381,3,TW11 0AA,28_TW11
E01003888,4.75512,1b,TW11 0AH,28_TW11
E01003889,2.32395,1a,KT1 4AZ,28_TW11
E01003890,5.62006,2,TW1 4TD,28_TW1
E01003891,6.20244,2,TW11 8AA,28_TW11
E01003892,7.62476,2,TW1 2DZ,28_TW1
E01003893,12.3608,3,TW1 1RN,28_TW1
E01003894,14.35,3,TW1 2AR,28_TW1
E01003895,10.141,3,TW1 2NA,28_TW1
E01003896,18.0048,4,TW1 3AA,28_TW1
E01003897,21.7385,5,TW1 3HB,28_TW1
E01003898,11.1942,3,TW1 3EY,28_TW2
E01003899,8.2658,2,TW2 5AP,28_TW2
E01003900,7.394900000000001,2,TW2 5AU,28_TW2
E01003901,1.69309,1a,TW2 5DJ,28_TW2
E01003902,7.089429999999999,2,TW2 5AS,28_TW2
E01003903,5.39507,2,TW13 6EZ,28_TW13
E01003904,5.06126,2,TW2 5AN,28_TW2
E01003905,5.18296,2,TW2 7AQ,28_TW2
E01003906,7.87389,2,TW2 7BX,28_TW2
E01003907,2.00928,1a,TW2 7AA,28_TW2
E01003908,6.12218,2,TW2 7AP,28_TW2
E01003909,7.826950000000001,2,TW2 7AZ,28_TW2
E01003910,4.11358,1b,TW2 7EG,28_TW2
E01003911,14.284999999999998,3,SE5 5SA,29_SE5
E01003912,13.4737,3,SE15 5PL,29_SE5
E01003913,25.1306,6a,SE5 7AP,29_SE5
E01003914,13.8509,3,SE15 5AL,29_SE15
E01003915,7.36537,2,SE5 8HY,29_SE5
E01003916,7.25009,2,SE15 6AB,29_SE15
E01003917,12.0831,3,SE5 7AX,29_SE5
E01003918,18.7464,4,SE5 7AL,29_SE5
E01003919,20.7302,5,SE5 0AT,29_SE5
E01003920,21.9918,5,SE5 0AD,29_SE5
E01003921,33.812,6a,SE5 0AG,29_SE5
E01003922,27.1055,6a,SE24 0LS,29_SE5
E01003923,19.9945,4,SE17 3UN,29_SE5
E01003924,23.2131,5,SE5 0AQ,29_SE5
E01003925,16.701,4,SE5 7FA,29_SE5
E01003926,15.3548,4,SE5 0BB,29_SE5
E01003927,79.5195,6b,SE1 0AW,29_SE1
E01003929,91.8262,6b,SE1 0AB,29_SE1
E01003930,98.7026,6b,SE1 0AE,29_SE1
E01003932,78.2513,6b,SE1 0AA,29_SE1
E01003933,63.6931,6b,SE1 6BH,29_SE1
E01003934,68.6494,6b,SE1 0BL,29_SE1
E01003935,67.2449,6b,SE1 0NQ,29_SE1
E01003936,55.6753,6b,SE1 1BY,29_SE1
E01003937,76.3364,6b,SE1 1AY,29_SE1
E01003938,63.91470000000001,6b,SE1 1YG,29_SE1
E01003939,89.4512,6b,SE1 1AA,29_SE1
E01003940,31.057,6a,SE1 3EP,29_SE1
E01003941,19.919,4,SE1 3FD,29_SE1
E01003942,30.046900000000004,6a,SE1 4AA,29_SE1
E01003943,65.1941,6b,SE1 4JN,29_SE1
E01003945,6.433209999999999,2,SE21 7EZ,29_SE21
E01003946,8.85067,2,SE19 1HD,29_SE19
E01003947,8.84743,2,SE19 1UU,29_SE19
E01003948,15.388699999999998,4,SE19 1HA,29_SE19
E01003949,9.00387,2,SE22 0AE,29_SE22
E01003950,8.68232,2,SE21 7EX,29_SE21
E01003951,4.94678,1b,SE21 7BY,29_SE21
E01003952,16.5506,4,SE22 8AS,29_SE22
E01003953,17.4577,4,SE22 8AU,29_SE22
E01003954,12.408699999999998,3,SE22 0BX,29_SE22
E01003955,11.1178,3,SE22 0AP,29_SE22
E01003956,11.4817,3,SE22 8HA,29_SE22
E01003957,9.48494,2,SE22 0AN,29_SE22
E01003958,11.488,3,SE22 0AA,29_SE22
E01003960,32.6668,6a,SE1 4AZ,29_SE1
E01003961,21.5532,5,SE1 5TU,29_SE1
E01003963,27.8448,6a,SE17 1AA,29_SE17
E01003964,12.6048,3,SE1 5AA,29_SE1
E01003966,19.6325,4,SE1 5QY,29_SE1
E01003967,19.6174,4,SE17 2AS,29_SE17
E01003968,6.82276,2,SE17 2BS,29_SE17
E01003969,20.5273,5,SE17 2AJ,29_SE17
E01003970,9.20853,2,SE1 4SA,29_SE17
E01003971,13.481599999999998,3,SE17 2AA,29_SE17
E01003972,14.3897,3,SE17 2AQ,29_SE17
E01003973,23.6952,5,SE17 2DL,29_SE17
E01003974,9.0756,2,SE17 2BF,29_SE17
E01003975,10.9034,3,SE1 3EH,29_SE1
E01003976,21.5032,5,SE1 3AA,29_SE1
E01003977,7.06045,2,SE1 3AR,29_SE1
E01003978,9.21538,2,SE1 3AD,29_SE1
E01003979,18.2871,4,SE1 0DE,29_SE1
E01003980,15.543800000000001,4,SE1 5LU,29_SE1
E01003981,84.3865,6b,SE1 2EG,29_SE1
E01003983,13.772,3,SE15 1AQ,29_SE15
E01003984,20.6753,5,SE15 1AJ,29_SE15
E01003986,13.141099999999998,3,SE16 2AN,29_SE16
E01003987,4.31175,1b,SE15 1TL,29_SE16
E01003988,10.7857,3,SE15 1AL,29_SE15
E01003989,9.99103,2,SE1 5AU,29_SE15
E01003990,11.067200000000001,3,SE15 6BJ,29_SE15
E01003991,8.15529,2,SE17 3FS,29_SE17
E01003992,16.5964,4,SE11 4AT,29_SE11
E01003993,8.92975,2,SE17 3HZ,29_SE17
E01003994,35.947,6a,SE17 1JD,29_SE17
E01003995,45.6154,6b,SE11 4JA,29_SE17
E01003997,18.504,4,SE17 2GD,29_SE17
E01003998,34.3612,6a,SE11 4AS,29_SE11
E01003999,18.3586,4,SE17 3DR,29_SE17
E01004000,13.3242,3,SE15 2AP,29_SE15
E01004001,8.26902,2,SE15 3AG,29_SE15
E01004002,7.92082,2,SE15 3BS,29_SE15
E01004003,17.3645,4,SE14 5BE,29_SE14
E01004004,23.1322,5,SE14 5BJ,29_SE14
E01004005,24.5143,5,SE15 2AA,29_SE15
E01004006,16.3159,4,SE15 2AE,29_SE15
E01004007,10.8004,3,SE15 5GG,29_SE15
E01004008,28.8441,6a,SE15 1AA,29_SE15
E01004010,25.2333,6a,SE15 5DJ,29_SE15
E01004011,10.4316,3,SE15 5JJ,29_SE15
E01004012,5.62015,2,SE15 6AE,29_SE15
E01004013,14.4653,3,SE15 5FA,29_SE15
E01004014,6.73928,2,SE15 6AJ,29_SE15
E01004015,10.0316,3,SE15 3HU,29_SE22
E01004016,8.0044,2,SE15 3AF,29_SE15
E01004017,7.87077,2,SE22 0DZ,29_SE22
E01004018,6.66859,2,SE22 0ER,29_SE22
E01004019,11.8681,3,SE15 3BP,29_SE15
E01004020,4.82233,1b,SE15 3AA,29_SE15
E01004021,16.2104,4,SE22 9AF,29_SE22
E01004022,14.7083,3,SE16 2BT,29_SE16
E01004023,14.2545,3,SE16 4BH,29_SE16
E01004024,14.9454,3,SE16 2DQ,29_SE16
E01004027,71.8499,6b,SE1 2AA,29_SE1
E01004028,12.668400000000002,3,SE1 2AN,29_SE1
E01004029,15.8999,4,SE16 1DA,29_SE16
E01004030,17.3639,4,SE16 1DD,29_SE16
E01004031,27.0332,6a,SE16 1AT,29_SE16
E01004032,18.9261,4,SE16 1AB,29_SE16
E01004033,25.9337,6a,SE16 1AX,29_SE16
E01004034,16.6904,4,SE16 2EE,29_SE16
E01004035,17.2006,4,SE16 2AP,29_SE16
E01004036,22.6585,5,SE16 2AA,29_SE16
E01004037,12.224,3,SE1 5DB,29_SE1
E01004038,11.185300000000002,3,SE1 5DE,29_SE1
E01004039,12.7657,3,SE1 5DX,29_SE1
E01004040,18.2292,4,SE1 5ED,29_SE1
E01004041,14.4436,3,SE1 5DZ,29_SE1
E01004042,9.920280000000002,2,SE1 5BH,29_SE1
E01004043,7.1296,2,SE1 5BL,29_SE1
E01004044,11.5705,3,SE1 5PN,29_SE1
E01004045,15.3488,4,SE22 8AF,29_SE22
E01004046,16.7826,4,SE15 4AJ,29_SE15
E01004047,14.547200000000002,3,SE24 9PZ,29_SE24
E01004048,11.6454,3,SE22 8BA,29_SE22
E01004049,21.311699999999995,5,SE22 8AA,29_SE22
E01004050,13.6149,3,SE5 8BD,29_SE5
E01004051,21.4085,5,SE5 8AW,29_SE5
E01004052,13.678,3,SE15 4AF,29_SE15
E01004053,9.53678,2,SE16 1BS,29_SE16
E01004054,4.39974,1b,SE16 1DZ,29_SE16
E01004055,4.43278,1b,SE16 1EA,29_SE16
E01004056,6.09608,2,SE16 1EX,29_SE16
E01004057,8.45748,2,SE16 1AS,29_SE16
E01004058,2.70729,1b,SE16 1FH,29_SE16
E01004059,17.7769,4,SE16 1LA,29_SE16
E01004060,19.2869,4,SE16 1AA,29_SE16
E01004061,23.2533,5,SE15 4AA,29_SE15
E01004062,30.557199999999998,6a,SE15 3NH,29_SE15
E01004063,25.4598,6a,SE15 4AL,29_SE15
E01004064,20.416000000000004,5,SE15 3AP,29_SE15
E01004065,21.1206,5,SE15 4BF,29_SE15
E01004066,23.871699999999997,5,SE15 5AD,29_SE15
E01004067,39.3049,6a,SE15 1BX,29_SE15
E01004068,17.4789,4,SE15 2AG,29_SE15
E01004069,6.49154,2,SE21 7AB,29_SE21
E01004070,13.7166,3,SE21 7AR,29_SE21
E01004071,11.1411,3,SE22 8PR,29_SE22
E01004072,10.2607,3,SE21 7DE,29_SE21
E01004073,18.2363,4,SE21 7AN,29_SE21
E01004074,18.376,4,SE24 9AA,29_SE24
E01004075,5.99604,2,SE21 7AH,29_SE21
E01004076,3.7759499999999995,1b,CR0 3AQ,30_CR0
E01004077,7.05502,2,CR0 4AL,30_CR0
E01004078,3.24312,1b,CR0 4FL,30_CR0
E01004079,4.75835,1b,SM6 8AS,30_SM6
E01004080,8.65035,2,CR0 4PD,30_CR0
E01004081,5.10348,2,SM6 8JH,30_SM6
E01004082,6.09718,2,CR0 4NP,30_CR0
E01004083,3.38368,1b,SM6 9AF,30_SM6
E01004084,3.22483,1b,CR2 3PA,30_CR8
E01004085,1.54295,1a,CR2 2JE,30_CR8
E01004086,5.73115,2,CR0 4FA,30_CR0
E01004087,4.41837,1b,SM6 9DE,30_SM6
E01004088,3.09877,1b,CR0 4RW,30_SM6
E01004089,4.1885,1b,SM6 9AD,30_SM6
E01004090,8.44048,2,SM2 5FA,30_SM2
E01004091,4.25247,1b,SM2 5DF,30_SM2
E01004092,4.75012,1b,SM2 5HG,30_SM2
E01004093,3.4715599999999998,1b,SM2 5AT,30_SM2
E01004094,7.4126,2,SM2 5NN,30_SM2
E01004095,3.52492,1b,SM2 6DN,30_SM2
E01004096,5.89197,2,SM2 5AA,30_SM2
E01004097,9.32313,2,SM1 4NY,30_SM1
E01004098,9.22396,2,SM5 3AU,30_SM5
E01004099,10.5112,3,SM5 2AD,30_SM5
E01004100,9.47192,2,SM1 3QT,30_SM1
E01004101,6.18213,2,SM1 3QB,30_SM1
E01004102,9.73324,2,SM5 3AG,30_SM5
E01004103,6.0167,2,SM1 3RA,30_SM1
E01004104,7.20562,2,SM5 1XE,30_SM5
E01004105,7.63036,2,SM5 1XF,30_SM5
E01004106,2.67298,1b,SM5 1XG,30_SM5
E01004107,4.93898,1b,SM5 3HU,30_SM5
E01004108,0.70214,1a,CR2 3NG,30_CR5
E01004109,2.80366,1b,CR3 2DX,30_CR5
E01004110,9.51512,2,SM1 1TL,30_SM1
E01004111,6.750659999999999,2,SM3 8AE,30_SM3
E01004112,6.135500000000001,2,SM2 7AQ,30_SM2
E01004114,0.541711,1a,KT17 3HL,30_KT17
E01004115,3.24227,1b,SM1 1TF,30_SM1
E01004116,3.31165,1b,KT17 2DF,30_KT17
E01004117,1.40874,1a,KT17 2JJ,30_KT17
E01004118,8.16664,2,KT4 8TL,30_KT4
E01004119,6.30588,2,SM3 8LA,30_SM3
E01004120,5.05801,2,SM3 8DT,30_SM3
E01004121,8.31877,2,KT4 7AA,30_KT4
E01004122,4.23612,1b,KT4 8FS,30_KT4
E01004123,8.48172,2,SM1 3HA,30_SM1
E01004124,3.97712,1b,SM1 3JJ,30_SM1
E01004125,6.71199,2,SM5 1NP,30_SM5
E01004126,7.11746,2,SM5 1NH,30_SM5
E01004127,5.67364,2,SM5 1RB,30_SM5
E01004128,6.5381,2,SM1 3LY,30_SM1
E01004129,9.46177,2,SM4 6BL,30_SM4
E01004130,4.30973,1b,SM1 2ER,30_SM1
E01004131,5.57155,2,SM3 9AH,30_SM3
E01004132,4.67314,1b,SM3 9AP,30_SM3
E01004133,3.93757,1b,SM3 9QE,30_SM3
E01004134,6.81465,2,SM3 9EF,30_SM3
E01004135,4.40326,1b,SM3 9BF,30_SM3
E01004136,4.69217,1b,SM3 9BL,30_SM3
E01004137,26.1402,6a,SM1 1NL,30_SM1
E01004138,7.84391,2,SM1 1TS,30_SM1
E01004139,14.2341,3,SM1 4EY,30_SM1
E01004140,17.5219,4,SM1 1GJ,30_SM1
E01004141,9.34952,2,SM1 1TH,30_SM1
E01004142,26.9452,6a,SM1 1AA,30_SM1
E01004143,16.9251,4,SM1 1RT,30_SM1
E01004144,9.66375,2,SM1 1TT,30_SM1
E01004145,7.51904,2,SM1 2ND,30_SM1
E01004146,15.827199999999998,4,SM1 1AP,30_SM1
E01004147,3.92044,1b,SM1 3BB,30_SM1
E01004148,9.0427,2,SM1 1QH,30_SM1
E01004149,9.58367,2,SM1 1SQ,30_SM1
E01004150,20.9115,5,SM2 5AJ,30_SM2
E01004151,7.49818,2,SM2 5AH,30_SM2
E01004152,21.2158,5,SM2 5AD,30_SM2
E01004153,9.76001,2,SM2 5EJ,30_SM2
E01004154,3.80326,1b,SM1 1TR,30_SM2
E01004155,10.2037,3,SM1 1TP,30_SM2
E01004156,24.6079,5,SM1 1BD,30_SM1
E01004157,10.4998,3,SM1 2BP,30_SM1
E01004158,11.7387,3,SM1 2AP,30_SM1
E01004159,6.7979,2,SM1 2EY,30_SM1
E01004160,8.87518,2,SM1 2EG,30_SM1
E01004161,5.60948,2,SM1 2AR,30_SM1
E01004162,24.0352,5,SM1 1SF,30_SM1
E01004163,4.52095,1b,SM5 2AA,30_SM5
E01004164,7.52413,2,SM5 2BB,30_SM5
E01004165,10.4605,3,SM1 3BN,30_SM1
E01004166,7.40919,2,SM5 2FQ,30_SM5
E01004167,5.05317,2,SM1 3NU,30_SM1
E01004168,4.51784,1b,SM1 3AS,30_SM1
E01004169,3.35493,1b,SM5 2AX,30_SM5
E01004170,14.5635,3,SM5 1AQ,30_SM5
E01004171,6.44747,2,SM6 7BY,30_SM6
E01004172,12.2242,3,SM5 3EH,30_SM5
E01004173,5.45471,2,SM6 7LF,30_SM6
E01004174,13.1422,3,SM6 0BT,30_SM6
E01004175,5.46785,2,SM5 2JT,30_SM5
E01004176,9.35599,2,SM3 2TN,30_SM5
E01004177,14.8969,3,SM6 0BL,30_SM6
E01004178,14.112399999999997,3,SM5 3TL,30_SM6
E01004179,8.52539,2,SM6 0NP,30_SM6
E01004180,4.53779,1b,SM5 3HG,30_SM5
E01004181,5.01894,2,SM6 0NY,30_SM6
E01004182,7.58279,2,SM6 8EE,30_SM6
E01004183,5.65039,2,SM5 1HA,30_SM5
E01004184,3.30352,1b,CR4 4AU,30_SM5
E01004185,4.87253,1b,CR4 4AN,30_CR4
E01004186,5.5434,2,CR4 4AQ,30_CR4
E01004187,3.7794299999999996,1b,SM5 1DG,30_SM5
E01004188,8.86803,2,SM5 2AT,30_SM6
E01004189,4.47979,1b,SM4 6AP,30_SM4
E01004190,5.60699,2,KT4 8JW,30_KT4
E01004191,8.52861,2,KT4 8GT,30_KT4
E01004192,3.14772,1b,KT4 8AN,30_KT4
E01004193,1.71941,1a,KT4 8BP,30_KT4
E01004194,3.73655,1b,KT4 8FR,30_KT4
E01004195,9.10362,2,KT4 7GN,30_KT4
E01004196,5.46255,2,KT4 8FH,30_KT4
E01004197,29.8934,6a,E2 9BF,31_E2
E01004198,33.5544,6a,E2 6LA,31_E2
E01004199,32.2057,6a,E2 0AR,31_E2
E01004200,26.5526,6a,E2 6DE,31_E2
E01004201,19.28,4,E2 9AT,31_E2
E01004202,21.4444,5,E2 0AL,31_E2
E01004203,34.5256,6a,E2 0AF,31_E2
E01004204,21.0849,5,E2 6AA,31_E2
E01004205,28.123,6a,E1 5AX,31_E1
E01004206,38.9577,6a,E1 4HG,31_E1
E01004207,25.674600000000005,6a,E1 4AB,31_E1
E01004208,35.6349,6a,E1 1AH,31_E1
E01004209,40.5405,6b,E1 4HH,31_E1
E01004211,32.3515,6a,E1 5BL,31_E1
E01004212,38.7847,6a,E1 5PH,31_E1
E01004214,7.14288,2,E14 3EY,31_E14
E01004215,14.2162,3,E14 3BQ,31_E14
E01004216,6.18123,2,E14 3GD,31_E14
E01004217,11.705599999999999,3,E14 3BA,31_E14
E01004218,8.6647,2,E14 3AZ,31_E14
E01004219,19.2056,4,E14 0AB,31_E14
E01004221,11.3008,3,E14 3ES,31_E14
E01004222,6.98327,2,E3 2ER,31_E3
E01004223,5.92212,2,E3 2HE,31_E3
E01004224,8.30931,2,E15 2DU,31_E3
E01004225,20.7924,5,E3 2GE,31_E3
E01004226,10.4038,3,E3 2EL,31_E3
E01004228,17.148,4,E3 2DB,31_E3
E01004229,29.335400000000003,6a,E3 2AB,31_E3
E01004230,27.551899999999996,6a,E3 5BE,31_E3
E01004231,29.3028,6a,E3 2AD,31_E3
E01004232,32.0417,6a,E3 4PA,31_E3
E01004233,6.28465,2,E1 8PQ,31_E3
E01004234,7.25082,2,E3 5FB,31_E3
E01004235,25.726,6a,E3 3AP,31_E3
E01004236,21.991000000000003,5,E3 3BS,31_E3
E01004237,18.5001,4,E3 3AA,31_E3
E01004238,17.7536,4,E3 3BF,31_E3
E01004239,16.9909,4,E3 3EU,31_E3
E01004240,8.6288,2,E3 4BS,31_E3
E01004241,8.70052,2,E3 3PR,31_E3
E01004242,10.2595,3,E3 3AE,31_E3
E01004243,7.29609,2,E14 0HY,31_E14
E01004244,13.0746,3,E14 0EB,31_E14
E01004245,7.34005,2,E14 0BD,31_E14
E01004246,12.0728,3,E14 0QZ,31_E14
E01004247,19.0953,4,E14 0EA,31_E14
E01004248,13.4695,3,E14 6FZ,31_E14
E01004249,6.84756,2,E14 0BW,31_E14
E01004250,8.37663,2,E14 6AU,31_E14
E01004251,23.5241,5,E14 7DA,31_E14
E01004252,16.7394,4,E14 0DX,31_E14
E01004253,13.7573,3,E14 6DQ,31_E14
E01004254,19.226599999999998,4,E14 7FA,31_E14
E01004255,27.821000000000005,6a,E14 7FJ,31_E14
E01004256,13.9344,3,E14 0AF,31_E14
E01004257,15.2477,4,E14 0AA,31_E14
E01004258,17.5069,4,E14 7JP,31_E14
E01004259,31.9958,6a,E1 4BX,31_E1
E01004260,21.7834,5,E2 0FZ,31_E2
E01004261,28.593,6a,E1 4BH,31_E1
E01004262,16.9731,4,E1 4AA,31_E1
E01004263,19.8637,4,E1 4BP,31_E1
E01004264,23.0744,5,E1 4LR,31_E1
E01004266,22.3715,5,E2 0JH,31_E2
E01004267,21.3283,5,E3 3AB,31_E3
E01004268,24.2133,5,E3 4JW,31_E3
E01004269,31.7244,6a,E3 4FX,31_E3
E01004270,23.2713,5,E3 4BH,31_E3
E01004271,14.9648,3,E3 4AS,31_E3
E01004272,10.4517,3,E14 7AP,31_E14
E01004273,12.7581,3,E14 7AA,31_E14
E01004274,8.98745,2,E14 3GZ,31_E14
E01004275,10.8607,3,E14 3AA,31_E14
E01004276,9.41663,2,E14 3AF,31_E14
E01004277,21.0044,5,E14 3YJ,31_E14
E01004280,6.5216,2,E14 3AL,31_E14
E01004281,9.99369,2,E14 3QT,31_E14
E01004283,17.323,4,E1 0QH,31_E1
E01004284,18.5436,4,E1 3DG,31_E1
E01004285,18.3407,4,E1 0EN,31_E1
E01004286,25.1716,6a,E1 0ND,31_E1
E01004287,22.6712,5,E1 0LA,31_E1
E01004288,24.2715,5,E1 0HJ,31_E1
E01004289,19.8905,4,E1 0EP,31_E1
E01004290,22.4236,5,E1 3FA,31_E1
E01004291,13.622099999999998,3,E1 9NE,31_E1W
E01004292,11.6572,3,E1 9JD,31_E1W
E01004293,19.9286,4,E1 9AA,31_E1W
E01004294,28.0476,6a,E1 8AS,31_E1
E01004295,19.1191,4,E1 0BJ,31_E1
E01004296,18.8066,4,E1 9AY,31_E1W
E01004297,15.9929,4,E1 9FQ,31_E1W
E01004298,27.7415,6a,E1 0AA,31_E1
E01004300,26.0274,6a,E1 0AF,31_E1
E01004301,27.033799999999996,6a,E1 0BH,31_E1
E01004302,32.6974,6a,E1 0AU,31_E1
E01004303,20.0144,5,E1 0AE,31_E1
E01004304,26.5155,6a,E1 2BE,31_E1
E01004305,24.8217,5,E1 0AB,31_E1
E01004306,46.8554,6b,E1 1EF,31_E1
E01004307,76.633,6b,E1 6AA,31_E1
E01004308,17.9988,4,E1 5AB,31_E1
E01004309,38.8114,6a,E1 1AQ,31_E1
E01004310,91.22150000000002,6b,E1 5LU,31_E1
E01004311,25.8851,6a,E2 7DZ,31_E2
E01004312,15.060899999999998,4,E2 6AR,31_E2
E01004313,23.7138,5,E2 0AA,31_E2
E01004314,15.0317,4,E2 6NP,31_E2
E01004315,26.8641,6a,E2 6DL,31_E2
E01004316,40.0847,6b,E2 7DF,31_E2
E01004317,26.3875,6a,E1 5AR,31_E1
E01004318,17.2967,4,E2 7AT,31_E2
E01004319,27.4237,6a,E1 1AW,31_E1
E01004321,31.5002,6a,E1 1DD,31_E1
E01004322,35.3089,6a,E1 0JA,31_E1
E01004323,31.3955,6a,E1 2BJ,31_E1
E01004324,22.2961,5,E1 2EL,31_E1
E01004325,41.3271,6b,E1 1AE,31_E1
E01004326,29.318199999999997,6a,E1 2AP,31_E1
E01004327,6.34881,2,E11 3EU,32_E11
E01004328,9.28759,2,E11 3FF,32_E11
E01004329,4.81106,1b,E11 3NJ,32_E11
E01004330,6.35237,2,E11 3LB,32_E11
E01004331,7.28664,2,E7 0AA,32_E7
E01004332,9.08841,2,E11 3HT,32_E11
E01004333,15.0356,4,E11 3DD,32_E11
E01004334,10.6936,3,E11 3EG,32_E11
E01004335,12.1712,3,E11 4FA,32_E11
E01004336,24.4388,5,E10 5QB,32_E11
E01004337,19.5516,4,E15 2AB,32_E15
E01004338,22.3495,5,E11 4ET,32_E11
E01004339,18.5877,4,E11 4GW,32_E11
E01004340,17.6236,4,E11 4DD,32_E11
E01004341,10.5235,3,E11 4AY,32_E11
E01004342,6.83652,2,E17 0SA,32_E17
E01004343,6.117659999999999,2,E17 4EH,32_E17
E01004344,6.04218,2,E17 4HP,32_E17
E01004345,5.84532,2,E17 4BD,32_E17
E01004346,7.4411,2,E17 5AH,32_E17
E01004347,6.88917,2,E17 4GN,32_E17
E01004348,7.852890000000001,2,E17 4AF,32_E17
E01004349,2.60566,1b,E4 7PB,32_E4
E01004350,4.14689,1b,E4 7JH,32_E4
E01004351,4.51648,1b,E4 7DX,32_E4
E01004352,5.24564,2,E4 6AB,32_E4
E01004353,6.12753,2,E4 6AS,32_E4
E01004354,12.489399999999998,3,E4 0AD,32_E4
E01004355,3.71726,1b,E4 6PX,32_E4
E01004356,2.9095,1b,E4 6RB,32_E4
E01004357,4.8265,1b,E4 6QH,32_E4
E01004358,6.90069,2,E4 6AE,32_E4
E01004359,8.0844,2,E4 6FB,32_E4
E01004360,4.52015,1b,E4 6FA,32_E4
E01004361,3.5534299999999996,1b,E4 7SG,32_E4
E01004362,7.0128,2,E11 1ES,32_E11
E01004363,12.969,3,E10 6BS,32_E10
E01004364,16.0909,4,E10 6AA,32_E10
E01004365,23.6092,5,E10 6AE,32_E10
E01004366,8.71114,2,E10 6EF,32_E10
E01004367,15.6319,4,E10 6BQ,32_E10
E01004368,13.33,3,E10 6GJ,32_E10
E01004369,9.78475,2,E10 6LE,32_E10
E01004370,9.52782,2,E10 6EZ,32_E10
E01004371,19.5027,4,E10 6PE,32_E11
E01004372,8.72288,2,E10 6NT,32_E10
E01004373,17.7363,4,E10 6AB,32_E10
E01004374,19.7298,4,E10 6PN,32_E10
E01004375,20.0761,5,E10 5PP,32_E10
E01004376,24.7734,5,E10 5PS,32_E10
E01004377,3.08518,1b,E17 4BT,32_E17
E01004378,6.17796,2,E17 4AH,32_E17
E01004379,8.17743,2,E4 9AF,32_E4
E01004380,2.8278899999999996,1b,E4 9PH,32_E4
E01004381,8.76649,2,E17 4EA,32_E17
E01004382,5.87665,2,E4 9AE,32_E4
E01004383,6.11087,2,E4 9NP,32_E4
E01004384,5.84033,2,E4 6BP,32_E4
E01004385,3.257,1b,IG8 0UL,32_IG8
E01004386,4.42532,1b,E4 6LR,32_E4
E01004387,3.75753,1b,E4 9QL,32_E4
E01004388,6.773599999999999,2,E4 9LA,32_E4
E01004389,4.8808,1b,E4 6DN,32_E4
E01004390,3.63477,1b,E4 6BW,32_E4
E01004391,10.313,3,E17 6JJ,32_E17
E01004392,18.7884,4,E17 3GU,32_E17
E01004393,15.195,4,E17 6GW,32_E17
E01004394,14.7573,3,E17 7AH,32_E17
E01004395,1.08716,1a,E17 7HD,32_E17
E01004396,14.3206,3,E17 6JG,32_E17
E01004397,28.861299999999996,6a,E17 3AX,32_E17
E01004398,4.36378,1b,E17 5NX,32_E17
E01004399,2.59091,1b,E17 5EA,32_E17
E01004400,5.892250000000001,2,E17 5DQ,32_E17
E01004401,6.750990000000001,2,E17 5QD,32_E17
E01004402,3.6788,1b,E17 5NH,32_E17
E01004403,5.867880000000001,2,E17 5BB,32_E17
E01004404,5.17408,2,E17 5RX,32_E17
E01004405,19.4201,4,E10 6AL,32_E10
E01004406,27.6919,6a,E17 8JX,32_E17
E01004407,9.34314,2,E17 3BX,32_E17
E01004408,13.095600000000001,3,E17 3BF,32_E17
E01004409,22.0624,5,E10 7YP,32_E17
E01004410,11.5197,3,E17 3BD,32_E17
E01004411,32.454,6a,E17 3AG,32_E17
E01004412,19.3702,4,E17 9AD,32_E17
E01004413,5.41724,2,E4 6NL,32_E4
E01004414,7.947099999999999,2,E4 6SJ,32_E4
E01004415,4.49868,1b,E4 6TE,32_E4
E01004416,3.92694,1b,E4 6NR,32_E4
E01004417,7.439100000000001,2,E4 8JL,32_E4
E01004418,7.82563,2,E4 9AB,32_E4
E01004419,7.7111,2,E4 8BJ,32_E4
E01004420,20.7897,5,E10 6AR,32_E10
E01004421,11.1775,3,E10 7FH,32_E17
E01004422,4.31176,1b,E10 7AB,32_E10
E01004423,13.0784,3,E10 7AH,32_E10
E01004424,8.5424,2,E10 7BJ,32_E10
E01004425,9.560439999999998,2,E10 7JS,32_E10
E01004426,8.41691,2,E10 7AP,32_E10
E01004427,4.97309,1b,E10 7FE,32_E10
E01004428,4.58703,1b,E10 5GT,32_E10
E01004429,5.34133,2,E10 5BY,32_E10
E01004430,15.1683,4,E10 5FA,32_E10
E01004432,9.69303,2,E10 5AY,32_E10
E01004434,3.7311300000000003,1b,E10 5EU,32_E10
E01004435,11.7187,3,E10 5DZ,32_E10
E01004436,17.9811,4,E11 1AD,32_E11
E01004437,22.0963,5,E11 1AY,32_E11
E01004438,23.2982,5,E11 1AF,32_E11
E01004439,20.6552,5,E11 1AB,32_E11
E01004440,25.9134,6a,E11 1AA,32_E11
E01004441,22.3005,5,E11 3BG,32_E11
E01004442,14.7691,3,E11 1AG,32_E11
E01004443,31.532300000000003,6a,E17 7LP,32_E17
E01004444,17.6674,4,E17 7FE,32_E17
E01004445,16.6579,4,E17 7PY,32_E17
E01004446,12.5915,3,E17 7PE,32_E17
E01004447,16.1854,4,E17 8JU,32_E17
E01004448,4.27719,1b,E10 7AS,32_E17
E01004449,4.72708,1b,E17 8BL,32_E17
E01004450,2.76542,1b,E4 8EG,32_E4
E01004451,3.8228000000000004,1b,E4 6SU,32_E4
E01004452,8.98181,2,E4 6SH,32_E4
E01004453,3.34808,1b,E4 8DJ,32_E4
E01004454,7.48551,2,E4 8BF,32_E4
E01004455,8.81325,2,E4 8LU,32_E4
E01004456,2.38199,1a,E4 8GP,32_E4
E01004457,8.10185,2,E17 4AG,32_E17
E01004458,9.88024,2,E17 5BE,32_E17
E01004459,5.33983,2,E17 5EZ,32_E17
E01004460,11.8487,3,E17 4NZ,32_E17
E01004461,14.3995,3,E17 6BG,32_E17
E01004462,12.752000000000002,3,E17 4QR,32_E17
E01004463,6.27086,2,E17 5BD,32_E17
E01004464,10.4803,3,E17 3EY,32_E17
E01004465,14.7005,3,E17 3FU,32_E17
E01004466,10.3848,3,E17 9BZ,32_E17
E01004467,14.8805,3,E17 3GL,32_E17
E01004468,4.49017,1b,E11 1PH,32_E11
E01004469,7.57519,2,E17 3GJ,32_E17
E01004470,11.0759,3,E17 3AF,32_E17
E01004471,9.51262,2,E17 3FF,32_E17
E01004472,20.7403,5,SW12 8AA,33_SW12
E01004473,24.1924,5,SW12 0BS,33_SW12
E01004474,29.0897,6a,SW12 0BJ,33_SW12
E01004475,24.9317,5,SW12 0PJ,33_SW12
E01004476,18.7539,4,SW12 8AF,33_SW12
E01004477,9.35808,2,SW11 6AB,33_SW11
E01004478,4.45571,1b,SW11 6AA,33_SW11
E01004479,12.3193,3,SW11 6AR,33_SW11
E01004480,19.3993,4,SW12 0BZ,33_SW12
E01004481,22.8586,5,SW17 7BA,33_SW17
E01004482,13.3416,3,SW17 6DE,33_SW17
E01004483,6.24734,2,SW16 1JP,33_SW17
E01004484,13.0266,3,SW12 9HD,33_SW12
E01004485,24.8053,5,SW12 9BA,33_SW12
E01004486,4.88674,1b,SW12 9HG,33_SW12
E01004487,12.9393,3,SW12 9HW,33_SW12
E01004488,19.2578,4,SW17 7BE,33_SW17
E01004489,10.8804,3,SW17 8JJ,33_SW17
E01004490,15.6594,4,SW17 0AH,33_SW17
E01004491,6.74427,2,SW17 0AE,33_SW17
E01004492,8.64266,2,SW17 0AA,33_SW17
E01004493,14.171200000000002,3,SW17 8WB,33_SW18
E01004494,11.3518,3,SW18 2AU,33_SW18
E01004495,17.9979,4,SW18 3EB,33_SW18
E01004496,21.0131,5,SW18 3DF,33_SW18
E01004497,15.219,4,SW17 0AL,33_SW17
E01004498,20.2181,5,SW17 0NZ,33_SW17
E01004499,13.0666,3,SW15 2QR,33_SW15
E01004500,22.307,5,SW15 2BD,33_SW15
E01004501,16.8442,4,SW15 6BT,33_SW15
E01004502,8.41914,2,SW18 1AX,33_SW18
E01004503,9.28372,2,SW15 2EL,33_SW15
E01004504,6.65436,2,SW18 1LF,33_SW18
E01004505,12.673900000000001,3,SW15 3HA,33_SW15
E01004506,26.1798,6a,SW15 1BZ,33_SW15
E01004507,21.2298,5,SW15 2AF,33_SW15
E01004508,65.3732,6b,SW11 1AE,33_SW11
E01004509,19.0431,4,SW15 2PB,33_SW18
E01004510,28.652799999999996,6a,SW18 1AA,33_SW18
E01004511,16.4034,4,SW15 2QD,33_SW15
E01004512,11.5559,3,SW18 2AA,33_SW18
E01004513,11.2959,3,SW18 2AB,33_SW18
E01004514,23.4007,5,SW18 1AH,33_SW18
E01004515,46.4096,6b,SW11 1SP,33_SW11
E01004516,4.56366,1b,SW16 6RZ,33_SW16
E01004517,10.9106,3,SW16 1NS,33_SW16
E01004518,7.33567,2,SW16 6NS,33_SW16
E01004519,13.915599999999998,3,SW16 6QE,33_SW16
E01004520,9.27835,2,SW16 6QL,33_SW16
E01004521,6.997,2,SW16 6BD,33_SW16
E01004522,7.78763,2,SW16 6DX,33_SW16
E01004523,5.71449,2,SW16 1NU,33_SW16
E01004524,8.76703,2,SW16 1NR,33_SW16
E01004525,34.2824,6a,SW17 0FD,33_SW17
E01004526,30.668,6a,SW17 0GU,33_SW17
E01004527,26.6789,6a,SW17 8AP,33_SW17
E01004528,18.0832,4,SW17 8PX,33_SW17
E01004529,22.4067,5,SW17 9AA,33_SW17
E01004530,22.1033,5,SW17 0TD,33_SW17
E01004531,16.0131,4,SW17 8HR,33_SW17
E01004532,3.44266,1b,SW17 8DJ,33_SW17
E01004533,11.8904,3,SW17 8HG,33_SW17
E01004534,33.3069,6a,SW11 2BQ,33_SW11
E01004535,60.8192,6b,SW11 2BN,33_SW11
E01004536,69.971,6b,SW11 2DL,33_SW11
E01004537,58.4702,6b,SW11 2AP,33_SW11
E01004538,17.3906,4,SW11 2AY,33_SW11
E01004539,7.90831,2,SW11 4DY,33_SW11
E01004540,9.46682,2,SW11 2DX,33_SW11
E01004541,54.9333,6b,SW11 2LB,33_SW11
E01004542,18.8609,4,SW12 8DH,33_SW12
E01004543,18.2374,4,SW12 8DU,33_SW12
E01004544,26.0442,6a,SW12 8AS,33_SW12
E01004545,30.2327,6a,SW12 8BY,33_SW12
E01004546,23.4633,5,SW12 8EY,33_SW12
E01004547,18.7098,4,SW12 8EW,33_SW12
E01004548,23.9227,5,SW12 8DW,33_SW12
E01004549,15.966799999999997,4,SW17 7DD,33_SW17
E01004550,19.0034,4,SW12 8JE,33_SW12
E01004551,80.0165,6b,SW11 1AD,33_SW11
E01004552,70.7844,6b,SW11 1AF,33_SW11
E01004553,56.0727,6b,SW11 1BD,33_SW11
E01004554,16.7995,4,SW11 1BA,33_SW11
E01004555,6.42138,2,SW11 6AS,33_SW11
E01004556,25.5357,6a,SW11 1BJ,33_SW11
E01004557,22.3937,5,SW11 6BF,33_SW11
E01004558,5.91175,2,SW11 6BQ,33_SW11
E01004559,9.93922,2,SW11 6EL,33_SW11
E01004560,6.28723,2,SW11 4BA,33_SW11
E01004562,13.173,3,SW11 7AA,33_SW11
E01004563,15.8112,4,SW11 4DF,33_SW11
E01004564,15.848300000000002,4,SW8 3AE,33_SW8
E01004565,17.9822,4,SW8 3FB,33_SW8
E01004566,23.1705,5,SW11 4BB,33_SW11
E01004567,5.71263,2,SW8 4AD,33_SW8
E01004568,6.27377,2,SW15 4BB,33_SW15
E01004569,9.73148,2,SW15 4BA,33_SW15
E01004570,9.87565,2,SW15 4BP,33_SW15
E01004571,10.0612,3,SW15 3DH,33_SW15
E01004572,7.32364,2,SW15 3FB,33_SW15
E01004573,3.6701299999999994,1b,SW15 3AN,33_SW15
E01004574,4.84142,1b,SW15 4DU,33_SW15
E01004575,5.3535,2,SW15 5FA,33_SW15
E01004576,1.03424,1a,SW15 4PD,33_SW15
E01004577,11.8297,3,SW11 3AB,33_SW11
E01004579,10.0409,3,SW11 3AA,33_SW11
E01004580,35.848,6a,SW11 3BF,33_SW11
E01004581,6.68232,2,SW11 3EE,33_SW11
E01004582,9.04136,2,SW11 3AF,33_SW11
E01004583,10.3023,3,SW11 3AG,33_SW11
E01004584,8.64758,2,SW11 3EX,33_SW11
E01004585,54.16199999999999,6b,SW11 1JR,33_SW11
E01004586,58.5304,6b,SW11 1DP,33_SW11
E01004587,11.8972,3,SW11 5NR,33_SW11
E01004588,71.3531,6b,SW11 1AA,33_SW11
E01004589,24.4017,5,SW11 5EB,33_SW11
E01004590,7.74313,2,SW11 5AY,33_SW11
E01004591,13.6658,3,SW11 5EG,33_SW11
E01004592,11.5652,3,SW11 5FF,33_SW11
E01004593,8.33756,2,SW18 4BD,33_SW18
E01004594,11.3183,3,SW18 5LP,33_SW18
E01004595,7.917399999999999,2,SW18 4NQ,33_SW18
E01004596,11.5288,3,SW18 5BA,33_SW18
E01004597,7.43252,2,SW18 4PT,33_SW18
E01004598,17.8299,4,SW18 4FA,33_SW18
E01004599,7.766110000000001,2,SW18 5BT,33_SW18
E01004600,19.9831,4,SW18 2PR,33_SW18
E01004601,10.5263,3,SW18 1LS,33_SW18
E01004602,29.104000000000003,6a,SW15 2DX,33_SW15
E01004604,6.57518,2,SW15 1AF,33_SW15
E01004605,5.83947,2,SW15 1BG,33_SW15
E01004606,13.7766,3,SW15 1BA,33_SW15
E01004607,18.6834,4,SW15 1AA,33_SW15
E01004608,30.8216,6a,SW15 1AT,33_SW15
E01004609,32.7799,6a,SW15 1NH,33_SW15
E01004610,13.9811,3,SW17 0DS,33_SW17
E01004611,14.3291,3,SW17 7PB,33_SW17
E01004612,17.9333,4,SW17 0DT,33_SW17
E01004613,25.5224,6a,SW17 0DN,33_SW17
E01004614,20.741,5,SW17 0FB,33_SW17
E01004615,11.9066,3,SW17 0BP,33_SW17
E01004616,31.1881,6a,SW17 0EG,33_SW17
E01004617,14.5109,3,SW17 0BZ,33_SW17
E01004618,15.3782,4,SW17 7BX,33_SW17
E01004619,5.1342,2,SW18 2TF,33_SW18
E01004620,4.91633,1b,SW18 2AP,33_SW18
E01004621,12.7501,3,SW11 1HS,33_SW18
E01004622,3.1619200000000003,1b,SW18 2TJ,33_SW18
E01004623,11.9191,3,SW18 2DS,33_SW18
E01004624,9.31174,2,SW17 0AW,33_SW17
E01004625,3.97119,1b,SW18 3JF,33_SW18
E01004626,6.00695,2,SW17 0AN,33_SW17
E01004627,16.2964,4,SW18 2BF,33_SW18
E01004628,5.31662,2,SW15 3HX,33_SW15
E01004629,9.32165,2,SW18 5JF,33_SW18
E01004630,8.87223,2,SW18 5PN,33_SW18
E01004631,8.34233,2,SW19 5LR,33_SW19
E01004632,9.61406,2,SW19 6JN,33_SW19
E01004633,9.569,2,SW19 6LU,33_SW19
E01004634,5.70922,2,SW19 5LG,33_SW19
E01004635,9.45485,2,SW19 6AS,33_SW19
E01004636,4.895,1b,SW19 5ND,33_SW19
E01004637,6.43003,2,SW19 5PD,33_SW19
E01004638,3.91931,1b,SW15 5HN,33_SW15
E01004639,4.88593,1b,SW15 5HD,33_SW15
E01004640,8.41123,2,SW15 6DL,33_SW15
E01004641,11.3352,3,SW15 5AA,33_SW15
E01004642,4.81162,1b,SW15 5AD,33_SW15
E01004643,11.1144,3,SW15 3AP,33_SW15
E01004644,6.22767,2,SW15 3AF,33_SW15
E01004645,6.09325,2,SW15 3AA,33_SW15
E01004646,17.3159,4,NW8 0AA,34_NW8
E01004647,14.8005,3,NW8 6AA,34_NW8
E01004648,18.6008,4,NW6 5JG,34_NW6
E01004649,21.6555,5,NW8 0LH,34_NW8
E01004650,21.5086,5,NW8 0PQ,34_NW8
E01004651,22.4332,5,NW8 0LB,34_NW8
E01004652,46.8112,6b,W2 5AA,34_W2
E01004653,22.0553,5,W11 2AH,34_W11
E01004654,26.1461,6a,W2 4AA,34_W2
E01004656,32.9717,6a,W2 5DX,34_W2
E01004657,65.4648,6b,W1C 1HE,34_W1H
E01004658,60.5846,6b,W1A 4UL,34_W1H
E01004659,51.7312,6b,NW1 6AA,34_NW1
E01004660,67.5543,6b,NW1 5AB,34_NW1
E01004661,67.4532,6b,NW1 5AU,34_NW1
E01004662,64.3299,6b,NW1 5AA,34_NW1
E01004663,62.84320000000001,6b,NW1 5GD,34_W1H
E01004665,9.84175,2,SW1V 3AA,34_SW1V
E01004666,57.5241,6b,SW1W 8HU,34_SW1W
E01004667,46.0239,6b,SW1V 4JJ,34_SW1W
E01004668,12.0873,3,SW1V 3AE,34_SW1V
E01004669,10.3488,3,SW1V 3AW,34_SW1V
E01004670,22.7722,5,NW1 6NP,34_NW8
E01004674,21.5926,5,W9 3BX,34_W9
E01004675,21.774299999999997,5,W9 1AQ,34_W9
E01004676,19.9467,4,W9 2AN,34_W9
E01004677,20.7789,5,NW6 5DB,34_NW6
E01004678,23.154,5,W9 2AD,34_W9
E01004679,20.8297,5,W10 4RE,34_W10
E01004680,52.2843,6b,W1H 8BQ,34_W2
E01004681,48.2925,6b,W2 3BN,34_W2
E01004682,58.46050000000001,6b,W2 1BA,34_W2
E01004683,51.9145,6b,W2 2JR,34_W2
E01004684,59.6186,6b,NW1 5BH,34_W2
E01004686,52.7642,6b,W1A 4RJ,34_W2
E01004687,56.1355,6b,SW1W 8EU,34_SW1W
E01004688,17.0752,4,SW7 1AB,34_SW7
E01004689,21.651700000000005,5,SW1X 7BN,34_SW1X
E01004690,79.54590000000002,6b,SW1W 0AD,34_SW1W
E01004691,36.6798,6a,SW1X 7AD,34_SW1X
E01004692,19.0912,4,SW7 1AA,34_SW7
E01004693,32.3528,6a,W2 3RJ,34_W2
E01004694,42.605,6b,W2 3BW,34_W2
E01004695,28.8042,6a,W2 3HP,34_W2
E01004696,35.8808,6a,W2 6BA,34_W2
E01004697,46.771,6b,W2 3BB,34_W2
E01004698,32.0154,6a,W2 3AN,34_W2
E01004699,36.6663,6a,W2 3JF,34_W2
E01004700,43.6558,6b,W2 3AA,34_W2
E01004701,20.3509,5,W9 1AP,34_W9
E01004702,35.2074,6a,NW8 8HF,34_W2
E01004703,29.3416,6a,W2 1AT,34_W2
E01004705,21.3213,5,W9 1AU,34_W9
E01004706,16.191,4,W9 1EU,34_W9
E01004707,16.003,4,W9 1EX,34_W9
E01004708,20.487199999999998,5,NW6 5FE,34_NW6
E01004709,20.2799,5,W9 1BX,34_W9
E01004710,24.3461,5,NW6 5EA,34_NW6
E01004711,19.8554,4,NW6 5EG,34_W9
E01004712,63.3469,6b,NW1 5JA,34_W1U
E01004713,50.0415,6b,NW1 5HQ,34_W1B
E01004714,63.5465,6b,NW1 6ZW,34_W1G
E01004715,52.7533,6b,NW1 3AU,34_W1T
E01004716,47.6987,6b,NW1 4DW,34_NW1
E01004717,53.748,6b,NW1 5JD,34_W1G
E01004718,20.4329,5,W10 4NL,34_W10
E01004719,16.6143,4,W10 4BT,34_W10
E01004720,19.3185,4,W10 4AA,34_W10
E01004721,15.3964,4,W10 4DA,34_W10
E01004722,18.957,4,W10 4AP,34_W10
E01004723,21.6252,5,W10 4AF,34_W10
E01004724,14.764,3,NW8 6JJ,34_NW8
E01004725,16.858,4,NW8 0AF,34_NW8
E01004726,20.4304,5,NW8 6PB,34_NW8
E01004727,18.3946,4,NW1 4HB,34_NW1
E01004728,22.910400000000003,5,NW8 7EY,34_NW8
E01004729,19.9814,4,NW8 8QH,34_NW8
E01004730,2.84279,1b,NW1 4RU,34_NW8
E01004731,58.0502,6b,SW1A 2HQ,34_SW1E
E01004732,44.0277,6b,SW1H 0DL,34_SW1P
E01004733,47.8709,6b,SE1 7SF,34_SW1P
E01004734,97.9024,6b,SW1A 1AB,34_W1D
E01004735,91.8113,6b,EC4A 2AH,34_WC2A
E01004736,62.2872,6b,SW1A 1AA,34_SW1A
E01004737,35.7017,6a,SW1P 4XT,34_SW1V
E01004738,19.6072,4,SW1V 2PF,34_SW1V
E01004739,12.1385,3,SW1V 3AX,34_SW1V
E01004740,61.1723,6b,SW1P 2NS,34_SW1V
E01004741,48.6476,6b,SW1V 2HP,34_SW1V
E01004742,44.3935,6b,SW1V 2BH,34_SW1V
E01004743,21.7622,5,SW1P 2AA,34_SW1P
E01004744,62.92099999999999,6b,SW1E 6AD,34_SW1P
E01004745,28.2706,6a,SW1P 2AN,34_SW1P
E01004746,23.074100000000005,5,SW1P 2LX,34_SW1P
E01004747,54.0743,6b,SW1P 1JP,34_SW1P
E01004748,78.4479,6b,SW1A 0WG,34_SW1P
E01004749,66.9255,6b,SW1V 1AD,34_SW1V
E01004750,80.6097,6b,SW1E 5LE,34_SW1V
E01004751,57.4968,6b,SW1V 1BG,34_SW1V
E01004752,22.2623,5,SW1V 2BT,34_SW1V
E01004753,30.212399999999995,6a,SW1V 2AH,34_SW1V
E01004754,18.4226,4,W2 5SP,34_W2
E01004755,19.7925,4,W2 5EU,34_W9
E01004756,18.7855,4,W9 2DS,34_W9
E01004757,26.6501,6a,W2 5TG,34_W2
E01004760,16.5669,4,W11 1AJ,34_W11
E01004761,53.4094,6b,W1A 1EJ,34_W1J
E01004762,55.3645,6b,W1A 2BS,34_W1K
E01004763,73.9184,6b,W1A 0AA,34_W1D
E01004765,67.2584,6b,W1A 1AA,34_W1B
E01004775,,,WN2 1JB,
E01004776,,,WN2 1QB,
E01004780,,,WN1 2UG,
E01004934,,,WN2 4EX,
E01005069,,,WA15 7LG,
E01005316,,,WA15 0AF,
E01005621,,,WA3 5AR,
E01006074,,,WA14 4JB,
E01006075,,,WA14 1AB,
E01006076,,,WA14 2AE,
E01006077,,,WA14 2AF,
E01006078,,,WA14 1GS,
E01006079,,,WA14 4AA,
E01006080,,,WA14 1BP,
E01006081,,,WA14 2SH,
E01006082,,,WA14 2BY,
E01006083,,,WA15 0JH,
E01006084,,,WA14 3NG,
E01006085,,,WA14 2HX,
E01006086,,,WA14 2SA,
E01006087,,,WA13 9GF,
E01006088,,,WA15 8RS,
E01006089,,,WA14 5AA,
E01006090,,,WA14 1AD,
E01006091,,,WA14 5EG,
E01006092,,,WA14 1LS,
E01006093,,,WA15 6AA,
E01006095,,,WA14 5PN,
E01006096,,,WA14 4PH,
E01006107,,,WA13 9TY,
E01006134,,,WA15 0DD,
E01006135,,,WA15 0DA,
E01006136,,,WA15 0AB,
E01006137,,,WA15 0AN,
E01006138,,,WA15 7TR,
E01006139,,,WA15 8AF,
E01006140,,,WA15 8BB,
E01006190,,,WA15 6DE,
E01006191,,,WA15 6JP,
E01006192,,,WA15 6JF,
E01006193,,,WA15 6RH,
E01006194,,,WA13 0FS,
E01006195,,,WA15 6AB,
E01006196,,,WA15 6AN,
E01006204,,,WA15 6UD,
E01006205,,,WA15 7AT,
E01006206,,,WA15 7BD,
E01006207,,,WA15 7BU,
E01006208,,,WA15 7AH,
E01006209,,,WA15 7AB,
E01006210,,,WA15 6AP,
E01006211,,,WA15 6DG,
E01006212,,,WN2 5FA,
E01006213,,,WN2 3GB,
E01006214,,,WA3 3UQ,
E01006215,,,WN2 5AG,
E01006216,,,WN2 5RN,
E01006217,,,WN3 4AY,
E01006218,,,WN2 3FS,
E01006219,,,WN2 5DJ,
E01006220,,,WA3 3AA,
E01006221,,,WN4 8AD,
E01006222,,,WN4 8RU,
E01006223,,,WN4 8AA,
E01006224,,,WN4 8PH,
E01006225,,,WN4 9DZ,
E01006226,,,WN4 9BF,
E01006227,,,WA3 3QG,
E01006228,,,WA3 3AY,
E01006229,,,WN6 0AN,
E01006230,,,WN6 0AJ,
E01006231,,,WN1 2SG,
E01006232,,,WN1 2QE,
E01006233,,,WN6 0AD,
E01006234,,,WN2 1BS,
E01006235,,,WN2 1DE,
E01006236,,,WN2 1DN,
E01006237,,,WN1 2TW,
E01006238,,,WN6 0DB,
E01006245,,,WN7 1PA,
E01006246,,,WN7 2AY,
E01006247,,,WN7 3BS,
E01006248,,,WN7 2AB,
E01006249,,,WN7 2BF,
E01006251,,,WA3 5PX,
E01006252,,,WN7 2BD,
E01006253,,,WN6 7NT,
E01006254,,,WN6 0YA,
E01006255,,,WN6 7BF,
E01006256,,,WN6 7BS,
E01006257,,,WN6 7AL,
E01006258,,,WN6 7AH,
E01006259,,,WN6 8FE,
E01006260,,,WN6 7HP,
E01006261,,,WN4 9BS,
E01006262,,,WN4 0AF,
E01006263,,,WN4 8AL,
E01006264,,,WN4 9JZ,
E01006265,,,WN4 9AW,
E01006266,,,WN4 0BD,
E01006267,,,WN4 0AE,
E01006268,,,WN4 0AA,
E01006269,,,WN2 3AA,
E01006270,,,WN2 4AZ,
E01006271,,,WN2 2PY,
E01006272,,,WN2 2AG,
E01006273,,,WN2 4AX,
E01006274,,,WN2 3DS,
E01006275,,,WN2 3LL,
E01006276,,,WN2 3AG,
E01006277,,,WN2 3RW,
E01006278,,,WN2 4AW,
E01006279,,,WN2 4GF,
E01006280,,,WN2 4LN,
E01006281,,,WN2 4GA,
E01006282,,,WN7 5AP,
E01006283,,,WN7 5AB,
E01006284,,,WN7 5DZ,
E01006285,,,WN2 4AR,
E01006286,,,WN2 3QD,
E01006296,,,WN7 1DF,
E01006297,,,WN7 3AA,
E01006298,,,WN7 3HE,
E01006299,,,WN7 3JD,
E01006300,,,WN7 3FG,
E01006301,,,WN7 3JZ,
E01006302,,,WA3 1AL,
E01006303,,,WA3 1AD,
E01006304,,,WA3 1AB,
E01006305,,,WN2 2DZ,
E01006306,,,WN1 1BL,
E01006307,,,WN1 3AD,
E01006308,,,WN1 3DN,
E01006309,,,WN1 3BN,
E01006310,,,WN1 1DH,
E01006311,,,WN2 1HF,
E01006312,,,WN6 8AJ,
E01006313,,,WN6 8GA,
E01006314,,,WN6 8BP,
E01006315,,,WN6 0NR,
E01006316,,,WN6 0GG,
E01006317,,,WN6 0JB,
E01006318,,,WN6 8AB,
E01006319,,,WN6 0GH,
E01006320,,,WN6 8AA,
E01006321,,,WN6 8DN,
E01006322,,,WN2 4AE,
E01006323,,,WN7 5BS,
E01006324,,,WN7 4EJ,
E01006325,,,WN7 4QG,
E01006326,,,WN7 1XA,
E01006327,,,WN2 4XU,
E01006328,,,WN7 1DS,
E01006329,,,WN2 4AA,
E01006330,,,WN7 1EF,
E01006331,,,WN7 1HJ,
E01006332,,,WN7 1BL,
E01006333,,,WN7 1AA,
E01006334,,,WN7 1AH,
E01006335,,,WN7 2AE,
E01006336,,,WN7 5QJ,
E01006337,,,WN7 1NX,
E01006338,,,WN7 1HF,
E01006339,,,WA3 1BY,
E01006340,,,WA3 1BP,
E01006341,,,WA3 1DP,
E01006342,,,WA3 2DP,
E01006343,,,WA3 2EA,
E01006344,,,WA3 2SF,
E01006345,,,WA3 2FE,
E01006346,,,WA3 3AB,
E01006347,,,WA3 1FT,
E01006348,,,WA12 0HX,
E01006349,,,WN1 1BF,
E01006350,,,WN5 0UZ,
E01006351,,,WN5 9DN,
E01006352,,,WN5 0AP,
E01006353,,,WN5 9BX,
E01006354,,,WN5 8AJ,
E01006355,,,WN5 8DD,
E01006356,,,WN5 0AY,
E01006357,,,WN5 9LP,
E01006358,,,WN5 0AD,
E01006359,,,WN5 8AE,
E01006360,,,WN5 0EE,
E01006361,,,WN5 0BX,
E01006362,,,WN5 8FL,
E01006363,,,WN5 8FA,
E01006364,,,WN5 7AP,
E01006365,,,WN5 7AA,
E01006366,,,WN5 7AE,
E01006367,,,WN5 7BB,
E01006368,,,WN4 0FA,
E01006369,,,WN1 1AA,
E01006370,,,WN1 1AE,
E01006371,,,WN1 1RZ,
E01006372,,,WN1 2LT,
E01006373,,,WN1 2DB,
E01006374,,,WN1 2DA,
E01006375,,,WN1 1BY,
E01006386,,,WN1 3JB,
E01006387,,,WN1 3AA,
E01006388,,,WN2 1AH,
E01006389,,,WN1 3NF,
E01006390,,,WN1 3AN,
E01006391,,,WN1 3YJ,
E01006392,,,WN1 3AY,
E01006393,,,WN3 6EE,
E01006394,,,WN3 6DA,
E01006395,,,WN3 6GG,
E01006396,,,WN5 0DA,
E01006397,,,WN5 0BJ,
E01006398,,,WN5 0BE,
E01006399,,,WN5 0AA,
E01006400,,,WN3 6BF,
E01006401,,,WN3 6AD,
E01006402,,,WN3 6AA,
E01006403,,,WN3 6BB,
E01006404,,,WN3 5DA,
E01006405,,,WN3 5AX,
E01006406,,,WN3 5FB,
E01006407,,,WN3 5JJ,
E01006408,,,WN3 5BF,
E01006409,,,WN3 5NA,
E01006410,,,WN3 5PH,
E01006411,,,WN3 5AN,
E01006420,,,WA8 4PH,
E01006439,,,WA10 5QL,
E01006503,,,WA8 4NT,
E01006802,,,WN5 7BW,
E01006803,,,WA11 0UL,
E01006804,,,WN5 7HS,
E01006805,,,WN4 0PW,
E01006806,,,WN5 7NY,
E01006807,,,WN5 7QJ,
E01006808,,,WN4 0RH,
E01006809,,,WN4 0SA,
E01006810,,,WA11 9FF,
E01006811,,,WA11 9BP,
E01006812,,,WA11 9AZ,
E01006813,,,WA11 0AH,
E01006814,,,WA11 9HH,
E01006815,,,WA11 0AB,
E01006816,,,WA9 2AF,
E01006817,,,WA9 2AP,
E01006818,,,WA11 0BS,
E01006819,,,WA11 0DG,
E01006820,,,WA9 2AJ,
E01006821,,,WA9 2AB,
E01006822,,,WA10 4DN,
E01006823,,,WA10 5BF,
E01006824,,,WA10 4QP,
E01006825,,,WA10 5AB,
E01006826,,,WA10 5AF,
E01006827,,,WA10 3PA,
E01006828,,,WA10 3AQ,
E01006829,,,WA10 3AS,
E01006830,,,WA10 3BZ,
E01006831,,,WA10 3DJ,
E01006832,,,WA10 1AA,
E01006833,,,WA10 4AB,
E01006834,,,WA10 2BF,
E01006835,,,WA10 3AB,
E01006836,,,WA11 0LP,
E01006837,,,WA11 0EH,
E01006838,,,WA11 0AA,
E01006839,,,WA11 0GT,
E01006840,,,WA11 0GA,
E01006841,,,WA11 0FA,
E01006842,,,WA11 0GB,
E01006843,,,WA11 0AF,
E01006844,,,WA9 3HH,
E01006845,,,WA9 1PX,
E01006846,,,WA9 3FA,
E01006847,,,WA9 3FD,
E01006848,,,WA9 3TH,
E01006849,,,WA11 7AB,
E01006850,,,WA11 7AY,
E01006851,,,WA11 7AE,
E01006852,,,WA11 7NA,
E01006853,,,WA10 2RZ,
E01006854,,,WA10 1ND,
E01006855,,,WA11 7AJ,
E01006856,,,WA12 0AB,
E01006857,,,WA12 8BL,
E01006858,,,WA12 8EJ,
E01006859,,,WA12 0AA,
E01006860,,,WA12 8EG,
E01006861,,,WA12 8AD,
E01006862,,,WA12 8AA,
E01006863,,,WA12 0DW,
E01006864,,,WA12 0DT,
E01006865,,,WA12 8AT,
E01006866,,,WA12 0AH,
E01006867,,,WA12 0EL,
E01006868,,,WA12 0AG,
E01006869,,,WA12 0ES,
E01006870,,,WA10 1BT,
E01006871,,,WA9 1BU,
E01006872,,,WA10 1AJ,
E01006873,,,WA9 1AG,
E01006874,,,WA9 1AT,
E01006875,,,WA9 1BF,
E01006876,,,WA10 2HN,
E01006877,,,WA10 1GL,
E01006878,,,WA10 4DA,
E01006879,,,WA10 4DG,
E01006880,,,WA10 1QP,
E01006881,,,WA10 1HU,
E01006882,,,WA11 8AL,
E01006883,,,WA11 7AN,
E01006884,,,WA11 8AD,
E01006885,,,WA11 7FA,
E01006886,,,WA11 7JT,
E01006887,,,WA11 7LN,
E01006893,,,WA9 3LZ,
E01006896,,,WA9 4ET,
E01006897,,,WA9 4EU,
E01006898,,,WA5 3AD,
E01006899,,,WA9 2NB,
E01006900,,,WA9 3GR,
E01006901,,,WA9 4HD,
E01006903,,,WA10 3NN,
E01006904,,,WA10 3AH,
E01006905,,,WA9 5DP,
E01006906,,,WA9 5FR,
E01006907,,,WA9 5EG,
E01006908,,,WA9 4EL,
E01006909,,,WA9 4DZ,
E01006910,,,WA9 4AA,
E01006911,,,WA9 4BZ,
E01006912,,,WA10 1AU,
E01006913,,,WA9 5BE,
E01006914,,,WA10 5QR,
E01006915,,,WA10 2AF,
E01006916,,,WA10 6BL,
E01006917,,,WA10 6AB,
E01006918,,,WA10 2AH,
E01006919,,,WA10 6AP,
E01007418,,,WF4 4LG,
E01007490,,,WF8 3JG,
E01008162,,,NE8 1BJ,
E01008163,,,NE8 1JA,
E01008164,,,NE10 0AQ,
E01008165,,,NE10 9JT,
E01008166,,,NE10 0EN,
E01008167,,,NE8 1AP,
E01008168,,,NE8 1AH,
E01008169,,,NE8 1HG,
E01008170,,,NE8 1AF,
E01008171,,,NE8 1LJ,
E01008174,,,NE38 0AA,
E01008177,,,NE21 4AA,
E01008178,,,NE21 4AU,
E01008179,,,NE21 4BQ,
E01008180,,,NE21 4AY,
E01008181,,,NE16 3BE,
E01008182,,,NE21 5BA,
E01008183,,,NE17 7AN,
E01008184,,,NE39 1BF,
E01008185,,,NE39 1HY,
E01008186,,,NE17 7AA,
E01008187,,,NE17 7AY,
E01008188,,,NE21 1QY,
E01008189,,,NE9 6AG,
E01008190,,,NE9 6PD,
E01008191,,,NE9 6PA,
E01008192,,,NE9 6LX,
E01008193,,,NE9 6AP,
E01008194,,,NE9 6LF,
E01008195,,,NE40 4AD,
E01008196,,,NE39 2AB,
E01008197,,,NE40 4AA,
E01008198,,,NE40 3TN,
E01008199,,,NE40 4HT,
E01008200,,,NE40 3BF,
E01008201,,,NE9 5FA,
E01008202,,,NE10 9EP,
E01008203,,,NE8 3TS,
E01008204,,,NE8 3TX,
E01008205,,,NE8 4BN,
E01008206,,,NE11 9RA,
E01008207,,,NE11 9DA,
E01008208,,,NE11 9DL,
E01008209,,,NE11 9AS,
E01008210,,,NE11 9AA,
E01008211,,,NE11 9AU,
E01008212,,,NE10 0BH,
E01008213,,,NE10 9BL,
E01008214,,,NE10 0AA,
E01008215,,,NE10 0BT,
E01008216,,,NE10 0NL,
E01008217,,,NE9 6NA,
E01008218,,,NE9 7AA,
E01008219,,,NE9 6AS,
E01008220,,,NE9 6RN,
E01008221,,,NE9 6BF,
E01008224,,,NE9 6LD,
E01008225,,,NE9 7AE,
E01008226,,,NE11 0BD,
E01008227,,,NE10 8LT,
E01008228,,,NE10 9BP,
E01008229,,,NE10 8NG,
E01008230,,,NE10 9AF,
E01008231,,,NE10 8LN,
E01008232,,,NE10 8LJ,
E01008233,,,NE10 8LD,
E01008234,,,NE9 5HA,
E01008235,,,NE9 5RH,
E01008236,,,NE9 5AG,
E01008237,,,NE9 5AH,
E01008238,,,NE9 5EP,
E01008239,,,NE9 5AA,
E01008240,,,NE10 0QG,
E01008241,,,NE10 0PA,
E01008242,,,NE10 8PE,
E01008243,,,NE10 0BZ,
E01008244,,,NE10 0AG,
E01008245,,,NE40 3AA,
E01008246,,,NE40 3DJ,
E01008247,,,NE21 5LZ,
E01008248,,,NE15 8NN,
E01008249,,,NE15 8NQ,
E01008250,,,NE40 3AD,
E01008251,,,NE8 4DE,
E01008252,,,NE8 1RE,
E01008253,,,NE8 4NG,
E01008254,,,NE8 4AT,
E01008255,,,NE11 0UY,
E01008256,,,NE11 0AG,
E01008257,,,NE8 1LF,
E01008258,,,NE8 2BF,
E01008259,,,NE11 0AF,
E01008260,,,NE11 0AA,
E01008261,,,NE11 0AD,
E01008262,,,NE11 9BT,
E01008263,,,NE16 3DH,
E01008264,,,NE16 4BT,
E01008265,,,NE16 3EG,
E01008266,,,NE16 4AL,
E01008267,,,NE16 4BF,
E01008268,,,NE16 4EJ,
E01008269,,,NE16 4PG,
E01008270,,,NE16 5AH,
E01008271,,,NE16 5AX,
E01008272,,,NE11 0HQ,
E01008273,,,NE16 4AA,
E01008274,,,NE16 5DH,
E01008275,,,NE16 4PH,
E01008276,,,NE21 6AU,
E01008277,,,NE21 5AQ,
E01008278,,,NE21 6EJ,
E01008279,,,NE21 6AJ,
E01008280,,,NE21 4RB,
E01008281,,,NE10 8AW,
E01008282,,,NE10 8HS,
E01008283,,,NE10 8AE,
E01008284,,,NE10 8BA,
E01008285,,,NE10 8JS,
E01008286,,,NE10 8AA,
E01008287,,,NE10 8GA,
E01008288,,,NE15 6AG,
E01008289,,,NE15 6LG,
E01008290,,,NE15 6BF,
E01008291,,,NE4 7DF,
E01008292,,,NE15 7AA,
E01008293,,,NE3 2ER,
E01008294,,,NE3 1BT,
E01008295,,,NE3 2AF,
E01008296,,,NE3 3EJ,
E01008297,,,NE5 3ED,
E01008298,,,NE5 3RN,
E01008299,,,NE5 2LA,
E01008300,,,NE5 3AA,
E01008301,,,NE6 1AE,
E01008302,,,NE6 2DA,
E01008303,,,NE6 1AA,
E01008304,,,NE6 1AB,
E01008305,,,NE6 1AP,
E01008306,,,NE13 6BT,
E01008307,,,NE13 6DN,
E01008308,,,NE13 6PA,
E01008309,,,NE3 2EJ,
E01008311,,,NE13 7AW,
E01008312,,,NE13 7AN,
E01008313,,,NE3 2TP,
E01008314,,,NE7 7BP,
E01008315,,,NE7 7BA,
E01008316,,,NE7 7JS,
E01008317,,,NE7 7AA,
E01008318,,,NE7 7BJ,
E01008319,,,NE7 7FA,
E01008320,,,NE7 7DY,
E01008321,,,NE1 1HJ,
E01008322,,,NE7 7JG,
E01008323,,,NE7 7BF,
E01008324,,,NE5 2LF,
E01008325,,,NE5 2AU,
E01008326,,,NE5 1AA,
E01008327,,,NE5 2AF,
E01008328,,,NE5 1AD,
E01008329,,,NE5 2BQ,
E01008330,,,NE5 2AL,
E01008331,,,NE4 5LA,
E01008332,,,NE4 8AB,
E01008333,,,NE4 6AF,
E01008334,,,NE15 6PL,
E01008335,,,NE4 8AJ,
E01008336,,,NE3 1LE,
E01008337,,,NE3 2AB,
E01008338,,,NE3 2FR,
E01008339,,,NE3 2QS,
E01008340,,,NE3 2FX,
E01008341,,,NE3 1DW,
E01008342,,,NE3 2AE,
E01008343,,,NE5 2DE,
E01008344,,,NE15 0WX,
E01008345,,,NE5 2AD,
E01008346,,,NE4 9EQ,
E01008347,,,NE4 9JU,
E01008348,,,NE4 9BG,
E01008349,,,NE4 9NB,
E01008350,,,NE5 2FG,
E01008351,,,NE3 1PE,
E01008352,,,NE3 2HQ,
E01008353,,,NE13 6WW,
E01008354,,,NE3 1AN,
E01008355,,,NE3 1BF,
E01008356,,,NE13 6YR,
E01008357,,,NE3 2DA,
E01008358,,,NE3 2DQ,
E01008359,,,NE6 5GD,
E01008360,,,NE6 1JG,
E01008361,,,NE33 1TP,
E01008362,,,NE6 5HL,
E01008363,,,NE6 1JD,
E01008364,,,NE6 5DQ,
E01008365,,,NE6 5AW,
E01008366,,,NE2 2JA,
E01008367,,,NE2 1JL,
E01008368,,,NE2 1JR,
E01008369,,,NE2 1QA,
E01008370,,,NE2 1JP,
E01008371,,,NE2 2DQ,
E01008372,,,NE2 2BE,
E01008373,,,NE2 2TP,
E01008374,,,NE3 3BQ,
E01008375,,,NE3 1JB,
E01008376,,,NE3 3BX,
E01008377,,,NE1 2YA,
E01008378,,,NE3 4EF,
E01008379,,,NE3 4HX,
E01008380,,,NE5 3AH,
E01008381,,,NE15 7AF,
E01008382,,,NE15 7JS,
E01008383,,,NE15 8AZ,
E01008384,,,NE15 7JY,
E01008385,,,NE15 7JW,
E01008386,,,NE15 7QJ,
E01008387,,,NE15 6UF,
E01008388,,,NE6 2HX,
E01008389,,,NE6 2LJ,
E01008390,,,NE6 2LU,
E01008391,,,NE6 2RA,
E01008392,,,NE6 1EH,
E01008394,,,NE1 4TU,
E01008395,,,NE1 4DA,
E01008396,,,NE2 4LA,
E01008397,,,NE1 4BF,
E01008398,,,NE4 5AJ,
E01008399,,,NE4 5AF,
E01008400,,,NE15 8LR,
E01008401,,,NE15 9AD,
E01008402,,,NE15 8HG,
E01008403,,,NE15 9AA,
E01008404,,,NE15 8HA,
E01008405,,,NE15 9AB,
E01008406,,,NE1 2AH,
E01008407,,,NE1 2SU,
E01008409,,,NE2 1AG,
E01008410,,,NE2 1AQ,
E01008411,,,NE2 1BN,
E01008412,,,NE6 1ER,
E01008413,,,NE6 5AB,
E01008415,,,NE15 6AF,
E01008416,,,NE15 7AB,
E01008418,,,NE2 3QS,
E01008419,,,NE3 1AA,
E01008420,,,NE2 3NL,
E01008421,,,NE3 3UE,
E01008422,,,NE2 2HP,
E01008423,,,NE2 3NH,
E01008424,,,NE3 1DG,
E01008425,,,NE6 3AW,
E01008426,,,NE6 2NE,
E01008427,,,NE6 2NN,
E01008428,,,NE6 2NH,
E01008429,,,NE6 2TF,
E01008430,,,NE6 4DD,
E01008431,,,NE6 3AA,
E01008432,,,NE6 2LA,
E01008433,,,NE6 4NJ,
E01008434,,,NE6 4PQ,
E01008435,,,NE6 4AR,
E01008436,,,NE28 6DA,
E01008437,,,NE1 6HH,
E01008438,,,NE1 3NA,
E01008439,,,NE4 5DL,
E01008441,,,NE5 1BF,
E01008442,,,NE5 1HR,
E01008443,,,NE15 9DH,
E01008444,,,NE5 1AG,
E01008445,,,NE5 2LB,
E01008446,,,NE5 1NH,
E01008447,,,NE5 1DD,
E01008448,,,NE5 1DH,
E01008449,,,NE4 5AA,
E01008450,,,NE4 9AF,
E01008451,,,NE4 9RU,
E01008452,,,NE4 9DF,
E01008453,,,NE4 9AU,
E01008455,,,NE4 9AH,
E01008456,,,NE5 4AB,
E01008457,,,NE5 1LY,
E01008458,,,NE13 7AL,
E01008459,,,NE5 4BW,
E01008460,,,NE5 4HS,
E01008461,,,NE28 9FP,
E01008462,,,NE28 9AN,
E01008463,,,NE28 9AF,
E01008464,,,NE28 9AD,
E01008465,,,NE28 9AA,
E01008466,,,NE28 9PY,
E01008467,,,NE28 9PZ,
E01008468,,,NE28 9GD,
E01008469,,,NE10 0QA,
E01008470,,,NE12 0AR,
E01008471,,,NE12 0HX,
E01008472,,,NE12 9AH,
E01008473,,,NE12 0JB,
E01008474,,,NE12 8DF,
E01008475,,,NE12 0NG,
E01008476,,,NE12 0RF,
E01008477,,,NE12 0DL,
E01008478,,,NE23 7AG,
E01008479,,,NE12 0NF,
E01008480,,,NE23 7AH,
E01008481,,,NE29 7BL,
E01008482,,,NE29 0EZ,
E01008483,,,NE29 0BS,
E01008484,,,NE29 6BP,
E01008485,,,NE29 0EU,
E01008486,,,NE29 0QE,
E01008487,,,NE29 7EG,
E01008488,,,NE27 0BL,
E01008489,,,NE29 8NR,
E01008490,,,NE29 8AL,
E01008491,,,NE25 0WT,
E01008492,,,NE29 7DF,
E01008493,,,NE26 1PJ,
E01008494,,,NE29 9PX,
E01008495,,,NE30 3AA,
E01008496,,,NE26 2PE,
E01008497,,,NE30 3AG,
E01008498,,,NE29 9QA,
E01008499,,,NE12 0DQ,
E01008500,,,NE12 0AA,
E01008501,,,NE12 9BS,
E01008502,,,NE12 9AJ,
E01008503,,,NE12 9BZ,
E01008504,,,NE12 0EZ,
E01008505,,,NE12 0AB,
E01008506,,,NE12 0AF,
E01008507,,,NE12 0AZ,
E01008508,,,NE28 0BY,
E01008509,,,NE28 0HP,
E01008510,,,NE28 0AB,
E01008511,,,NE28 0LF,
E01008512,,,NE28 0AN,
E01008513,,,NE12 8DG,
E01008514,,,NE12 0NP,
E01008516,,,NE12 0DP,
E01008517,,,NE25 8EB,
E01008518,,,NE25 9EX,
E01008519,,,NE25 9AG,
E01008520,,,NE25 8DB,
E01008521,,,NE25 9NF,
E01008522,,,NE25 8DL,
E01008523,,,NE26 3AD,
E01008524,,,NE29 0AA,
E01008525,,,NE29 9AT,
E01008526,,,NE29 0NX,
E01008527,,,NE29 0LL,
E01008528,,,NE29 0LJ,
E01008529,,,NE29 0AN,
E01008530,,,NE29 0HZ,
E01008531,,,NE12 9SH,
E01008532,,,NE28 8AD,
E01008533,,,NE28 8AA,
E01008534,,,NE28 8AL,
E01008535,,,NE28 8AH,
E01008536,,,NE28 7LR,
E01008537,,,NE28 8JD,
E01008538,,,NE28 8TP,
E01008539,,,NE29 6AR,
E01008540,,,NE28 0JH,
E01008541,,,NE29 6AA,
E01008542,,,NE28 0AD,
E01008543,,,NE28 0AA,
E01008544,,,NE29 6BY,
E01008545,,,NE29 6BB,
E01008546,,,NE26 1BQ,
E01008547,,,NE25 9TZ,
E01008548,,,NE25 9GA,
E01008549,,,NE25 0SZ,
E01008550,,,NE26 1LB,
E01008551,,,NE26 1HG,
E01008552,,,NE12 9NA,
E01008553,,,NE25 8AA,
E01008554,,,NE25 8AS,
E01008555,,,NE25 8HP,
E01008556,,,NE25 8XT,
E01008557,,,NE29 8LR,
E01008558,,,NE30 2JB,
E01008559,,,NE30 2AY,
E01008560,,,NE30 2DW,
E01008561,,,NE30 1AD,
E01008562,,,NE30 2LJ,
E01008563,,,NE30 2BG,
E01008564,,,NE25 9BE,
E01008565,,,NE12 0DN,
E01008567,,,NE27 0DP,
E01008568,,,NE27 0BS,
E01008569,,,NE27 0BH,
E01008570,,,NE27 0BY,
E01008571,,,NE28 6AD,
E01008572,,,NE28 6AN,
E01008573,,,NE28 6JA,
E01008574,,,NE28 6BB,
E01008575,,,NE28 6AA,
E01008576,,,NE28 7AB,
E01008577,,,NE12 0XB,
E01008578,,,NE23 7AB,
E01008579,,,NE13 6AA,
E01008580,,,NE13 7BH,
E01008581,,,NE13 6AZ,
E01008582,,,NE13 6BB,
E01008583,,,NE23 7AA,
E01008584,,,NE26 1AB,
E01008585,,,NE25 8HD,
E01008586,,,NE25 8EY,
E01008587,,,NE26 2AP,
E01008588,,,NE25 8QA,
E01008589,,,NE25 8PH,
E01008590,,,NE33 4QX,
E01008591,,,NE33 4JE,
E01008592,,,NE33 4TB,
E01008593,,,NE34 0AL,
E01008594,,,NE34 0AN,
E01008595,,,NE33 2PZ,
E01008596,,,NE33 1NR,
E01008597,,,NE33 2AH,
E01008598,,,NE33 1UA,
E01008599,,,NE33 1LH,
E01008600,,,NE32 3AB,
E01008601,,,NE32 3AE,
E01008602,,,NE32 3RB,
E01008603,,,NE32 4AG,
E01008604,,,NE31 1EJ,
E01008605,,,NE34 9DT,
E01008606,,,NE34 9HL,
E01008607,,,NE34 9HG,
E01008608,,,NE34 9DF,
E01008609,,,NE34 9HJ,
E01008610,,,NE35 9AP,
E01008611,,,NE32 3NS,
E01008612,,,NE35 9AA,
E01008613,,,NE35 9AD,
E01008614,,,NE35 9BF,
E01008615,,,NE35 9LY,
E01008616,,,NE36 0AD,
E01008617,,,NE36 0AA,
E01008618,,,NE36 0AF,
E01008619,,,NE34 8DZ,
E01008620,,,NE36 0AB,
E01008622,,,NE33 1QP,
E01008624,,,NE34 7BE,
E01008625,,,NE34 7NR,
E01008627,,,NE32 3BZ,
E01008628,,,NE32 4LH,
E01008629,,,NE10 8YD,
E01008630,,,NE32 4BF,
E01008631,,,NE32 4AA,
E01008632,,,NE32 4BS,
E01008633,,,NE34 6NX,
E01008634,,,NE34 6BJ,
E01008635,,,NE34 6AD,
E01008636,,,NE34 6RE,
E01008637,,,NE34 7BH,
E01008638,,,NE31 1AN,
E01008639,,,NE31 1AR,
E01008640,,,NE31 1AD,
E01008641,,,NE31 1AA,
E01008642,,,NE31 1AE,
E01008643,,,NE31 1UH,
E01008644,,,NE31 2DD,
E01008645,,,NE31 2AY,
E01008646,,,NE31 1UL,
E01008647,,,NE34 6ES,
E01008648,,,NE33 2HJ,
E01008649,,,NE34 7HN,
E01008650,,,NE34 6DX,
E01008651,,,NE34 6LF,
E01008652,,,NE31 1HF,
E01008653,,,NE31 1HA,
E01008654,,,NE31 1YF,
E01008655,,,NE31 1JA,
E01008656,,,NE31 2RG,
E01008657,,,NE31 2HG,
E01008658,,,NE31 2AA,
E01008659,,,NE31 2AJ,
E01008660,,,NE32 3JT,
E01008661,,,NE32 3BJ,
E01008662,,,NE32 5DD,
E01008663,,,NE32 5BW,
E01008664,,,NE33 4AA,
E01008665,,,NE33 5AG,
E01008666,,,NE33 1SH,
E01008667,,,NE33 1AA,
E01008668,,,NE33 1DF,
E01008669,,,NE34 9AP,
E01008670,,,NE34 9BG,
E01008671,,,NE33 1HA,
E01008672,,,NE33 5SP,
E01008673,,,NE33 1DG,
E01008674,,,NE33 1EY,
E01008675,,,NE33 3AR,
E01008676,,,NE33 3AA,
E01008677,,,NE33 3BH,
E01008678,,,NE33 3DP,
E01008679,,,NE33 4BW,
E01008680,,,NE33 1QN,
E01008681,,,NE34 0DL,
E01008682,,,NE34 0EN,
E01008683,,,NE33 4BD,
E01008684,,,NE34 7AA,
E01008685,,,NE34 7AD,
E01008688,,,NE34 8EZ,
E01008689,,,NE34 8HB,
E01008690,,,NE34 8EP,
E01008691,,,NE34 8BT,
E01008692,,,NE34 8JX,
E01008843,,,NE38 7DR,
E01008844,,,NE37 1LU,
E01008845,,,NE38 7AD,
E01008846,,,NE38 8DA,
E01008847,,,NE38 8EH,
E01008848,,,NE37 1EP,
E01008849,,,NE38 7NE,
E01008850,,,NE38 7LW,
E01008851,,,NE38 7AU,
E01008852,,,NE38 7AP,
E01008853,,,NE37 2AA,
E01008854,,,NE37 2AE,
E01008855,,,NE36 0BB,
E01008856,,,NE37 2AD,
E01008857,,,NE37 2EJ,
E01008858,,,NE37 2AT,
E01008859,,,NE37 3AJ,
E01008860,,,NE37 1PS,
E01008861,,,NE37 1XJ,
E01008862,,,NE38 0RB,
E01008863,,,NE38 8BJ,
E01008864,,,NE38 8AT,
E01008865,,,NE37 1NE,
E01008866,,,NE37 1LJ,
E01008867,,,NE38 0HB,
E01008868,,,NE38 0ES,
E01008869,,,NE38 0AW,
E01008870,,,NE38 0DS,
E01008871,,,NE38 0PB,
E01008872,,,NE37 1LB,
E01008873,,,NE37 1EY,
E01008874,,,NE37 1BH,
E01008875,,,NE37 1ES,
E01008876,,,NE37 1BF,
E01008877,,,NE38 7SN,
E01008878,,,NE37 1AA,
E01008879,,,NE37 1AJ,
E01008880,,,NE37 1AZ,
E01009763,,,WV14 8AP,
E01009764,,,WV14 8HB,
E01009765,,,WV14 9AA,
E01009766,,,WV14 9AB,
E01009767,,,WV14 8AL,
E01009768,,,WV14 9BA,
E01009769,,,WV14 8AR,
E01009770,,,WV14 0SE,
E01009771,,,WV14 9AP,
E01009775,,,WV14 9TA,
E01009776,,,WV14 9TJ,
E01009777,,,WV14 9RA,
E01009778,,,WV14 9HA,
E01009898,,,WV1 1SQ,
E01009901,,,WV4 6AZ,
E01009960,,,WS10 0AU,
E01009961,,,WS10 0PH,
E01009962,,,WS10 0EB,
E01009963,,,WS10 0ED,
E01009964,,,WS10 0HZ,
E01009965,,,WS10 0HP,
E01009966,,,WS10 0DG,
E01009967,,,WS1 4NH,
E01009969,,,WS5 4AF,
E01009970,,,WS5 4BJ,
E01009971,,,WS5 4BG,
E01009973,,,WS10 0LD,
E01010034,,,WS10 7AF,
E01010035,,,WV14 8NR,
E01010036,,,WV14 8AG,
E01010085,,,WS10 0PQ,
E01010086,,,WS10 9JD,
E01010087,,,WS10 9BT,
E01010088,,,WS10 9BP,
E01010089,,,WS10 0AB,
E01010090,,,WS10 7BE,
E01010091,,,WS10 9AA,
E01010092,,,WS10 0DF,
E01010096,,,WS10 0AA,
E01010097,,,WS10 7EL,
E01010098,,,WS10 0DS,
E01010100,,,WS10 0AP,
E01010241,,,WS9 0AL,
E01010242,,,WS9 8AF,
E01010243,,,WS9 0GA,
E01010244,,,WS9 0BN,
E01010245,,,WS9 0AA,
E01010246,,,WS4 2JR,
E01010247,,,WS9 0AE,
E01010248,,,WS9 0AH,
E01010249,,,WS8 7BP,
E01010250,,,WS8 6DP,
E01010251,,,WS8 7EY,
E01010252,,,WS8 7AF,
E01010253,,,WS9 9BZ,
E01010254,,,WS9 9HQ,
E01010255,,,WS9 0NF,
E01010256,,,WS9 8HE,
E01010257,,,WS9 8HA,
E01010258,,,WS2 0BD,
E01010259,,,WS2 0AA,
E01010260,,,WS2 0AU,
E01010261,,,WS10 8DF,
E01010262,,,WS10 8EP,
E01010263,,,WS10 8AA,
E01010264,,,WS10 8AD,
E01010265,,,WS10 8BJ,
E01010266,,,WS2 0ES,
E01010267,,,WS2 7HG,
E01010268,,,WS2 8DQ,
E01010269,,,WS2 8AL,
E01010270,,,WS2 8DL,
E01010271,,,WS2 7AB,
E01010272,,,WS3 1HD,
E01010273,,,WS2 7DG,
E01010274,,,WS2 7DU,
E01010275,,,WS2 7DX,
E01010277,,,WS2 7AA,
E01010279,,,WS3 1AE,
E01010282,,,WS3 1EL,
E01010283,,,WS3 1AR,
E01010284,,,WS3 3BH,
E01010285,,,WS3 3AG,
E01010286,,,WS3 1LY,
E01010287,,,WS3 2DG,
E01010288,,,WS3 1HJ,
E01010289,,,WS3 1BP,
E01010290,,,WS3 3BG,
E01010291,,,WS3 2LT,
E01010292,,,WS3 2DJ,
E01010293,,,WS3 2AZ,
E01010294,,,WS2 7ED,
E01010295,,,WS3 2BF,
E01010296,,,WS3 2JP,
E01010297,,,WS3 3NT,
E01010298,,,WS3 2PL,
E01010299,,,WS3 2RG,
E01010300,,,WS3 2LR,
E01010301,,,WS8 7JU,
E01010302,,,WS8 6AP,
E01010303,,,WS8 7HL,
E01010304,,,WS8 6JE,
E01010305,,,WS8 6AF,
E01010306,,,WS8 6AA,
E01010307,,,WS3 4BE,
E01010308,,,WS8 6AB,
E01010309,,,WS10 7NS,
E01010310,,,WS1 3DS,
E01010311,,,WS10 7RY,
E01010312,,,WS10 8BF,
E01010313,,,WS10 7BG,
E01010314,,,WS10 8RE,
E01010315,,,WS10 7BZ,
E01010316,,,WS10 8HU,
E01010317,,,WS4 2AD,
E01010318,,,WS1 1AB,
E01010319,,,WS4 1NZ,
E01010320,,,WS4 1EZ,
E01010321,,,WS4 1LZ,
E01010322,,,WS4 1EL,
E01010323,,,WS4 1HE,
E01010324,,,WS4 1DG,
E01010325,,,WS4 1GA,
E01010326,,,WS1 2BA,
E01010327,,,WS1 2BG,
E01010328,,,WS1 2DD,
E01010329,,,WS5 3AL,
E01010330,,,WS1 2BY,
E01010331,,,WS5 3DP,
E01010332,,,WS1 3EX,
E01010333,,,WS5 3DZ,
E01010334,,,WS5 3HS,
E01010335,,,WS1 4ED,
E01010336,,,WS1 4AA,
E01010337,,,WS5 4AD,
E01010338,,,WS1 3HD,
E01010339,,,WS1 3EY,
E01010340,,,WS1 3QS,
E01010341,,,WS1 4DQ,
E01010342,,,WS1 3HR,
E01010343,,,WS1 3RJ,
E01010344,,,WS1 3HJ,
E01010345,,,WS3 4AP,
E01010346,,,WS3 4EP,
E01010347,,,WS3 4AA,
E01010348,,,WS3 4AG,
E01010349,,,WS3 4AX,
E01010350,,,WS3 4AD,
E01010351,,,WS3 4BL,
E01010352,,,WS3 4AS,
E01010353,,,WS4 1AE,
E01010354,,,WS4 1AA,
E01010356,,,WS5 3RB,
E01010357,,,WS9 0RF,
E01010361,,,WS1 4NL,
E01010362,,,WS2 8DS,
E01010363,,,WS1 1NA,
E01010364,,,WS1 3RY,
E01010365,,,WS2 9AA,
E01010366,,,WS2 9BG,
E01010367,,,WS2 9AH,
E01010368,,,WS1 1AA,
E01010369,,,WS1 1DJ,
E01010370,,,WS1 2EJ,
E01010371,,,WS1 1ER,
E01010372,,,WS1 3AL,
E01010373,,,WS1 2NH,
E01010374,,,WS2 7AF,
E01010375,,,WS2 7AZ,
E01010376,,,WV12 4DB,
E01010377,,,WV12 4HL,
E01010378,,,WS2 7LU,
E01010379,,,WV12 4AD,
E01010380,,,WV12 4PX,
E01010381,,,WV12 4BF,
E01010382,,,WV12 4AA,
E01010383,,,WV12 4BP,
E01010388,,,WS9 0NS,
E01010392,,,WS9 0PH,
E01010393,,,WV12 5JS,
E01010394,,,WV12 5AJ,
E01010395,,,WV12 5AH,
E01010396,,,WV12 5HH,
E01010397,,,WV12 5DR,
E01010398,,,WV11 2DU,
E01010399,,,WV12 5AR,
E01010400,,,WV11 2EA,
E01010401,,,WV13 3AL,
E01010402,,,WS2 0AH,
E01010403,,,WV13 1FB,
E01010404,,,WV13 1AB,
E01010405,,,WS10 8LG,
E01010406,,,WV13 1DH,
E01010407,,,WV11 3SU,
E01010408,,,WV13 1AF,
E01010409,,,WS2 0AB,
E01010410,,,WV14 0AF,
E01010411,,,WV14 8AY,
E01010412,,,WV14 0PN,
E01010413,,,WV14 8AS,
E01010414,,,WV14 0AA,
E01010415,,,WV14 6NP,
E01010416,,,WV14 7AA,
E01010417,,,WV14 6DE,
E01010418,,,WV13 2JH,
E01010419,,,WV14 6AU,
E01010420,,,WV14 6AB,
E01010421,,,WV13 3JP,
E01010422,,,WV14 6AA,
E01010423,,,WV13 3AH,
E01010424,,,WV13 3EF,
E01010425,,,WV13 3QF,
E01010426,,,WV2 3BJ,
E01010427,,,WV2 3BB,
E01010428,,,WV2 3AX,
E01010429,,,WV2 3EN,
E01010430,,,WV2 3DT,
E01010431,,,WV4 5AL,
E01010432,,,WV4 5AH,
E01010433,,,WV2 1EA,
E01010434,,,WV10 6AE,
E01010435,,,WV10 6AA,
E01010436,,,WV10 6AU,
E01010437,,,WV10 8TA,
E01010438,,,WV10 6LD,
E01010439,,,WV10 7HZ,
E01010440,,,WV10 8AB,
E01010441,,,WV10 6BG,
E01010442,,,WV1 2EJ,
E01010443,,,WV1 2BS,
E01010444,,,WV1 2AA,
E01010445,,,WV1 2AD,
E01010446,,,WV1 2BH,
E01010447,,,WV1 2BA,
E01010448,,,WV1 2DH,
E01010449,,,WV2 2DE,
E01010450,,,WV14 0BP,
E01010451,,,WV14 0BB,
E01010452,,,WV2 2BP,
E01010453,,,WV2 1DL,
E01010454,,,WV2 1DN,
E01010455,,,WV14 0AR,
E01010456,,,WV10 8DE,
E01010457,,,WV10 8AL,
E01010458,,,WV11 1BJ,
E01010459,,,WV10 0SG,
E01010460,,,WV10 0NF,
E01010461,,,WV10 0ST,
E01010462,,,WV10 8LD,
E01010463,,,WV1 4JN,
E01010464,,,WV1 4NX,
E01010465,,,WV3 0AR,
E01010466,,,WV3 0AN,
E01010467,,,WV3 0AA,
E01010468,,,WV3 7AB,
E01010469,,,WV3 7BD,
E01010470,,,WV3 0AE,
E01010471,,,WV10 0AS,
E01010472,,,WV1 1AA,
E01010473,,,WV10 0DX,
E01010474,,,WV11 1NB,
E01010475,,,WV11 1GR,
E01010476,,,WV10 0LU,
E01010477,,,WV10 0LR,
E01010478,,,WV10 0AN,
E01010479,,,WV10 0NJ,
E01010480,,,WV10 0NG,
E01010481,,,WV10 8BJ,
E01010482,,,WV10 8BU,
E01010483,,,WV10 9BE,
E01010484,,,WV10 9BA,
E01010485,,,WV10 9AZ,
E01010486,,,WV10 9GR,
E01010487,,,WV3 7JH,
E01010488,,,WV3 7HE,
E01010489,,,WV3 7LH,
E01010490,,,WV3 7LQ,
E01010491,,,WV4 4JU,
E01010492,,,WV4 4JZ,
E01010493,,,WV3 7HT,
E01010494,,,WV3 8BY,
E01010495,,,WV10 6ED,
E01010496,,,WV9 5AP,
E01010497,,,WV9 5HA,
E01010498,,,WV9 5NZ,
E01010499,,,WV10 6AY,
E01010500,,,WV10 6RY,
E01010501,,,WV10 6TX,
E01010502,,,WV10 6AP,
E01010503,,,WV10 6DE,
E01010504,,,WV3 8BE,
E01010505,,,WV3 9BY,
E01010506,,,WV1 4SN,
E01010507,,,WV3 8AY,
E01010508,,,WV1 4AB,
E01010509,,,WV3 8DA,
E01010510,,,WV6 0BB,
E01010511,,,WV1 4AL,
E01010512,,,WV1 4TB,
E01010513,,,WV4 4BG,
E01010514,,,WV4 4HL,
E01010515,,,WV4 5NP,
E01010516,,,WV3 7NA,
E01010517,,,WV4 4EG,
E01010518,,,WV3 7LY,
E01010519,,,WV2 4PS,
E01010520,,,WV4 5AS,
E01010521,,,WV1 1AB,
E01010522,,,WV1 1NF,
E01010523,,,WV6 0FN,
E01010524,,,WV6 0ER,
E01010525,,,WV6 0ES,
E01010526,,,WV1 4RN,
E01010527,,,WV6 0HD,
E01010528,,,WV1 1HR,
E01010529,,,WV1 4AA,
E01010530,,,WV1 3AZ,
E01010531,,,WV14 9BP,
E01010532,,,WV14 9BB,
E01010533,,,WV4 6AR,
E01010534,,,WV14 9PP,
E01010535,,,WV4 6BU,
E01010536,,,WV4 6AT,
E01010537,,,WV4 6NA,
E01010538,,,WV14 9BG,
E01010539,,,WV6 0HS,
E01010540,,,WV6 8QA,
E01010541,,,WV8 1TA,
E01010542,,,WV6 9EN,
E01010543,,,WV8 1TH,
E01010544,,,WV6 9DE,
E01010545,,,WV6 9EF,
E01010546,,,WV6 7LA,
E01010547,,,WV6 0JY,
E01010548,,,WV16 8LE,
E01010549,,,WV6 8AL,
E01010550,,,WV3 8JU,
E01010551,,,WV6 8AA,
E01010552,,,WV3 8HB,
E01010553,,,WV6 8ET,
E01010554,,,WV11 2QF,
E01010555,,,WV11 2EH,
E01010556,,,WV11 2LF,
E01010557,,,WV11 2JL,
E01010558,,,WV11 1YH,
E01010559,,,WV11 2HX,
E01010560,,,WV11 2ET,
E01010561,,,WV11 3BE,
E01010562,,,WV11 1NR,
E01010563,,,WV11 3DZ,
E01010564,,,WV10 0TH,
E01010565,,,WV11 3FF,
E01010566,,,WV11 1JP,
E01010567,,,WV11 1GA,
E01010879,,,WF14 0BS,
E01011013,,,WF12 7HU,
E01011014,,,WF17 5LZ,
E01011015,,,WF17 5AA,
E01011016,,,WF17 5AH,
E01011017,,,WF17 5TR,
E01011018,,,WF17 7AA,
E01011019,,,WF12 7NE,
E01011020,,,WF13 2HQ,
E01011021,,,WF12 7DS,
E01011022,,,WF12 7BS,
E01011023,,,WF13 1EE,
E01011024,,,WF17 0LP,
E01011025,,,WF13 3NE,
E01011026,,,WF13 4AA,
E01011027,,,WF17 0DB,
E01011028,,,WF17 0AA,
E01011029,,,WF17 0AT,
E01011030,,,WF17 8EA,
E01011031,,,WF16 9QA,
E01011032,,,WF17 5TS,
E01011033,,,WF17 7EU,
E01011034,,,WF17 5RL,
E01011035,,,WF13 4AW,
E01011036,,,WF17 7DG,
E01011037,,,WF13 4AL,
E01011048,,,WF16 9BE,
E01011049,,,WF17 9BB,
E01011050,,,WF17 0DD,
E01011051,,,WF17 9LF,
E01011052,,,WF17 0AW,
E01011053,,,WF17 0DE,
E01011054,,,WF17 0AE,
E01011059,,,WF17 9BP,
E01011063,,,WF15 6LN,
E01011066,,,WF15 8BL,
E01011067,,,WF15 8BW,
E01011091,,,WF14 0EB,
E01011092,,,WF14 8EB,
E01011109,,,WF4 4AG,
E01011121,,,WF12 8DL,
E01011122,,,WF12 8NN,
E01011123,,,WF12 7AA,
E01011124,,,WF12 8BD,
E01011125,,,WF12 7AY,
E01011126,,,WF12 7HP,
E01011127,,,WF12 7EH,
E01011128,,,WF13 1RW,
E01011129,,,WF12 7AN,
E01011130,,,WF12 7BA,
E01011132,,,WF14 0DU,
E01011133,,,WF13 1YT,
E01011134,,,WF13 3AA,
E01011136,,,WF13 2JA,
E01011137,,,WF13 3NS,
E01011138,,,WF13 2LE,
E01011139,,,WF13 3EG,
E01011140,,,WF13 3EE,
E01011141,,,WF12 9BX,
E01011142,,,WF14 0AN,
E01011143,,,WF13 3AF,
E01011144,,,WF13 3BS,
E01011156,,,WF15 6QA,
E01011157,,,WF13 4BG,
E01011158,,,WF15 7AX,
E01011159,,,WF14 0BT,
E01011160,,,WF15 7AF,
E01011161,,,WF13 4BY,
E01011162,,,WF14 0DH,
E01011163,,,WF16 9AL,
E01011164,,,WF15 6HZ,
E01011165,,,WF16 9EJ,
E01011166,,,WF16 0EH,
E01011167,,,WF15 6WX,
E01011192,,,WF14 8ED,
E01011193,,,WF1 9AW,
E01011197,,,WF4 4BP,
E01011211,,,WF17 9XF,
E01011212,,,WF14 8AR,
E01011213,,,WF14 8AE,
E01011214,,,WF14 8BP,
E01011215,,,WF14 8AA,
E01011216,,,WF14 0BJ,
E01011217,,,WF14 0JE,
E01011218,,,WF14 0AD,
E01011219,,,WF14 9AZ,
E01011220,,,WF14 0DY,
E01011221,,,WF14 0AA,
E01011229,,,WF14 8LU,
E01011241,,,WF17 9HZ,
E01011243,,,WF17 9HT,
E01011245,,,WF15 6AD,
E01011246,,,WF15 6AA,
E01011247,,,WF15 6JH,
E01011248,,,WF15 6AS,
E01011249,,,WF15 6NF,
E01011250,,,WF15 6AR,
E01011251,,,WF15 8BQ,
E01011252,,,WF12 0BL,
E01011253,,,WF12 0DN,
E01011254,,,WF12 0DF,
E01011255,,,WF12 0BB,
E01011256,,,WF12 0DW,
E01011257,,,WF12 0WA,
E01011258,,,WF12 9BY,
E01011259,,,WF12 9BP,
E01011260,,,WF12 0RZ,
E01011261,,,WF12 0AA,
E01011262,,,WF12 0AG,
E01011263,,,WF12 0AD,
E01011299,,,WF10 2AA,
E01011303,,,WF10 2AX,
E01011307,,,WF10 2AF,
E01011308,,,WF10 2EP,
E01011496,,,WF3 3AA,
E01011499,,,WF3 2FD,
E01011500,,,WF3 3LD,
E01011535,,,WF3 1AA,
E01011536,,,WF2 0SA,
E01011537,,,WF3 2AA,
E01011538,,,WF3 1FB,
E01011540,,,WF3 1BU,
E01011546,,,WF17 0AF,
E01011547,,,WF3 1HX,
E01011548,,,WF12 7JH,
E01011549,,,WF3 1AT,
E01011550,,,WF3 1BF,
E01011551,,,WF3 2AS,
E01011552,,,WF3 1FA,
E01011553,,,WF3 1AB,
E01011634,,,WF3 3FY,
E01011636,,,WF3 3QS,
E01011740,,,WF10 2NA,
E01011741,,,WF10 3JT,
E01011742,,,WF10 2ND,
E01011743,,,WF10 3FA,
E01011744,,,WF10 1UU,
E01011745,,,WF10 2NH,
E01011746,,,WF10 2NE,
E01011747,,,WF10 3AP,
E01011748,,,WF10 2RX,
E01011749,,,WF10 4FR,
E01011750,,,WF10 3DE,
E01011751,,,WF10 3AA,
E01011752,,,WF10 1HF,
E01011753,,,WF10 4AN,
E01011754,,,WF10 1UX,
E01011755,,,WF10 1UZ,
E01011756,,,WF10 4EW,
E01011757,,,WF10 5FH,
E01011758,,,WF10 1WX,
E01011759,,,WF10 1BY,
E01011760,,,WF10 1AA,
E01011761,,,WF10 1QZ,
E01011762,,,WF10 1AB,
E01011763,,,WF10 5AA,
E01011764,,,WF10 5ES,
E01011765,,,WF4 1AN,
E01011766,,,WF4 1AB,
E01011767,,,WF7 7EA,
E01011768,,,WF7 7BU,
E01011769,,,WF4 1QJ,
E01011770,,,WF7 7AS,
E01011771,,,WF4 2AJ,
E01011772,,,WF4 2AA,
E01011773,,,WF4 1AA,
E01011774,,,WF1 5DE,
E01011775,,,WF10 5BT,
E01011776,,,WF7 6BS,
E01011777,,,WF7 6AA,
E01011778,,,WF7 6FG,
E01011779,,,WF7 5AB,
E01011780,,,WF7 5AZ,
E01011781,,,WF7 5AA,
E01011782,,,WF7 5DN,
E01011783,,,WF7 5AS,
E01011784,,,WF9 4PP,
E01011785,,,WF7 7BL,
E01011786,,,WF4 2AN,
E01011787,,,WF9 4AA,
E01011788,,,WF7 7DX,
E01011789,,,WF9 4FH,
E01011790,,,WF9 4AL,
E01011791,,,WF4 1QR,
E01011792,,,WF9 4PN,
E01011793,,,WF5 0DR,
E01011794,,,WF4 6DA,
E01011795,,,WF5 0ED,
E01011796,,,WF5 0AW,
E01011797,,,WF4 5FA,
E01011798,,,WF4 3DS,
E01011799,,,WF4 6AP,
E01011800,,,WF4 5BR,
E01011801,,,WF4 3DT,
E01011802,,,WF4 5AE,
E01011803,,,WF11 0AA,
E01011804,,,WF11 0BL,
E01011805,,,WF11 0BY,
E01011806,,,WF11 0BJ,
E01011807,,,WF11 0DR,
E01011808,,,WF11 0BH,
E01011809,,,WF11 0BQ,
E01011810,,,WF11 0AJ,
E01011811,,,WF11 0AP,
E01011812,,,WF6 1JA,
E01011813,,,WF6 1BS,
E01011814,,,WF6 1AH,
E01011815,,,WF1 5DB,
E01011816,,,WF6 1BP,
E01011817,,,WF4 1AG,
E01011818,,,WF4 1AF,
E01011819,,,WF6 1AA,
E01011820,,,WF6 1QE,
E01011821,,,WF6 1GU,
E01011822,,,WF6 1AF,
E01011823,,,WF12 8PZ,
E01011824,,,WF5 9DD,
E01011825,,,WF5 8ES,
E01011826,,,WF5 8BU,
E01011827,,,WF5 0NB,
E01011828,,,WF5 0PP,
E01011829,,,WF12 0QN,
E01011830,,,WF5 0AF,
E01011831,,,WF5 8DE,
E01011832,,,WF5 0AB,
E01011833,,,WF12 8NP,
E01011834,,,WF8 1GY,
E01011835,,,WF8 2BD,
E01011836,,,WF8 2DJ,
E01011837,,,WF8 1AB,
E01011838,,,WF11 0DN,
E01011839,,,WF8 2DH,
E01011840,,,WF8 1BH,
E01011841,,,WF7 6HZ,
E01011842,,,WF8 4AP,
E01011843,,,WF8 2LY,
E01011844,,,WF8 1JJ,
E01011845,,,WF8 3QN,
E01011846,,,WF8 2SD,
E01011847,,,WF8 3PE,
E01011848,,,WF8 2QN,
E01011849,,,WF11 0AD,
E01011850,,,WF8 2AF,
E01011851,,,WF8 1NB,
E01011852,,,WF8 2AN,
E01011853,,,WF8 2BE,
E01011854,,,WF9 1EN,
E01011855,,,WF9 1BH,
E01011856,,,WF8 3FT,
E01011857,,,WF8 3DJ,
E01011858,,,WF9 1BB,
E01011859,,,WF9 2DT,
E01011860,,,WF9 2BU,
E01011861,,,WF9 2AN,
E01011862,,,WF9 2EP,
E01011863,,,WF9 2EE,
E01011864,,,WF9 3AJ,
E01011865,,,WF9 4EB,
E01011866,,,WF9 2FA,
E01011867,,,WF9 4DJ,
E01011868,,,WF9 3AF,
E01011869,,,WF9 2AA,
E01011870,,,WF9 2AU,
E01011871,,,WF9 3AA,
E01011872,,,WF9 3AH,
E01011873,,,WF3 3ER,
E01011874,,,WF6 2HY,
E01011875,,,WF3 4AH,
E01011876,,,WF1 4AL,
E01011877,,,WF1 3AU,
E01011878,,,WF3 4AS,
E01011879,,,WF6 2JE,
E01011880,,,WF1 4AD,
E01011881,,,WF1 2DS,
E01011882,,,WF6 1YY,
E01011883,,,WF10 5QJ,
E01011884,,,WF1 2HR,
E01011885,,,WF1 1ZN,
E01011886,,,WF1 2BA,
E01011887,,,WF1 2AH,
E01011888,,,WF2 0FX,
E01011889,,,WF2 0AP,
E01011890,,,WF2 0AX,
E01011891,,,WF1 2AR,
E01011892,,,WF2 0AF,
E01011893,,,WF1 2JZ,
E01011894,,,WF1 3TA,
E01011895,,,WF1 3ED,
E01011896,,,WF1 2DL,
E01011897,,,WF1 2ER,
E01011898,,,WF1 1HW,
E01011899,,,WF2 8AA,
E01011900,,,WF2 8BG,
E01011901,,,WF2 8BJ,
E01011902,,,WF1 5RF,
E01011903,,,WF2 8BB,
E01011904,,,WF2 8FE,
E01011905,,,WF2 7AL,
E01011906,,,WF1 5QD,
E01011907,,,WF1 1EN,
E01011908,,,WF1 5AA,
E01011909,,,WF1 4AH,
E01011910,,,WF1 4AA,
E01011911,,,WF1 4DB,
E01011912,,,WF1 3AH,
E01011913,,,WF1 1QQ,
E01011914,,,WF1 4EY,
E01011915,,,WF1 4DL,
E01011916,,,WF1 1AA,
E01011917,,,WF1 4SY,
E01011918,,,WF2 8AP,
E01011919,,,WF2 9AP,
E01011920,,,WF1 1EU,
E01011921,,,WF2 8EG,
E01011922,,,WF2 8AG,
E01011923,,,WF1 2AB,
E01011924,,,WF1 2AA,
E01011925,,,WF2 0AE,
E01011926,,,WF2 0AA,
E01011927,,,WF2 0AB,
E01011928,,,WF4 4FN,
E01011929,,,WF4 3AA,
E01011930,,,WF4 3DA,
E01011931,,,WF1 1ZT,
E01011932,,,WF4 3DW,
E01011933,,,WF4 2LH,
E01011934,,,WF2 6QH,
E01011935,,,WF4 2JG,
E01011936,,,WF2 6TT,
E01011937,,,WF2 7AR,
E01011938,,,WF12 0QE,
E01011939,,,WF2 6BH,
E01011940,,,WF2 7EJ,
E01011941,,,WF2 6AJ,
E01011942,,,WF2 6BS,
E01011943,,,WF2 7BS,
E01011944,,,WF1 4SZ,
E01011945,,,WF2 6AA,
E01011946,,,WF2 6JS,
E01011947,,,WF2 6AG,
E01011948,,,WF2 6AP,
E01012367,,,WA8 0GZ,
E01012368,,,WA8 6HJ,
E01012369,,,WA8 6EN,
E01012370,,,WA8 0AE,
E01012371,,,WA7 3FU,
E01012372,,,WA7 2RJ,
E01012373,,,WA7 2PZ,
E01012374,,,WA8 5BW,
E01012375,,,WA8 9AA,
E01012376,,,WA8 4NX,
E01012377,,,WA8 7AS,
E01012378,,,WA8 7HU,
E01012379,,,WA8 7EZ,
E01012380,,,WA8 7HN,
E01012381,,,WA7 1NP,
E01012382,,,WA7 1DX,
E01012383,,,WA7 2AE,
E01012384,,,WA7 2AB,
E01012385,,,WA4 4AA,
E01012386,,,WA4 6NH,
E01012387,,,WA4 5QS,
E01012388,,,WA8 8AE,
E01012389,,,WA8 8GE,
E01012390,,,WA8 7HR,
E01012391,,,WA8 0QG,
E01012392,,,WA8 0HF,
E01012393,,,WA8 0UQ,
E01012394,,,WA8 9BE,
E01012395,,,WA8 5AA,
E01012396,,,WA7 5EQ,
E01012397,,,WA7 5AA,
E01012398,,,WA7 5EL,
E01012399,,,WA7 5EH,
E01012400,,,WA7 5BT,
E01012402,,,WA7 2DZ,
E01012403,,,WA7 2DE,
E01012404,,,WA7 5NF,
E01012405,,,WA7 5DE,
E01012406,,,WA7 2ED,
E01012407,,,WA7 1AA,
E01012408,,,WA7 2BS,
E01012409,,,WA7 2DA,
E01012410,,,WA8 0DA,
E01012411,,,WA8 0HB,
E01012412,,,WA8 0AA,
E01012413,,,WA8 0AU,
E01012414,,,WA8 0AX,
E01012415,,,WA7 3EH,
E01012416,,,WA7 4DB,
E01012417,,,WA7 1DA,
E01012418,,,WA7 4AB,
E01012419,,,WA8 4GA,
E01012420,,,WA8 4FA,
E01012421,,,WA8 4FE,
E01012422,,,WA8 4PA,
E01012423,,,WA8 4DW,
E01012424,,,WA8 0FT,
E01012425,,,WA8 6AU,
E01012426,,,WA8 6PU,
E01012427,,,WA8 7AA,
E01012428,,,WA7 1ED,
E01012429,,,WA7 4BG,
E01012430,,,WA7 1AB,
E01012431,,,WA7 1AG,
E01012432,,,WA7 3LB,
E01012433,,,WA7 3AE,
E01012434,,,WA7 6GH,
E01012435,,,WA7 6ET,
E01012436,,,WA7 6BA,
E01012437,,,WA7 6AG,
E01012438,,,WA7 6DA,
E01012439,,,WA7 2PG,
E01012440,,,WA7 6AA,
E01012441,,,WA8 0BF,
E01012442,,,WA8 8AB,
E01012443,,,WA8 0NJ,
E01012444,,,WA7 2DD,
E01012445,,,WA7 1QZ,
E01012446,,,WA4 3AH,
E01012447,,,WA4 3HE,
E01012448,,,WA4 3HA,
E01012449,,,WA4 5DN,
E01012450,,,WA4 3AB,
E01012451,,,WA4 3AG,
E01012452,,,WA4 5AB,
E01012453,,,WA2 8JA,
E01012454,,,WA2 7AE,
E01012455,,,WA2 8AA,
E01012457,,,WA5 1GR,
E01012458,,,WA4 6YZ,
E01012459,,,WA3 6NU,
E01012460,,,WA3 6AE,
E01012461,,,WA3 6LH,
E01012462,,,WA3 4FJ,
E01012463,,,WA3 6AF,
E01012464,,,WA3 6AB,
E01012465,,,WA3 6ES,
E01012466,,,WA3 6AL,
E01012467,,,WA5 4BE,
E01012468,,,WA2 0RA,
E01012469,,,WA12 9XU,
E01012470,,,WA5 4DH,
E01012471,,,WA3 4AB,
E01012472,,,WA3 4AX,
E01012473,,,WA3 4AJ,
E01012474,,,WA3 4DX,
E01012475,,,WA3 4EG,
E01012476,,,WA3 4AP,
E01012477,,,WA3 4AL,
E01012478,,,WA1 2DL,
E01012479,,,WA1 2DT,
E01012480,,,WA1 2AH,
E01012481,,,WA1 3BS,
E01012482,,,WA1 3PR,
E01012483,,,WA2 7AB,
E01012485,,,WA4 2GY,
E01012486,,,WA4 1AN,
E01012487,,,WA4 2JW,
E01012488,,,WA4 2AA,
E01012489,,,WA4 2AE,
E01012490,,,WA4 2EZ,
E01012491,,,WA5 3BE,
E01012492,,,WA5 3BA,
E01012493,,,WA5 3EL,
E01012494,,,WA5 3HW,
E01012495,,,WA5 1QH,
E01012496,,,WA5 1JH,
E01012497,,,WA5 1DT,
E01012498,,,WA5 1EL,
E01012499,,,WA5 1DJ,
E01012500,,,WA5 1RA,
E01012501,,,WA5 1DN,
E01012502,,,WA4 5HL,
E01012503,,,WA4 4BW,
E01012504,,,WA4 1AA,
E01012505,,,WA4 1DY,
E01012506,,,WA4 1QL,
E01012507,,,WA4 1AE,
E01012508,,,WA4 1AS,
E01012509,,,WA4 6AS,
E01012510,,,WA4 1AB,
E01012511,,,WA4 1BA,
E01012512,,,WA4 6AA,
E01012513,,,WA13 0AL,
E01012514,,,WA13 0AT,
E01012515,,,WA13 0BX,
E01012516,,,WA13 0AA,
E01012517,,,WA13 0HZ,
E01012518,,,WA13 0BP,
E01012519,,,WA13 9AH,
E01012520,,,WA2 8AL,
E01012521,,,WA2 8LU,
E01012522,,,WA2 9AF,
E01012523,,,WA2 7PN,
E01012524,,,WA2 7SY,
E01012525,,,WA2 7BB,
E01012526,,,WA2 8NL,
E01012527,,,WA5 2BP,
E01012528,,,WA5 2EF,
E01012529,,,WA5 2BF,
E01012530,,,WA4 6UY,
E01012531,,,WA5 2AL,
E01012532,,,WA5 2AB,
E01012533,,,WA2 0DZ,
E01012534,,,WA2 0DX,
E01012535,,,WA2 9AA,
E01012536,,,WA2 0DT,
E01012537,,,WA2 8QG,
E01012538,,,WA2 0LB,
E01012539,,,WA2 0LX,
E01012540,,,WA2 0AB,
E01012541,,,WA2 0BS,
E01012542,,,WA2 0AH,
E01012543,,,WA2 0BH,
E01012544,,,WA2 0BZ,
E01012545,,,WA2 0AD,
E01012546,,,WA2 0AF,
E01012547,,,WA1 3DG,
E01012548,,,WA1 3TS,
E01012549,,,WA1 3ES,
E01012550,,,WA1 3EA,
E01012551,,,WA1 4DE,
E01012552,,,WA1 4AF,
E01012553,,,WA1 4AW,
E01012554,,,WA3 5AA,
E01012555,,,WA1 4EE,
E01012556,,,WA1 3PP,
E01012557,,,WA4 2AF,
E01012558,,,WA4 6DT,
E01012559,,,WA4 1JU,
E01012560,,,WA4 2AJ,
E01012561,,,WA5 5EB,
E01012562,,,WA5 1WP,
E01012563,,,WA5 5BS,
E01012564,,,WA5 5BP,
E01012565,,,WA5 3AH,
E01012566,,,WA5 3AN,
E01012567,,,WA5 3AA,
E01012568,,,WA5 1UW,
E01012569,,,WA5 3AF,
E01012570,,,WA5 5EY,
E01013810,,,NG7 5BN,
E01013811,,,NG7 5AN,
E01013812,,,NG7 4AA,
E01013813,,,NG1 3FU,
E01013814,,,NG7 3NH,
E01013815,,,NG1 4HA,
E01013816,,,NG1 4GN,
E01013817,,,NG8 3AP,
E01013818,,,NG8 6AG,
E01013819,,,NG8 5BZ,
E01013820,,,NG8 5JL,
E01013821,,,NG8 5NA,
E01013822,,,NG8 6FG,
E01013823,,,NG8 5AE,
E01013824,,,NG8 5PD,
E01013825,,,NG8 5EE,
E01013826,,,NG8 6BL,
E01013827,,,NG5 1HQ,
E01013828,,,NG5 1FL,
E01013829,,,NG6 0AT,
E01013830,,,NG6 0GH,
E01013831,,,NG6 0NB,
E01013832,,,NG6 0AA,
E01013833,,,NG6 0HY,
E01013834,,,NG5 1NB,
E01013835,,,NG5 1LP,
E01013836,,,NG6 0AF,
E01013837,,,NG5 1DR,
E01013838,,,NG5 1AX,
E01013839,,,NG5 1JE,
E01013840,,,NG5 1DA,
E01013841,,,NG5 1BU,
E01013842,,,NG7 2AN,
E01013843,,,NG2 1NH,
E01013844,,,NG5 1EZ,
E01013845,,,NG7 6BN,
E01013846,,,NG7 5FL,
E01013847,,,NG7 5HZ,
E01013849,,,NG5 5PL,
E01013850,,,NG5 5FA,
E01013851,,,NG5 9DJ,
E01013852,,,NG5 5EQ,
E01013853,,,NG5 5FZ,
E01013854,,,NG5 5EW,
E01013855,,,NG5 5FE,
E01013856,,,NG5 5GY,
E01013858,,,NG8 4BB,
E01013859,,,NG8 3FE,
E01013860,,,NG3 5WJ,
E01013861,,,NG8 3BF,
E01013862,,,NG8 2DR,
E01013863,,,NG8 2DN,
E01013864,,,NG8 6BB,
E01013865,,,NG8 3AQ,
E01013866,,,NG8 3AR,
E01013867,,,NG8 3AA,
E01013868,,,NG8 3BQ,
E01013870,,,NG1 2PA,
E01013871,,,NG2 1EB,
E01013872,,,NG2 1EA,
E01013873,,,NG2 2AD,
E01013874,,,NG2 2AA,
E01013875,,,NG6 7AA,
E01013876,,,NG6 8FF,
E01013877,,,NG6 8AX,
E01013878,,,NG6 7BN,
E01013879,,,NG6 8AA,
E01013880,,,NG6 8AL,
E01013881,,,NG6 8AH,
E01013882,,,NG6 8AQ,
E01013883,,,NG6 7DD,
E01013884,,,NG6 7BF,
E01013885,,,NG6 8AT,
E01013886,,,NG5 9BQ,
E01013887,,,NG5 5DD,
E01013888,,,NG6 9AB,
E01013889,,,NG5 9RB,
E01013890,,,NG6 9FU,
E01013891,,,NG6 0GG,
E01013892,,,NG5 5AA,
E01013893,,,NG5 5GU,
E01013894,,,NG5 5AP,
E01013895,,,NG11 7DN,
E01013896,,,NG11 8AR,
E01013897,,,NG11 8AD,
E01013898,,,NG11 8AX,
E01013899,,,NG11 8AJ,
E01013900,,,NG11 8AF,
E01013901,,,NG11 7AA,
E01013902,,,NG11 7BF,
E01013903,,,NG11 8FW,
E01013904,,,NG11 9EJ,
E01013905,,,NG11 8BF,
E01013906,,,NG11 8JZ,
E01013907,,,NG11 0AQ,
E01013908,,,NG11 8DA,
E01013909,,,NG11 8BH,
E01013910,,,NG11 9AB,
E01013911,,,NG11 9AE,
E01013912,,,NG11 8EU,
E01013913,,,NG3 7AD,
E01013914,,,NG3 7BB,
E01013915,,,NG2 4BL,
E01013916,,,NG3 7AB,
E01013917,,,NG2 4BA,
E01013918,,,NG2 4EP,
E01013919,,,NG2 3GB,
E01013920,,,NG1 1AJ,
E01013921,,,NG2 4AN,
E01013924,,,NG7 1QN,
E01013926,,,NG7 1HE,
E01013928,,,NG7 2AA,
E01013929,,,NG8 3AD,
E01013930,,,NG7 5FY,
E01013931,,,NG7 5RP,
E01013932,,,NG8 3LE,
E01013933,,,NG7 3ER,
E01013934,,,NG8 5AB,
E01013935,,,NG3 5FB,
E01013936,,,NG3 3AA,
E01013937,,,NG3 4JE,
E01013938,,,NG3 5AF,
E01013939,,,NG3 2ND,
E01013940,,,NG3 3AD,
E01013941,,,NG3 4GH,
E01013942,,,NG3 2PW,
E01013943,,,NG1 3HU,
E01013944,,,NG7 2FY,
E01013945,,,NG7 2FZ,
E01013947,,,NG7 3AE,
E01013948,,,NG7 3AU,
E01013953,,,NG7 1PZ,
E01013954,,,NG3 2AE,
E01013957,,,NG2 4QG,
E01013958,,,NG3 1DY,
E01013959,,,NG3 3EG,
E01013960,,,NG3 2GQ,
E01013961,,,NG1 3BF,
E01013962,,,NG3 2HN,
E01013963,,,NG5 1BD,
E01013964,,,NG5 1PD,
E01013965,,,NG5 3AN,
E01013966,,,NG5 3AA,
E01013967,,,NG5 1BW,
E01013968,,,NG3 5GA,
E01013969,,,NG5 2FD,
E01013970,,,NG5 1FG,
E01013971,,,NG5 2AQ,
E01013972,,,NG5 1AA,
E01013973,,,NG7 2AF,
E01013974,,,NG7 2DB,
E01013975,,,NG7 2BF,
E01013976,,,NG9 2SA,
E01013977,,,NG7 2UN,
E01013978,,,NG7 1AJ,
E01013979,,,NG8 1DL,
E01013980,,,NG8 2AU,
E01013981,,,NG8 1GE,
E01013982,,,NG8 2AH,
E01013983,,,NG8 2AT,
E01013984,,,NG8 2GR,
E01013985,,,NG8 2PF,
E01014000,,,WR15 8QL,
E01014001,,,WR6 5NA,
E01014015,,,WR13 5JW,
E01014021,,,NP7 8EB,
E01014024,,,WR15 8PY,
E01014027,,,WR13 6HH,
E01014028,,,WR13 5JE,
E01014029,,,WR13 6AZ,
E01014030,,,WR13 5AL,
E01014031,,,NP25 3SR,
E01014040,,,WR13 6HP,
E01014050,,,NP25 5QJ,
E01014096,,,WR15 8PJ,
E01014192,,,WV99 1AA,
E01015921,,,RM15 4AX,
E01015922,,,RM15 4AL,
E01015923,,,RM15 4BF,
E01015924,,,RM15 4BQ,
E01015925,,,RM15 4AE,
E01015926,,,RM15 4AA,
E01015927,,,RM15 5PD,
E01015928,,,RM15 4QE,
E01015929,,,RM15 4BZ,
E01015930,,,RM15 5PN,
E01015931,,,RM15 5BX,
E01015932,,,RM15 5LD,
E01015933,,,RM16 3PW,
E01015934,,,RM16 4ED,
E01015935,,,RM16 4AU,
E01015936,,,RM16 4AP,
E01015937,,,RM16 3AA,
E01015938,,,RM16 3DT,
E01015939,,,RM16 6NU,
E01015941,,,RM16 1UT,
E01015942,,,RM16 1UB,
E01015947,,,RM18 8NR,
E01015948,,,RM18 8DQ,
E01015949,,,RM18 8FR,
E01015950,,,RM16 3DJ,
E01015951,,,RM16 1AE,
E01015952,,,RM17 6BG,
E01015953,,,RM17 5BF,
E01015954,,,RM16 3NT,
E01015955,,,RM16 1YQ,
E01015956,,,RM16 2BQ,
E01015957,,,RM16 2BY,
E01015958,,,RM17 5AG,
E01015959,,,RM17 5DX,
E01015960,,,RM17 5LL,
E01015961,,,RM17 5LU,
E01015962,,,RM17 6AL,
E01015963,,,RM16 2NL,
E01015964,,,RM16 2BE,
E01015965,,,RM16 2BF,
E01015966,,,RM16 2BJ,
E01015967,,,RM16 4YR,
E01015968,,,RM17 5GU,
E01015969,,,RM17 6AP,
E01015970,,,RM17 5NA,
E01015971,,,RM14 2XB,
E01015972,,,RM15 4AJ,
E01015973,,,RM15 5AB,
E01015974,,,RM15 6DL,
E01015975,,,RM15 6AF,
E01015976,,,RM15 5AA,
E01015977,,,RM16 2FA,
E01015978,,,RM14 3BF,
E01015979,,,RM16 3AF,
E01015980,,,RM16 3EL,
E01015982,,,RM16 1UA,
E01015993,,,RM16 2AD,
E01015994,,,RM16 2AE,
E01015995,,,RM16 2AA,
E01015996,,,RM16 2AG,
E01016003,,,RM17 6TN,
E01016004,,,RM18 7AF,
E01016005,,,RM18 8AL,
E01016006,,,RM18 7AG,
E01016007,,,RM18 7AN,
E01016008,,,RM18 8AS,
E01016009,,,RM18 7QU,
E01016010,,,RM18 7BF,
E01016011,,,RM16 1AD,
E01016012,,,RM16 1AF,
E01016013,,,RM16 1GB,
E01016014,,,RM16 1GA,
E01016015,,,RM16 1AA,
E01016575,,,TW19 5DL,
E01016576,,,TW18 4TS,
E01016577,,,TW19 5BB,
E01016589,,,TW19 5AY,
E01016759,,,NN7 2JP,
E01016800,,,NN8 7NP,
E01017503,,,NN10 0SG,
E01017504,,,NN8 7LD,
E01017717,,,NN13 5BF,
E01017750,,,WD3 5QB,
E01017754,,,WD3 2XW,
E01017756,,,WD3 5UB,
E01017757,,,WD3 5TX,
E01017810,,,UB9 5BT,
E01017811,,,UB9 5DA,
E01017812,,,UB8 1EG,
E01017813,,,UB8 1DH,
E01017818,,,UB8 9TQ,
E01018308,,,WA6 0AF,
E01018359,,,WA6 0LS,
E01018411,,,WA16 9LD,
E01018412,,,WA16 9NG,
E01018580,,,WA16 7AN,
E01018598,,,WA13 0FL,
E01018599,,,WA16 0QN,
E01018603,,,WA16 0DJ,
E01018604,,,WA16 0AB,
E01018605,,,WA16 0AX,
E01018606,,,WA16 0AE,
E01018607,,,WA16 6TB,
E01018608,,,WA16 6BA,
E01018609,,,WA16 0FA,
E01018610,,,WA16 8AB,
E01018611,,,WA16 8DT,
E01018648,,,WA13 0TY,
E01018649,,,WA16 7AD,
E01018650,,,WA14 3QH,
E01018654,,,WA16 0AU,
E01018675,,,WA4 4ET,
E01018677,,,WA6 8LH,
E01018684,,,WA6 0DQ,
E01018685,,,WA6 0FA,
E01018686,,,WA6 7FD,
E01018687,,,WA6 6PY,
E01018688,,,WA6 6AE,
E01018689,,,WA6 1AZ,
E01018690,,,WA6 6AB,
E01018695,,,WA6 0AA,
E01018696,,,WA6 0GB,
E01018697,,,WA6 0AB,
E01018698,,,WA6 6HY,
E01018707,,,WA6 6PA,
E01018708,,,WA4 4EU,
E01018721,,,WA4 4DL,
E01018722,,,WA16 0UU,
E01018936,,,EX23 0DA,
E01018937,,,EX23 8AA,
E01018938,,,EX23 0LP,
E01018943,,,EX22 7LB,
E01018951,,,EX22 7EZ,
E01018959,,,EX23 8FA,
E01018960,,,EX23 0JA,
E01018961,,,EX23 8GQ,
E01018968,,,EX23 0BQ,
E01018969,,,EX23 0AY,
E01018974,,,EX22 6FF,
E01019420,,,NG16 4HG,
E01019439,,,NG16 4BG,
E01019442,,,NG16 5DP,
E01019444,,,NG16 5NA,
E01019451,,,NG16 4AG,
E01019452,,,NG16 4BA,
E01019453,,,NG16 3RU,
E01019485,,,NG20 9HU,
E01019495,,,NG20 9HX,
E01019499,,,NG16 6HE,
E01019500,,,NG16 6GJ,
E01019501,,,NG16 6HU,
E01019503,,,NG19 7BF,
E01019505,,,NG20 9BB,
E01019506,,,NG20 8EH,
E01019507,,,NG20 8AA,
E01019508,,,NG20 8JR,
E01019509,,,NG20 8HA,
E01019510,,,NG20 8DJ,
E01019511,,,NG19 8RR,
E01019512,,,NG20 8DL,
E01019520,,,NG19 7QL,
E01019641,,,NG10 5NE,
E01019643,,,NG10 3AZ,
E01019647,,,NG10 1AA,
E01019648,,,NG10 4AT,
E01019649,,,NG10 4GX,
E01019650,,,NG10 4BW,
E01019651,,,NG10 4AS,
E01019652,,,NG10 4AX,
E01019653,,,NG10 4AD,
E01019658,,,NG10 1QH,
E01019675,,,NG10 1AT,
E01019676,,,NG10 1BP,
E01019677,,,NG10 1AB,
E01019678,,,NG10 1AF,
E01019679,,,NG10 1HQ,
E01019680,,,NG10 2AE,
E01019681,,,NG10 1GR,
E01019682,,,NG10 1AX,
E01019691,,,NG10 5AE,
E01019692,,,NG10 5BP,
E01019693,,,NG10 5AP,
E01019694,,,NG10 5BB,
E01019695,,,NG10 5AD,
E01019696,,,NG10 5AG,
E01019697,,,NG10 3AP,
E01019698,,,NG10 2FF,
E01019699,,,NG10 3AS,
E01019700,,,NG10 3AB,
E01019705,,,NG10 3GB,
E01019706,,,NG10 3FA,
E01019707,,,NG10 3HE,
E01019708,,,NG10 3HJ,
E01019709,,,NG10 3LL,
E01019886,,,EX13 5DG,
E01019887,,,EX13 5BA,
E01019888,,,EX13 5AA,
E01019889,,,EX13 5BE,
E01019890,,,EX10 0PF,
E01019891,,,EX15 2NA,
E01019892,,,EX1 3GP,
E01019893,,,EX1 3BG,
E01019894,,,EX9 6AY,
E01019895,,,EX9 6AZ,
E01019896,,,EX9 6AA,
E01019897,,,EX9 6PW,
E01019898,,,EX2 7JJ,
E01019899,,,EX13 6DN,
E01019900,,,EX12 3AA,
E01019901,,,EX12 3BR,
E01019902,,,EX14 0JP,
E01019903,,,EX4 0AA,
E01019904,,,EX8 4DB,
E01019905,,,EX8 4PD,
E01019906,,,EX8 4JG,
E01019907,,,EX8 4DU,
E01019908,,,EX8 5BL,
E01019909,,,EX8 3DU,
E01019910,,,EX8 1QX,
E01019911,,,EX8 3AU,
E01019912,,,EX8 1JP,
E01019913,,,EX8 2AS,
E01019914,,,EX8 2DR,
E01019915,,,EX8 2DP,
E01019916,,,EX8 1AA,
E01019917,,,EX8 1DN,
E01019918,,,EX8 1AN,
E01019919,,,EX8 1PU,
E01019920,,,EX8 2ND,
E01019921,,,EX8 2JD,
E01019922,,,EX8 3AD,
E01019923,,,EX8 3LH,
E01019924,,,EX8 2NR,
E01019925,,,EX14 0BR,
E01019927,,,EX14 1AA,
E01019928,,,EX14 1AF,
E01019929,,,EX14 2DF,
E01019930,,,EX14 0PD,
E01019931,,,EX14 2AB,
E01019932,,,EX14 0AA,
E01019933,,,EX14 1DG,
E01019934,,,EX14 1BZ,
E01019935,,,EX13 7BZ,
E01019936,,,EX12 4BP,
E01019937,,,EX10 0AJ,
E01019938,,,EX13 7HH,
E01019939,,,EX11 1FR,
E01019940,,,EX10 0AA,
E01019942,,,EX11 1AA,
E01019943,,,EX11 1ED,
E01019944,,,EX11 1AD,
E01019945,,,EX10 0HH,
E01019946,,,EX12 2BG,
E01019947,,,EX12 2AB,
E01019948,,,EX12 2BJ,
E01019949,,,EX12 2DA,
E01019950,,,EX12 2AA,
E01019951,,,EX10 0FG,
E01019952,,,EX10 9EH,
E01019953,,,EX10 0QA,
E01019954,,,EX10 0JR,
E01019955,,,EX10 9AX,
E01019956,,,EX10 0FA,
E01019957,,,EX10 0NW,
E01019958,,,EX10 0LT,
E01019959,,,EX14 0GA,
E01019960,,,EX14 0EZ,
E01019961,,,EX12 4AA,
E01019962,,,EX11 1GN,
E01019963,,,EX5 1AX,
E01019964,,,EX3 0PE,
E01019965,,,EX8 5BQ,
E01019966,,,EX13 5RS,
E01019967,,,EX13 7AA,
E01019968,,,EX2 8AB,
E01019969,,,EX2 8AA,
E01019970,,,EX2 6LT,
E01019971,,,EX2 4AR,
E01019972,,,EX2 8BB,
E01019973,,,EX2 8NA,
E01019974,,,EX4 1AN,
E01019975,,,EX4 1HN,
E01019976,,,EX2 9ND,
E01019977,,,EX2 9HB,
E01019980,,,EX4 2BG,
E01019981,,,EX4 1DN,
E01019982,,,EX4 1SS,
E01019983,,,EX4 2AD,
E01019984,,,EX4 1SH,
E01019985,,,EX4 1DZ,
E01019986,,,EX1 2QG,
E01019987,,,EX1 2AF,
E01019988,,,EX1 2RF,
E01019989,,,EX1 1UQ,
E01019990,,,EX4 9AE,
E01019991,,,EX4 7ED,
E01019992,,,EX4 8AA,
E01019993,,,EX4 8LY,
E01019994,,,EX1 2AG,
E01019995,,,EX1 1BX,
E01019996,,,EX1 1RR,
E01019997,,,EX4 6BE,
E01019998,,,EX4 5BY,
E01019999,,,EX4 5EL,
E01020000,,,EX4 5DX,
E01020001,,,EX4 5AZ,
E01020002,,,EX4 8ES,
E01020003,,,EX1 3BN,
E01020004,,,EX1 3DQ,
E01020005,,,EX1 3RA,
E01020006,,,EX1 2SA,
E01020007,,,EX4 6NE,
E01020008,,,EX1 2HL,
E01020009,,,EX1 2BT,
E01020010,,,EX2 4SG,
E01020011,,,EX2 6DG,
E01020012,,,EX2 7AF,
E01020013,,,EX2 5AA,
E01020014,,,EX1 3DD,
E01020015,,,EX2 6AU,
E01020016,,,EX1 1AA,
E01020017,,,EX4 3FG,
E01020018,,,EX1 1HW,
E01020019,,,EX4 4PN,
E01020020,,,EX1 2PW,
E01020021,,,EX4 4AW,
E01020022,,,EX4 3TN,
E01020023,,,EX2 4AF,
E01020024,,,EX2 4AG,
E01020025,,,EX2 4AH,
E01020026,,,EX1 3EP,
E01020027,,,EX1 3EB,
E01020029,,,EX4 1BG,
E01020030,,,EX2 9AB,
E01020031,,,EX2 9AY,
E01020032,,,EX2 8AT,
E01020033,,,EX2 7AG,
E01020035,,,EX2 5AZ,
E01020036,,,EX1 2RY,
E01020037,,,EX1 3BQ,
E01020038,,,EX1 3ED,
E01020039,,,EX1 1UJ,
E01020040,,,EX1 3AN,
E01020041,,,EX17 1EY,
E01020042,,,EX17 1AA,
E01020043,,,EX5 4BN,
E01020044,,,EX15 1PQ,
E01020045,,,EX15 3ES,
E01020046,,,EX16 7ER,
E01020047,,,EX16 6AU,
E01020048,,,EX16 0AA,
E01020049,,,EX16 5NA,
E01020050,,,EX16 0UW,
E01020051,,,EX16 4BN,
E01020052,,,EX16 0SA,
E01020053,,,EX16 4AB,
E01020054,,,EX15 1AL,
E01020055,,,EX15 1AA,
E01020056,,,EX15 1EA,
E01020057,,,EX15 1BP,
E01020058,,,EX15 1DT,
E01020059,,,EX15 1LX,
E01020060,,,EX17 2AA,
E01020061,,,EX17 2AX,
E01020062,,,EX15 2DW,
E01020063,,,EX15 2QU,
E01020064,,,EX15 2FF,
E01020065,,,EX16 4BT,
E01020066,,,EX16 4FH,
E01020067,,,EX16 6DL,
E01020068,,,EX17 1AE,
E01020069,,,EX17 1AB,
E01020070,,,EX16 8AN,
E01020071,,,EX5 4BJ,
E01020072,,,EX17 5LE,
E01020073,,,EX17 4TX,
E01020074,,,EX15 2AW,
E01020075,,,EX14 0SR,
E01020076,,,EX17 5AA,
E01020077,,,EX16 8HR,
E01020078,,,EX16 5AA,
E01020079,,,EX16 5AU,
E01020080,,,EX16 5AB,
E01020081,,,EX16 5BG,
E01020082,,,EX17 5BL,
E01020083,,,EX17 1AD,
E01020084,,,EX31 2JD,
E01020085,,,EX31 2FB,
E01020086,,,EX31 2AN,
E01020087,,,EX16 9HA,
E01020088,,,EX31 4EN,
E01020089,,,EX33 2AG,
E01020090,,,EX31 4DF,
E01020091,,,EX33 1BH,
E01020092,,,EX33 1AR,
E01020093,,,EX33 1AA,
E01020094,,,EX31 1AA,
E01020095,,,EX32 7AZ,
E01020096,,,EX32 8AY,
E01020097,,,EX18 7AP,
E01020098,,,EX17 4SN,
E01020099,,,EX31 4HW,
E01020100,,,EX31 4NP,
E01020101,,,EX34 0AA,
E01020102,,,EX32 0EG,
E01020103,,,EX32 7SH,
E01020104,,,EX32 7RF,
E01020105,,,EX31 3AL,
E01020106,,,EX31 3DR,
E01020107,,,EX31 2NJ,
E01020108,,,EX33 1HX,
E01020109,,,EX33 1ED,
E01020110,,,EX31 4AE,
E01020111,,,EX34 8AA,
E01020112,,,EX34 9AL,
E01020113,,,EX34 0YR,
E01020114,,,EX34 9FF,
E01020115,,,EX34 8PE,
E01020116,,,EX34 8DE,
E01020117,,,EX34 7EJ,
E01020118,,,EX34 8BG,
E01020119,,,EX31 3HJ,
E01020120,,,EX32 0AX,
E01020121,,,EX32 0DZ,
E01020122,,,EX31 3AR,
E01020123,,,EX31 2BL,
E01020124,,,EX31 1DS,
E01020125,,,EX31 2AQ,
E01020126,,,EX31 4RF,
E01020127,,,EX31 1AG,
E01020128,,,EX32 0HU,
E01020129,,,EX32 8GW,
E01020130,,,EX32 9AA,
E01020131,,,EX31 4TP,
E01020132,,,EX31 1AB,
E01020133,,,EX31 1AJ,
E01020134,,,EX31 1HW,
E01020135,,,EX36 4AE,
E01020136,,,EX36 3AY,
E01020137,,,EX36 3AA,
E01020138,,,EX16 8AA,
E01020139,,,EX31 1AQ,
E01020140,,,EX32 7DQ,
E01020141,,,EX32 7HF,
E01020223,,,EX6 7RQ,
E01020228,,,EX6 8UX,
E01020229,,,EX6 8HJ,
E01020230,,,EX7 0BE,
E01020231,,,EX7 0AA,
E01020232,,,EX7 0AR,
E01020233,,,EX7 0BD,
E01020234,,,EX7 9DZ,
E01020235,,,EX7 0PS,
E01020240,,,EX6 8AD,
E01020241,,,EX2 0AA,
E01020242,,,EX6 8AA,
E01020243,,,EX2 8UD,
E01020244,,,EX6 8EH,
E01020245,,,EX6 7XG,
E01020258,,,EX6 6QE,
E01020262,,,EX2 9ST,
E01020263,,,EX6 6AA,
E01020268,,,EX7 0JX,
E01020273,,,EX6 7AA,
E01020274,,,EX6 6AL,
E01020275,,,EX39 1FE,
E01020276,,,EX39 1BT,
E01020277,,,EX39 4AA,
E01020278,,,EX31 3LZ,
E01020279,,,EX39 4AB,
E01020280,,,EX39 2AA,
E01020281,,,EX39 3AP,
E01020282,,,EX39 1FA,
E01020283,,,EX39 3AR,
E01020284,,,EX39 2AZ,
E01020285,,,EX39 3AN,
E01020286,,,EX20 4QS,
E01020287,,,EX20 3DE,
E01020288,,,EX39 2LY,
E01020289,,,EX21 5BW,
E01020290,,,EX21 5AE,
E01020291,,,EX22 7FB,
E01020292,,,EX39 5SA,
E01020293,,,EX22 6AA,
E01020294,,,EX22 6AD,
E01020295,,,EX39 3PT,
E01020296,,,EX38 8FA,
E01020297,,,EX39 1AB,
E01020298,,,EX39 1AH,
E01020299,,,EX39 1BE,
E01020300,,,EX39 2LA,
E01020301,,,EX21 5AZ,
E01020302,,,EX22 6JJ,
E01020303,,,EX19 8AA,
E01020304,,,EX38 7AB,
E01020305,,,EX38 7BD,
E01020306,,,EX38 7BR,
E01020307,,,EX38 7AS,
E01020308,,,EX19 8TT,
E01020309,,,EX22 7AR,
E01020310,,,EX39 1AA,
E01020311,,,EX18 7BA,
E01020314,,,EX20 4BR,
E01020319,,,EX17 5AB,
E01020320,,,EX19 8AR,
E01020321,,,EX19 8RY,
E01020322,,,EX20 1FJ,
E01020323,,,EX20 4AF,
E01020324,,,EX20 4AB,
E01020325,,,EX20 4AA,
E01020326,,,EX17 6LF,
E01020327,,,EX20 1FU,
E01020328,,,EX20 1AJ,
E01020329,,,EX20 1DD,
E01020330,,,EX20 1AA,
E01020339,,,EX17 5AZ,
E01020340,,,EX20 4BU,
E01020511,,,EX13 5UW,
E01020535,,,EX13 5UX,
E01020611,,,NE38 8BA,
E01020634,,,NE16 6AF,
E01020635,,,NE16 6AQ,
E01020636,,,NE16 6AP,
E01020653,,,NE16 6AR,
E01020654,,,NE16 6AY,
E01020655,,,NE17 7BD,
E01020656,,,NE17 7QA,
E01020663,,,NE16 5EG,
E01020676,,,NE16 6BD,
E01021443,,,RM4 1DN,5_RM4
E01021473,,,RM14 3PJ,
E01021741,,,EN9 2AF,
E01021742,,,IG9 6AE,
E01021743,,,IG9 6AA,
E01021744,,,IG9 6EN,
E01021745,,,IG9 5AN,
E01021746,,,IG10 4HL,
E01021747,,,IG10 4RT,
E01021748,,,IG9 5AA,
E01021749,,,IG7 4QA,
E01021750,,,IG4 5QA,
E01021751,,,IG7 5AB,
E01021752,,,IG7 5AD,
E01021764,,,IG7 5AJ,
E01021765,,,IG7 4BJ,
E01021766,,,IG7 5DU,
E01021767,,,IG7 5AN,
E01021770,,,IG7 6DH,
E01021771,,,IG10 3FQ,
E01021772,,,IG10 3HF,
E01021773,,,IG10 3EB,
E01021774,,,IG10 2DA,
E01021775,,,IG10 2AH,
E01021776,,,IG10 1AP,
E01021777,,,IG10 2DY,
E01021778,,,IG10 2AA,
E01021779,,,IG10 2FD,
E01021780,,,IG10 1LZ,
E01021781,,,IG10 1DL,
E01021782,,,IG10 1UB,
E01021783,,,IG10 3AA,
E01021784,,,IG10 3AB,
E01021785,,,IG10 3AP,
E01021786,,,IG10 1ER,
E01021787,,,IG10 1HS,
E01021788,,,IG10 1SN,
E01021789,,,IG10 1AN,
E01021790,,,IG10 1BF,
E01021791,,,IG10 1AA,
E01021792,,,EN10 6EX,
E01021793,,,EN9 2BE,
E01021794,,,EN9 2DB,
E01021800,,,RM4 1AF,
E01021801,,,EN11 0AY,
E01021804,,,RM4 1TX,
E01021806,,,E4 7BF,
E01021807,,,EN9 1LF,
E01021808,,,EN9 1FG,
E01021809,,,EN9 1UH,
E01021810,,,EN9 3AE,
E01021811,,,EN9 1LH,
E01021812,,,EN10 6EY,
E01021813,,,EN9 1AD,
E01021814,,,EN9 3FA,
E01021815,,,EN9 3HG,
E01021816,,,EN9 3DG,
E01021817,,,EN9 1AG,
E01021818,,,EN8 9AN,
E01022182,,,WR11 5HF,
E01022242,,,NP5 4LU,
E01022248,,,NP16 7GD,
E01022263,,,NP16 7NS,
E01022264,,,NP5 4LP,
E01022270,,,WR13 6AH,
E01022272,,,NP16 7AA,
E01022273,,,NP16 7AP,
E01022274,,,NP16 7AE,
E01022275,,,NP16 7BH,
E01022449,,,WR11 6QN,
E01022462,,,WR8 9LA,
E01023289,,,EN10 7AF,
E01023290,,,EN10 7AQ,
E01023291,,,EN10 7AG,
E01023292,,,EN10 6LX,
E01023293,,,EN7 5AB,
E01023294,,,EN7 5DB,
E01023295,,,EN7 5EE,
E01023296,,,EN7 5AA,
E01023297,,,EN8 9BG,
E01023298,,,EN8 0AG,
E01023299,,,EN8 8UE,
E01023300,,,EN8 8EF,
E01023301,,,EN8 0AA,
E01023302,,,EN8 0AL,
E01023303,,,EN8 0AJ,
E01023304,,,EN8 0AF,
E01023305,,,EN8 0BF,
E01023306,,,EN8 0JZ,
E01023307,,,EN10 7FF,
E01023308,,,EN7 6BA,
E01023309,,,EN7 6AD,
E01023310,,,EN10 6DE,
E01023311,,,EN7 5BF,
E01023312,,,EN7 6AR,
E01023313,,,EN6 4EX,
E01023314,,,EN7 5QA,
E01023315,,,EN7 6DX,
E01023316,,,EN11 0QH,
E01023317,,,EN11 9AF,
E01023318,,,EN11 0RP,
E01023319,,,EN11 9AA,
E01023320,,,EN11 0BS,
E01023321,,,EN10 6BF,
E01023322,,,EN11 0AD,
E01023323,,,EN11 0AB,
E01023324,,,EN7 6AH,
E01023325,,,EN7 6EP,
E01023326,,,EN7 6AA,
E01023327,,,EN11 0JR,
E01023328,,,EN11 0EF,
E01023329,,,EN11 0PP,
E01023330,,,EN11 0AQ,
E01023331,,,EN11 0AA,
E01023332,,,EN8 7AT,
E01023333,,,EN8 8DZ,
E01023334,,,EN8 8EL,
E01023335,,,EN8 7EL,
E01023336,,,EN8 7AU,
E01023337,,,EN7 5BQ,
E01023338,,,EN8 7FB,
E01023339,,,EN8 8AD,
E01023340,,,EN10 6GL,
E01023341,,,EN10 6BD,
E01023342,,,EN10 6AA,
E01023343,,,EN10 6AD,
E01023344,,,EN10 6AP,
E01023374,,,WD4 9LE,
E01023375,,,WD4 9AQ,
E01023378,,,WD4 9LD,
E01023406,,,WD4 4AA,
E01023407,,,WD4 8AH,
E01023408,,,WD4 8AD,
E01023469,,,EN11 0QW,
E01023481,,,EN10 7FL,
E01023504,,,EN11 0EH,
E01023523,,,WD7 7AS,
E01023524,,,WD6 3AA,
E01023525,,,WD7 0AA,
E01023526,,,WD7 7AE,
E01023527,,,WD7 8AL,
E01023528,,,WD2 4XR,
E01023529,,,WD6 4AD,
E01023530,,,WD6 1AD,
E01023531,,,WD6 4AT,
E01023532,,,WD6 1AA,
E01023533,,,WD6 4BT,
E01023534,,,WD6 4AA,
E01023535,,,WD6 4AH,
E01023536,,,WD6 4AE,
E01023537,,,WD6 1AB,
E01023538,,,WD6 1AR,
E01023539,,,WD6 1BQ,
E01023540,,,WD6 1ER,
E01023541,,,WD6 1BL,
E01023542,,,WD6 1QU,
E01023543,,,WD6 2AJ,
E01023544,,,WD6 5NL,
E01023545,,,WD6 1DJ,
E01023546,,,WD6 1DT,
E01023547,,,WD6 1QA,
E01023548,,,HA7 3HX,
E01023549,,,WD2 1AH,
E01023550,,,WD2 1AL,
E01023551,,,WD2 1PE,
E01023552,,,WD2 2AA,
E01023553,,,WD2 2AU,
E01023554,,,WD2 2AF,
E01023555,,,WD2 2AN,
E01023556,,,WD2 3FA,
E01023557,,,WD2 3AG,
E01023558,,,WD2 1AA,
E01023559,,,WD1 2DL,
E01023560,,,WD2 3BG,
E01023561,,,WD2 3BR,
E01023562,,,WD2 2LW,
E01023563,,,WD19 4FT,
E01023564,,,WD6 3AZ,
E01023565,,,WD6 3BN,
E01023566,,,WD6 2BS,
E01023567,,,EN5 4RU,
E01023568,,,EN6 2AP,
E01023569,,,EN6 2AZ,
E01023570,,,EN6 2PD,
E01023571,,,EN6 4AB,
E01023572,,,EN6 5AG,
E01023573,,,EN6 2LQ,
E01023574,,,EN6 5BG,
E01023575,,,EN6 1JY,
E01023576,,,EN4 0PH,
E01023577,,,EN6 1AG,
E01023578,,,EN6 1AA,
E01023579,,,EN6 1AD,
E01023580,,,EN6 1AH,
E01023581,,,WD7 9BQ,
E01023582,,,WD7 9AB,
E01023583,,,EN6 3LY,
E01023584,,,EN5 3GZ,
E01023708,,,WD7 9HA,
E01023720,,,WD7 7FE,
E01023732,,,WD2 7LN,
E01023733,,,WD2 7JP,
E01023802,,,WD5 0AB,
E01023803,,,WD4 8LT,
E01023804,,,WD5 0AA,
E01023805,,,WD1 5HN,
E01023806,,,WD1 6TG,
E01023807,,,WD4 8FQ,
E01023808,,,WD4 8ER,
E01023809,,,WD1 4RL,
E01023810,,,HA5 4AJ,
E01023811,,,WD1 4RA,
E01023812,,,WD3 4AR,
E01023813,,,WD3 4AD,
E01023814,,,WD3 5AZ,
E01023815,,,WD3 5AD,
E01023816,,,WD3 5AA,
E01023817,,,WD3 5AT,
E01023818,,,WD3 5FE,
E01023819,,,WD3 3AL,
E01023820,,,WD3 3AA,
E01023821,,,WD3 3DG,
E01023822,,,WD3 3AG,
E01023823,,,WD3 3FP,
E01023824,,,WD1 7SE,
E01023825,,,WD1 8FL,
E01023826,,,WD3 3AB,
E01023827,,,HA6 2HU,
E01023828,,,WD1 6AL,
E01023829,,,WD5 0BY,
E01023830,,,WD5 0HR,
E01023831,,,WD1 3NH,
E01023832,,,WD2 7HR,
E01023833,,,WD2 7AY,
E01023834,,,WD2 6PA,
E01023835,,,WD3 2FD,
E01023836,,,WD3 2BF,
E01023837,,,UB9 6HZ,
E01023838,,,WD3 2GA,
E01023839,,,HA6 2AR,
E01023840,,,HA6 3BF,
E01023841,,,HA6 2AZ,
E01023842,,,WD1 6BD,
E01023843,,,WD1 6HF,
E01023844,,,WD1 6AA,
E01023845,,,WD1 4BB,
E01023846,,,WD1 4BJ,
E01023847,,,WD3 2BL,
E01023848,,,WD3 2HJ,
E01023849,,,WD3 1FN,
E01023850,,,WD3 1AA,
E01023851,,,WD3 0AA,
E01023852,,,WD3 1FJ,
E01023853,,,WD3 2EP,
E01023854,,,WD1 3TP,
E01023855,,,WD1 1BA,
E01023856,,,WD2 5AN,
E01023857,,,WD2 4BD,
E01023858,,,WD2 4AU,
E01023859,,,WD1 1DF,
E01023860,,,WD1 1LZ,
E01023861,,,WD1 1AB,
E01023862,,,WD1 2AN,
E01023863,,,WD1 7EN,
E01023864,,,WD1 8AB,
E01023865,,,WD1 8DD,
E01023866,,,WD1 1AA,
E01023867,,,WD1 7AZ,
E01023868,,,WD17 4DS,
E01023869,,,WD2 5AR,
E01023870,,,WD2 5AA,
E01023871,,,WD2 5GQ,
E01023872,,,WD2 5EQ,
E01023873,,,WD2 4FB,
E01023874,,,WD2 4NB,
E01023875,,,WD2 6GB,
E01023876,,,WD2 4RN,
E01023877,,,WD2 6LQ,
E01023878,,,WD1 2RL,
E01023879,,,WD1 3AR,
E01023880,,,WD1 1HH,
E01023881,,,WD1 3HT,
E01023882,,,WD1 4AN,
E01023883,,,WD1 2JA,
E01023884,,,WD1 4AA,
E01023885,,,WD1 4AD,
E01023886,,,WD1 7HZ,
E01023887,,,WD1 3AL,
E01023888,,,WD1 1JE,
E01023889,,,WD1 3AF,
E01023890,,,WD2 6AD,
E01023891,,,WD2 6AP,
E01023892,,,WD2 6AS,
E01023893,,,WD2 6BJ,
E01023894,,,WD2 6DE,
E01023895,,,WD1 1AL,
E01023896,,,WD2 4AF,
E01023897,,,WD2 4AD,
E01023898,,,WD2 4DS,
E01023899,,,WD1 7BN,
E01023900,,,WD1 7AE,
E01023901,,,WD1 7BY,
E01023902,,,WD1 8AL,
E01023903,,,WD1 7NL,
E01023904,,,WD2 7BH,
E01023905,,,WD2 6JY,
E01023906,,,WD2 7BP,
E01023907,,,WD2 6ER,
E01023909,,,EN6 1NX,
E01023911,,,EN6 1BY,
E01023947,,,EN2 8AT,
E01023948,,,EN6 4AN,
E01023949,,,EN6 4AH,
E01024132,,,DA2 7HY,
E01024133,,,DA2 6EL,
E01024134,,,DA2 8AD,
E01024135,,,DA1 1EA,
E01024136,,,DA1 1AT,
E01024137,,,DA1 1AE,
E01024138,,,DA1 1NF,
E01024139,,,DA2 6EP,
E01024140,,,DA9 9AA,
E01024141,,,DA10 0BE,
E01024142,,,DA10 0FB,
E01024143,,,DA9 9FH,
E01024144,,,DA1 3JH,
E01024145,,,DA1 2NJ,
E01024146,,,DA1 2PJ,
E01024147,,,DA1 3AY,
E01024148,,,DA1 1BS,
E01024149,,,DA1 5EJ,
E01024150,,,DA1 2TP,
E01024151,,,DA14 5AS,
E01024152,,,DA2 7AF,
E01024153,,,DA2 7HE,
E01024154,,,DA1 5DD,
E01024155,,,DA1 5DT,
E01024156,,,DA1 5DA,
E01024157,,,DA13 9AJ,
E01024158,,,DA2 8EA,
E01024159,,,DA3 7AF,
E01024160,,,DA3 7AD,
E01024161,,,DA1 1BL,
E01024162,,,DA1 1UU,
E01024163,,,DA1 1RF,
E01024164,,,DA1 1AH,
E01024165,,,DA1 2DZ,
E01024166,,,DA1 2DS,
E01024167,,,DA1 1AU,
E01024168,,,DA1 1NR,
E01024169,,,DA2 6AU,
E01024170,,,DA2 6BH,
E01024171,,,DA2 6ES,
E01024172,,,DA2 6DS,
E01024173,,,BR8 7PF,
E01024174,,,DA4 9AA,
E01024175,,,DA4 4ER,
E01024176,,,DA10 0AS,
E01024177,,,DA10 0DJ,
E01024178,,,DA10 0DB,
E01024179,,,DA10 0AA,
E01024180,,,DA1 1BQ,
E01024181,,,DA1 1BN,
E01024182,,,DA1 1AB,
E01024183,,,DA1 3AF,
E01024184,,,DA1 2AF,
E01024185,,,DA1 1AA,
E01024186,,,DA1 3BD,
E01024187,,,DA1 1PH,
E01024188,,,DA2 7AB,
E01024189,,,DA2 7AA,
E01024257,,,DA12 1AA,
E01024258,,,DA11 0DS,
E01024259,,,DA12 1HP,
E01024260,,,DA12 1HE,
E01024261,,,DA12 2FN,
E01024262,,,DA11 7AF,
E01024263,,,DA11 7AB,
E01024264,,,DA11 7DL,
E01024268,,,DA13 9AA,
E01024269,,,DA13 9AF,
E01024270,,,DA13 0HB,
E01024271,,,DA13 0AA,
E01024272,,,DA13 0AE,
E01024273,,,DA13 0BJ,
E01024274,,,DA13 0RD,
E01024275,,,DA13 0RL,
E01024276,,,DA11 0EE,
E01024277,,,DA11 9AD,
E01024278,,,DA11 9AR,
E01024279,,,DA11 9AA,
E01024280,,,DA11 8AA,
E01024281,,,DA11 7AE,
E01024282,,,DA11 0GA,
E01024283,,,DA11 0RB,
E01024284,,,DA11 0LS,
E01024285,,,DA11 8BE,
E01024286,,,DA11 8AB,
E01024287,,,DA11 8EH,
E01024288,,,DA11 8AQ,
E01024290,,,DA11 0AQ,
E01024291,,,DA11 0PB,
E01024292,,,DA11 0DU,
E01024293,,,DA12 1PN,
E01024294,,,DA12 2DN,
E01024295,,,DA11 0AP,
E01024296,,,DA12 2AL,
E01024297,,,DA12 4NG,
E01024298,,,DA12 4LF,
E01024299,,,DA12 4LJ,
E01024300,,,DA12 3AH,
E01024301,,,DA12 3AB,
E01024302,,,DA12 3AA,
E01024303,,,DA12 5DB,
E01024304,,,DA12 5BP,
E01024305,,,DA12 5AR,
E01024306,,,DA12 5BA,
E01024307,,,DA12 4AP,
E01024308,,,DA12 4AF,
E01024309,,,DA12 4DD,
E01024310,,,DA12 4AT,
E01024311,,,DA12 1PG,
E01024312,,,DA12 4DT,
E01024313,,,DA12 1NP,
E01024314,,,DA12 5PP,
E01024315,,,DA12 5FG,
E01024316,,,DA11 7AA,
E01024317,,,DA11 0LH,
E01024318,,,DA11 7LG,
E01024319,,,DA11 7LN,
E01024413,,,DA3 8BY,
E01024414,,,DA3 8EZ,
E01024415,,,DA3 8HT,
E01024421,,,BR6 7PJ,
E01024431,,,BR8 8ED,
E01024432,,,DA4 9AR,
E01024433,,,BR8 8DY,
E01024434,,,DA3 8AH,
E01024437,,,DA3 7BD,
E01024440,,,BR6 7NZ,
E01024441,,,DA3 7BT,
E01024442,,,DA13 0JR,
E01024443,,,DA3 7AA,
E01024444,,,DA3 7DG,
E01024445,,,BR8 7FP,
E01024446,,,BR8 7LF,
E01024447,,,BR8 7RW,
E01024472,,,BR8 7FS,
E01024473,,,BR8 8AN,
E01024474,,,BR8 8DW,
E01024475,,,BR8 8AB,
E01024476,,,BR8 7BA,
E01024477,,,BR8 7AA,
E01024478,,,BR8 7DH,
E01024479,,,BR8 7BP,
E01024480,,,BR8 7AG,
E01024481,,,BR8 7AR,
E01024482,,,BR8 7AP,
E01024774,,,DA13 0UB,
E01024923,,,WN6 9SW,
E01025468,,,WN8 6HL,
E01025469,,,WN8 6DY,
E01025470,,,WN8 6DZ,
E01025471,,,WN8 6RA,
E01025479,,,WA11 7TG,
E01025480,,,WN8 6FF,
E01025481,,,WN8 6DX,
E01025482,,,WN8 6HA,
E01025492,,,WN8 6EE,
E01025493,,,WN8 9AL,
E01025494,,,WN8 9AU,
E01025503,,,WN8 9DH,
E01025504,,,WN8 9BF,
E01025505,,,WN8 0JF,
E01025506,,,WN8 6XP,
E01025510,,,WN6 9BD,
E01025511,,,WN6 9QE,
E01025512,,,WN8 7DA,
E01025520,,,WN8 8NR,
E01025521,,,WN8 0EF,
E01025522,,,WN8 6JN,
E01025523,,,WN8 8AG,
E01025524,,,WN8 8AE,
E01025525,,,WN8 8DJ,
E01025526,,,WN8 8AX,
E01025527,,,WN8 6BP,
E01025528,,,WN8 6AA,
E01025529,,,WN8 6AG,
E01025534,,,WN5 8FS,
E01025535,,,WN8 0AA,
E01025536,,,WN8 0AG,
E01025537,,,WN5 7AL,
E01025538,,,WN6 9EF,
E01025539,,,WN6 9AB,
E01025540,,,WN6 9AX,
E01025771,,,NN6 6JQ,
E01025885,,,NG13 0AE,
E01025886,,,NG13 0AA,
E01025887,,,NG13 0GP,
E01025892,,,NG13 0GA,
E01025912,,,NG33 5HJ,
E01025925,,,NG10 3AD,
E01026196,,,NG32 3JP,
E01026197,,,NG34 8BU,
E01026198,,,NG34 8DX,
E01026199,,,NG23 7EE,
E01026200,,,NG34 9GL,
E01026201,,,NG34 0AF,
E01026202,,,NG34 9FG,
E01026207,,,NG34 9QG,
E01026208,,,NG34 0BJ,
E01026209,,,NG32 3RG,
E01026221,,,NG32 3AH,
E01026222,,,NG34 9AB,
E01026223,,,NG34 8RD,
E01026224,,,NG34 9DL,
E01026227,,,NG34 0ES,
E01026228,,,NG34 7FE,
E01026229,,,NG34 8AT,
E01026230,,,NG34 7BY,
E01026231,,,NG34 6AB,
E01026232,,,NG34 4SA,
E01026233,,,NG34 7JU,
E01026234,,,NG34 7NL,
E01026235,,,NG34 7AD,
E01026236,,,NG34 7AE,
E01026290,,,NG34 0EY,
E01026291,,,NG31 7DE,
E01026292,,,NG31 9HG,
E01026293,,,NG31 7EZ,
E01026294,,,NG31 9FD,
E01026308,,,NG31 7DF,
E01026309,,,NG31 7DD,
E01026310,,,NG31 7LA,
E01026311,,,NG31 7DG,
E01026312,,,NG31 7PY,
E01026313,,,NG31 8NF,
E01026314,,,NG32 3AF,
E01026315,,,NG31 7UD,
E01026316,,,NG33 4BB,
E01026317,,,NG31 6AE,
E01026318,,,NG31 6BL,
E01026319,,,NG31 7AY,
E01026320,,,NG31 8AF,
E01026321,,,NG31 7LT,
E01026322,,,NG31 7GA,
E01026323,,,NG13 0LD,
E01026324,,,NG31 8GA,
E01026325,,,NG31 9EQ,
E01026326,,,NG31 9BA,
E01026327,,,NG31 9EP,
E01026328,,,NG31 9EE,
E01026329,,,NG32 2AY,
E01026330,,,NG33 4BA,
E01026331,,,NG33 4JX,
E01026332,,,NG32 3AA,
E01026333,,,NG23 5AA,
E01026338,,,NG33 4QW,
E01026339,,,NG33 5AF,
E01026340,,,NG31 8FU,
E01026343,,,NG31 6ET,
E01026344,,,NG31 6ES,
E01026345,,,NG31 7TP,
E01026352,,,NG31 8DG,
E01026353,,,NG31 6PR,
E01026354,,,NG31 8BS,
E01026355,,,NG23 5DH,
E01026361,,,NG34 0ER,
E01026365,,,NG13 0GW,
E01026398,,,NG23 7EL,
E01026419,,,NR17 1BP,
E01026420,,,NR17 1AG,
E01026421,,,NR16 2AE,
E01026422,,,NR17 1AR,
E01026423,,,NR17 1FU,
E01026425,,,NR19 1AG,
E01026426,,,NR10 4WJ,
E01026427,,,NR19 1AJ,
E01026428,,,NR19 2AX,
E01026429,,,NR19 2AE,
E01026430,,,NR19 2DG,
E01026431,,,NR19 2DF,
E01026432,,,NR19 1EG,
E01026433,,,NR19 1NL,
E01026434,,,NR19 1AH,
E01026435,,,NR16 1PL,
E01026436,,,NR20 4AA,
E01026439,,,NR16 2AD,
E01026440,,,NR16 2AB,
E01026441,,,NR16 2FH,
E01026442,,,NR20 4AP,
E01026443,,,NR19 2QS,
E01026447,,,NR17 1QJ,
E01026448,,,NR17 1QG,
E01026449,,,NR16 2AQ,
E01026450,,,NR17 1AA,
E01026451,,,NR19 1NP,
E01026452,,,NR19 2AQ,
E01026453,,,NR19 2AB,
E01026454,,,NR19 1LN,
E01026461,,,NR20 3AD,
E01026462,,,NR20 4AB,
E01026464,,,NR17 1BL,
E01026479,,,NR20 3AB,
E01026480,,,NR20 3AA,
E01026481,,,NR20 3AH,
E01026483,,,NR20 4DF,
E01026484,,,NR19 1AB,
E01026485,,,NR19 1AA,
E01026491,,,NR17 1BF,
E01026494,,,NR16 2AH,
E01026497,,,NR13 3AA,
E01026498,,,NR13 3BH,
E01026499,,,NR11 6AA,
E01026500,,,NR11 6AU,
E01026501,,,NR10 5AE,
E01026502,,,NR11 6AF,
E01026503,,,NR11 6AL,
E01026504,,,NR12 8PR,
E01026505,,,NR13 4AE,
E01026506,,,NR13 4AB,
E01026507,,,NR13 4AA,
E01026508,,,NR13 5JS,
E01026509,,,NR13 4DZ,
E01026510,,,NR13 4DN,
E01026511,,,NR13 3AD,
E01026512,,,NR13 4AJ,
E01026513,,,NR13 4AD,
E01026514,,,NR10 5AA,
E01026515,,,NR10 5EZ,
E01026516,,,NR12 7AA,
E01026517,,,NR10 3QL,
E01026518,,,NR8 6AS,
E01026519,,,NR10 3AJ,
E01026520,,,NR8 6AG,
E01026521,,,NR8 6AA,
E01026522,,,NR11 6AQ,
E01026523,,,NR10 4AA,
E01026524,,,NR8 6AB,
E01026525,,,NR10 4EZ,
E01026526,,,NR6 5NE,
E01026527,,,NR6 5NG,
E01026528,,,NR6 5AD,
E01026529,,,NR3 2AE,
E01026530,,,NR6 5HT,
E01026531,,,NR6 5AB,
E01026532,,,NR6 5BF,
E01026533,,,NR10 3AA,
E01026534,,,NR10 4DE,
E01026535,,,NR10 3DU,
E01026536,,,NR10 3AB,
E01026537,,,NR10 3BB,
E01026538,,,NR13 3AR,
E01026539,,,NR13 3AB,
E01026540,,,NR6 7AB,
E01026541,,,NR12 7BW,
E01026542,,,NR6 7BU,
E01026543,,,NR3 4DW,
E01026544,,,NR6 7AX,
E01026545,,,NR13 5AB,
E01026546,,,NR13 5AJ,
E01026547,,,NR10 4AD,
E01026548,,,NR10 4EG,
E01026549,,,NR10 3AD,
E01026550,,,NR10 3FJ,
E01026551,,,NR10 3NE,
E01026552,,,NR10 3AF,
E01026553,,,NR7 8AF,
E01026554,,,NR13 6NA,
E01026555,,,NR6 7QG,
E01026556,,,NR3 4DR,
E01026557,,,NR7 8BD,
E01026558,,,NR13 6LA,
E01026559,,,NR1 1AQ,
E01026560,,,NR1 1AG,
E01026561,,,NR13 6LZ,
E01026562,,,NR8 6BQ,
E01026563,,,NR8 6GP,
E01026564,,,NR10 4DT,
E01026565,,,NR8 6GA,
E01026566,,,NR8 6DG,
E01026567,,,NR8 6JP,
E01026568,,,NR8 6HD,
E01026569,,,NR7 0LN,
E01026570,,,NR7 0JB,
E01026571,,,NR7 0AB,
E01026572,,,NR7 0BL,
E01026573,,,NR7 0AN,
E01026574,,,NR7 0NP,
E01026575,,,NR7 0AD,
E01026576,,,NR13 5BA,
E01026577,,,NR1 1TY,
E01026578,,,NR13 6AA,
E01026579,,,NR13 6AD,
E01026580,,,NR12 8AB,
E01026581,,,NR31 0HX,
E01026582,,,NR31 0NN,
E01026583,,,NR31 8BH,
E01026584,,,NR31 8AY,
E01026585,,,NR31 8AB,
E01026586,,,NR31 7DS,
E01026587,,,NR31 7BF,
E01026588,,,NR31 9AH,
E01026589,,,NR30 5NF,
E01026590,,,NR30 5BH,
E01026591,,,NR30 5AB,
E01026592,,,NR30 5DF,
E01026593,,,NR30 5AD,
E01026594,,,NR30 5AA,
E01026595,,,NR30 1AE,
E01026596,,,NR29 3FN,
E01026597,,,NR30 1AB,
E01026598,,,NR30 1AJ,
E01026599,,,NR30 1BN,
E01026600,,,NR31 0GW,
E01026601,,,NR31 0PA,
E01026602,,,NR31 8AH,
E01026603,,,NR31 7BP,
E01026604,,,NR31 7AA,
E01026605,,,NR29 3LY,
E01026606,,,NR29 4AB,
E01026607,,,NR29 3PJ,
E01026608,,,NR29 3AA,
E01026609,,,NR13 3AT,
E01026610,,,NR31 6AD,
E01026611,,,NR31 6DH,
E01026612,,,NR31 6HD,
E01026613,,,NR31 9AB,
E01026614,,,NR31 9AJ,
E01026615,,,NR31 9DL,
E01026616,,,NR31 9AA,
E01026617,,,NR31 6LA,
E01026618,,,NR31 6DB,
E01026619,,,NR31 7EH,
E01026620,,,NR31 7AZ,
E01026621,,,NR31 6JB,
E01026622,,,NR30 3AR,
E01026623,,,NR30 1AH,
E01026624,,,NR30 2BF,
E01026625,,,NR30 2FD,
E01026626,,,NR30 2DA,
E01026627,,,NR29 3AJ,
E01026628,,,NR29 3LU,
E01026629,,,NR29 3AD,
E01026630,,,NR31 6LD,
E01026631,,,NR31 6AB,
E01026632,,,NR31 6AA,
E01026633,,,NR30 3LU,
E01026634,,,NR31 0AF,
E01026635,,,NR29 3JP,
E01026636,,,NR29 3AP,
E01026637,,,NR29 4AH,
E01026638,,,NR29 4FG,
E01026639,,,NR30 4AA,
E01026640,,,NR30 4AB,
E01026641,,,NR30 4AG,
E01026646,,,NR21 9AD,
E01026695,,,NR21 7RD,
E01026729,,,NR20 5AR,
E01026730,,,NR24 2AD,
E01026731,,,NR26 8EX,
E01026732,,,NR11 7AQ,
E01026733,,,NR11 6PN,
E01026734,,,NR27 9AF,
E01026735,,,NR27 0BB,
E01026736,,,NR27 7SA,
E01026737,,,NR11 6AE,
E01026738,,,NR11 8AB,
E01026739,,,NR23 1QY,
E01026740,,,NR12 0AB,
E01026741,,,NR25 6AE,
E01026742,,,NR25 6AF,
E01026743,,,NR25 6AA,
E01026744,,,NR12 8AJ,
E01026745,,,NR21 8AG,
E01026746,,,NR21 0HA,
E01026747,,,NR21 0DT,
E01026748,,,NR21 8AB,
E01026749,,,NR21 8BD,
E01026750,,,NR11 8AE,
E01026751,,,NR11 8AS,
E01026752,,,NR11 8BT,
E01026753,,,NR10 5RJ,
E01026754,,,NR28 9AJ,
E01026755,,,NR28 9AQ,
E01026756,,,NR28 0AX,
E01026757,,,NR28 0DD,
E01026758,,,NR28 0AE,
E01026759,,,NR28 0AF,
E01026760,,,NR28 0BH,
E01026761,,,NR28 0AJ,
E01026762,,,NR11 8AL,
E01026763,,,NR23 1AB,
E01026764,,,NR23 1AA,
E01026765,,,NR21 0AA,
E01026766,,,NR11 8AF,
E01026767,,,NR12 8AH,
E01026768,,,NR10 5AJ,
E01026769,,,NR12 8AA,
E01026770,,,NR11 7WU,
E01026771,,,NR26 8AB,
E01026772,,,NR26 8AJ,
E01026773,,,NR26 8HA,
E01026774,,,NR12 9AJ,
E01026775,,,NR12 9AY,
E01026776,,,NR12 0WL,
E01026777,,,NR27 0BN,
E01026778,,,NR27 0AE,
E01026779,,,NR27 0AD,
E01026780,,,NR21 7AB,
E01026781,,,NR11 8AA,
E01026782,,,NR21 0AH,
E01026783,,,NR29 5AB,
E01026784,,,NR29 5AE,
E01026785,,,NR12 0AD,
E01026786,,,NR12 0AH,
E01026787,,,NR20 5AU,
E01026788,,,NR21 0AB,
E01026789,,,NR10 5AL,
E01026790,,,NR10 5AH,
E01026791,,,NR5 0SZ,
E01026792,,,NR5 9AB,
E01026793,,,NR5 8AA,
E01026794,,,NR5 9BS,
E01026796,,,NR5 8AD,
E01026797,,,NR3 2AB,
E01026798,,,NR3 3PE,
E01026799,,,NR3 3AA,
E01026800,,,NR3 2BF,
E01026801,,,NR3 3LB,
E01026802,,,NR1 4HW,
E01026803,,,NR7 9BG,
E01026804,,,NR1 4AB,
E01026805,,,NR7 9AA,
E01026806,,,NR1 1WN,
E01026807,,,NR1 4DU,
E01026808,,,NR1 4NZ,
E01026809,,,NR7 9BA,
E01026810,,,NR4 6AP,
E01026811,,,NR2 2AD,
E01026812,,,NR4 6AD,
E01026813,,,NR4 6AE,
E01026814,,,NR4 7AX,
E01026815,,,NR2 2AJ,
E01026816,,,NR1 2AA,
E01026817,,,NR1 2AP,
E01026818,,,NR1 2DR,
E01026819,,,NR1 2EJ,
E01026820,,,NR4 6AB,
E01026821,,,NR1 2AB,
E01026822,,,NR1 1QU,
E01026823,,,NR2 1AD,
E01026824,,,NR2 3AD,
E01026825,,,NR2 3TB,
E01026826,,,NR2 4TQ,
E01026827,,,NR2 3TA,
E01026828,,,NR2 4LH,
E01026829,,,NR3 2AD,
E01026830,,,NR3 2BL,
E01026831,,,NR3 2DE,
E01026832,,,NR3 2QA,
E01026833,,,NR3 2AN,
E01026834,,,NR3 2JB,
E01026835,,,NR2 2PA,
E01026836,,,NR2 3AA,
E01026837,,,NR2 3AS,
E01026838,,,NR2 2BX,
E01026839,,,NR2 2PE,
E01026840,,,NR2 3AB,
E01026841,,,NR3 1NQ,
E01026842,,,NR3 4AR,
E01026843,,,NR3 1EH,
E01026844,,,NR1 4HN,
E01026845,,,NR3 4LF,
E01026846,,,NR3 1ED,
E01026848,,,NR1 3NP,
E01026849,,,NR1 1AE,
E01026850,,,NR1 4AR,
E01026852,,,NR1 2PD,
E01026853,,,NR1 2AD,
E01026855,,,NR1 2QA,
E01026856,,,NR2 2AA,
E01026857,,,NR2 2AB,
E01026858,,,NR4 7DN,
E01026859,,,NR2 3JE,
E01026860,,,NR4 7AE,
E01026861,,,NR4 7LP,
E01026862,,,NR2 3PN,
E01026863,,,NR2 3GA,
E01026864,,,NR5 0DA,
E01026865,,,NR2 3UB,
E01026866,,,NR2 3TE,
E01026867,,,NR5 8BP,
E01026868,,,NR4 7HN,
E01026869,,,NR5 0DW,
E01026870,,,NR16 1HJ,
E01026871,,,NR18 0BU,
E01026872,,,NR15 2UX,
E01026874,,,NR15 2EH,
E01026875,,,NR14 6WG,
E01026876,,,NR14 6DB,
E01026877,,,NR15 2BN,
E01026878,,,NR16 1AD,
E01026879,,,NR14 6AD,
E01026880,,,NR14 6AE,
E01026881,,,NR4 6AA,
E01026882,,,NR4 6AU,
E01026883,,,NR4 7FY,
E01026884,,,NR18 0BN,
E01026885,,,NR18 9AH,
E01026886,,,NR15 2AA,
E01026892,,,NR35 2BS,
E01026893,,,NR35 2DR,
E01026894,,,NR15 2NY,
E01026895,,,NR9 5AD,
E01026896,,,NR18 0RL,
E01026897,,,NR15 1SH,
E01026898,,,NR34 0AE,
E01026899,,,NR14 6AB,
E01026903,,,NR15 1NR,
E01026904,,,NR15 2AE,
E01026905,,,NR9 3DP,
E01026906,,,NR9 3BF,
E01026907,,,NR9 3AB,
E01026908,,,NR4 6TF,
E01026909,,,NR9 4AF,
E01026910,,,NR18 9AB,
E01026911,,,NR14 6AH,
E01026912,,,NR14 6DJ,
E01026913,,,NR14 8AN,
E01026914,,,NR14 8AD,
E01026915,,,NR14 8AA,
E01026916,,,NR5 0AA,
E01026917,,,NR5 0AB,
E01026918,,,NR5 0AG,
E01026919,,,NR14 8PH,
E01026920,,,NR15 1AQ,
E01026921,,,NR18 0EG,
E01026922,,,NR18 0DA,
E01026924,,,NR5 0PB,
E01026925,,,NR5 0GB,
E01026926,,,NR14 7AB,
E01026927,,,NR14 7JF,
E01026928,,,NR14 7AD,
E01026929,,,NR14 7BP,
E01026930,,,NR14 6TN,
E01026933,,,NR18 0EN,
E01026936,,,NR14 8FF,
E01026937,,,NR1 2LZ,
E01026938,,,NR15 2AH,
E01026939,,,NR15 1QS,
E01026940,,,NR15 1AD,
E01026941,,,NR15 1AJ,
E01026942,,,NR15 1AR,
E01026943,,,NR13 3UB,
E01026944,,,NR14 6AJ,
E01026945,,,NR18 0BP,
E01026946,,,NR18 0FB,
E01026947,,,NR18 9AJ,
E01026948,,,NR18 9AA,
E01026949,,,NN17 1AA,
E01026950,,,NN17 1NB,
E01026951,,,NN18 8BA,
E01026952,,,NN17 1BD,
E01026953,,,NN18 9BS,
E01026954,,,NN18 9AW,
E01026955,,,NN18 8HB,
E01026956,,,NN18 8FR,
E01026957,,,NN17 1AB,
E01026958,,,NN17 1AG,
E01026959,,,NN18 0AU,
E01026960,,,NN18 0JY,
E01026961,,,NN18 0EG,
E01026962,,,NN18 0AG,
E01026963,,,NN18 8AP,
E01026965,,,NN18 9BB,
E01026966,,,NN18 0QW,
E01026967,,,NN18 0QT,
E01026968,,,NN18 9HW,
E01026969,,,NN17 1EU,
E01026970,,,NN17 2AH,
E01026971,,,NN17 1AH,
E01026972,,,NN17 1EF,
E01026973,,,NN17 2NR,
E01026974,,,NN17 2JH,
E01026975,,,NN17 2BD,
E01026976,,,NN17 2BJ,
E01026977,,,NN14 1AF,
E01026978,,,NN17 3BL,
E01026979,,,NN17 2BA,
E01026980,,,NN17 2UH,
E01026981,,,NN17 2AE,
E01026982,,,NN17 2AB,
E01026983,,,NN17 2EF,
E01026984,,,NN18 0AD,
E01026985,,,NN17 2UJ,
E01026986,,,NN11 5AJ,
E01026987,,,NN11 0JA,
E01026988,,,NN11 5AL,
E01026989,,,NN11 0RE,
E01026990,,,NN11 0LD,
E01026991,,,NN11 0AB,
E01026992,,,NN11 1FE,
E01026993,,,NN11 3AA,
E01026994,,,NN11 2AL,
E01026997,,,NN2 8ES,
E01026998,,,NN5 6UH,
E01026999,,,NN11 5NP,
E01027000,,,NN6 9AS,
E01027001,,,NN6 8AQ,
E01027002,,,NN6 8PB,
E01027003,,,NN6 9BG,
E01027004,,,NN11 3BA,
E01027005,,,NN6 6AH,
E01027006,,,NN6 6NU,
E01027007,,,NN11 4DH,
E01027008,,,NN11 4RD,
E01027009,,,NN11 4HW,
E01027010,,,NN11 4EP,
E01027011,,,NN11 2AB,
E01027012,,,NN11 0PE,
E01027013,,,NN11 4DW,
E01027014,,,NN11 0FW,
E01027015,,,NN6 7GG,
E01027016,,,NN6 6NP,
E01027017,,,NN6 7BW,
E01027018,,,NN3 1AU,
E01027019,,,NN2 8RD,
E01027020,,,NN3 1FH,
E01027021,,,NN6 8BJ,
E01027022,,,NN6 8BP,
E01027023,,,NN6 9EN,
E01027024,,,NN11 3BH,
E01027025,,,NN7 4ED,
E01027026,,,NN6 6AE,
E01027027,,,NN6 6WA,
E01027028,,,NN11 3DF,
E01027029,,,NN11 3DH,
E01027030,,,NN6 6AB,
E01027031,,,NN14 3AW,
E01027032,,,NN14 3AH,
E01027033,,,NN17 3BA,
E01027034,,,NN10 8AA,
E01027035,,,NN10 0SP,
E01027037,,,NN10 8BF,
E01027038,,,NN9 5BF,
E01027039,,,NN8 4BN,
E01027040,,,NN9 5EF,
E01027041,,,NN9 5AU,
E01027042,,,NN8 1RR,
E01027043,,,NN17 3AA,
E01027045,,,NN14 1DY,
E01027050,,,NN17 3BG,
E01027051,,,NN9 6DN,
E01027052,,,NN9 6BZ,
E01027053,,,NN9 6BB,
E01027054,,,NN9 6EG,
E01027055,,,NN9 6BD,
E01027056,,,NN9 6BY,
E01027057,,,NN14 4AR,
E01027058,,,NN10 0EB,
E01027059,,,NN10 0DJ,
E01027060,,,NN10 0AA,
E01027061,,,NN10 0AJ,
E01027062,,,NN10 6AA,
E01027063,,,NN10 6AD,
E01027064,,,NN10 6AS,
E01027065,,,NN10 0FA,
E01027066,,,NN10 0GA,
E01027067,,,NN10 0TT,
E01027068,,,NN10 0FD,
E01027069,,,NN10 0BY,
E01027070,,,NN10 9EF,
E01027071,,,NN10 9EH,
E01027072,,,NN10 6RU,
E01027073,,,NN10 9GE,
E01027074,,,NN9 6AA,
E01027075,,,NN14 4NG,
E01027076,,,NN14 3ZT,
E01027077,,,NN14 3EQ,
E01027078,,,NN14 3AL,
E01027079,,,NN16 9AD,
E01027080,,,NN16 9AH,
E01027081,,,NN16 9NW,
E01027082,,,NN16 8AW,
E01027083,,,NN16 9JT,
E01027084,,,NN15 5PD,
E01027085,,,NN15 4BA,
E01027086,,,NN15 6BN,
E01027087,,,NN16 9AN,
E01027088,,,NN16 8NP,
E01027089,,,NN16 9AL,
E01027090,,,NN14 1BJ,
E01027091,,,NN15 5FF,
E01027092,,,NN15 5FA,
E01027094,,,NN14 2FN,
E01027095,,,NN14 2BF,
E01027096,,,NN15 5AU,
E01027097,,,NN15 5AY,
E01027098,,,NN15 5AR,
E01027099,,,NN15 6BF,
E01027100,,,NN15 6DR,
E01027101,,,NN15 5FD,
E01027102,,,NN15 5GA,
E01027103,,,NN14 1AA,
E01027104,,,NN16 8BD,
E01027105,,,NN16 8AD,
E01027106,,,NN16 8NA,
E01027107,,,NN14 2GL,
E01027108,,,NN14 2FJ,
E01027109,,,NN14 2QB,
E01027110,,,NN14 1RT,
E01027111,,,NN15 7DW,
E01027112,,,NN15 7BL,
E01027113,,,NN15 6AA,
E01027114,,,NN15 6AD,
E01027115,,,NN15 7BF,
E01027116,,,NN15 6FX,
E01027117,,,NN16 8AJ,
E01027119,,,NN14 1EE,
E01027120,,,NN15 5AT,
E01027121,,,NN15 4AE,
E01027122,,,NN15 5AD,
E01027123,,,NN14 2AR,
E01027124,,,NN14 1LW,
E01027125,,,NN14 1QL,
E01027126,,,NN14 2BD,
E01027127,,,NN16 0AE,
E01027128,,,NN15 7AA,
E01027129,,,NN14 1QU,
E01027130,,,NN15 6DP,
E01027131,,,NN15 6BB,
E01027132,,,NN1 4BN,
E01027133,,,NN1 4AN,
E01027134,,,NN1 4AT,
E01027135,,,NN1 4EX,
E01027136,,,NN1 4EY,
E01027137,,,NN3 3SR,
E01027138,,,NN3 3XA,
E01027139,,,NN3 3SF,
E01027140,,,NN2 1AA,
E01027141,,,NN3 4BG,
E01027142,,,NN3 4AQ,
E01027143,,,NN2 8AD,
E01027144,,,NN2 8DB,
E01027145,,,NN2 7AA,
E01027146,,,NN2 8AU,
E01027147,,,NN2 6PE,
E01027148,,,NN2 8LX,
E01027149,,,NN2 8QR,
E01027151,,,NN5 5AZ,
E01027152,,,NN2 6DD,
E01027153,,,NN1 1AA,
E01027154,,,NN1 2PA,
E01027155,,,NN1 2EB,
E01027156,,,NN4 8AR,
E01027158,,,NN4 8DZ,
E01027159,,,NN4 8AT,
E01027160,,,NN4 8EH,
E01027161,,,NN4 8BT,
E01027162,,,NN4 0DA,
E01027163,,,NN4 0BA,
E01027164,,,NN4 0DE,
E01027165,,,NN4 0BJ,
E01027166,,,NN4 0SA,
E01027167,,,NN4 0BL,
E01027168,,,NN3 2AH,
E01027169,,,NN1 5PP,
E01027170,,,NN3 2BP,
E01027171,,,NN3 1AY,
E01027172,,,NN3 1AD,
E01027173,,,NN3 2HZ,
E01027174,,,NN3 5EQ,
E01027175,,,NN3 4DF,
E01027176,,,NN3 5DQ,
E01027177,,,NN3 5AA,
E01027178,,,NN3 4DB,
E01027179,,,NN3 2BN,
E01027180,,,NN3 2DA,
E01027181,,,NN3 3DE,
E01027182,,,NN3 2NH,
E01027183,,,NN1 5PR,
E01027184,,,NN1 4RF,
E01027185,,,NN2 6DX,
E01027186,,,NN1 4BF,
E01027187,,,NN1 4LA,
E01027188,,,NN2 7DU,
E01027189,,,NN2 7BT,
E01027190,,,NN2 6EB,
E01027191,,,NN2 6AS,
E01027192,,,NN2 6JP,
E01027193,,,NN2 8PL,
E01027194,,,NN2 8AA,
E01027195,,,NN3 4DP,
E01027196,,,NN3 1GP,
E01027197,,,NN3 4DH,
E01027198,,,NN3 4DW,
E01027199,,,NN3 4EN,
E01027200,,,NN3 4ES,
E01027201,,,NN4 0BZ,
E01027202,,,NN4 0AA,
E01027203,,,NN4 0FA,
E01027204,,,NN4 0HB,
E01027205,,,NN4 6AA,
E01027206,,,NN4 0AH,
E01027207,,,NN5 6NG,
E01027208,,,NN5 5PJ,
E01027209,,,NN5 6EF,
E01027210,,,NN5 6BF,
E01027211,,,NN5 6LU,
E01027212,,,NN5 6EL,
E01027213,,,NN5 6DS,
E01027214,,,NN5 6BY,
E01027215,,,NN5 6JX,
E01027216,,,NN5 6AA,
E01027217,,,NN5 4EX,
E01027218,,,NN3 1AP,
E01027219,,,NN3 1AW,
E01027220,,,NN2 7LA,
E01027221,,,NN3 1AB,
E01027222,,,NN3 1EY,
E01027223,,,NN1 1AB,
E01027224,,,NN1 4AS,
E01027225,,,NN1 3JA,
E01027226,,,NN1 4AL,
E01027227,,,NN1 3AX,
E01027228,,,NN1 3DL,
E01027229,,,NN2 6NS,
E01027230,,,NN2 7FE,
E01027231,,,NN2 6PB,
E01027232,,,NN2 7AB,
E01027233,,,NN4 8JF,
E01027234,,,NN4 8FQ,
E01027235,,,NN4 8ET,
E01027236,,,NN5 5BL,
E01027237,,,NN5 5AA,
E01027238,,,NN5 5BE,
E01027239,,,NN5 7AP,
E01027240,,,NN5 6AB,
E01027241,,,NN5 5EZ,
E01027242,,,NN5 7AS,
E01027243,,,NN5 7JG,
E01027244,,,NN5 7HS,
E01027245,,,NN3 4RA,
E01027246,,,NN3 4SA,
E01027247,,,NN3 4JD,
E01027248,,,NN3 1XP,
E01027249,,,NN3 1XR,
E01027250,,,NN4 0QJ,
E01027252,,,NN4 8ZW,
E01027253,,,NN4 9DA,
E01027254,,,NN4 9BA,
E01027255,,,NN3 3AF,
E01027256,,,NN3 2BJ,
E01027257,,,NN1 5DG,
E01027258,,,NN1 5RH,
E01027259,,,NN3 3DG,
E01027260,,,NN3 3BD,
E01027261,,,NN12 8TJ,
E01027262,,,NN12 8DJ,
E01027263,,,NN7 3BB,
E01027264,,,NN13 5AA,
E01027265,,,NN13 5AL,
E01027266,,,NN13 5AN,
E01027267,,,NN13 5AZ,
E01027268,,,NN13 6AA,
E01027269,,,NN13 5AF,
E01027270,,,NN13 6NB,
E01027271,,,NN13 6BD,
E01027272,,,NN13 6BJ,
E01027273,,,NN4 0AF,
E01027274,,,NN4 6AP,
E01027275,,,NN7 1AN,
E01027277,,,NN12 7HY,
E01027279,,,NN7 2FF,
E01027280,,,NN12 7QR,
E01027282,,,NN7 3GA,
E01027283,,,NN7 3BA,
E01027284,,,NN12 6LH,
E01027285,,,NN4 9EX,
E01027286,,,NN7 4AP,
E01027287,,,NN7 3BE,
E01027288,,,NN13 5PL,
E01027289,,,NN12 8AH,
E01027290,,,NN13 5FR,
E01027294,,,NN7 2EL,
E01027295,,,NN12 8DG,
E01027296,,,NN13 5LF,
E01027297,,,NN12 6LB,
E01027298,,,NN12 6BD,
E01027299,,,NN12 6BN,
E01027300,,,NN12 6AE,
E01027301,,,NN12 6AD,
E01027302,,,NN12 6AL,
E01027303,,,NN12 6AA,
E01027304,,,NN11 3DQ,
E01027305,,,NN11 3FG,
E01027306,,,NN11 3NJ,
E01027307,,,NN12 6QP,
E01027308,,,NN7 1AT,
E01027309,,,NN8 3DE,
E01027310,,,NN8 3AL,
E01027311,,,NN8 3AD,
E01027312,,,NN8 3GR,
E01027313,,,NN8 1BF,
E01027314,,,NN8 1DS,
E01027315,,,NN29 7UG,
E01027316,,,NN8 1EN,
E01027317,,,NN8 2DA,
E01027318,,,NN8 2EY,
E01027319,,,NN8 2DL,
E01027320,,,NN8 2BF,
E01027321,,,NN8 2DR,
E01027322,,,NN6 0FR,
E01027323,,,NN6 0DJ,
E01027324,,,NN6 0JB,
E01027325,,,NN6 0DE,
E01027326,,,NN8 1FU,
E01027327,,,NN9 5DP,
E01027328,,,NN9 5DG,
E01027329,,,NN29 7GD,
E01027330,,,NN8 4AL,
E01027331,,,NN8 4SD,
E01027332,,,NN8 4ED,
E01027333,,,NN8 4HA,
E01027334,,,NN8 4AE,
E01027335,,,NN29 7BD,
E01027336,,,NN29 7AA,
E01027337,,,NN29 7AH,
E01027338,,,NN14 1FD,
E01027339,,,NN8 3BN,
E01027340,,,NN8 3DA,
E01027341,,,NN8 3BF,
E01027342,,,NN8 3AP,
E01027343,,,NN8 3BD,
E01027344,,,NN8 3AA,
E01027345,,,NN8 3FH,
E01027346,,,NN8 3BW,
E01027347,,,NN8 3ER,
E01027348,,,NN29 7FE,
E01027349,,,NN8 1AA,
E01027350,,,NN8 1BN,
E01027351,,,NN8 2AL,
E01027352,,,NN8 4DQ,
E01027353,,,NN3 5LU,
E01027354,,,NN29 7AD,
E01027355,,,NN29 7FH,
E01027356,,,NE65 9LS,
E01027357,,,NE66 1NU,
E01027358,,,NE66 1BD,
E01027359,,,NE66 1AA,
E01027361,,,NE65 0AA,
E01027362,,,NE65 0BS,
E01027363,,,NE65 0GW,
E01027364,,,NE65 0EA,
E01027365,,,NE65 7XP,
E01027366,,,NE66 2LG,
E01027367,,,NE66 3AA,
E01027368,,,NE61 4BG,
E01027369,,,NE65 7EB,
E01027370,,,NE65 9AR,
E01027371,,,NE65 9LH,
E01027372,,,NE65 0BF,
E01027373,,,NE19 1AA,
E01027374,,,NE67 5HH,
E01027375,,,NE66 2DR,
E01027380,,,NE70 7PJ,
E01027381,,,NE66 1SB,
E01027383,,,NE68 7AB,
E01027384,,,NE67 5AA,
E01027390,,,NE71 6AA,
E01027391,,,NE24 5BA,
E01027392,,,NE24 1PB,
E01027393,,,NE24 4DP,
E01027394,,,NE23 6ET,
E01027395,,,NE23 2DL,
E01027396,,,NE23 2AH,
E01027397,,,NE23 2AA,
E01027398,,,NE23 2GB,
E01027399,,,NE23 2FA,
E01027400,,,NE23 3GG,
E01027401,,,NE23 3GH,
E01027402,,,NE23 1ZF,
E01027403,,,NE23 1TL,
E01027404,,,NE23 1AE,
E01027405,,,NE23 1NA,
E01027406,,,NE23 6EH,
E01027407,,,NE23 6EG,
E01027408,,,NE23 6DB,
E01027409,,,NE23 1AX,
E01027410,,,NE23 6AF,
E01027411,,,NE23 6AA,
E01027412,,,NE23 1AB,
E01027413,,,NE23 0AA,
E01027414,,,NE24 1AP,
E01027415,,,NE24 1AB,
E01027416,,,NE24 1AU,
E01027417,,,NE24 3PH,
E01027418,,,NE25 0GH,
E01027419,,,NE26 4BA,
E01027420,,,NE23 7DY,
E01027421,,,NE25 0AR,
E01027422,,,NE24 5ED,
E01027423,,,NE24 1LE,
E01027424,,,NE24 4HZ,
E01027425,,,NE22 5RY,
E01027426,,,NE24 3PR,
E01027427,,,NE22 6AF,
E01027428,,,NE24 4PH,
E01027429,,,NE24 2HU,
E01027430,,,NE24 2QF,
E01027431,,,NE24 1LF,
E01027432,,,NE25 0AA,
E01027433,,,NE23 2JA,
E01027434,,,NE25 0HA,
E01027435,,,NE23 7DU,
E01027436,,,NE23 7DH,
E01027437,,,NE24 3HA,
E01027438,,,NE24 3QP,
E01027439,,,NE24 3AN,
E01027440,,,NE24 3BU,
E01027441,,,NE24 3DZ,
E01027442,,,NE24 1AA,
E01027443,,,NE65 9DL,
E01027444,,,NE61 3BA,
E01027445,,,NE61 5BN,
E01027446,,,NE61 5BS,
E01027447,,,NE19 2AA,
E01027448,,,NE61 1SA,
E01027449,,,NE15 0BG,
E01027450,,,NE61 3DG,
E01027451,,,NE61 5DD,
E01027452,,,NE61 1AB,
E01027453,,,NE61 1AA,
E01027455,,,NE61 1LP,
E01027456,,,NE61 1RD,
E01027457,,,NE61 1BF,
E01027458,,,NE61 1YQ,
E01027460,,,NE61 2AR,
E01027461,,,NE61 1RN,
E01027462,,,NE61 6BF,
E01027463,,,NE61 1LF,
E01027464,,,NE20 9BB,
E01027465,,,NE13 6BX,
E01027466,,,NE18 0WZ,
E01027468,,,NE20 9DN,
E01027469,,,NE15 9RB,
E01027471,,,NE15 0AA,
E01027472,,,NE15 0QA,
E01027473,,,NE13 6BF,
E01027474,,,NE61 5BJ,
E01027475,,,NE61 3AF,
E01027476,,,NE46 1UT,
E01027477,,,NE47 5LF,
E01027478,,,NE47 9AA,
E01027479,,,NE19 1JY,
E01027480,,,NE19 2HA,
E01027481,,,NE19 2LA,
E01027482,,,NE45 5AB,
E01027483,,,NE15 0AF,
E01027484,,,NE47 6NN,
E01027485,,,NE49 0AA,
E01027486,,,NE49 0AD,
E01027487,,,NE49 0AU,
E01027488,,,NE46 2NP,
E01027489,,,NE46 1RP,
E01027490,,,NE46 1BA,
E01027491,,,NE46 2BP,
E01027492,,,NE46 1AD,
E01027493,,,NE46 1AB,
E01027494,,,NE46 1AA,
E01027495,,,NE19 2LB,
E01027496,,,NE42 6AA,
E01027497,,,NE17 7WA,
E01027498,,,NE42 5AN,
E01027499,,,NE42 5AG,
E01027500,,,NE42 5AA,
E01027501,,,NE42 5BF,
E01027502,,,NE42 5PD,
E01027503,,,NE19 1AF,
E01027504,,,NE43 7HD,
E01027505,,,NE44 6AQ,
E01027506,,,NE17 7AT,
E01027507,,,NE43 7DX,
E01027508,,,NE43 7AU,
E01027509,,,NE43 7DU,
E01027510,,,NE46 2PX,
E01027511,,,NE46 4BT,
E01027512,,,NE47 8DG,
E01027513,,,NE15 0HY,
E01027514,,,NE22 5AG,
E01027515,,,NE22 5AA,
E01027516,,,NE22 5AE,
E01027517,,,NE22 5HA,
E01027518,,,NE22 5EX,
E01027519,,,NE22 5AP,
E01027520,,,NE22 6BN,
E01027521,,,NE22 6AB,
E01027522,,,NE22 6BY,
E01027523,,,NE22 6DA,
E01027524,,,NE63 8AD,
E01027525,,,NE61 6QL,
E01027526,,,NE63 8LA,
E01027527,,,NE63 0BF,
E01027528,,,NE63 0AA,
E01027529,,,NE63 0RZ,
E01027530,,,NE62 5LS,
E01027531,,,NE22 7AR,
E01027532,,,NE22 5BN,
E01027533,,,NE63 0QS,
E01027534,,,NE62 5AA,
E01027535,,,NE62 5AB,
E01027536,,,NE63 8BU,
E01027537,,,NE63 0HP,
E01027538,,,NE24 1QB,
E01027539,,,NE63 9AH,
E01027540,,,NE63 8EP,
E01027541,,,NE64 6AA,
E01027542,,,NE63 9DQ,
E01027543,,,NE63 9YD,
E01027544,,,NE64 6EJ,
E01027545,,,NE63 0AH,
E01027546,,,NE63 0BE,
E01027549,,,NE63 9EG,
E01027550,,,NE22 5BL,
E01027551,,,NE22 5PH,
E01027552,,,NE22 7AS,
E01027553,,,NE22 7AB,
E01027554,,,NE62 5AL,
E01027891,,,WF11 8AS,
E01027892,,,WF11 8XE,
E01027923,,,WF11 0AH,
E01027925,,,NG15 6EZ,
E01027926,,,NG15 6DA,
E01027927,,,NG15 6BW,
E01027928,,,NG15 0DL,
E01027929,,,NG15 7EP,
E01027930,,,NG15 6AA,
E01027931,,,NG15 7BP,
E01027932,,,NG15 7HA,
E01027933,,,NG15 7AE,
E01027934,,,NG15 7SG,
E01027935,,,NG15 7DD,
E01027936,,,NG15 8AD,
E01027937,,,NG15 7AB,
E01027938,,,NG15 6FH,
E01027939,,,NG15 6BF,
E01027940,,,NG15 6HY,
E01027941,,,NG15 6BS,
E01027942,,,NG15 6BU,
E01027943,,,NG15 6LU,
E01027944,,,NG15 6GY,
E01027945,,,NG16 5EN,
E01027946,,,NG16 5HJ,
E01027947,,,NG16 6HW,
E01027948,,,NG17 7AP,
E01027949,,,NG17 7DP,
E01027950,,,NG15 0AD,
E01027951,,,NG17 7DF,
E01027952,,,NG17 7AA,
E01027953,,,NG17 7GW,
E01027954,,,NG17 5FA,
E01027955,,,NG17 8AR,
E01027956,,,NG17 8DF,
E01027957,,,NG17 1BX,
E01027958,,,NG17 8DT,
E01027959,,,NG17 8HN,
E01027960,,,NG16 5HL,
E01027961,,,NG16 6BB,
E01027962,,,NG16 6AL,
E01027963,,,NG16 6AA,
E01027964,,,NG17 2AA,
E01027965,,,NG17 1AZ,
E01027966,,,NG17 2BZ,
E01027967,,,NG17 4AA,
E01027968,,,NG17 1AE,
E01027969,,,NG17 1AP,
E01027970,,,NG17 2BB,
E01027971,,,NG17 2DL,
E01027972,,,NG17 4PA,
E01027973,,,NG17 5ET,
E01027974,,,NG17 5AW,
E01027975,,,NG17 1AW,
E01027976,,,NG17 0AA,
E01027977,,,NG17 4AG,
E01027978,,,NG17 1BB,
E01027979,,,NG17 3AH,
E01027980,,,NG17 3EU,
E01027981,,,NG17 3BZ,
E01027982,,,NG17 3AB,
E01027983,,,NG17 3EE,
E01027984,,,NG17 3AA,
E01027985,,,NG17 3EW,
E01027986,,,NG17 2LE,
E01027987,,,NG17 2JA,
E01027988,,,NG17 2DZ,
E01027989,,,NG17 2EL,
E01027990,,,NG17 1TD,
E01027991,,,NG17 1FL,
E01027992,,,NG17 1FZ,
E01027993,,,NG16 5BP,
E01027994,,,NG16 5EG,
E01027995,,,NG15 0AJ,
E01027996,,,NG17 9AE,
E01027997,,,NG15 0AA,
E01027998,,,NG17 9AH,
E01028006,,,NG22 0PG,
E01028007,,,NG22 0BT,
E01028037,,,NG22 0BD,
E01028038,,,NG22 0GY,
E01028039,,,NG22 0BX,
E01028040,,,NG20 9LG,
E01028041,,,NG20 9DF,
E01028069,,,NG9 1GX,
E01028070,,,NG9 5HS,
E01028073,,,NG9 1BL,
E01028074,,,NG2 3AA,
E01028075,,,NG9 2AL,
E01028076,,,NG8 2RN,
E01028077,,,NG9 2PQ,
E01028078,,,NG9 2HP,
E01028079,,,NG9 2EE,
E01028080,,,NG9 1DA,
E01028081,,,NG9 1AD,
E01028082,,,NG9 1NN,
E01028083,,,NG9 1GD,
E01028084,,,NG9 1AH,
E01028085,,,NG9 1AA,
E01028086,,,NG9 1DY,
E01028087,,,NG9 3AJ,
E01028088,,,NG8 2QD,
E01028089,,,NG9 3BH,
E01028090,,,NG9 3DJ,
E01028091,,,NG8 2HB,
E01028092,,,NG16 5AB,
E01028093,,,NG16 5AP,
E01028094,,,NG9 3LW,
E01028095,,,NG9 4AR,
E01028096,,,NG9 4AD,
E01028097,,,NG9 5AW,
E01028098,,,NG9 4GH,
E01028099,,,NG9 5DY,
E01028100,,,NG9 3DU,
E01028101,,,NG9 4BR,
E01028102,,,NG16 2GP,
E01028103,,,NG16 1JN,
E01028104,,,NG16 1JL,
E01028105,,,NG16 2GR,
E01028106,,,NG16 2AD,
E01028107,,,NG16 3DF,
E01028108,,,NG16 3DJ,
E01028109,,,NG16 2AF,
E01028110,,,NG16 2AX,
E01028111,,,NG16 1BF,
E01028112,,,NG16 3AA,
E01028113,,,NG16 3GF,
E01028114,,,NG16 3EH,
E01028115,,,NG16 2AJ,
E01028116,,,NG16 2DP,
E01028117,,,NG16 2AR,
E01028118,,,NG16 1HW,
E01028119,,,NG16 1BD,
E01028120,,,NG16 1AB,
E01028121,,,NG16 1AN,
E01028122,,,NG16 1AY,
E01028123,,,NG15 6JU,
E01028124,,,NG16 1BT,
E01028125,,,NG9 3GG,
E01028126,,,NG9 8BU,
E01028127,,,NG9 8HW,
E01028128,,,NG9 7FH,
E01028129,,,NG9 3JW,
E01028130,,,NG9 7HD,
E01028131,,,NG9 7BN,
E01028132,,,NG9 7DR,
E01028133,,,NG9 7AA,
E01028134,,,NG9 8BT,
E01028135,,,NG10 1HA,
E01028136,,,NG9 6DG,
E01028137,,,NG9 5AQ,
E01028138,,,NG9 6AJ,
E01028139,,,NG9 6DW,
E01028142,,,NG17 8QP,
E01028143,,,NG5 7AY,
E01028144,,,NG5 7AE,
E01028146,,,NG5 9PJ,
E01028147,,,NG5 9NT,
E01028148,,,NG14 5AA,
E01028149,,,NG14 5AB,
E01028150,,,NG14 6FR,
E01028151,,,NG14 6FA,
E01028152,,,NG14 6GB,
E01028153,,,NG14 6FD,
E01028154,,,NG14 6BN,
E01028155,,,NG4 1BG,
E01028156,,,NG4 1AJ,
E01028157,,,NG4 1AA,
E01028158,,,NG4 1AZ,
E01028159,,,NG3 7HG,
E01028160,,,NG4 1GB,
E01028161,,,NG3 6JR,
E01028162,,,NG4 1LQ,
E01028163,,,NG3 6HH,
E01028164,,,NG4 1EG,
E01028165,,,NG5 6AE,
E01028166,,,NG5 5SD,
E01028167,,,NG5 0AA,
E01028168,,,NG14 5FA,
E01028169,,,NG4 2QT,
E01028170,,,NG4 3EY,
E01028171,,,NG4 2PU,
E01028172,,,NG3 5SX,
E01028173,,,NG3 5RY,
E01028174,,,NG5 7EF,
E01028175,,,NG5 6EZ,
E01028176,,,NG5 0SA,
E01028177,,,NG5 4JA,
E01028178,,,NG14 6EG,
E01028179,,,NG3 5RB,
E01028180,,,NG3 5RU,
E01028181,,,NG5 8AZ,
E01028182,,,NG3 5RS,
E01028183,,,NG5 6NX,
E01028184,,,NG2 4BP,
E01028185,,,NG4 2AA,
E01028186,,,NG4 2AZ,
E01028187,,,NG4 2AB,
E01028188,,,NG4 2AT,
E01028189,,,NG15 0BB,
E01028190,,,NG4 3NH,
E01028191,,,NG14 6BG,
E01028192,,,NG4 3HS,
E01028193,,,NG3 5LD,
E01028194,,,NG3 5PT,
E01028195,,,NG3 6BE,
E01028196,,,NG3 6BD,
E01028197,,,NG3 6DW,
E01028198,,,NG15 9AF,
E01028199,,,NG15 9BP,
E01028200,,,NG15 8GB,
E01028201,,,NG15 9DG,
E01028202,,,NG4 3PR,
E01028203,,,NG4 4AW,
E01028204,,,NG3 6DT,
E01028205,,,NG5 8FJ,
E01028206,,,NG5 7GD,
E01028207,,,NG5 8BR,
E01028208,,,NG5 7GH,
E01028209,,,NG5 6NQ,
E01028210,,,NG4 1RN,
E01028211,,,NG4 1LH,
E01028212,,,NG4 1NH,
E01028213,,,NG14 6BS,
E01028214,,,NG3 5JH,
E01028215,,,NG3 5JL,
E01028216,,,NG3 5JX,
E01028217,,,NG5 3AJ,
E01028218,,,NG3 5GR,
E01028219,,,NG18 4DX,
E01028220,,,NG18 4AA,
E01028222,,,NG18 4DS,
E01028223,,,NG20 0AA,
E01028224,,,NG20 0EP,
E01028225,,,NG20 0DE,
E01028226,,,NG20 0AB,
E01028227,,,NG18 1QY,
E01028228,,,NG19 6AP,
E01028229,,,NG19 6BX,
E01028230,,,NG18 5JS,
E01028231,,,NG18 5HZ,
E01028232,,,NG19 6BQ,
E01028233,,,NG18 2HF,
E01028234,,,NG18 3AH,
E01028235,,,NG18 3GN,
E01028236,,,NG18 2NL,
E01028237,,,NG19 0AU,
E01028238,,,NG19 0FT,
E01028239,,,NG19 0BE,
E01028240,,,NG19 0AZ,
E01028241,,,NG19 0EN,
E01028242,,,NG19 0EA,
E01028243,,,NG18 2DZ,
E01028244,,,NG17 4NX,
E01028245,,,NG18 5JU,
E01028246,,,NG18 5EA,
E01028247,,,NG18 1QS,
E01028248,,,NG18 5GD,
E01028249,,,NG18 5DX,
E01028250,,,NG19 8JJ,
E01028251,,,NG19 8LT,
E01028252,,,NG19 0HF,
E01028253,,,NG19 8JB,
E01028254,,,NG21 0BH,
E01028255,,,NG18 3GQ,
E01028256,,,NG18 4FA,
E01028257,,,NG20 9GZ,
E01028258,,,NG11 7GR,
E01028259,,,NG20 0AT,
E01028260,,,NG19 8GA,
E01028261,,,NG18 3DP,
E01028262,,,NG18 3DU,
E01028263,,,NG18 3FX,
E01028264,,,NG18 3GS,
E01028267,,,NG19 6DD,
E01028268,,,NG18 1AA,
E01028269,,,NG18 1AH,
E01028270,,,NG18 1AB,
E01028271,,,NG18 1AU,
E01028272,,,NG19 8AH,
E01028273,,,NG18 2DA,
E01028274,,,NG18 1AF,
E01028275,,,NG18 2DH,
E01028276,,,NG18 2BD,
E01028277,,,NG19 8FF,
E01028278,,,NG19 8AU,
E01028279,,,NG19 8DP,
E01028280,,,NG19 8DR,
E01028281,,,NG19 8DB,
E01028282,,,NG19 7ED,
E01028283,,,NG18 1PW,
E01028284,,,NG18 1AQ,
E01028285,,,NG24 3AG,
E01028286,,,NG24 2NG,
E01028287,,,NG24 3AA,
E01028288,,,NG24 3BX,
E01028289,,,NG24 3AU,
E01028290,,,NG24 3EB,
E01028291,,,NG24 3BU,
E01028292,,,NG22 9GH,
E01028293,,,NG24 1PH,
E01028294,,,NG24 1FY,
E01028295,,,NG22 0AN,
E01028296,,,NG21 0BJ,
E01028297,,,NG22 8DD,
E01028298,,,NG21 0LR,
E01028299,,,NG21 0HD,
E01028300,,,NG21 0NR,
E01028301,,,NG22 9HF,
E01028302,,,NG22 0DY,
E01028303,,,NG22 0PB,
E01028304,,,NG24 2AG,
E01028305,,,NG24 1BP,
E01028306,,,NG24 2AA,
E01028307,,,NG24 2AQ,
E01028308,,,NG24 4AJ,
E01028309,,,NG24 4FG,
E01028310,,,NG24 1AA,
E01028311,,,NG22 0BG,
E01028312,,,NG22 0AA,
E01028313,,,NG21 9AG,
E01028314,,,NG21 9AA,
E01028315,,,NG23 7HQ,
E01028316,,,NG23 7BF,
E01028317,,,NG23 7AA,
E01028318,,,NG24 4BW,
E01028319,,,NG24 4GA,
E01028320,,,NG24 4EF,
E01028321,,,NG21 9HE,
E01028322,,,NG21 9AR,
E01028323,,,NG21 9JU,
E01028325,,,NG13 9PB,
E01028326,,,NG24 3SA,
E01028327,,,NG21 0HE,
E01028328,,,NG22 8DG,
E01028329,,,NG22 0BL,
E01028330,,,NG14 5GR,
E01028331,,,NG14 6AA,
E01028332,,,NG14 7DJ,
E01028333,,,NG24 1RX,
E01028334,,,NG24 3GL,
E01028335,,,NG24 1JH,
E01028336,,,NG23 5FW,
E01028337,,,NG23 6BD,
E01028338,,,NG22 9PS,
E01028339,,,NG22 9EB,
E01028340,,,NG22 9AF,
E01028341,,,NG22 0EH,
E01028342,,,NG21 0EU,
E01028343,,,NG18 4TF,
E01028344,,,NG21 0FA,
E01028345,,,NG22 8NP,
E01028346,,,NG25 0AL,
E01028347,,,NG25 0AA,
E01028348,,,NG25 0BB,
E01028349,,,NG23 6BN,
E01028350,,,NG23 6LR,
E01028351,,,NG14 7FN,
E01028352,,,NG23 5SA,
E01028353,,,NG23 7RN,
E01028354,,,NG2 5EJ,
E01028355,,,NG2 5JD,
E01028356,,,NG2 5LX,
E01028357,,,NG12 2WN,
E01028358,,,NG13 8AA,
E01028359,,,NG13 8AH,
E01028360,,,NG12 2AW,
E01028361,,,NG13 8RE,
E01028362,,,NG13 8AT,
E01028363,,,NG11 7EP,
E01028364,,,NG11 6FG,
E01028365,,,NG11 7AD,
E01028366,,,NG12 3NE,
E01028367,,,NG12 2JW,
E01028368,,,NG12 3HT,
E01028369,,,NG12 3LJ,
E01028370,,,NG12 3AU,
E01028371,,,NG13 8HY,
E01028372,,,NG12 4AA,
E01028373,,,NG12 4AB,
E01028374,,,NG12 4BX,
E01028375,,,NG12 6NR,
E01028376,,,NG12 2LD,
E01028377,,,NG12 4FA,
E01028378,,,NG11 0AA,
E01028379,,,NG12 5EA,
E01028380,,,NG12 5GP,
E01028381,,,NG12 5AJ,
E01028382,,,NG12 5BF,
E01028383,,,NG12 5AA,
E01028384,,,NG2 5BF,
E01028385,,,NG2 5AL,
E01028386,,,NG2 5AA,
E01028388,,,NG11 0DG,
E01028391,,,NG11 6LN,
E01028392,,,NG2 7BS,
E01028393,,,NG12 2BA,
E01028394,,,NG12 2AY,
E01028395,,,NG12 2GF,
E01028396,,,NG2 6DE,
E01028397,,,NG2 6FP,
E01028398,,,NG2 5JH,
E01028399,,,NG2 7AA,
E01028400,,,NG2 7AR,
E01028401,,,NG2 7AS,
E01028402,,,NG12 3EA,
E01028403,,,NG13 8HS,
E01028404,,,NG11 6BX,
E01028405,,,NG11 6AE,
E01028406,,,NG11 6BB,
E01028407,,,NG11 6AA,
E01028408,,,NG11 0DA,
E01028409,,,NG11 6NE,
E01028411,,,NG13 0AW,
E01028412,,,NG12 4DY,
E01028413,,,NG12 1AP,
E01028414,,,NG12 1AA,
E01028415,,,NG12 1AQ,
E01028416,,,NG2 5AW,
E01028417,,,NG2 6AP,
E01028418,,,NG2 7JE,
E01028419,,,NG12 2JJ,
E01028420,,,NG12 3FA,
E01028421,,,NG12 3GG,
E01028483,,,NN13 5JZ,
E01028484,,,NN13 5RH,
E01028826,,,WV6 7HX,
E01028827,,,WV7 3BE,
E01028828,,,WV15 5BL,
E01028829,,,WV15 6AD,
E01028830,,,WV15 5HL,
E01028831,,,WV16 4QF,
E01028832,,,WV15 5AA,
E01028833,,,WV16 4AP,
E01028834,,,WV15 5BA,
E01028835,,,WV15 5AH,
E01028836,,,WV16 4LA,
E01028837,,,WV16 4HZ,
E01028841,,,WV16 4TG,
E01028842,,,WV15 5PG,
E01028843,,,WV16 6QG,
E01028844,,,WV7 3ED,
E01028845,,,WV7 3AA,
E01028846,,,WV16 5JL,
E01028847,,,WV15 5LT,
E01028848,,,WV16 6BX,
E01028849,,,WV16 6DR,
E01028850,,,WV16 4NJ,
E01028858,,,WV16 6AR,
E01028859,,,WV15 5HA,
E01028993,,,WV16 6QF,
E01028995,,,WR15 8AG,
E01028999,,,WR15 8HL,
E01029001,,,WR15 8NY,
E01029153,,,EX13 7UB,
E01029261,,,EX14 9RE,
E01029328,,,EX16 9JG,
E01029336,,,EX35 6NU,
E01029338,,,EX36 3LU,
E01029345,,,WS15 1BL,
E01029346,,,WS15 1AB,
E01029347,,,WS15 1BF,
E01029348,,,WS15 1AA,
E01029349,,,WS11 2EL,
E01029350,,,WS11 2DB,
E01029351,,,WS11 2DF,
E01029352,,,WS11 2BX,
E01029353,,,WS11 1DB,
E01029354,,,WS11 2BB,
E01029355,,,WS11 2BH,
E01029356,,,WS11 2AD,
E01029357,,,WS11 2HU,
E01029358,,,WS11 2FH,
E01029359,,,WS11 0AP,
E01029360,,,WS11 0AA,
E01029361,,,WS11 0AR,
E01029362,,,WS11 0AG,
E01029363,,,WS11 1EG,
E01029364,,,WS11 1AA,
E01029365,,,WS11 1AB,
E01029366,,,WS11 1EX,
E01029367,,,WS11 0AX,
E01029368,,,WS15 2LR,
E01029369,,,WS15 2NT,
E01029370,,,WS12 4PP,
E01029371,,,WS15 2BF,
E01029372,,,WS15 2NJ,
E01029373,,,WS15 1GA,
E01029374,,,WS15 1BD,
E01029375,,,WS11 2YP,
E01029376,,,WS11 2FL,
E01029377,,,WS11 2GA,
E01029378,,,WS11 2GW,
E01029379,,,WS12 0FP,
E01029380,,,WS12 2DU,
E01029381,,,WS12 2AA,
E01029382,,,WS12 2EE,
E01029383,,,WS12 4JU,
E01029384,,,WS11 2TS,
E01029385,,,WS12 4HN,
E01029386,,,WS12 4AZ,
E01029387,,,WS12 4AB,
E01029388,,,WS12 0AB,
E01029389,,,WS12 0QL,
E01029390,,,WS12 4EQ,
E01029391,,,WS12 1AX,
E01029392,,,WS11 2FZ,
E01029393,,,WS11 2GD,
E01029394,,,WS11 3NF,
E01029395,,,WS11 3LU,
E01029396,,,WS11 3GD,
E01029397,,,WS11 3FA,
E01029398,,,WS12 0PD,
E01029399,,,WS12 0FA,
E01029400,,,WS12 0FD,
E01029401,,,WS15 2AD,
E01029402,,,WS15 2AE,
E01029403,,,WS15 2AF,
E01029404,,,WS15 1WX,
E01029411,,,WS15 3AA,
E01029412,,,WS15 3AE,
E01029475,,,WS7 0BA,
E01029476,,,WS7 0AQ,
E01029477,,,WS13 8FX,
E01029479,,,WS13 8EL,
E01029480,,,WS15 4BH,
E01029481,,,WS15 1FA,
E01029482,,,WS15 4AD,
E01029483,,,WS14 9FW,
E01029484,,,WS13 6ED,
E01029485,,,WS14 9JA,
E01029486,,,WS7 2BF,
E01029487,,,WS7 1NR,
E01029488,,,WS14 0PH,
E01029489,,,WS7 0BG,
E01029490,,,WS7 1AA,
E01029491,,,WS13 7AE,
E01029492,,,WS13 7EW,
E01029493,,,WS7 1FF,
E01029494,,,WS7 1AB,
E01029495,,,WS7 1AE,
E01029496,,,WS7 3AD,
E01029497,,,WS7 1AR,
E01029498,,,WS15 2HQ,
E01029499,,,WS13 7HL,
E01029500,,,WS13 7JU,
E01029501,,,WS13 7EX,
E01029505,,,WS13 8JQ,
E01029506,,,WS7 4QT,
E01029507,,,WS7 2PJ,
E01029508,,,WS13 8BH,
E01029509,,,WS13 8EP,
E01029511,,,WS13 7BF,
E01029512,,,WS13 6QU,
E01029513,,,WS14 0NX,
E01029514,,,WS14 0HX,
E01029515,,,WS13 8BN,
E01029516,,,WS13 8QU,
E01029518,,,WS14 0AA,
E01029519,,,WS14 9AA,
E01029520,,,WS14 9AP,
E01029521,,,WS13 8JN,
E01029522,,,WS14 0AF,
E01029523,,,WS14 0BZ,
E01029524,,,WS13 6BS,
E01029525,,,WS13 6AL,
E01029526,,,WS13 6AA,
E01029527,,,WS7 0AD,
E01029528,,,WS7 0AA,
E01029529,,,WS7 0DE,
E01029530,,,WS13 8EH,
E01029531,,,WS13 8PR,
E01029613,,,WV8 1ES,
E01029614,,,WV8 1DF,
E01029615,,,WV8 1BT,
E01029616,,,WV10 7BY,
E01029617,,,WV8 1QQ,
E01029619,,,WV10 7BN,
E01029620,,,WS6 7DA,
E01029621,,,WS11 0LT,
E01029622,,,WS11 3LS,
E01029623,,,WS6 7AD,
E01029624,,,WS6 7AZ,
E01029625,,,WS6 7AJ,
E01029626,,,WV8 1AH,
E01029627,,,WV6 6AP,
E01029628,,,WV8 1AD,
E01029629,,,WV8 2BL,
E01029630,,,WV7 3AH,
E01029631,,,WV6 8TX,
E01029632,,,WS3 2TJ,
E01029633,,,WV10 7HJ,
E01029634,,,WV11 2AL,
E01029635,,,WV10 7AA,
E01029636,,,WV10 7AE,
E01029637,,,WV10 7AP,
E01029638,,,WS6 6AB,
E01029639,,,WS6 7AN,
E01029640,,,WS6 6AJ,
E01029641,,,WS11 3JT,
E01029642,,,WS11 3LX,
E01029643,,,WS6 6BF,
E01029644,,,WS6 6AA,
E01029645,,,WV4 5JQ,
E01029646,,,WS12 4GD,
E01029647,,,WS11 1RH,
E01029648,,,WS12 4FB,
E01029654,,,WV6 7AB,
E01029656,,,WS12 4PS,
E01029658,,,WV10 7BP,
E01029661,,,WV6 7AA,
E01029662,,,WV6 7LF,
E01029663,,,WV6 7FJ,
E01029664,,,WV6 7PN,
E01029665,,,WV6 7LH,
E01029666,,,WV6 7LT,
E01029667,,,WV15 6EJ,
E01029670,,,WV8 1QT,
E01029671,,,WV5 8AR,
E01029672,,,WV3 8BU,
E01029673,,,WV4 5HS,
E01029674,,,WV5 8AA,
E01029675,,,WV5 0EX,
E01029676,,,WV5 0EY,
E01029677,,,WV5 0JA,
E01029678,,,WV5 0AJ,
E01029679,,,WV5 0AN,
E01029680,,,WV5 0AA,
E01029711,,,WS15 2FD,
E01029712,,,WS15 3NS,
E01029730,,,WS12 4PT,
E01030219,,,NR34 8AW,
E01030223,,,NR34 7BN,
E01030224,,,NR34 8HE,
E01030225,,,NR34 0WA,
E01030226,,,NR34 7AX,
E01030227,,,NR34 7AA,
E01030228,,,NR34 8TP,
E01030229,,,NR34 7HY,
E01030230,,,NR35 1AA,
E01030231,,,NR35 1AD,
E01030232,,,NR35 1BJ,
E01030233,,,NR33 8AE,
E01030234,,,NR33 8EU,
E01030235,,,NR33 8HU,
E01030236,,,NR33 8AA,
E01030237,,,NR33 8AB,
E01030238,,,NR33 8BX,
E01030239,,,NR33 8HZ,
E01030240,,,NR32 1UY,
E01030241,,,NR32 5DA,
E01030242,,,NR32 4AB,
E01030246,,,NR32 1SQ,
E01030247,,,NR32 1AD,
E01030248,,,NR32 1JF,
E01030249,,,NR32 1AB,
E01030250,,,NR32 1AA,
E01030251,,,NR33 7AJ,
E01030252,,,NR33 7AH,
E01030253,,,NR33 7HL,
E01030254,,,NR33 0AW,
E01030255,,,NR32 9SB,
E01030256,,,NR33 0AR,
E01030257,,,NR33 0LP,
E01030258,,,NR33 0AA,
E01030259,,,NR31 9AZ,
E01030260,,,NR32 5AA,
E01030261,,,NR32 2EJ,
E01030262,,,NR32 2PJ,
E01030263,,,NR32 1EE,
E01030264,,,NR32 2BQ,
E01030265,,,NR32 2AU,
E01030266,,,NR32 3AJ,
E01030267,,,NR32 3AL,
E01030268,,,NR32 3ER,
E01030269,,,NR32 3AP,
E01030270,,,NR32 2AP,
E01030271,,,NR32 3AB,
E01030272,,,NR33 0JX,
E01030273,,,NR33 7DN,
E01030274,,,NR33 0PA,
E01030275,,,NR33 0PB,
E01030276,,,NR33 0FA,
E01030277,,,NR32 4AE,
E01030278,,,NR32 4BW,
E01030279,,,NR32 4AU,
E01030280,,,NR32 3AF,
E01030281,,,NR32 4AA,
E01030285,,,NR34 8HR,
E01030286,,,NR33 8HD,
E01030287,,,NR33 9BT,
E01030288,,,NR33 9AD,
E01030289,,,NR33 9BA,
E01030290,,,NR33 9AA,
E01030291,,,NR33 9AG,
E01030292,,,NR34 7AH,
E01030293,,,NR34 7BF,
E01030294,,,NR34 7AS,
E01030295,,,NR33 8ED,
E01030296,,,KT10 0EF,
E01030297,,,KT10 0DL,
E01030298,,,KT10 0AR,
E01030299,,,KT10 0BN,
E01030300,,,KT11 1HP,
E01030301,,,KT11 1AW,
E01030302,,,KT11 1AA,
E01030303,,,KT11 2BY,
E01030304,,,KT11 1AD,
E01030305,,,KT10 9FB,
E01030306,,,KT11 1BF,
E01030307,,,KT10 0BW,
E01030308,,,KT10 8AH,
E01030309,,,KT10 8JY,
E01030310,,,KT10 8AL,
E01030311,,,KT12 4BY,
E01030312,,,KT12 3ED,
E01030313,,,KT12 4QN,
E01030314,,,KT12 1NP,
E01030315,,,KT12 4AB,
E01030316,,,KT12 5AF,
E01030317,,,KT12 4AA,
E01030318,,,KT11 1DJ,
E01030319,,,KT10 0AB,
E01030320,,,KT10 0AA,
E01030321,,,KT10 0AT,
E01030322,,,KT6 4ER,
E01030323,,,KT6 5BA,
E01030324,,,KT6 5ET,
E01030325,,,KT6 5DY,
E01030326,,,KT8 0AY,
E01030327,,,KT8 0AJ,
E01030328,,,KT8 0AA,
E01030329,,,KT8 0AF,
E01030330,,,KT8 1PX,
E01030331,,,KT8 0EG,
E01030332,,,KT8 0HU,
E01030333,,,KT8 1NY,
E01030334,,,KT8 0EA,
E01030335,,,KT8 0HX,
E01030336,,,KT8 0EB,
E01030337,,,KT10 0WA,
E01030338,,,KT13 8PA,
E01030339,,,KT13 8EG,
E01030340,,,KT12 1HN,
E01030341,,,KT12 1HW,
E01030342,,,KT10 9HJ,
E01030343,,,KT11 2FG,
E01030344,,,KT10 9HL,
E01030345,,,KT11 2QF,
E01030346,,,KT11 1DS,
E01030347,,,KT13 0BD,
E01030348,,,KT13 0AT,
E01030349,,,KT12 4DA,
E01030350,,,KT7 0AP,
E01030351,,,KT7 0PP,
E01030352,,,KT7 0BN,
E01030353,,,KT7 0AS,
E01030354,,,KT12 2BG,
E01030355,,,KT12 2BD,
E01030356,,,KT12 2AA,
E01030357,,,KT12 1AA,
E01030358,,,KT12 2BH,
E01030359,,,KT12 1BP,
E01030360,,,KT12 1AD,
E01030361,,,KT12 2AL,
E01030362,,,KT12 2ZD,
E01030363,,,KT12 2BQ,
E01030364,,,KT12 2DH,
E01030365,,,KT12 3AE,
E01030366,,,KT12 1DY,
E01030367,,,KT12 1DL,
E01030368,,,KT12 1LF,
E01030369,,,KT10 8BZ,
E01030370,,,KT10 8DY,
E01030371,,,KT13 8NB,
E01030372,,,KT13 0BB,
E01030373,,,KT12 1QP,
E01030374,,,KT13 8AE,
E01030375,,,KT13 8AD,
E01030376,,,KT13 0TN,
E01030377,,,KT19 0LP,
E01030378,,,KT19 0NU,
E01030379,,,KT17 3PH,
E01030380,,,KT17 4AE,
E01030381,,,KT17 4ET,
E01030382,,,KT17 3AA,
E01030383,,,KT19 7HA,
E01030384,,,KT19 8AA,
E01030385,,,KT19 8SA,
E01030386,,,KT4 7BH,
E01030387,,,KT19 0RN,
E01030388,,,KT19 0DN,
E01030389,,,KT4 7AF,
E01030390,,,KT17 1DR,
E01030391,,,KT17 1AE,
E01030392,,,KT17 1AD,
E01030393,,,KT19 0BT,
E01030394,,,KT19 0AF,
E01030395,,,KT19 0AA,
E01030396,,,KT17 1AB,
E01030398,,,KT17 2DH,
E01030399,,,KT19 9DX,
E01030400,,,KT19 9FX,
E01030401,,,KT19 7LA,
E01030402,,,KT19 7AA,
E01030403,,,KT19 8DZ,
E01030404,,,KT18 7SA,
E01030405,,,KT18 6EU,
E01030406,,,KT17 2BL,
E01030407,,,KT17 2BT,
E01030408,,,KT17 2DD,
E01030409,,,KT19 8EX,
E01030410,,,KT17 1AF,
E01030411,,,KT17 1BB,
E01030412,,,KT17 1AA,
E01030413,,,KT17 1AL,
E01030414,,,KT19 9AL,
E01030415,,,KT19 9FR,
E01030416,,,KT19 9QJ,
E01030417,,,KT18 5LG,
E01030418,,,KT18 6AA,
E01030419,,,KT18 5AT,
E01030420,,,KT18 7DJ,
E01030441,,,KT24 5TA,
E01030442,,,KT24 5AA,
E01030443,,,KT11 1NN,
E01030444,,,KT24 6HH,
E01030445,,,KT24 5AH,
E01030446,,,KT11 3DS,
E01030447,,,KT23 3YL,
E01030458,,,KT11 1EG,
E01030459,,,KT24 6JT,
E01030491,,,KT24 6ES,
E01030505,,,KT21 1QA,
E01030506,,,KT21 1NN,
E01030507,,,KT21 1AG,
E01030508,,,KT18 6BH,
E01030509,,,KT21 1AB,
E01030510,,,KT21 2AB,
E01030511,,,KT21 2AA,
E01030512,,,KT21 1QN,
E01030513,,,KT21 1AF,
E01030514,,,KT21 1AA,
E01030516,,,KT23 3AD,
E01030517,,,KT11 3JU,
E01030518,,,KT22 9NH,
E01030519,,,KT23 3AA,
E01030520,,,KT23 4BY,
E01030521,,,KT23 4AA,
E01030522,,,KT22 9BZ,
E01030523,,,KT23 4BJ,
E01030524,,,KT18 6AD,
E01030527,,,KT20 7HU,
E01030539,,,KT22 9AA,
E01030540,,,KT22 9AB,
E01030541,,,KT22 9FD,
E01030542,,,KT22 9HX,
E01030543,,,KT11 3QE,
E01030548,,,KT22 0AA,
E01030549,,,KT22 7AD,
E01030550,,,KT21 2NJ,
E01030551,,,KT22 0EA,
E01030552,,,KT22 7EJ,
E01030553,,,KT22 8BA,
E01030554,,,KT22 0PA,
E01030559,,,SM7 2AX,
E01030560,,,SM7 1AL,
E01030561,,,SM7 2DP,
E01030562,,,SM7 1AF,
E01030563,,,SM2 5PA,
E01030564,,,SM7 2DE,
E01030565,,,SM7 3AH,30_SM7
E01030566,,,CR3 2PX,
E01030567,,,CR3 3LE,
E01030568,,,CR3 3BN,
E01030569,,,CR3 1NN,
E01030589,,,KT20 6AD,
E01030590,,,CR3 3SR,
E01030591,,,CR3 3SQ,
E01030592,,,CR3 3NF,
E01030603,,,SM7 1DT,
E01030604,,,SM7 1BL,
E01030605,,,KT17 3AJ,
E01030606,,,KT17 3AU,
E01030607,,,KT18 5XE,
E01030608,,,KT20 5BJ,
E01030609,,,KT20 5EX,
E01030635,,,KT20 7AF,
E01030636,,,KT20 5FJ,
E01030637,,,KT20 5AY,
E01030638,,,KT20 5AG,
E01030639,,,KT18 6BB,
E01030640,,,KT18 5FG,
E01030641,,,KT18 5DY,
E01030642,,,KT18 5ER,
E01030643,,,KT18 5FR,
E01030644,,,KT18 5RF,
E01030645,,,KT15 1BF,
E01030646,,,KT15 1DY,
E01030647,,,KT13 8GJ,
E01030648,,,KT15 1BH,
E01030649,,,KT15 1QE,
E01030650,,,KT15 1TF,
E01030651,,,KT15 2DJ,
E01030652,,,KT16 8AE,
E01030653,,,KT16 0DE,
E01030654,,,KT16 8FD,
E01030655,,,KT15 2TD,
E01030656,,,KT16 0AB,
E01030657,,,KT16 9BG,
E01030658,,,KT16 8EX,
E01030659,,,KT16 8AA,
E01030660,,,KT15 1BE,
E01030661,,,KT15 1AN,
E01030662,,,KT15 1AA,
E01030663,,,TW18 3AD,
E01030664,,,TW18 3AH,
E01030665,,,TW18 1BQ,
E01030666,,,TW18 2DT,
E01030667,,,TW20 9AE,
E01030668,,,TW20 0AA,
E01030669,,,TW20 0EP,
E01030670,,,TW20 9LT,
E01030671,,,TW20 0BW,
E01030672,,,TW20 0AJ,
E01030673,,,TW19 5AZ,
E01030674,,,TW20 0DZ,
E01030675,,,TW20 0AT,
E01030676,,,TW20 0PR,
E01030677,,,KT16 0AA,
E01030678,,,KT16 0DW,
E01030679,,,KT16 0AP,
E01030680,,,KT16 0BD,
E01030681,,,KT15 3AA,
E01030682,,,KT15 3AD,
E01030683,,,KT15 2BF,
E01030684,,,KT15 1FN,
E01030685,,,KT16 8PH,
E01030686,,,KT16 8PP,
E01030687,,,TW20 8BF,
E01030688,,,TW20 8DP,
E01030690,,,TW20 8QJ,
E01030692,,,KT16 0BF,
E01030693,,,KT15 3BD,
E01030694,,,KT14 6EA,
E01030695,,,KT14 6AU,
E01030696,,,KT15 3DG,
E01030697,,,TW15 1AY,
E01030698,,,TW15 1JG,
E01030699,,,TW15 1AN,
E01030700,,,TW15 1DA,
E01030701,,,TW15 1EA,
E01030702,,,TW15 1DH,
E01030703,,,TW15 1BP,
E01030704,,,TW15 2AX,
E01030705,,,TW15 1YB,
E01030706,,,TW15 1AA,
E01030707,,,TW15 3AA,
E01030708,,,TW15 3AB,
E01030709,,,TW14 8FP,
E01030710,,,TW19 7AE,
E01030711,,,TW15 3AJ,
E01030712,,,TW15 2AU,
E01030713,,,TW15 2LP,
E01030714,,,TW15 3DP,
E01030715,,,TW15 3GA,
E01030716,,,TW15 2LE,
E01030717,,,TW16 6JH,
E01030718,,,TW16 6JG,
E01030719,,,TW16 6DG,
E01030720,,,TW16 6AH,
E01030721,,,TW15 1UA,
E01030722,,,TW17 0AP,
E01030723,,,TW17 0DF,
E01030724,,,TW17 0AA,
E01030725,,,TW15 1DE,
E01030726,,,TW18 1HA,
E01030727,,,TW18 2AS,
E01030728,,,TW18 1HS,
E01030729,,,TW18 1NE,
E01030730,,,KT16 8LD,
E01030731,,,TW17 8AA,
E01030732,,,KT12 1QW,
E01030733,,,TW17 0AG,
E01030734,,,TW18 1TA,
E01030735,,,TW18 4BB,
E01030736,,,TW18 2AA,
E01030737,,,TW18 1AA,
E01030738,,,TW18 1AJ,
E01030739,,,TW15 3SE,
E01030740,,,TW15 3LT,
E01030741,,,TW18 1BF,
E01030742,,,TW18 1AL,
E01030743,,,TW19 7BY,
E01030744,,,TW19 7BX,
E01030745,,,TW19 7FA,
E01030746,,,TW19 7AN,
E01030747,,,TW19 6AB,
E01030748,,,TW16 7JT,
E01030749,,,TW16 5LN,
E01030750,,,TW16 7DS,
E01030751,,,TW16 5BQ,
E01030752,,,TW16 7AD,
E01030753,,,TW16 5ES,
E01030754,,,TW16 5BA,
E01030755,,,TW16 5AA,
E01030756,,,TW12 2FZ,
E01030820,,,CR3 5AA,
E01030828,,,CR3 6AQ,
E01030829,,,CR3 6DA,
E01030830,,,CR3 0AW,
E01030837,,,CR3 7AE,
E01030844,,,CR2 5ER,
E01030845,,,CR3 5JD,
E01030846,,,CR3 0HB,
E01030847,,,CR3 5EA,
E01030848,,,CR3 5PE,
E01030850,,,CR3 6AZ,
E01030851,,,CR3 6GR,
E01030852,,,CR3 9AA,
E01030853,,,CR3 9AB,
E01030854,,,CR3 9BT,
E01030855,,,CR3 7LB,
E01030856,,,CR3 9AL,
E01030857,,,CR3 5AJ,
E01030858,,,CR3 5AT,
E01030859,,,CR3 0AA,
E01030860,,,CR3 0AD,
E01030861,,,CR3 7AA,
E01030946,,,KT14 7FG,
E01030947,,,KT14 7EN,
E01030948,,,KT14 7BT,
E01030949,,,KT14 7AA,
E01030950,,,KT14 6HE,
E01030965,,,KT15 3AE,
E01030998,,,KT14 6JL,
E01031002,,,KT14 6AA,
E01031003,,,KT14 6EP,
E01031004,,,KT14 6AJ,
E01031166,,,NN11 6EA,
E01031189,,,WR11 5GW,
E01031197,,,NN11 6LL,
E01031224,,,NN11 6DS,
E01032179,,,WR6 5AL,
E01032180,,,WR13 5AR,
E01032181,,,WR2 6LS,
E01032182,,,WR2 4XY,
E01032183,,,WR2 6AS,
E01032184,,,WR14 3JA,
E01032185,,,WR13 6NS,
E01032186,,,WR14 2BT,
E01032187,,,WR14 2BZ,
E01032188,,,WR14 1FF,
E01032189,,,WR13 5EB,
E01032190,,,WR2 6JR,
E01032191,,,WR5 2NT,
E01032192,,,WR5 3FL,
E01032193,,,WR15 8GA,
E01032194,,,WR13 5AW,
E01032195,,,WR14 1DP,
E01032196,,,WR14 1AA,
E01032197,,,WR14 1DE,
E01032198,,,WR13 6AE,
E01032199,,,WR2 6QB,
E01032200,,,WR13 6AA,
E01032201,,,WR13 5AD,
E01032202,,,WR14 2ED,
E01032203,,,WR14 2AG,
E01032204,,,WR14 2DY,
E01032205,,,WR13 5AA,
E01032206,,,WR2 4QP,
E01032207,,,WR2 4FB,
E01032208,,,WR14 1NU,
E01032209,,,WR13 5NS,
E01032210,,,WR14 2BF,
E01032211,,,WR8 0BZ,
E01032212,,,WR15 8NN,
E01032213,,,WR15 8DH,
E01032214,,,WR15 8AA,
E01032215,,,WR8 0LA,
E01032216,,,WR8 0EN,
E01032217,,,WR13 6NN,
E01032218,,,WR13 6HX,
E01032219,,,WR14 4AH,
E01032220,,,WR13 5HJ,
E01032221,,,WR14 4AE,
E01032222,,,WR13 5HL,
E01032223,,,WR6 6AA,
E01032279,,,WR3 8AA,
E01032280,,,WR1 1HT,
E01032281,,,WR1 1DR,
E01032282,,,WR1 1AD,
E01032283,,,WR5 2BD,
E01032284,,,WR5 2AY,
E01032285,,,WR5 2AA,
E01032286,,,WR2 4AB,
E01032287,,,WR2 4BF,
E01032288,,,WR1 2JL,
E01032289,,,WR2 4BA,
E01032290,,,WR2 4BS,
E01032292,,,WR1 2DD,
E01032294,,,WR5 1AB,
E01032295,,,WR1 2AA,
E01032296,,,WR3 7AA,
E01032297,,,WR3 7AX,
E01032298,,,WR3 7DA,
E01032299,,,WR3 7BU,
E01032300,,,WR3 7AF,
E01032301,,,WR4 9AJ,
E01032302,,,WR4 9AE,
E01032303,,,WR4 9DA,
E01032304,,,WR4 9DS,
E01032305,,,WR4 9AB,
E01032306,,,WR4 9EA,
E01032307,,,WR5 1EP,
E01032308,,,WR5 1QA,
E01032309,,,WR3 8TW,
E01032310,,,WR3 8EP,
E01032311,,,WR3 8QH,
E01032312,,,WR3 8ER,
E01032313,,,WR3 8EU,
E01032314,,,WR2 6AD,
E01032315,,,WR2 5HZ,
E01032316,,,WR2 6BY,
E01032317,,,WR2 5PF,
E01032318,,,WR2 5GP,
E01032319,,,WR2 5EG,
E01032320,,,WR2 5DE,
E01032321,,,WR2 5EU,
E01032322,,,WR2 4EN,
E01032323,,,WR5 3AD,
E01032324,,,WR5 2PG,
E01032325,,,WR5 2JZ,
E01032326,,,WR5 3AR,
E01032327,,,WR1 1AE,
E01032328,,,WR3 8EB,
E01032329,,,WR3 7HT,
E01032330,,,WR3 8HP,
E01032331,,,WR4 9AD,
E01032332,,,WR4 9LU,
E01032333,,,WR4 9AA,
E01032334,,,WR4 0DN,
E01032335,,,WR4 0AB,
E01032336,,,WR1 1AB,
E01032337,,,WR4 0BA,
E01032338,,,WR4 0AG,
E01032339,,,WR4 0DJ,
E01032340,,,WR11 3JR,
E01032341,,,WR11 5EP,
E01032342,,,WR11 3AN,
E01032343,,,WR11 1AL,
E01032344,,,WR11 3BA,
E01032345,,,WR7 4AF,
E01032346,,,WR4 0AD,
E01032348,,,WR10 3FB,
E01032349,,,WR11 5GF,
E01032350,,,WR11 5GE,
E01032351,,,WR12 7AE,
E01032352,,,WR11 6RP,
E01032353,,,WR12 7AA,
E01032354,,,WR9 0BE,
E01032355,,,WR10 2AE,
E01032356,,,WR10 2AP,
E01032357,,,WR9 0AA,
E01032358,,,WR9 0AB,
E01032359,,,WR9 7BD,
E01032360,,,WR9 7AR,
E01032361,,,WR9 7AF,
E01032362,,,WR9 7BT,
E01032363,,,WR9 7AZ,
E01032364,,,WR9 7GW,
E01032365,,,WR9 8BE,
E01032366,,,WR9 8AE,
E01032367,,,WR9 7AA,
E01032368,,,WR9 9BJ,
E01032369,,,WR9 0LN,
E01032370,,,WR9 0BD,
E01032371,,,WR9 0AQ,
E01032372,,,WR10 2AD,
E01032373,,,WR10 3AA,
E01032374,,,WR11 2LZ,
E01032375,,,WR10 3DP,
E01032376,,,WR11 4AB,
E01032377,,,WR11 1FA,
E01032378,,,WR11 4AR,
E01032379,,,WR11 1AE,
E01032380,,,WR11 1BB,
E01032381,,,WR11 1BN,
E01032382,,,WR10 2PY,
E01032383,,,WR10 2NE,
E01032384,,,WR11 2AD,
E01032385,,,WR11 2AA,
E01032388,,,WR11 5DH,
E01032389,,,WR11 4DF,
E01032390,,,WR11 5GA,
E01032391,,,WR11 5DG,
E01032392,,,WR7 4HN,
E01032393,,,WR7 4BW,
E01032394,,,WR10 2NP,
E01032395,,,WR9 7DU,
E01032396,,,WR11 1AA,
E01032397,,,WR11 1AB,
E01032398,,,WR11 1DW,
E01032399,,,WR3 7DP,
E01032400,,,WR3 7LD,
E01032401,,,WR9 0AD,
E01032402,,,WR5 2DN,
E01032403,,,WR5 1AR,
E01032404,,,WR3 7BF,
E01032405,,,WR10 1BX,
E01032406,,,WR10 1AA,
E01032407,,,WR10 1AL,
E01032408,,,WR10 1EN,
E01032409,,,WR10 1AQ,
E01032410,,,WR10 2DE,
E01032411,,,WR10 2DH,
E01032413,,,WR11 6QP,
E01032414,,,WR11 5BB,
E01032415,,,WR11 5JS,
E01032416,,,WR10 2HN,
E01032417,,,WR10 2BF,
E01032420,,,WV98 1GA,
E01032421,,,WV98 1AQ,
E01032431,,,WR9 0NG,
E01032472,,,WR6 6AJ,
E01032491,,,WF3 1HU,
E01032495,,,WF3 3BU,
E01032496,,,WF3 3AB,
E01032512,,,W2 5EH,34_W2
E01032513,,,W11 1AA,34_W11
E01032520,,,NG1 5AB,
E01032522,,,NG1 2AW,
E01032562,,,BR1 4ET,6_BR1
E01032563,,,BR1 4DL,6_BR1
E01032564,,,BR1 4QB,24_BR1
E01032565,,,BR1 4EY,24_BR1
E01032566,,,DA16 1ED,3_DA16
E01032567,,,SE18 2AN,12_SE18
E01032568,,,BR3 1AL,6_BR3
E01032569,,,CR0 7RA,9_CR0
E01032571,,,CR6 9QH,
E01032572,,,W4 1JL,10_W4
E01032573,,,W4 1NP,19_W4
E01032574,,,N18 1BB,11_N18
E01032575,,,N17 8AZ,15_N17
E01032576,,,HA2 9NG,16_HA2
E01032577,,,HA2 9QP,18_HA4
E01032579,,,SE8 3DT,24_SE8
E01032580,,,RM10 7RB,1_RM8
E01032581,,,IG3 9JB,27_IG3
E01032582,,,SE1 7AA,23_SE1
E01032583,,,SE1 0BE,29_SE1
E01032584,,,SE1 6HT,29_SE1
E01032613,,,NG16 3JE,
E01032619,,,DA3 8AJ,
E01032621,,,NG5 5RD,
E01032622,,,NG5 7BS,
E01032623,,,SM2 6EE,30_SM2
E01032624,,,KT17 1QZ,
E01032628,,,EX11 1FE,
E01032637,,,SE1 2GA,29_SE1
E01032638,,,SE1 2AX,29_SE1
E01032639,,,SE1 6SP,29_SE17
E01032640,,,SE1 2LF,29_SE1
E01032646,,,SE1 3FE,29_SE1
E01032647,,,NE27 0AB,
E01032648,,,NE27 0BP,
E01032649,,,NE12 8GA,
E01032650,,,NE12 8JE,
E01032719,,,SE1 6EB,29_SE1
E01032720,,,SE1 4AD,29_SE1
E01032722,,,SE1 4AF,29_SE1
E01032739,,,E1 6AN,8_E1
E01032740,,,EC1A 1AL,8_EC1A
E01032741,,,RM1 1AG,17_RM1
E01032742,,,RM1 2NQ,17_RM1
E01032743,,,UB1 2YD,10_UB1
E01032744,,,UB1 2FJ,10_UB1
E01032764,,,E20 2AA,31_E3
E01032765,,,E3 2BF,31_E3
E01032766,,,E1 1AJ,31_E1
E01032767,,,E1 1AB,31_E1
E01032768,,,E14 7JR,31_E14
E01032769,,,E1 0FD,31_E1
E01032770,,,E14 8NS,31_E14
E01032771,,,E14 4AD,31_E14
E01032772,,,E14 8FA,31_E14
E01032773,,,E14 9BW,31_E14
E01032774,,,E14 3UN,31_E14
E01032775,,,E14 3RU,31_E14
E01032776,,,E14 2AB,31_E14
E01032777,,,E14 0XP,31_E14
E01032778,,,E14 0BZ,31_E14
E01032779,,,E14 9BH,31_E14
E01032780,,,E14 0HL,31_E14
E01032781,,,E14 3SR,31_E14
E01032782,,,E14 8GE,31_E14
E01032783,,,E14 3ED,31_E14
E01032784,,,E3 2AA,31_E3
E01032785,,,E2 0DD,31_E2
E01032786,,,E2 0FX,31_E2
E01032787,,,E1 4AE,31_E1
E01032788,,,SW6 2BZ,14_SW6
E01032789,,,SW6 2FG,14_SW6
E01032790,,,SW6 2GX,14_SW6
E01032799,,,DA11 0AA,
E01032800,,,DA11 0AH,
E01032803,,,SE1 3BP,29_SE1
E01032805,,,SE15 1AB,29_SE15
E01032834,,,SE1 2AS,29_SE1
E01032888,,,WS3 1AF,
E01032889,,,WS3 1AA,
E01032899,,,WS13 6AJ,
E01032900,,,WS13 6BF,
E01032904,,,WA9 5BF,
E01032905,,,WA9 5AG,
E01032960,,,NN12 8FU,
E01032963,,,NN18 8LA,
E01032964,,,NN18 8DH,
E01032965,,,NN18 8EQ,
E01032966,,,NN18 8DJ,
E01032967,,,NN18 8GZ,
E01032969,,,NN14 2GB,
E01032970,,,NN14 2FH,
E01032971,,,NN14 2EQ,
E01032972,,,NN14 1EG,
E01032973,,,NN14 1FE,
E01032974,,,NN14 1GB,
E01032975,,,NN5 4AA,
E01032976,,,NN5 4AP,
E01032977,,,NN4 9AA,
E01032978,,,NN1 1TJ,
E01032979,,,NN1 1AJ,
E01032980,,,NN4 8BJ,
E01032981,,,NN1 5NZ,
E01032982,,,NN4 0LY,
E01032983,,,NN4 5AD,
E01032984,,,NN4 5AQ,
E01032985,,,NN4 0NB,
E01033000,,,TW13 4AA,19_TW13
E01033030,,,TW13 4AD,19_TW13
E01033042,,,NR19 2DH,
E01033074,,,NE34 7NJ,
E01033081,,,TW8 0AD,19_TW8
E01033082,,,TW8 0AA,19_TW8
E01033083,,,TW3 1AA,19_TW3
E01033084,,,TW3 1NY,19_TW3
E01033085,,,N8 0DA,15_N8
E01033086,,,N8 7AA,15_N8
E01033093,,,SW15 1SN,33_SW15
E01033098,,,SW11 4BY,33_SW11
E01033099,,,SW11 3AY,33_SW11
E01033100,,,SW11 4HY,33_SW11
E01033101,,,SW11 3BD,33_SW11
E01033132,,,SW11 8AB,33_SW11
E01033133,,,SW11 3BB,33_SW11
E01033135,,,SW15 2EA,33_SW15
E01033146,,,N9 0FA,11_N9
E01033148,,,EN3 6DF,11_EN3
E01033150,,,EN3 6GA,11_EN3
E01033151,,,N9 0AA,11_N9
E01033153,,,E10 5AA,32_E10
E01033207,,,SE11 5SP,23_SW8
E01033208,,,SW8 2AU,23_SW8
E01033232,,,EX2 5NE,
E01033233,,,EX4 4AA,
E01033234,,,EX1 3RS,
E01033235,,,EX3 0BL,
E01033236,,,EX3 0AA,
E01033244,,,NN10 8AH,
E01033245,,,NN10 8AJ,
E01033246,,,WR1 1RS,
E01033247,,,WR1 1AN,
E01033248,,,WR1 1AA,
E01033249,,,WR1 2AB,
E01033299,,,WA1 2PG,
E01033300,,,WA1 1AA,
E01033302,,,WA1 1AD,
E01033303,,,WA2 7AR,
E01033320,,,SE13 6RJ,24_SE13
E01033322,,,SE13 6PA,24_SE13
E01033324,,,SE13 7RA,24_SE13
E01033325,,,SE13 7QD,24_SE13
E01033327,,,SE13 5ES,24_SE13
E01033341,,,SE13 6AD,24_SE13
E01033389,,,NG18 4EA,
E01033390,,,NG18 4AT,
E01033391,,,NG18 4AX,
E01033392,,,NG19 6FJ,
E01033393,,,NG24 3FA,
E01033394,,,NG23 5PU,
E01033395,,,NG7 2AB,
E01033396,,,NG7 2AP,
E01033397,,,NG5 5FB,
E01033398,,,NG5 5FH,
E01033399,,,NG1 3EB,
E01033400,,,NG1 1BA,
E01033401,,,NG1 1EU,
E01033402,,,NG1 1BH,
E01033403,,,NG1 1AY,
E01033404,,,NG1 5BB,
E01033405,,,NG1 1AA,
E01033406,,,NG1 1FF,
E01033407,,,NG1 1AL,
E01033408,,,NG7 1DW,
E01033409,,,NG1 2AD,
E01033410,,,NG7 2AH,
E01033411,,,NG3 1DZ,
E01033412,,,NG8 4DR,
E01033413,,,NG16 2BF,
E01033424,,,HA9 0AA,4_HA9
E01033434,,,NR1 3QT,
E01033435,,,NR5 9HB,
E01033436,,,NR5 8EP,
E01033437,,,NR2 1PA,
E01033438,,,NR1 1BG,
E01033439,,,NR1 1AA,
E01033440,,,NR1 1AD,
E01033441,,,NR1 1ED,
E01033455,,,NW10 4HT,4_NW10
E01033456,,,NW10 0RG,4_NW10
E01033457,,,HA9 0NA,4_HA9
E01033463,,,HA3 0SH,4_HA3
E01033464,,,NW2 7BE,4_NW2
E01033485,,,NW10 4HQ,4_NW10
E01033486,,,N7 8DL,20_N7
E01033487,,,N7 8EA,20_N7
E01033488,,,N7 6NA,20_N7
E01033489,,,EC1M 4AB,20_EC1M
E01033490,,,EC1A 4AE,20_EC1A
E01033491,,,N5 1NR,20_N7
E01033492,,,N5 1AN,20_N5
E01033493,,,N5 1DB,20_N5
E01033494,,,N4 2EL,20_N4
E01033530,,,WV7 3HE,
E01033538,,,NR5 0AF,
E01033540,,,NR5 0TB,
E01033542,,,WF12 0UU,
E01033543,,,NE1 1AE,
E01033545,,,NE1 1AA,
E01033547,,,NE15 6AA,
E01033548,,,NE1 2AG,
E01033550,,,NE13 7BR,
E01033551,,,NE12 0EP,
E01033553,,,NE1 2AA,
E01033554,,,NE1 4AE,
E01033556,,,NE2 4AP,
E01033568,,,KT1 1PS,22_KT2
E01033569,,,KT2 5AQ,22_KT2
E01033570,,,SW14 7BU,28_TW9
E01033571,,,TW9 4BL,28_TW9
E01033572,,,NW4 4SF,2_NW9
E01033573,,,NW9 4BY,2_NW9
E01033574,,,E16 1AL,26_E16
E01033575,,,E16 1AA,26_E16
E01033576,,,E16 1AD,26_E16
E01033577,,,E16 1AG,26_E16
E01033578,,,E15 2AE,26_E15
E01033579,,,E15 2GA,26_E15
E01033580,,,E16 1DU,26_E16
E01033581,,,E16 2DY,26_E16
E01033582,,,E16 2FG,26_E16
E01033583,,,E15 1AA,26_E15
E01033584,,,E16 1GD,26_E16
E01033585,,,E14 0JD,26_E16
E01033586,,,E11 4WH,26_E15
E01033587,,,IG11 7AP,1_IG11
E01033588,,,IG11 7AB,1_IG11
E01033589,,,IG1 1EF,27_IG1
E01033590,,,RM6 4DW,27_RM6
E01033591,,,IG1 1BF,27_IG1
E01033592,,,RM6 4FB,27_RM6
E01033593,,,W2 1AJ,34_W2
E01033594,,,NW1 5BS,34_W2
E01033595,,,W1A 1DA,34_W1F
E01033596,,,W1A 1BF,34_W1D
E01033597,,,SW1V 3BP,34_SW1V
E01033598,,,NW8 8AW,34_NW8
E01033599,,,SW1V 4AR,34_SW1V
E01033600,,,W9 1EB,34_W9
E01033601,,,NW1 6LN,34_NW1
E01033602,,,NW8 8AP,34_NW8
E01033603,,,NW1 5BT,34_NW1
E01033604,,,NW1 5AW,34_NW1
E01033605,,,NW8 8AY,34_NW8
E01033606,,,W2 5JG,34_W2
E01033607,,,W2 5AJ,34_W2
E01033608,,,W9 1ES,34_W9
E01033610,,,RM16 6BE,
E01033611,,,RM16 6AG,
E01033612,,,RM16 6BZ,
E01033613,,,RM16 6AP,
E01033614,,,RM16 6AB,
E01033659,,,WA15 8XL,
E01033698,,,E8 3BB,13_E8
E01033699,,,E8 2BA,13_E8
E01033700,,,E8 2JP,13_E8
E01033701,,,N4 1FS,13_N4
E01033702,,,E5 9BQ,13_E5
E01033703,,,E5 0QL,13_E5
E01033704,,,E8 1HQ,13_E8
E01033705,,,E5 9DL,13_E5
E01033706,,,E1 6JA,13_E2
E01033707,,,E8 3GE,13_E8
E01033708,,,E1 6AW,13_E1
E01033709,,,N1 6AF,13_N1
E01033710,,,E5 9GH,13_E5
E01033711,,,EC1V 1AA,13_EC1V
E01033712,,,E8 3FA,13_E8
E01033713,,,E5 8DA,13_E5
E01033714,,,NE20 0AB,
E01033715,,,NE66 1AD,
E01033716,,,NE63 0XD,
E01033717,,,NE66 1AB,
E01033718,,,NE61 1EH,
E01033724,,,UB8 2AD,18_UB8
E01033725,,,UB10 0AE,18_UB10
E01033726,,,SE12 8BE,12_SE3
E01033727,,,SE8 3AX,12_SE8
E01033728,,,SE10 9BZ,12_SE8
E01033729,,,DA15 8EJ,12_SE9
E01033730,,,SE10 8BN,12_SE10
E01033731,,,SE18 6AB,12_SE18
E01033732,,,SE10 0BG,12_SE10
E01033733,,,SE10 0AF,12_SE10
E01033734,,,SE18 6AT,12_SE18
E01033735,,,SE18 6DD,12_SE18
E01033736,,,SE18 4DX,12_SE18
E01033737,,,SE18 5AJ,12_SE18
E01033738,,,SE10 0DP,12_SE10
E01033739,,,SE28 0GY,12_SE28
E01033740,,,SE28 0DB,12_SE28
E01033741,,,SE28 0AB,12_SE28
E01033742,,,SE28 0DP,12_SE28
E01033743,,,SE28 0GS,12_SE28
E01033744,,,SE28 0AL,12_SE28
E01033745,,,SE2 0DJ,12_SE28
E01033746,,,SE10 8FA,24_SE10
S01008163,,,EH21 8NL,
S01008164,,,EH21 6UD,
S01008165,,,EH21 7BF,
S01008166,,,EH21 8AH,
S01008167,,,EH21 8AZ,
S01008168,,,EH21 8AA,
S01008169,,,EH21 8AF,
S01008170,,,EH21 6ET,
S01008171,,,EH21 6ER,
S01008172,,,EH21 6EX,
S01008173,,,EH21 6PF,
S01008174,,,EH21 6NG,
S01008175,,,EH21 6LS,
S01008176,,,EH21 7AR,
S01008177,,,EH21 6EJ,
S01008178,,,EH21 6SB,
S01008179,,,EH21 6TT,
S01008180,,,EH21 6RX,
S01008181,,,EH21 6BJ,
S01008182,,,EH21 6AN,
S01008183,,,EH21 6PS,
S01008184,,,EH21 6AA,
S01008185,,,EH21 6AB,
S01008186,,,EH21 6EH,
S01008187,,,EH21 6HY,
S01008188,,,EH21 7AL,
S01008189,,,EH21 7ET,
S01008190,,,EH21 6RY,
S01008191,,,EH21 7BW,
S01008192,,,EH21 7AE,
S01008193,,,EH21 7LH,
S01008194,,,EH21 7FF,
S01008195,,,EH21 8DE,
S01008196,,,EH21 7DG,
S01008197,,,EH32 9GA,
S01008198,,,EH32 9BP,
S01008199,,,EH32 9BS,
S01008200,,,EH32 9BE,
S01008201,,,EH32 0WA,
S01008202,,,EH32 9AP,
S01008203,,,EH32 9AD,
S01008204,,,EH32 9DT,
S01008205,,,EH32 9EX,
S01008206,,,EH32 9AW,
S01008207,,,EH32 9HP,
S01008208,,,EH32 9FF,
S01008209,,,EH32 9FB,
S01008210,,,EH32 0AE,
S01008211,,,EH32 0AA,
S01008212,,,EH32 0BU,
S01008213,,,EH32 0BG,
S01008214,,,EH32 0AT,
S01008215,,,EH32 0EG,
S01008216,,,EH32 0EZ,
S01008217,,,EH32 0EB,
S01008218,,,EH21 7SR,
S01008219,,,EH33 1AA,
S01008220,,,EH33 1JA,
S01008221,,,EH33 1DF,
S01008222,,,EH33 1DY,
S01008223,,,EH33 2AT,
S01008224,,,EH33 2DZ,
S01008225,,,EH33 2BE,
S01008226,,,EH33 2BB,
S01008227,,,EH33 2AA,
S01008228,,,EH33 1AG,
S01008229,,,EH33 2HF,
S01008230,,,EH33 2AF,
S01008231,,,EH33 2QF,
S01008232,,,EH33 2QQ,
S01008233,,,EH33 2AP,
S01008234,,,EH33 2LH,
S01008235,,,EH33 1QP,
S01008236,,,EH35 5HA,
S01008237,,,EH34 5EH,
S01008238,,,EH33 1NR,
S01008239,,,EH33 1EA,
S01008240,,,EH32 0NA,
S01008241,,,EH32 0NL,
S01008242,,,EH32 0FP,
S01008243,,,EH32 0BF,
S01008244,,,EH32 0DB,
S01008245,,,EH34 5AA,
S01008246,,,EH34 5AJ,
S01008247,,,EH34 5BF,
S01008248,,,EH41 4FH,
S01008249,,,EH41 4EY,
S01008250,,,EH33 2AL,
S01008251,,,EH41 3DE,
S01008252,,,EH41 3BH,
S01008253,,,EH41 3AD,
S01008254,,,EH41 3AJ,
S01008255,,,EH41 3JY,
S01008256,,,EH41 3HZ,
S01008257,,,EH41 3AA,
S01008258,,,EH41 4DQ,
S01008259,,,EH41 3DN,
S01008260,,,EH41 4AD,
S01008261,,,EH41 4AF,
S01008262,,,EH39 5AT,
S01008263,,,EH31 2AA,
S01008264,,,EH31 2EJ,
S01008265,,,EH31 2BJ,
S01008266,,,EH31 2AT,
S01008267,,,EH31 2EF,
S01008268,,,EH39 4AP,
S01008269,,,EH39 4AX,
S01008270,,,EH31 2WA,
S01008271,,,EH39 4AB,
S01008272,,,EH39 4DD,
S01008273,,,EH39 4DS,
S01008274,,,EH39 4DN,
S01008275,,,EH39 4DG,
S01008276,,,EH39 5AA,
S01008277,,,EH39 5GY,
S01008278,,,EH40 3AZ,
S01008279,,,EH40 3AL,
S01008280,,,EH40 3AA,
S01008281,,,EH42 1RG,
S01008282,,,EH42 1EF,
S01008283,,,EH42 1GA,
S01008284,,,EH42 1AZ,
S01008285,,,EH42 1AF,
S01008286,,,EH42 1NJ,
S01008287,,,EH42 1AX,
S01008288,,,EH42 1AB,
S01008289,,,EH42 1AD,
S01008290,,,EH40 3WW,
S01008291,,,EH42 1DU,
S01008292,,,EH42 1BF,
S01008293,,,EH42 1FZ,
S01008294,,,EH42 1GD,
S01008417,,,EH14 7BG,
S01008418,,,EH14 7AS,
S01008419,,,EH14 7AB,
S01008420,,,EH14 7EJ,
S01008421,,,EH14 7AA,
S01008422,,,EH14 7AH,
S01008423,,,EH14 7AJ,
S01008424,,,EH14 5AE,
S01008425,,,EH14 2SR,
S01008426,,,EH14 5QE,
S01008427,,,EH14 5RN,
S01008428,,,EH14 5AT,
S01008429,,,EH14 5HP,
S01008430,,,EH14 5DD,
S01008431,,,EH14 5HJ,
S01008432,,,EH14 4AR,
S01008433,,,EH14 3BX,
S01008434,,,EH14 3BU,
S01008435,,,EH14 3BP,
S01008436,,,EH14 3ED,
S01008437,,,EH13 0PJ,
S01008438,,,EH10 7DS,
S01008439,,,EH13 0DN,
S01008440,,,EH13 0DA,
S01008441,,,EH13 0HS,
S01008442,,,EH13 0DP,
S01008443,,,EH13 0HY,
S01008444,,,EH13 0AE,
S01008445,,,EH13 0AA,
S01008446,,,EH13 0AT,
S01008447,,,EH13 0HZ,
S01008448,,,EH14 2JD,
S01008449,,,EH14 3BA,
S01008450,,,EH14 3BG,
S01008451,,,EH14 3AP,
S01008452,,,EH14 3AA,
S01008453,,,EH14 3AH,
S01008454,,,EH14 2RY,
S01008455,,,EH11 4GA,
S01008456,,,EH11 4JJ,
S01008457,,,EH11 4FA,
S01008458,,,EH11 4AQ,
S01008459,,,EH14 2PR,
S01008460,,,EH14 2PF,
S01008461,,,EH14 2NY,
S01008462,,,EH14 2AA,
S01008463,,,EH14 2AR,
S01008464,,,EH11 4RA,
S01008465,,,EH11 4AH,
S01008466,,,EH11 4AD,
S01008467,,,EH11 4GF,
S01008468,,,EH11 3SD,
S01008469,,,EH11 3LD,
S01008470,,,EH11 3AE,
S01008471,,,EH11 3RH,
S01008472,,,EH11 3GY,
S01008473,,,EH11 3GU,
S01008474,,,EH11 3HB,
S01008475,,,EH11 3EA,
S01008476,,,EH11 3DA,
S01008477,,,EH11 3AZ,
S01008478,,,EH1 1PF,
S01008479,,,EH11 3DJ,
S01008480,,,EH11 3DX,
S01008481,,,EH11 3HJ,
S01008482,,,EH14 2AT,
S01008483,,,EH14 2BU,
S01008484,,,EH14 2DE,
S01008485,,,EH14 2EP,
S01008486,,,EH11 3AR,
S01008487,,,EH14 1AB,
S01008488,,,EH14 1JL,
S01008489,,,EH11 3AA,
S01008490,,,EH14 1NH,
S01008491,,,EH13 0BF,
S01008492,,,EH11 1GT,
S01008493,,,EH11 2BF,
S01008494,,,EH11 2PU,
S01008495,,,EH11 1TX,
S01008496,,,EH11 1AN,
S01008497,,,EH11 1PF,
S01008498,,,EH11 1TE,
S01008499,,,EH11 2BB,
S01008500,,,EH11 2HL,
S01008501,,,EH11 2HG,
S01008502,,,EH11 1AG,
S01008503,,,EH11 1LP,
S01008504,,,EH11 1LR,
S01008505,,,EH11 1PN,
S01008506,,,EH10 5BL,
S01008507,,,EH11 1EG,
S01008508,,,EH11 1NN,
S01008509,,,EH14 1AE,
S01008510,,,EH14 1AQ,
S01008511,,,EH10 5XG,
S01008512,,,EH14 1EX,
S01008513,,,EH14 1DS,
S01008514,,,EH10 5FA,
S01008515,,,EH10 5BB,
S01008516,,,EH10 4PP,
S01008517,,,EH10 5GZ,
S01008518,,,EH10 5NA,
S01008519,,,EH10 5PD,
S01008520,,,EH10 6BY,
S01008521,,,EH10 5RL,
S01008522,,,EH10 5RJ,
S01008523,,,EH10 5DW,
S01008524,,,EH13 9DW,
S01008525,,,EH13 9AU,
S01008526,,,EH13 9AA,
S01008527,,,EH13 9AP,
S01008528,,,EH13 9BN,
S01008529,,,EH13 9NE,
S01008530,,,EH13 9BA,
S01008531,,,EH13 9BE,
S01008532,,,EH13 9LF,
S01008533,,,EH13 9JT,
S01008534,,,EH10 7HJ,
S01008535,,,EH10 7BA,
S01008536,,,EH10 6SH,
S01008537,,,EH10 7BD,
S01008538,,,EH10 6RB,
S01008539,,,EH10 6NF,
S01008540,,,EH10 6HE,
S01008541,,,EH10 6PF,
S01008542,,,EH10 6QD,
S01008543,,,EH10 6TP,
S01008544,,,EH10 6XB,
S01008545,,,EH10 7AA,
S01008546,,,EH10 7AL,
S01008547,,,EH17 8GB,
S01008548,,,EH17 8LE,
S01008549,,,EH17 7EL,
S01008550,,,EH16 6NF,
S01008551,,,EH16 6NG,
S01008552,,,EH16 6PH,
S01008553,,,EH17 8AE,
S01008554,,,EH17 8AH,
S01008555,,,EH17 8BR,
S01008556,,,EH16 6EY,
S01008557,,,EH16 6DP,
S01008558,,,EH16 6EA,
S01008559,,,EH17 8JB,
S01008560,,,EH17 8HU,
S01008561,,,EH17 7GZ,
S01008562,,,EH17 8FS,
S01008563,,,EH17 8FY,
S01008564,,,EH17 7AZ,
S01008565,,,EH17 7AA,
S01008566,,,EH17 7BD,
S01008567,,,EH17 7BF,
S01008568,,,EH16 4SF,
S01008569,,,EH17 7NG,
S01008570,,,EH17 7EN,
S01008571,,,EH17 7EP,
S01008572,,,EH17 7ES,
S01008573,,,EH17 7HA,
S01008574,,,EH16 6FF,
S01008575,,,EH16 6AB,
S01008576,,,EH16 5UR,
S01008577,,,EH16 6GU,
S01008578,,,EH16 6AG,
S01008579,,,EH10 6GZ,
S01008580,,,EH16 6HH,
S01008581,,,EH16 6AT,
S01008582,,,EH16 6AP,
S01008583,,,EH16 5QU,
S01008584,,,EH16 4SD,
S01008585,,,EH16 4TB,
S01008586,,,EH16 4TD,
S01008587,,,EH16 5FA,
S01008588,,,EH9 2PL,
S01008589,,,EH9 2LR,
S01008590,,,EH9 3AB,
S01008591,,,EH9 2NE,
S01008592,,,EH9 3AT,
S01008593,,,EH16 5NG,
S01008594,,,EH16 5FE,
S01008595,,,EH16 4QZ,
S01008596,,,EH16 5EA,
S01008597,,,EH16 5DE,
S01008598,,,EH16 5AH,
S01008599,,,EH16 5DT,
S01008600,,,EH16 5AE,
S01008601,,,EH16 5AA,
S01008602,,,EH16 5BL,
S01008603,,,EH16 5BN,
S01008604,,,EH9 1AD,
S01008605,,,EH9 1PJ,
S01008606,,,EH9 2DD,
S01008607,,,EH9 2EG,
S01008608,,,EH9 2BF,
S01008609,,,EH9 2GZ,
S01008610,,,EH12 1DX,
S01008611,,,EH9 1LU,
S01008612,,,EH9 1LP,
S01008613,,,EH9 1AU,
S01008614,,,EH9 1HN,
S01008615,,,EH9 1HH,
S01008616,,,EH9 1HA,
S01008617,,,EH9 1AH,
S01008618,,,EH9 1BG,
S01008619,,,EH9 1DE,
S01008620,,,EH9 1BP,
S01008621,,,EH9 1EE,
S01008622,,,EH9 1DW,
S01008623,,,EH10 4BR,
S01008624,,,EH10 4RJ,
S01008625,,,EH10 4RH,
S01008626,,,EH10 6AF,
S01008627,,,EH10 4RE,
S01008628,,,EH10 4AP,
S01008629,,,EH10 4AA,
S01008630,,,EH10 4AB,
S01008631,,,EH10 4QH,
S01008632,,,EH10 4PY,
S01008633,,,EH10 5AY,
S01008634,,,EH10 4NY,
S01008635,,,EH10 4BN,
S01008636,,,EH10 4AL,
S01008637,,,EH10 4BG,
S01008638,,,EH10 4HB,
S01008639,,,EH10 4HH,
S01008640,,,EH10 4ES,
S01008641,,,EH10 4DF,
S01008642,,,EH10 4EN,
S01008643,,,EH10 4LD,
S01008644,,,EH10 4PA,
S01008645,,,EH11 1HP,
S01008646,,,EH11 1BA,
S01008647,,,EH11 1BL,
S01008648,,,EH11 1DH,
S01008649,,,EH11 1DF,
S01008650,,,EH11 1BT,
S01008651,,,EH10 1AQ,
S01008652,,,EH11 1AU,
S01008653,,,EH11 2DN,
S01008654,,,EH11 2AB,
S01008655,,,EH11 2AA,
S01008656,,,EH11 2AL,
S01008657,,,EH11 2AY,
S01008658,,,EH3 8AA,
S01008659,,,EH3 8AF,
S01008660,,,EH1 2AA,
S01008661,,,EH1 2EB,
S01008662,,,EH3 9AB,
S01008663,,,EH3 9AQ,
S01008664,,,EH10 4HS,
S01008665,,,EH3 9AG,
S01008666,,,EH10 4HP,
S01008667,,,EH3 9EH,
S01008668,,,EH9 1QG,
S01008669,,,EH8 9PE,
S01008670,,,EH8 9AN,
S01008671,,,EH8 9EY,
S01008672,,,EH8 9AW,
S01008673,,,EH3 9AU,
S01008674,,,EH1 1AD,
S01008675,,,EH1 1ND,
S01008676,,,EH1 1AA,
S01008677,,,EH1 1BJ,
S01008678,,,EH1 1AE,
S01008679,,,EH1 1DA,
S01008680,,,EH8 9AH,
S01008681,,,EH8 9DX,
S01008682,,,EH8 9QP,
S01008683,,,EH8 9DH,
S01008684,,,EH16 5BT,
S01008685,,,EH8 8AB,
S01008686,,,EH7 5DH,
S01008687,,,EH8 8EZ,
S01008688,,,EH7 5SY,
S01008689,,,EH7 5AP,
S01008690,,,EH7 5BA,
S01008691,,,EH7 5TG,
S01008692,,,EH7 5BF,
S01008693,,,EH7 6AN,
S01008694,,,EH8 7AE,
S01008695,,,EH8 7AA,
S01008696,,,EH8 7DD,
S01008697,,,EH8 7HA,
S01008698,,,EH8 7JH,
S01008699,,,EH8 7LP,
S01008700,,,EH15 1JG,
S01008701,,,EH16 4AS,
S01008702,,,EH16 4AN,
S01008703,,,EH16 4AA,
S01008704,,,EH16 4AR,
S01008705,,,EH16 4BG,
S01008706,,,EH16 4FL,
S01008707,,,EH16 4EG,
S01008708,,,EH16 4EN,
S01008709,,,EH16 4JY,
S01008710,,,EH16 4AG,
S01008711,,,EH15 3EH,
S01008712,,,EH15 3BF,
S01008713,,,EH15 3BX,
S01008714,,,EH15 3AS,
S01008715,,,EH15 3AU,
S01008716,,,EH15 3AA,
S01008717,,,EH15 3AR,
S01008718,,,EH15 3EG,
S01008719,,,EH15 3EJ,
S01008720,,,EH15 2RL,
S01008721,,,EH15 2NQ,
S01008722,,,EH15 2HD,
S01008723,,,EH15 2NE,
S01008724,,,EH15 2HS,
S01008725,,,EH15 2DJ,
S01008726,,,EH15 2AR,
S01008727,,,EH15 2AS,
S01008728,,,EH15 1EW,
S01008729,,,EH15 1AT,
S01008730,,,EH15 1EY,
S01008731,,,EH15 1AH,
S01008732,,,EH15 1AF,
S01008733,,,EH15 1AA,
S01008734,,,EH15 1DJ,
S01008735,,,EH15 1JL,
S01008736,,,EH15 1GB,
S01008737,,,EH15 1QS,
S01008738,,,EH15 1NG,
S01008739,,,EH8 7QP,
S01008740,,,EH8 7SE,
S01008741,,,EH8 7QT,
S01008742,,,EH7 6PY,
S01008743,,,EH8 7ND,
S01008744,,,EH8 7JU,
S01008745,,,EH8 7BG,
S01008746,,,EH7 6AZ,
S01008747,,,EH15 1DN,
S01008748,,,EH7 6QG,
S01008749,,,EH6 7RA,
S01008750,,,EH7 6PP,
S01008751,,,EH7 6LQ,
S01008752,,,EH7 6LR,
S01008753,,,EH7 6EW,
S01008754,,,EH7 6EL,
S01008755,,,EH7 6BQ,
S01008756,,,EH7 6BG,
S01008757,,,EH7 6BP,
S01008758,,,EH7 6DT,
S01008759,,,EH7 6DZ,
S01008760,,,EH7 6DU,
S01008761,,,EH7 6BZ,
S01008762,,,EH6 7PD,
S01008763,,,EH6 8BJ,
S01008764,,,EH6 8BR,
S01008765,,,EH6 7LZ,
S01008766,,,EH6 7LX,
S01008767,,,EH6 7PL,
S01008768,,,EH6 6AN,
S01008769,,,EH6 4UD,
S01008770,,,EH6 4LX,
S01008771,,,EH6 4TG,
S01008772,,,EH6 4JA,
S01008773,,,EH6 4HY,
S01008774,,,EH6 4BB,
S01008775,,,EH6 4AN,
S01008776,,,EH6 4AA,
S01008777,,,EH6 4SX,
S01008778,,,EH6 6DX,
S01008779,,,EH6 6AH,
S01008780,,,EH6 6PP,
S01008781,,,EH6 7AW,
S01008782,,,EH6 7AE,
S01008783,,,EH6 6AT,
S01008784,,,EH6 6QU,
S01008785,,,EH6 6AA,
S01008786,,,EH6 5HU,
S01008787,,,EH6 6DF,
S01008788,,,EH6 5LG,
S01008789,,,EH6 4AD,
S01008790,,,EH6 5AA,
S01008791,,,EH6 5AD,
S01008792,,,EH6 7EB,
S01008793,,,EH6 7AA,
S01008794,,,EH6 8FA,
S01008795,,,EH6 8JG,
S01008796,,,EH6 8DW,
S01008797,,,EH6 8LL,
S01008798,,,EH6 8JN,
S01008799,,,EH7 5PZ,
S01008800,,,EH6 8LE,
S01008801,,,EH7 5AE,
S01008802,,,EH6 8RH,
S01008803,,,EH6 8RA,
S01008804,,,EH6 8SH,
S01008805,,,EH7 4NY,
S01008806,,,EH1 1AF,
S01008807,,,EH7 5EP,
S01008808,,,EH7 5DQ,
S01008809,,,EH1 1XF,
S01008810,,,EH7 5EB,
S01008811,,,EH7 4AA,
S01008812,,,EH7 4AG,
S01008813,,,EH6 5AL,
S01008814,,,EH6 5AF,
S01008815,,,EH6 5AR,
S01008816,,,EH6 5BA,
S01008817,,,EH6 4BY,
S01008818,,,EH6 4QX,
S01008819,,,EH6 4BH,
S01008820,,,EH6 4AF,
S01008821,,,EH6 4DW,
S01008822,,,EH6 4JX,
S01008823,,,EH5 3AF,
S01008824,,,EH5 3DH,
S01008825,,,EH5 3BJ,
S01008826,,,EH5 3BZ,
S01008827,,,EH5 3BG,
S01008828,,,EH5 1ER,
S01008829,,,EH5 2AA,
S01008830,,,EH5 3AR,
S01008831,,,EH5 3AE,
S01008832,,,EH3 5AS,
S01008833,,,EH3 5PR,
S01008834,,,EH3 5AW,
S01008835,,,EH3 5NB,
S01008836,,,EH7 4GA,
S01008837,,,EH7 4EG,
S01008838,,,EH3 5BT,
S01008839,,,EH7 4BE,
S01008840,,,EH7 4BB,
S01008841,,,EH7 4DE,
S01008842,,,EH6 5AB,
S01008843,,,EH6 5AG,
S01008844,,,EH7 4BA,
S01008845,,,EH1 3AB,
S01008846,,,EH1 3LD,
S01008847,,,EH1 3HY,
S01008848,,,EH3 6LD,
S01008849,,,EH1 3PR,
S01008850,,,EH3 6HH,
S01008851,,,EH3 5AG,
S01008852,,,EH2 4NG,
S01008853,,,EH3 6NE,
S01008854,,,EH1 3UU,
S01008855,,,EH2 3JW,
S01008856,,,EH3 5EJ,
S01008857,,,EH3 0SP,
S01008858,,,EH3 5BN,
S01008859,,,EH3 5AA,
S01008860,,,EH3 6EG,
S01008861,,,EH3 6BX,
S01008862,,,EH4 1DZ,
S01008863,,,EH4 1DN,
S01008864,,,EH29 9WT,
S01008865,,,EH4 1AY,
S01008866,,,EH4 1AS,
S01008867,,,EH4 1EY,
S01008868,,,EH2 1LD,
S01008869,,,EH3 7AS,
S01008870,,,EH1 1UY,
S01008871,,,EH12 5AA,
S01008872,,,EH12 5AB,
S01008873,,,EH12 5AD,
S01008874,,,EH1 1RZ,
S01008875,,,EH12 5NB,
S01008876,,,EH12 5NH,
S01008877,,,EH12 5PY,
S01008878,,,EH12 5QJ,
S01008879,,,EH12 5TB,
S01008880,,,EH12 5SS,
S01008881,,,EH12 6EL,
S01008882,,,EH12 6AA,
S01008883,,,EH12 6AY,
S01008884,,,EH4 3HL,
S01008885,,,EH4 2DZ,
S01008886,,,EH4 2EU,
S01008887,,,EH4 1RB,
S01008888,,,EH4 1RU,
S01008889,,,EH4 2GD,
S01008890,,,EH4 2HT,
S01008891,,,EH4 2AH,
S01008892,,,EH4 2BG,
S01008893,,,EH4 2AA,
S01008894,,,EH12 6AZ,
S01008895,,,EH4 3PE,
S01008896,,,EH4 7AN,
S01008897,,,EH4 7AB,
S01008898,,,EH4 2AJ,
S01008899,,,EH4 2SY,
S01008900,,,EH4 2RS,
S01008901,,,EH4 2LX,
S01008902,,,EH4 2LQ,
S01008903,,,EH4 2QA,
S01008904,,,EH4 4AG,
S01008905,,,EH4 4AS,
S01008906,,,EH4 4AT,
S01008907,,,EH4 4BF,
S01008908,,,EH4 4AA,
S01008909,,,EH5 2EY,
S01008910,,,EH5 2HG,
S01008911,,,EH5 2DD,
S01008912,,,EH5 2EA,
S01008913,,,EH5 2BP,
S01008914,,,EH5 2AN,
S01008915,,,EH5 1AE,
S01008916,,,EH5 1AL,
S01008917,,,EH5 1DF,
S01008918,,,EH5 1DN,
S01008919,,,EH5 1EH,
S01008920,,,EH5 1AB,
S01008921,,,EH5 1GR,
S01008922,,,EH5 1JN,
S01008923,,,EH5 1GY,
S01008924,,,EH4 4EP,
S01008925,,,EH4 4EQ,
S01008926,,,EH4 4HJ,
S01008927,,,EH5 1AD,
S01008928,,,EH4 5EJ,
S01008929,,,EH4 4FN,
S01008930,,,EH4 4AB,
S01008931,,,EH4 4AE,
S01008932,,,EH4 4AD,
S01008933,,,EH4 4DJ,
S01008934,,,EH4 4GL,
S01008935,,,EH4 5AJ,
S01008936,,,EH4 5AN,
S01008937,,,EH4 5AA,
S01008938,,,EH4 5EY,
S01008939,,,EH4 5ES,
S01008940,,,EH4 6AA,
S01008941,,,EH4 6GU,
S01008942,,,EH4 6HX,
S01008943,,,EH4 6DF,
S01008944,,,EH4 6AZ,
S01008945,,,EH4 8AB,
S01008946,,,EH4 6AS,
S01008947,,,EH4 6EG,
S01008948,,,EH4 7NB,
S01008949,,,EH4 7DY,
S01008950,,,EH4 7AA,
S01008951,,,EH4 7BY,
S01008952,,,EH4 7EZ,
S01008953,,,EH12 8TE,
S01008954,,,EH4 7PU,
S01008955,,,EH12 8YN,
S01008956,,,EH12 8XG,
S01008957,,,EH12 8XH,
S01008958,,,EH12 8UG,
S01008959,,,EH12 8TZ,
S01008960,,,EH12 8AN,
S01008961,,,EH12 8GH,
S01008962,,,EH12 8BH,
S01008963,,,EH12 8ET,
S01008964,,,EH12 8DS,
S01008965,,,EH12 8BN,
S01008966,,,EH12 8BX,
S01008967,,,EH12 8QJ,
S01008968,,,EH12 8PE,
S01008969,,,EH12 6LP,
S01008970,,,EH12 8AA,
S01008971,,,EH12 6JZ,
S01008972,,,EH12 6JP,
S01008973,,,EH12 6DA,
S01008974,,,EH12 7SD,
S01008975,,,EH12 7HD,
S01008976,,,EH12 7HL,
S01008977,,,EH12 7AA,
S01008978,,,EH12 7DD,
S01008979,,,EH12 7BN,
S01008980,,,EH12 7BE,
S01008981,,,EH12 7HX,
S01008982,,,EH12 7DP,
S01008983,,,EH12 9AG,
S01008984,,,EH12 7LW,
S01008985,,,EH12 7NS,
S01008986,,,EH12 7PD,
S01008987,,,EH12 7PR,
S01008988,,,EH12 7AG,
S01008989,,,EH12 9EP,
S01008990,,,EH11 1YH,
S01008991,,,EH12 9DG,
S01008992,,,EH11 4DA,
S01008993,,,EH12 0AA,
S01008994,,,EH28 8RD,
S01008995,,,EH28 8NY,
S01008996,,,EH28 8AA,
S01008997,,,EH27 8EQ,
S01008998,,,EH29 9AU,
S01008999,,,EH29 9AA,
S01009000,,,EH29 9AD,
S01009001,,,EH29 9AN,
S01009002,,,EH29 9EG,
S01009003,,,EH30 9AT,
S01009004,,,EH30 9PG,
S01009005,,,EH30 9BG,
S01009006,,,EH30 9JA,
S01009007,,,EH30 9JE,
S01009008,,,EH30 9FF,
S01009009,,,EH30 9RE,
S01009010,,,EH30 9RU,
S01009011,,,EH30 9QX,
S01009012,,,EH30 9SW,
S01009013,,,EH30 9RX,
S01009187,,,EH49 6JF,
S01009189,,,EH49 6JG,
S01009200,,,EH49 6LH,
S01009243,,,EH51 0NN,
S01009244,,,EH49 7PU,
S01009245,,,EH51 0BJ,
S01009246,,,EH51 0DJ,
S01009247,,,EH51 0HY,
S01009248,,,EH51 0PP,
S01009249,,,EH51 0HU,
S01009250,,,EH51 9HH,
S01009251,,,EH51 9JQ,
S01009252,,,EH51 9RA,
S01009253,,,EH51 0BA,
S01009254,,,EH51 0AY,
S01009255,,,EH51 0AA,
S01009256,,,EH51 9AX,
S01009257,,,EH51 0AB,
S01009258,,,EH49 7LT,
S01009259,,,EH51 9AS,
S01009260,,,EH51 9JL,
S01009261,,,EH51 9DP,
S01009262,,,EH51 9QN,
S01009263,,,EH51 9DG,
S01010930,,,EH26 8NY,
S01010931,,,EH23 4FP,
S01010932,,,EH18 1EN,
S01010933,,,EH24 9AB,
S01010934,,,EH26 8DP,
S01010935,,,EH26 8LL,
S01010936,,,EH25 9WA,
S01010937,,,EH26 8AG,
S01010938,,,EH26 8AF,
S01010939,,,EH26 0AA,
S01010940,,,EH26 9EU,
S01010941,,,EH26 9HH,
S01010942,,,EH26 9AB,
S01010943,,,EH26 0AD,
S01010944,,,EH26 0DA,
S01010945,,,EH26 8BA,
S01010946,,,EH26 8BD,
S01010947,,,EH26 8DA,
S01010948,,,EH26 8JP,
S01010949,,,EH26 0JP,
S01010950,,,EH26 0BG,
S01010951,,,EH26 0HH,
S01010952,,,EH26 0JB,
S01010953,,,EH26 0AE,
S01010954,,,EH26 0LU,
S01010955,,,EH26 0BY,
S01010956,,,EH10 7DP,
S01010957,,,EH25 9NA,
S01010958,,,EH25 9LA,
S01010959,,,EH25 9JZ,
S01010960,,,EH18 1DX,
S01010961,,,EH25 9RH,
S01010962,,,EH10 7DY,
S01010963,,,EH20 9AT,
S01010964,,,EH20 9ER,
S01010965,,,EH20 9AN,
S01010966,,,EH20 9AD,
S01010967,,,EH20 9AH,
S01010968,,,EH20 9AE,
S01010969,,,EH20 9DQ,
S01010970,,,EH20 9AA,
S01010971,,,EH18 1BB,
S01010972,,,EH19 2PH,
S01010973,,,EH19 2NZ,
S01010974,,,EH19 2LE,
S01010975,,,EH19 2JY,
S01010976,,,EH19 3HN,
S01010977,,,EH19 3DL,
S01010978,,,EH19 2JN,
S01010979,,,EH18 1BL,
S01010980,,,EH18 1WU,
S01010981,,,EH19 2AA,
S01010982,,,EH18 1AA,
S01010983,,,EH19 2AN,
S01010984,,,EH18 1AL,
S01010985,,,EH19 2EP,
S01010986,,,EH19 3BX,
S01010987,,,EH19 3NS,
S01010988,,,EH19 3FA,
S01010989,,,EH19 3BZ,
S01010990,,,EH19 3BA,
S01010991,,,EH19 3BF,
S01010992,,,EH19 3JG,
S01010993,,,EH22 4NA,
S01010994,,,EH22 2AH,
S01010995,,,EH19 3AH,
S01010996,,,EH22 3EZ,
S01010997,,,EH22 3EB,
S01010998,,,EH22 3AE,
S01010999,,,EH22 1AA,
S01011000,,,EH17 8SA,
S01011001,,,EH22 1LT,
S01011002,,,EH22 1LU,
S01011003,,,EH16 4SL,
S01011004,,,EH22 1NH,
S01011005,,,EH22 1AD,
S01011006,,,EH22 2AJ,
S01011007,,,EH22 2BE,
S01011008,,,EH22 2ER,
S01011009,,,EH22 2HS,
S01011010,,,EH22 1AB,
S01011011,,,EH22 1AR,
S01011012,,,EH22 2AA,
S01011013,,,EH22 2AR,
S01011014,,,EH22 2GA,
S01011015,,,EH22 2LG,
S01011016,,,EH22 2FB,
S01011017,,,EH22 2FZ,
S01011018,,,EH37 5PT,
S01011019,,,EH23 4EA,
S01011020,,,EH23 4LD,
S01011021,,,EH22 4DH,
S01011022,,,EH22 4DJ,
S01011023,,,EH22 4DP,
S01011024,,,EH22 5BN,
S01011025,,,EH22 5GB,
S01011026,,,EH22 5LL,
S01011027,,,EH22 5DF,
S01011028,,,EH22 5DN,
S01011029,,,EH22 5JT,
S01011030,,,EH22 5QH,
S01011031,,,EH22 4AA,
S01011032,,,EH22 4RD,
S01011033,,,EH22 4JD,
S01011034,,,EH22 4JE,
S01011035,,,EH22 4PN,
S01011036,,,EH22 4AH,
S01011037,,,EH23 4AN,
S01011038,,,EH23 4AJ,
S01011039,,,EH23 4AA,
S01011040,,,EH23 4DU,
S01011041,,,EH23 4DT,
S01011042,,,EH23 4BX,
S01011043,,,EH23 4DA,
S01011044,,,EH23 4FU,
S01011439,,,EH47 9AF,
S01012244,,,EH26 8NX,
S01012245,,,EH46 7DJ,
S01012246,,,EH46 7DR,
S01012247,,,EH11 3XW,
S01012248,,,EH45 8NX,
S01012249,,,EH45 9JU,
S01012250,,,EH45 8EH,
S01012251,,,EH45 8DE,
S01012252,,,EH45 8DT,
S01012253,,,EH32 0TT,
S01012254,,,EH45 8EP,
S01012255,,,EH44 6WB,
S01012256,,,EH45 9BU,
S01012257,,,EH45 9AF,
S01012258,,,EH45 9DT,
S01012259,,,EH45 9DJ,
S01012260,,,EH45 9AA,
S01012261,,,EH45 9GZ,
S01012262,,,EH43 6AA,
S01012263,,,EH43 6AB,
S01012264,,,EH44 6HE,
S01012265,,,EH44 6HJ,
S01012266,,,EH44 6HH,
S01012267,,,EH44 6AB,
S01012271,,,EH37 5XT,
S01012580,,,EH46 7AB,
S01012588,,,EH55 8LH,
S01013243,,,EH47 9BE,
S01013244,,,EH47 9AR,
S01013245,,,EH47 9AP,
S01013246,,,EH47 9EG,
S01013247,,,EH47 9DZ,
S01013248,,,EH47 9HP,
S01013249,,,EH47 9HL,
S01013250,,,EH47 9AD,
S01013251,,,EH55 8HD,
S01013252,,,EH47 8BF,
S01013253,,,EH47 8AU,
S01013254,,,EH47 8AZ,
S01013255,,,EH55 8DD,
S01013256,,,EH55 8DS,
S01013257,,,EH55 8AA,
S01013258,,,EH55 8AF,
S01013259,,,EH55 8AP,
S01013260,,,EH55 8SB,
S01013261,,,EH55 8SS,
S01013262,,,EH55 8QH,
S01013263,,,EH54 9AA,
S01013264,,,EH54 9AT,
S01013265,,,EH54 9JH,
S01013266,,,EH54 7AD,
S01013267,,,EH54 6DB,
S01013268,,,EH54 6PA,
S01013269,,,EH54 6BX,
S01013270,,,EH54 9AG,
S01013271,,,EH54 9AP,
S01013272,,,EH54 9AH,
S01013273,,,EH54 9EL,
S01013274,,,EH54 9AQ,
S01013275,,,EH54 9BD,
S01013276,,,EH53 0TG,
S01013277,,,EH54 6LY,
S01013278,,,EH54 6HP,
S01013279,,,EH54 6JJ,
S01013280,,,EH54 6JT,
S01013281,,,EH54 6DE,
S01013282,,,EH54 6HU,
S01013283,,,EH54 0AA,
S01013284,,,EH53 0SD,
S01013285,,,EH53 0JU,
S01013286,,,EH53 0JZ,
S01013287,,,EH53 0HH,
S01013288,,,EH53 0AA,
S01013289,,,EH14 7JQ,
S01013290,,,EH27 8AA,
S01013291,,,EH27 8AR,
S01013292,,,EH27 8DF,
S01013293,,,EH53 0LE,
S01013294,,,EH53 0BS,
S01013295,,,EH53 0BX,
S01013296,,,EH53 0BN,
S01013297,,,EH53 0BL,
S01013298,,,EH27 8BD,
S01013299,,,EH53 0FH,
S01013300,,,EH52 5FH,
S01013301,,,EH54 5BS,
S01013302,,,EH52 5FG,
S01013303,,,EH53 0AJ,
S01013304,,,EH54 5AY,
S01013305,,,EH54 5BA,
S01013306,,,EH54 5AP,
S01013307,,,EH54 5HB,
S01013308,,,EH54 5BU,
S01013309,,,EH27 8WA,
S01013310,,,EH54 6AD,
S01013311,,,EH54 6BA,
S01013312,,,EH54 5AA,
S01013313,,,EH54 6AL,
S01013314,,,EH54 6AE,
S01013315,,,EH54 6FP,
S01013316,,,EH54 7AF,
S01013317,,,EH54 7AY,
S01013318,,,EH54 6LW,
S01013319,,,EH54 6TD,
S01013320,,,EH54 6TF,
S01013321,,,EH54 6RH,
S01013322,,,EH54 6RA,
S01013323,,,EH54 6AG,
S01013324,,,EH54 6DN,
S01013325,,,EH54 6UA,
S01013326,,,EH54 6DU,
S01013327,,,EH54 6DL,
S01013328,,,EH54 6EZ,
S01013329,,,EH54 6HF,
S01013330,,,EH54 6AB,
S01013331,,,EH54 8JH,
S01013332,,,EH54 8HR,
S01013333,,,EH54 8HL,
S01013334,,,EH54 5FQ,
S01013335,,,EH54 8AA,
S01013336,,,EH54 8AD,
S01013337,,,EH48 1JW,
S01013338,,,EH54 8AN,
S01013339,,,EH54 8FE,
S01013340,,,EH54 8PN,
S01013341,,,EH54 8AB,
S01013342,,,EH54 8BF,
S01013343,,,EH54 8EH,
S01013344,,,EH54 8BE,
S01013345,,,EH54 8BS,
S01013346,,,EH54 6BF,
S01013347,,,EH54 6FB,
S01013348,,,EH47 7AH,
S01013349,,,EH54 8AP,
S01013350,,,EH54 8GT,
S01013351,,,EH54 8NH,
S01013352,,,EH54 8PD,
S01013353,,,EH54 8AX,
S01013354,,,EH47 7AJ,
S01013355,,,EH47 7AS,
S01013356,,,EH47 7AG,
S01013357,,,EH47 7AA,
S01013358,,,EH47 7DD,
S01013359,,,EH47 7DA,
S01013360,,,EH47 7EY,
S01013361,,,EH47 7DH,
S01013362,,,EH47 7HA,
S01013363,,,EH47 7DL,
S01013364,,,EH47 8AD,
S01013365,,,EH47 7RJ,
S01013366,,,EH47 8AR,
S01013367,,,EH47 8AB,
S01013368,,,EH47 0FD,
S01013369,,,EH47 0HY,
S01013370,,,EH47 0RH,
S01013371,,,EH47 8EZ,
S01013372,,,EH47 0AU,
S01013373,,,EH47 0LA,
S01013374,,,EH47 0AJ,
S01013375,,,EH47 0EG,
S01013376,,,EH47 0DT,
S01013377,,,EH47 0ET,
S01013378,,,EH47 8HB,
S01013379,,,EH47 8HL,
S01013380,,,EH47 0AA,
S01013383,,,EH48 2NT,
S01013384,,,EH48 3ES,
S01013385,,,EH48 3BF,
S01013386,,,EH48 3AX,
S01013387,,,EH48 3LZ,
S01013388,,,EH48 2NB,
S01013389,,,EH48 3QN,
S01013390,,,EH48 3NH,
S01013391,,,EH48 2FZ,
S01013392,,,EH48 2FR,
S01013393,,,EH48 2JR,
S01013394,,,EH48 3HA,
S01013395,,,EH48 2FW,
S01013396,,,EH48 2GA,
S01013397,,,EH48 2GW,
S01013398,,,EH48 2LH,
S01013399,,,EH48 2FT,
S01013400,,,EH48 2FX,
S01013401,,,EH47 0JX,
S01013402,,,EH48 2TH,
S01013403,,,EH48 2SG,
S01013404,,,EH28 8NF,
S01013405,,,EH48 1HP,
S01013406,,,EH48 1HY,
S01013407,,,EH48 1HR,
S01013408,,,EH48 1LP,
S01013409,,,EH48 1ES,
S01013410,,,EH48 1NB,
S01013411,,,EH48 1BB,
S01013412,,,EH48 1BX,
S01013413,,,EH48 1AJ,
S01013414,,,EH47 0WA,
S01013415,,,EH48 4HE,
S01013416,,,EH48 4AH,
S01013417,,,EH48 1AA,
S01013418,,,EH48 4AQ,
S01013419,,,EH48 4BX,
S01013420,,,EH48 2RF,
S01013421,,,EH48 2AD,
S01013422,,,EH48 2DB,
S01013423,,,EH48 2AN,
S01013424,,,EH48 2AL,
S01013425,,,EH48 2AF,
S01013426,,,EH48 2AP,
S01013427,,,EH48 2HG,
S01013428,,,EH48 4AT,
S01013429,,,EH48 3EQ,
S01013430,,,EH48 3AH,
S01013431,,,EH48 3AB,
S01013432,,,EH48 3AP,
S01013433,,,EH48 3BS,
S01013434,,,EH48 4JT,
S01013435,,,EH49 6PP,
S01013436,,,EH49 6DF,
S01013437,,,EH49 6DA,
S01013438,,,EH49 6BH,
S01013439,,,EH49 6AP,
S01013440,,,EH49 6AS,
S01013441,,,EH2 4JP,
S01013442,,,EH49 6QG,
S01013443,,,EH49 7AS,
S01013444,,,EH49 7AE,
S01013445,,,EH49 7AP,
S01013446,,,EH49 7AR,
S01013447,,,EH49 6QJ,
S01013448,,,EH49 7AB,
S01013449,,,EH49 7JH,
S01013450,,,EH49 7LF,
S01013451,,,EH49 7SR,
S01013452,,,EH49 7BF,
S01013453,,,EH49 6NH,
S01013454,,,EH49 6LY,
S01013455,,,EH29 9EF,
S01013456,,,EH52 6RF,
S01013457,,,EH52 6PR,
S01013458,,,EH52 6FL,
S01013459,,,EH52 5JD,
S01013460,,,EH52 5JH,
S01013461,,,EH52 6AD,
S01013462,,,EH52 6GX,
S01013463,,,EH52 6AN,
S01013464,,,EH52 6JZ,
S01013465,,,EH52 5DS,
S01013466,,,EH52 6JS,
S01013467,,,EH52 5DG,
S01013468,,,EH52 5BX,
S01013469,,,EH52 6BL,
S01013470,,,EH52 5DZ,
S01013471,,,EH52 6BW,
S01013472,,,EH52 5AN,
S01013473,,,EH52 5GY,
S01013474,,,EH52 5AH,
S01013475,,,EH52 5QZ,
S01013476,,,EH52 5HS,
S01013477,,,EH52 5EF,
S01013478,,,EH52 5LN,
S01013479,,,EH28 8YB,
S01013480,,,EH52 5EP,
S01013481,,,EH52 5AD,
W01000445,,,NP7 7NP,
W01000465,,,NP8 1LL,
W01001325,,,NP12 0BB,
W01001327,,,NP1 4SB,
W01001328,,,NP1 4SA,
W01001329,,,NP1 7DZ,
W01001334,,,NP12 0PR,
W01001335,,,NP12 0AA,
W01001340,,,NP1 8AX,
W01001341,,,NP1 8AP,
W01001342,,,NP1 8NA,
W01001343,,,NP1 8GA,
W01001344,,,NP1 8AA,
W01001345,,,NP1 8RA,
W01001346,,,NP1 8DD,
W01001347,,,NP12 1BB,
W01001348,,,NP12 1ER,
W01001349,,,NP12 1AQ,
W01001350,,,NP12 0NT,
W01001351,,,NP12 0AG,
W01001352,,,NP12 3AE,
W01001353,,,NP12 3BA,
W01001354,,,NP1 7BT,
W01001355,,,NP1 6GZ,
W01001356,,,NP1 4AL,
W01001357,,,NP1 4AG,
W01001358,,,NP1 4BB,
W01001359,,,NP1 4AQ,
W01001361,,,NP2 5RL,
W01001362,,,NP2 1XG,
W01001363,,,NP2 1UG,
W01001369,,,NP12 2EU,
W01001374,,,NP2 5AB,
W01001375,,,NP2 5ES,
W01001376,,,NP2 5AD,
W01001380,,,NP1 4EL,
W01001381,,,NP1 5AY,
W01001382,,,NP1 4AH,
W01001383,,,NP1 4AA,
W01001384,,,NP12 0QY,
W01001385,,,NP12 0PP,
W01001386,,,NP2 6AB,
W01001387,,,NP12 3AA,
W01001388,,,NP12 1PB,
W01001389,,,NP12 3PY,
W01001390,,,NP1 4LS,
W01001391,,,NP12 0DN,
W01001392,,,NP12 0BR,
W01001401,,,NP1 4HA,
W01001402,,,NP12 2EL,
W01001403,,,NP12 2AF,
W01001404,,,NP12 2EE,
W01001405,,,NP12 2BX,
W01001406,,,NP2 5LT,
W01001407,,,NP1 6JD,
W01001408,,,NP1 6AB,
W01001409,,,NP1 6FJ,
W01001410,,,NP1 6AA,
W01001411,,,NP1 6DP,
W01001412,,,NP1 6AR,
W01001413,,,NP1 6BD,
W01001415,,,NP12 3XD,
W01001419,,,NP1 8NJ,
W01001420,,,NP1 8DY,
W01001428,,,NP2 5BN,
W01001429,,,NP2 3AE,
W01001430,,,NP1 7AR,
W01001431,,,NP1 7AP,
W01001435,,,NP13 1BX,
W01001436,,,NP13 1AB,
W01001437,,,NP13 1AA,
W01001438,,,NP23 5AL,
W01001439,,,NP23 5AA,
W01001440,,,NP23 4JD,
W01001441,,,NP23 5DH,
W01001442,,,NP23 5BN,
W01001443,,,NP13 3AA,
W01001444,,,NP13 3AJ,
W01001445,,,NP13 3BQ,
W01001446,,,NP23 4AT,
W01001447,,,NP23 4HE,
W01001448,,,NP23 4AA,
W01001449,,,NP23 4AH,
W01001450,,,NP23 6PZ,
W01001451,,,NP23 7RJ,
W01001452,,,NP23 6AP,
W01001453,,,NP13 1PE,
W01001454,,,NP13 1AQ,
W01001455,,,NP13 1BQ,
W01001456,,,NP23 5AB,
W01001457,,,NP23 6GA,
W01001458,,,NP23 6FD,
W01001459,,,NP23 6BP,
W01001460,,,NP23 4WZ,
W01001461,,,NP23 5YA,
W01001462,,,NP2 3JL,
W01001463,,,NP2 3JT,
W01001464,,,NP1 5DU,
W01001465,,,NP13 2AA,
W01001466,,,NP13 2AT,
W01001467,,,NP23 4AL,
W01001468,,,NP23 4JN,
W01001469,,,NP13 3AD,
W01001470,,,NP2 4DL,
W01001471,,,NP23 5AJ,
W01001472,,,NP2 3BB,
W01001473,,,NP2 4DE,
W01001474,,,NP2 3AA,
W01001475,,,NP2 4AX,
W01001476,,,NP13 2EG,
W01001477,,,NP13 1AT,
W01001478,,,NP2 3AZ,
W01001479,,,NP2 3DH,
W01001480,,,NP2 3EU,
W01001481,,,NP2 3BJ,
W01001482,,,NP4 7AT,
W01001483,,,NP4 7BD,
W01001484,,,NP4 7AP,
W01001485,,,NP4 7AS,
W01001486,,,NP4 6SB,
W01001487,,,NP4 8UN,
W01001488,,,NP4 9DA,
W01001489,,,NP4 9AA,
W01001490,,,NP4 9AR,
W01001491,,,NP4 6AA,
W01001492,,,NP44 4TE,
W01001493,,,NP44 2DW,
W01001494,,,NP44 2HA,
W01001495,,,NP44 2AH,
W01001496,,,NP4 5JZ,
W01001497,,,NP44 4EE,
W01001498,,,NP44 4AF,
W01001499,,,NP44 5EA,
W01001500,,,NP4 4AR,
W01001501,,,NP44 4BJ,
W01001502,,,NP44 4ST,
W01001503,,,NP44 4BQ,
W01001504,,,NP44 3AS,
W01001505,,,NP4 3AA,
W01001506,,,NP44 1AH,
W01001507,,,NP4 2AD,
W01001508,,,NP44 8HT,
W01001509,,,NP18 1GA,
W01001510,,,NP4 0BX,
W01001511,,,NP4 0LZ,
W01001512,,,NP4 0DE,
W01001513,,,NP4 0HD,
W01001514,,,NP4 5HA,
W01001515,,,NP4 0DQ,
W01001516,,,NP4 0ET,
W01001517,,,NP4 5BJ,
W01001518,,,NP4 5AB,
W01001519,,,NP44 1LY,
W01001520,,,NP44 1AP,
W01001521,,,NP4 1AA,
W01001522,,,NP44 1AA,
W01001523,,,NP4 0WA,
W01001524,,,NP4 0BT,
W01001525,,,NP4 8AX,
W01001526,,,NP44 4AA,
W01001527,,,NP44 3JA,
W01001528,,,NP44 3AA,
W01001529,,,NP4 6NF,
W01001530,,,NP4 8DH,
W01001531,,,NP4 6TB,
W01001532,,,NP44 7GN,
W01001533,,,NP44 6EA,
W01001534,,,NP44 7AA,
W01001535,,,NP44 6EL,
W01001536,,,NP44 5AS,
W01001537,,,NP4 5DQ,
W01001538,,,NP44 5HT,
W01001539,,,NP44 1AY,
W01001540,,,NP4 6AX,
W01001541,,,NP1 5BN,
W01001542,,,NP16 6LN,
W01001543,,,NP26 4GW,
W01001545,,,NP7 7AA,
W01001546,,,NP7 5AL,
W01001548,,,NP7 7LB,
W01001549,,,NP15 1DA,
W01001551,,,NP26 4DP,
W01001552,,,NP25 3AB,
W01001553,,,NP25 3EB,
W01001554,,,NP25 3AE,
W01001555,,,NP15 1QP,
W01001556,,,NP4 0AF,
W01001557,,,NP7 0WA,
W01001558,,,NP7 5TH,
W01001559,,,NP16 5BD,
W01001560,,,NP15 1DD,
W01001561,,,NP7 0AA,
W01001562,,,NP3 4YB,
W01001563,,,NP23 4YA,
W01001564,,,NP7 5EX,
W01001565,,,NP15 1DB,
W01001566,,,NP15 1EQ,
W01001567,,,NP7 8BE,
W01001568,,,NP15 2DE,
W01001569,,,NP4 9SS,
W01001571,,,NP7 6HQ,
W01001572,,,NP26 3BU,
W01001573,,,NP26 3AL,
W01001574,,,NP26 3BX,
W01001575,,,NP15 2BY,
W01001576,,,NP25 4XR,
W01001577,,,NP25 4DQ,
W01001578,,,NP26 5AA,
W01001579,,,NP7 5AE,
W01001580,,,NP7 5DZ,
W01001581,,,NP15 1DG,
W01001582,,,NP26 3FN,
W01001583,,,NP16 6BH,
W01001584,,,NP16 5AA,
W01001585,,,NP16 5AU,
W01001586,,,NP16 5AT,
W01001587,,,NP16 5AX,
W01001588,,,NP26 4BN,
W01001589,,,NP26 4BG,
W01001590,,,NP15 1LF,
W01001591,,,NP26 3AX,
W01001592,,,NP16 5AS,
W01001593,,,NP16 5AR,
W01001594,,,NP16 6NA,
W01001595,,,NP25 4AE,
W01001596,,,NP15 1AB,
W01001597,,,NP15 1AA,
W01001598,,,NP26 3WD,
W01001599,,,NP25 3AD,
W01001600,,,NP20 4LP,
W01001601,,,NP10 0WF,
W01001602,,,NP20 3SB,
W01001603,,,NP20 4HJ,
W01001604,,,NP20 3PP,
W01001605,,,NP20 3EA,
W01001606,,,NP19 8AW,
W01001607,,,NP19 8JF,
W01001608,,,NP19 8AA,
W01001609,,,NP19 9AR,
W01001610,,,NP19 9QA,
W01001611,,,NP19 8JE,
W01001612,,,NP19 8DY,
W01001613,,,NP19 8GW,
W01001614,,,NP19 7LY,
W01001615,,,NP19 7NB,
W01001616,,,NP19 7FS,
W01001617,,,NP20 7AU,
W01001618,,,NP20 7AB,
W01001619,,,NP20 7AP,
W01001620,,,NP20 5EJ,
W01001621,,,NP20 7AA,
W01001622,,,NP20 6NX,
W01001623,,,NP18 1AA,
W01001624,,,NP18 3QZ,
W01001625,,,NP18 1AJ,
W01001626,,,NP18 3BX,
W01001627,,,NP18 1BQ,
W01001628,,,NP18 1NA,
W01001629,,,NP10 8YH,
W01001630,,,NP20 3DW,
W01001631,,,NP20 3ET,
W01001632,,,NP20 3AQ,
W01001633,,,NP20 3BB,
W01001634,,,NP20 3AF,
W01001635,,,NP1 9JA,
W01001636,,,NP1 8UU,
W01001637,,,NP1 9DS,
W01001638,,,NP1 9LW,
W01001639,,,NP1 2LT,
W01001640,,,NP26 3AA,
W01001641,,,NP18 1DB,
W01001642,,,NP19 0GU,
W01001643,,,NP19 0ET,
W01001644,,,NP19 0EZ,
W01001645,,,NP19 4EE,
W01001646,,,NP18 1WX,
W01001647,,,NP18 2AQ,
W01001648,,,NP18 1YD,
W01001649,,,NP18 2AT,
W01001650,,,NP18 2EQ,
W01001651,,,NP20 6JR,
W01001652,,,NP20 6AD,
W01001653,,,NP20 6JD,
W01001654,,,NP20 6AA,
W01001655,,,NP20 6GY,
W01001657,,,NP1 9RU,
W01001659,,,NP20 2AD,
W01001660,,,NP20 2DS,
W01001661,,,NP20 2AA,
W01001662,,,NP20 1ZY,
W01001663,,,NP18 1JD,
W01001664,,,NP18 2YB,
W01001665,,,NP19 9BA,
W01001666,,,NP19 9HR,
W01001667,,,NP19 9GX,
W01001668,,,NP18 2DB,
W01001669,,,NP1 0AD,
W01001670,,,NP1 0AF,
W01001671,,,NP1 9BA,
W01001672,,,NP1 9AS,
W01001673,,,NP1 0AA,
W01001674,,,NP1 9AA,
W01001675,,,NP19 7DB,
W01001676,,,NP19 7AA,
W01001677,,,NP19 7HD,
W01001678,,,NP19 7BJ,
W01001679,,,NP19 7GD,
W01001680,,,NP19 7BT,
W01001681,,,NP20 5AX,
W01001682,,,NP20 5PP,
W01001683,,,NP20 5GH,
W01001684,,,NP20 5EZ,
W01001685,,,NP20 1AA,
W01001686,,,NP20 2NG,
W01001687,,,NP20 1AE,
W01001688,,,NP1 9TB,
W01001689,,,NP1 9TD,
W01001690,,,NP19 0BE,
W01001691,,,NP19 0WB,
W01001692,,,NP19 0BN,
W01001693,,,NP19 0AA,
W01001903,,,NP8 1AA,
W01001904,,,NP7 7LR,
W01001905,,,NP7 7LP,
W01001908,,,NP26 4AG,
W01001909,,,NP7 6AD,
W01001912,,,NP1 9SA,
W01001913,,,NP1 9RD,
